review_id,class_id
review_0,class_b7f740446b63715473af
review_1,class_7d54e6ff154ad392b174
review_2,class_7d54e6ff154ad392b174
review_3,class_e65aace9237833ec7752
review_4,class_52da9457fdf6740afd51
review_5,class_7d54e6ff154ad392b174
review_6,class_1bc7e06ece0f38a60982
review_7,class_1bc7e06ece0f38a60982
review_8,class_7d54e6ff154ad392b174
review_9,class_7d54e6ff154ad392b174
review_10,class_7d54e6ff154ad392b174
review_11,class_7d54e6ff154ad392b174
review_12,class_7d54e6ff154ad392b174
review_13,class_b7f740446b63715473af
review_14,class_7d54e6ff154ad392b174
review_15,class_e65aace9237833ec7752
review_16,class_e65aace9237833ec7752
review_17,class_52da9457fdf6740afd51
review_18,class_be68f8ed5877c11b8be4
review_19,class_7d54e6ff154ad392b174
review_20,class_52da9457fdf6740afd51
review_21,class_7d54e6ff154ad392b174
review_22,class_7d54e6ff154ad392b174
review_23,class_7d54e6ff154ad392b174
review_24,class_52da9457fdf6740afd51
review_25,class_f6efb94c9ae061247bed
review_26,class_1318693c237b7b97c0c0
review_27,class_0eeaed02d1a961f133b4
review_28,class_f6efb94c9ae061247bed
review_29,class_1318693c237b7b97c0c0
review_30,class_e65aace9237833ec7752
review_31,class_e65aace9237833ec7752
review_32,class_e65aace9237833ec7752
review_33,class_1318693c237b7b97c0c0
review_34,class_f6efb94c9ae061247bed
review_35,class_e65aace9237833ec7752
review_36,class_0eeaed02d1a961f133b4
review_37,class_1318693c237b7b97c0c0
review_38,class_f6efb94c9ae061247bed
review_39,class_1bc7e06ece0f38a60982
review_40,class_1bc7e06ece0f38a60982
review_41,class_1bc7e06ece0f38a60982
review_42,class_9deef4712756d30ffaa3
review_43,class_c3ca5f787365eae0dea8
review_44,class_1bc7e06ece0f38a60982
review_45,class_1bc7e06ece0f38a60982
review_46,class_1bc7e06ece0f38a60982
review_47,class_52da9457fdf6740afd51
review_48,class_9deef4712756d30ffaa3
review_49,class_1bc7e06ece0f38a60982
review_50,class_1bc7e06ece0f38a60982
review_51,class_1bc7e06ece0f38a60982
review_52,class_7d54e6ff154ad392b174
review_53,class_1bc7e06ece0f38a60982
review_54,class_1bc7e06ece0f38a60982
review_55,class_1bc7e06ece0f38a60982
review_56,class_b7f740446b63715473af
review_57,class_1bc7e06ece0f38a60982
review_58,class_7d54e6ff154ad392b174
review_59,class_b7f740446b63715473af
review_60,class_7d54e6ff154ad392b174
review_61,class_b7f740446b63715473af
review_62,class_1bc7e06ece0f38a60982
review_63,class_1bc7e06ece0f38a60982
review_64,class_1bc7e06ece0f38a60982
review_65,class_1bc7e06ece0f38a60982
review_66,class_1bc7e06ece0f38a60982
review_67,class_1bc7e06ece0f38a60982
review_68,class_1bc7e06ece0f38a60982
review_69,class_7d54e6ff154ad392b174
review_70,class_52da9457fdf6740afd51
review_71,class_52da9457fdf6740afd51
review_72,class_52da9457fdf6740afd51
review_73,class_1bc7e06ece0f38a60982
review_74,class_7d54e6ff154ad392b174
review_75,class_52da9457fdf6740afd51
review_76,class_7d54e6ff154ad392b174
review_77,class_52da9457fdf6740afd51
review_78,class_52da9457fdf6740afd51
review_79,class_7d54e6ff154ad392b174
review_80,class_7d54e6ff154ad392b174
review_81,class_1bc7e06ece0f38a60982
review_82,class_be68f8ed5877c11b8be4
review_83,class_52da9457fdf6740afd51
review_84,class_1bc7e06ece0f38a60982
review_85,class_1bc7e06ece0f38a60982
review_86,class_52da9457fdf6740afd51
review_87,class_7d54e6ff154ad392b174
review_88,class_52da9457fdf6740afd51
review_89,class_52da9457fdf6740afd51
review_90,class_7d54e6ff154ad392b174
review_91,class_52da9457fdf6740afd51
review_92,class_1bc7e06ece0f38a60982
review_93,class_7d54e6ff154ad392b174
review_94,class_52da9457fdf6740afd51
review_95,class_1bc7e06ece0f38a60982
review_96,class_52da9457fdf6740afd51
review_97,class_1bc7e06ece0f38a60982
review_98,class_be68f8ed5877c11b8be4
review_99,class_1bc7e06ece0f38a60982
review_100,class_1bc7e06ece0f38a60982
review_101,class_1bc7e06ece0f38a60982
review_102,class_52da9457fdf6740afd51
review_103,class_52da9457fdf6740afd51
review_104,class_1bc7e06ece0f38a60982
review_105,class_52da9457fdf6740afd51
review_106,class_52da9457fdf6740afd51
review_107,class_52da9457fdf6740afd51
review_108,class_52da9457fdf6740afd51
review_109,class_7d54e6ff154ad392b174
review_110,class_1bc7e06ece0f38a60982
review_111,class_7d54e6ff154ad392b174
review_112,class_52da9457fdf6740afd51
review_113,class_7d54e6ff154ad392b174
review_114,class_7d54e6ff154ad392b174
review_115,class_1bc7e06ece0f38a60982
review_116,class_7d54e6ff154ad392b174
review_117,class_7d54e6ff154ad392b174
review_118,class_52da9457fdf6740afd51
review_119,class_52da9457fdf6740afd51
review_120,class_1bc7e06ece0f38a60982
review_121,class_5da3128be1ff7664a1b2
review_122,class_7d54e6ff154ad392b174
review_123,class_52da9457fdf6740afd51
review_124,class_1318693c237b7b97c0c0
review_125,class_7d54e6ff154ad392b174
review_126,class_be68f8ed5877c11b8be4
review_127,class_be68f8ed5877c11b8be4
review_128,class_5da3128be1ff7664a1b2
review_129,class_1bc7e06ece0f38a60982
review_130,class_52da9457fdf6740afd51
review_131,class_7d54e6ff154ad392b174
review_132,class_1bc7e06ece0f38a60982
review_133,class_5da3128be1ff7664a1b2
review_134,class_52da9457fdf6740afd51
review_135,class_1bc7e06ece0f38a60982
review_136,class_5da3128be1ff7664a1b2
review_137,class_52da9457fdf6740afd51
review_138,class_f6efb94c9ae061247bed
review_139,class_0eeaed02d1a961f133b4
review_140,class_52da9457fdf6740afd51
review_141,class_52da9457fdf6740afd51
review_142,class_be68f8ed5877c11b8be4
review_143,class_0eeaed02d1a961f133b4
review_144,class_52da9457fdf6740afd51
review_145,class_52da9457fdf6740afd51
review_146,class_0eeaed02d1a961f133b4
review_147,class_0eeaed02d1a961f133b4
review_148,class_0eeaed02d1a961f133b4
review_149,class_0eeaed02d1a961f133b4
review_150,class_0eeaed02d1a961f133b4
review_151,class_0eeaed02d1a961f133b4
review_152,class_52da9457fdf6740afd51
review_153,class_52da9457fdf6740afd51
review_154,class_52da9457fdf6740afd51
review_155,class_52da9457fdf6740afd51
review_156,class_0eeaed02d1a961f133b4
review_157,class_b89f90f328fa7e7781c0
review_158,class_52da9457fdf6740afd51
review_159,class_52da9457fdf6740afd51
review_160,class_be68f8ed5877c11b8be4
review_161,class_52da9457fdf6740afd51
review_162,class_52da9457fdf6740afd51
review_163,class_0eeaed02d1a961f133b4
review_164,class_be68f8ed5877c11b8be4
review_165,class_52da9457fdf6740afd51
review_166,class_0eeaed02d1a961f133b4
review_167,class_9deef4712756d30ffaa3
review_168,class_1bc7e06ece0f38a60982
review_169,class_7d54e6ff154ad392b174
review_170,class_c3ca5f787365eae0dea8
review_171,class_c3ca5f787365eae0dea8
review_172,class_c3ca5f787365eae0dea8
review_173,class_1bc7e06ece0f38a60982
review_174,class_0eeaed02d1a961f133b4
review_175,class_1bc7e06ece0f38a60982
review_176,class_9deef4712756d30ffaa3
review_177,class_9deef4712756d30ffaa3
review_178,class_7d54e6ff154ad392b174
review_179,class_9deef4712756d30ffaa3
review_180,class_9deef4712756d30ffaa3
review_181,class_0eeaed02d1a961f133b4
review_182,class_9deef4712756d30ffaa3
review_183,class_0eeaed02d1a961f133b4
review_184,class_9deef4712756d30ffaa3
review_185,class_9deef4712756d30ffaa3
review_186,class_0eeaed02d1a961f133b4
review_187,class_48075864b2596de25a65
review_188,class_7d54e6ff154ad392b174
review_189,class_0eeaed02d1a961f133b4
review_190,class_9deef4712756d30ffaa3
review_191,class_9deef4712756d30ffaa3
review_192,class_9deef4712756d30ffaa3
review_193,class_0eeaed02d1a961f133b4
review_194,class_7d54e6ff154ad392b174
review_195,class_9deef4712756d30ffaa3
review_196,class_1bc7e06ece0f38a60982
review_197,class_0eeaed02d1a961f133b4
review_198,class_9deef4712756d30ffaa3
review_199,class_0eeaed02d1a961f133b4
review_200,class_9deef4712756d30ffaa3
review_201,class_9deef4712756d30ffaa3
review_202,class_9deef4712756d30ffaa3
review_203,class_9deef4712756d30ffaa3
review_204,class_52da9457fdf6740afd51
review_205,class_0eeaed02d1a961f133b4
review_206,class_1bc7e06ece0f38a60982
review_207,class_0eeaed02d1a961f133b4
review_208,class_9deef4712756d30ffaa3
review_209,class_1bc7e06ece0f38a60982
review_210,class_9deef4712756d30ffaa3
review_211,class_0eeaed02d1a961f133b4
review_212,class_7d54e6ff154ad392b174
review_213,class_7d54e6ff154ad392b174
review_214,class_0eeaed02d1a961f133b4
review_215,class_7d54e6ff154ad392b174
review_216,class_b89f90f328fa7e7781c0
review_217,class_52da9457fdf6740afd51
review_218,class_7d54e6ff154ad392b174
review_219,class_52da9457fdf6740afd51
review_220,class_9deef4712756d30ffaa3
review_221,class_0eeaed02d1a961f133b4
review_222,class_9deef4712756d30ffaa3
review_223,class_f6efb94c9ae061247bed
review_224,class_1cf1396a0c9bc53f37da
review_225,class_1cf1396a0c9bc53f37da
review_226,class_52da9457fdf6740afd51
review_227,class_e65aace9237833ec7752
review_228,class_52da9457fdf6740afd51
review_229,class_1cf1396a0c9bc53f37da
review_230,class_52da9457fdf6740afd51
review_231,class_e65aace9237833ec7752
review_232,class_52da9457fdf6740afd51
review_233,class_1cf1396a0c9bc53f37da
review_234,class_52da9457fdf6740afd51
review_235,class_e65aace9237833ec7752
review_236,class_f6efb94c9ae061247bed
review_237,class_e65aace9237833ec7752
review_238,class_1bc7e06ece0f38a60982
review_239,class_52da9457fdf6740afd51
review_240,class_e65aace9237833ec7752
review_241,class_f6efb94c9ae061247bed
review_242,class_e65aace9237833ec7752
review_243,class_52da9457fdf6740afd51
review_244,class_e65aace9237833ec7752
review_245,class_1bc7e06ece0f38a60982
review_246,class_e65aace9237833ec7752
review_247,class_be68f8ed5877c11b8be4
review_248,class_1cf1396a0c9bc53f37da
review_249,class_0eeaed02d1a961f133b4
review_250,class_1cf1396a0c9bc53f37da
review_251,class_52da9457fdf6740afd51
review_252,class_e65aace9237833ec7752
review_253,class_f6efb94c9ae061247bed
review_254,class_52da9457fdf6740afd51
review_255,class_52da9457fdf6740afd51
review_256,class_52da9457fdf6740afd51
review_257,class_0eeaed02d1a961f133b4
review_258,class_52da9457fdf6740afd51
review_259,class_52da9457fdf6740afd51
review_260,class_be68f8ed5877c11b8be4
review_261,class_52da9457fdf6740afd51
review_262,class_1bc7e06ece0f38a60982
review_263,class_5da3128be1ff7664a1b2
review_264,class_7d54e6ff154ad392b174
review_265,class_1bc7e06ece0f38a60982
review_266,class_7d54e6ff154ad392b174
review_267,class_5da3128be1ff7664a1b2
review_268,class_1bc7e06ece0f38a60982
review_269,class_7d54e6ff154ad392b174
review_270,class_1bc7e06ece0f38a60982
review_271,class_5da3128be1ff7664a1b2
review_272,class_5da3128be1ff7664a1b2
review_273,class_7d54e6ff154ad392b174
review_274,class_1bc7e06ece0f38a60982
review_275,class_1bc7e06ece0f38a60982
review_276,class_1bc7e06ece0f38a60982
review_277,class_1bc7e06ece0f38a60982
review_278,class_1bc7e06ece0f38a60982
review_279,class_48075864b2596de25a65
review_280,class_5da3128be1ff7664a1b2
review_281,class_7d54e6ff154ad392b174
review_282,class_1bc7e06ece0f38a60982
review_283,class_1bc7e06ece0f38a60982
review_284,class_1bc7e06ece0f38a60982
review_285,class_7d54e6ff154ad392b174
review_286,class_1bc7e06ece0f38a60982
review_287,class_5da3128be1ff7664a1b2
review_288,class_1bc7e06ece0f38a60982
review_289,class_5da3128be1ff7664a1b2
review_290,class_5da3128be1ff7664a1b2
review_291,class_5da3128be1ff7664a1b2
review_292,class_1cf1396a0c9bc53f37da
review_293,class_5da3128be1ff7664a1b2
review_294,class_5da3128be1ff7664a1b2
review_295,class_7d54e6ff154ad392b174
review_296,class_1cf1396a0c9bc53f37da
review_297,class_5da3128be1ff7664a1b2
review_298,class_7d54e6ff154ad392b174
review_299,class_5da3128be1ff7664a1b2
review_300,class_7d54e6ff154ad392b174
review_301,class_5da3128be1ff7664a1b2
review_302,class_9deef4712756d30ffaa3
review_303,class_7d54e6ff154ad392b174
review_304,class_be68f8ed5877c11b8be4
review_305,class_5da3128be1ff7664a1b2
review_306,class_7d54e6ff154ad392b174
review_307,class_52da9457fdf6740afd51
review_308,class_5da3128be1ff7664a1b2
review_309,class_7d54e6ff154ad392b174
review_310,class_52da9457fdf6740afd51
review_311,class_7d54e6ff154ad392b174
review_312,class_52da9457fdf6740afd51
review_313,class_52da9457fdf6740afd51
review_314,class_52da9457fdf6740afd51
review_315,class_52da9457fdf6740afd51
review_316,class_52da9457fdf6740afd51
review_317,class_52da9457fdf6740afd51
review_318,class_1318693c237b7b97c0c0
review_319,class_9deef4712756d30ffaa3
review_320,class_52da9457fdf6740afd51
review_321,class_52da9457fdf6740afd51
review_322,class_52da9457fdf6740afd51
review_323,class_9deef4712756d30ffaa3
review_324,class_e65aace9237833ec7752
review_325,class_52da9457fdf6740afd51
review_326,class_52da9457fdf6740afd51
review_327,class_52da9457fdf6740afd51
review_328,class_9deef4712756d30ffaa3
review_329,class_52da9457fdf6740afd51
review_330,class_52da9457fdf6740afd51
review_331,class_7d54e6ff154ad392b174
review_332,class_1bc7e06ece0f38a60982
review_333,class_9deef4712756d30ffaa3
review_334,class_52da9457fdf6740afd51
review_335,class_9deef4712756d30ffaa3
review_336,class_9deef4712756d30ffaa3
review_337,class_7d54e6ff154ad392b174
review_338,class_52da9457fdf6740afd51
review_339,class_52da9457fdf6740afd51
review_340,class_52da9457fdf6740afd51
review_341,class_52da9457fdf6740afd51
review_342,class_52da9457fdf6740afd51
review_343,class_9deef4712756d30ffaa3
review_344,class_52da9457fdf6740afd51
review_345,class_9deef4712756d30ffaa3
review_346,class_9deef4712756d30ffaa3
review_347,class_9deef4712756d30ffaa3
review_348,class_52da9457fdf6740afd51
review_349,class_52da9457fdf6740afd51
review_350,class_52da9457fdf6740afd51
review_351,class_52da9457fdf6740afd51
review_352,class_52da9457fdf6740afd51
review_353,class_1318693c237b7b97c0c0
review_354,class_9deef4712756d30ffaa3
review_355,class_1318693c237b7b97c0c0
review_356,class_52da9457fdf6740afd51
review_357,class_9deef4712756d30ffaa3
review_358,class_1bc7e06ece0f38a60982
review_359,class_52da9457fdf6740afd51
review_360,class_1318693c237b7b97c0c0
review_361,class_9deef4712756d30ffaa3
review_362,class_52da9457fdf6740afd51
review_363,class_f6efb94c9ae061247bed
review_364,class_9deef4712756d30ffaa3
review_365,class_1bc7e06ece0f38a60982
review_366,class_1bc7e06ece0f38a60982
review_367,class_52da9457fdf6740afd51
review_368,class_52da9457fdf6740afd51
review_369,class_9deef4712756d30ffaa3
review_370,class_52da9457fdf6740afd51
review_371,class_9deef4712756d30ffaa3
review_372,class_9deef4712756d30ffaa3
review_373,class_9deef4712756d30ffaa3
review_374,class_52da9457fdf6740afd51
review_375,class_1bc7e06ece0f38a60982
review_376,class_1bc7e06ece0f38a60982
review_377,class_e65aace9237833ec7752
review_378,class_1bc7e06ece0f38a60982
review_379,class_7d54e6ff154ad392b174
review_380,class_7d54e6ff154ad392b174
review_381,class_7d54e6ff154ad392b174
review_382,class_f6efb94c9ae061247bed
review_383,class_7d54e6ff154ad392b174
review_384,class_1318693c237b7b97c0c0
review_385,class_9deef4712756d30ffaa3
review_386,class_0eeaed02d1a961f133b4
review_387,class_1318693c237b7b97c0c0
review_388,class_f6efb94c9ae061247bed
review_389,class_7d54e6ff154ad392b174
review_390,class_7d54e6ff154ad392b174
review_391,class_1318693c237b7b97c0c0
review_392,class_b7f740446b63715473af
review_393,class_7d54e6ff154ad392b174
review_394,class_f6efb94c9ae061247bed
review_395,class_1318693c237b7b97c0c0
review_396,class_f6efb94c9ae061247bed
review_397,class_1cf1396a0c9bc53f37da
review_398,class_9deef4712756d30ffaa3
review_399,class_0eeaed02d1a961f133b4
review_400,class_7d54e6ff154ad392b174
review_401,class_7d54e6ff154ad392b174
review_402,class_7d54e6ff154ad392b174
review_403,class_9deef4712756d30ffaa3
review_404,class_9deef4712756d30ffaa3
review_405,class_7d54e6ff154ad392b174
review_406,class_7d54e6ff154ad392b174
review_407,class_1318693c237b7b97c0c0
review_408,class_1cf1396a0c9bc53f37da
review_409,class_1318693c237b7b97c0c0
review_410,class_7d54e6ff154ad392b174
review_411,class_7d54e6ff154ad392b174
review_412,class_7d54e6ff154ad392b174
review_413,class_f6efb94c9ae061247bed
review_414,class_f6efb94c9ae061247bed
review_415,class_7d54e6ff154ad392b174
review_416,class_1bc7e06ece0f38a60982
review_417,class_7d54e6ff154ad392b174
review_418,class_52da9457fdf6740afd51
review_419,class_7d54e6ff154ad392b174
review_420,class_7d54e6ff154ad392b174
review_421,class_1bc7e06ece0f38a60982
review_422,class_5da3128be1ff7664a1b2
review_423,class_7d54e6ff154ad392b174
review_424,class_1bc7e06ece0f38a60982
review_425,class_7d54e6ff154ad392b174
review_426,class_52da9457fdf6740afd51
review_427,class_5da3128be1ff7664a1b2
review_428,class_7d54e6ff154ad392b174
review_429,class_52da9457fdf6740afd51
review_430,class_52da9457fdf6740afd51
review_431,class_5da3128be1ff7664a1b2
review_432,class_52da9457fdf6740afd51
review_433,class_52da9457fdf6740afd51
review_434,class_1bc7e06ece0f38a60982
review_435,class_1bc7e06ece0f38a60982
review_436,class_f6efb94c9ae061247bed
review_437,class_5da3128be1ff7664a1b2
review_438,class_1cf1396a0c9bc53f37da
review_439,class_5da3128be1ff7664a1b2
review_440,class_7d54e6ff154ad392b174
review_441,class_1bc7e06ece0f38a60982
review_442,class_1bc7e06ece0f38a60982
review_443,class_52da9457fdf6740afd51
review_444,class_1bc7e06ece0f38a60982
review_445,class_5da3128be1ff7664a1b2
review_446,class_7d54e6ff154ad392b174
review_447,class_1bc7e06ece0f38a60982
review_448,class_1bc7e06ece0f38a60982
review_449,class_1bc7e06ece0f38a60982
review_450,class_7d54e6ff154ad392b174
review_451,class_5da3128be1ff7664a1b2
review_452,class_1bc7e06ece0f38a60982
review_453,class_5da3128be1ff7664a1b2
review_454,class_1bc7e06ece0f38a60982
review_455,class_b89f90f328fa7e7781c0
review_456,class_f6efb94c9ae061247bed
review_457,class_52da9457fdf6740afd51
review_458,class_52da9457fdf6740afd51
review_459,class_1bc7e06ece0f38a60982
review_460,class_1bc7e06ece0f38a60982
review_461,class_52da9457fdf6740afd51
review_462,class_52da9457fdf6740afd51
review_463,class_b7f740446b63715473af
review_464,class_52da9457fdf6740afd51
review_465,class_1bc7e06ece0f38a60982
review_466,class_52da9457fdf6740afd51
review_467,class_7d54e6ff154ad392b174
review_468,class_52da9457fdf6740afd51
review_469,class_7d54e6ff154ad392b174
review_470,class_7d54e6ff154ad392b174
review_471,class_5da3128be1ff7664a1b2
review_472,class_52da9457fdf6740afd51
review_473,class_b7f740446b63715473af
review_474,class_7d54e6ff154ad392b174
review_475,class_1bc7e06ece0f38a60982
review_476,class_7d54e6ff154ad392b174
review_477,class_5da3128be1ff7664a1b2
review_478,class_0eeaed02d1a961f133b4
review_479,class_52da9457fdf6740afd51
review_480,class_7d54e6ff154ad392b174
review_481,class_52da9457fdf6740afd51
review_482,class_7d54e6ff154ad392b174
review_483,class_52da9457fdf6740afd51
review_484,class_52da9457fdf6740afd51
review_485,class_1bc7e06ece0f38a60982
review_486,class_7d54e6ff154ad392b174
review_487,class_52da9457fdf6740afd51
review_488,class_52da9457fdf6740afd51
review_489,class_52da9457fdf6740afd51
review_490,class_52da9457fdf6740afd51
review_491,class_5da3128be1ff7664a1b2
review_492,class_7d54e6ff154ad392b174
review_493,class_7d54e6ff154ad392b174
review_494,class_7d54e6ff154ad392b174
review_495,class_52da9457fdf6740afd51
review_496,class_52da9457fdf6740afd51
review_497,class_7d54e6ff154ad392b174
review_498,class_52da9457fdf6740afd51
review_499,class_7d54e6ff154ad392b174
review_500,class_52da9457fdf6740afd51
review_501,class_52da9457fdf6740afd51
review_502,class_7d54e6ff154ad392b174
review_503,class_1318693c237b7b97c0c0
review_504,class_52da9457fdf6740afd51
review_505,class_52da9457fdf6740afd51
review_506,class_7d54e6ff154ad392b174
review_507,class_52da9457fdf6740afd51
review_508,class_7d54e6ff154ad392b174
review_509,class_7d54e6ff154ad392b174
review_510,class_52da9457fdf6740afd51
review_511,class_1318693c237b7b97c0c0
review_512,class_7d54e6ff154ad392b174
review_513,class_52da9457fdf6740afd51
review_514,class_7d54e6ff154ad392b174
review_515,class_52da9457fdf6740afd51
review_516,class_7d54e6ff154ad392b174
review_517,class_52da9457fdf6740afd51
review_518,class_52da9457fdf6740afd51
review_519,class_52da9457fdf6740afd51
review_520,class_5da3128be1ff7664a1b2
review_521,class_52da9457fdf6740afd51
review_522,class_7d54e6ff154ad392b174
review_523,class_7d54e6ff154ad392b174
review_524,class_7d54e6ff154ad392b174
review_525,class_7d54e6ff154ad392b174
review_526,class_52da9457fdf6740afd51
review_527,class_52da9457fdf6740afd51
review_528,class_5da3128be1ff7664a1b2
review_529,class_7d54e6ff154ad392b174
review_530,class_5da3128be1ff7664a1b2
review_531,class_52da9457fdf6740afd51
review_532,class_52da9457fdf6740afd51
review_533,class_7d54e6ff154ad392b174
review_534,class_52da9457fdf6740afd51
review_535,class_7d54e6ff154ad392b174
review_536,class_5da3128be1ff7664a1b2
review_537,class_52da9457fdf6740afd51
review_538,class_52da9457fdf6740afd51
review_539,class_7d54e6ff154ad392b174
review_540,class_7d54e6ff154ad392b174
review_541,class_5da3128be1ff7664a1b2
review_542,class_5da3128be1ff7664a1b2
review_543,class_7d54e6ff154ad392b174
review_544,class_7d54e6ff154ad392b174
review_545,class_5da3128be1ff7664a1b2
review_546,class_7d54e6ff154ad392b174
review_547,class_5da3128be1ff7664a1b2
review_548,class_52da9457fdf6740afd51
review_549,class_52da9457fdf6740afd51
review_550,class_7d54e6ff154ad392b174
review_551,class_7d54e6ff154ad392b174
review_552,class_5da3128be1ff7664a1b2
review_553,class_52da9457fdf6740afd51
review_554,class_7d54e6ff154ad392b174
review_555,class_5da3128be1ff7664a1b2
review_556,class_52da9457fdf6740afd51
review_557,class_7d54e6ff154ad392b174
review_558,class_e65aace9237833ec7752
review_559,class_52da9457fdf6740afd51
review_560,class_7d54e6ff154ad392b174
review_561,class_7d54e6ff154ad392b174
review_562,class_0eeaed02d1a961f133b4
review_563,class_7d54e6ff154ad392b174
review_564,class_e65aace9237833ec7752
review_565,class_52da9457fdf6740afd51
review_566,class_1cf1396a0c9bc53f37da
review_567,class_1bc7e06ece0f38a60982
review_568,class_1bc7e06ece0f38a60982
review_569,class_52da9457fdf6740afd51
review_570,class_1cf1396a0c9bc53f37da
review_571,class_52da9457fdf6740afd51
review_572,class_1cf1396a0c9bc53f37da
review_573,class_52da9457fdf6740afd51
review_574,class_52da9457fdf6740afd51
review_575,class_7d54e6ff154ad392b174
review_576,class_52da9457fdf6740afd51
review_577,class_0eeaed02d1a961f133b4
review_578,class_7d54e6ff154ad392b174
review_579,class_1bc7e06ece0f38a60982
review_580,class_1cf1396a0c9bc53f37da
review_581,class_1bc7e06ece0f38a60982
review_582,class_52da9457fdf6740afd51
review_583,class_e65aace9237833ec7752
review_584,class_7d54e6ff154ad392b174
review_585,class_52da9457fdf6740afd51
review_586,class_7d54e6ff154ad392b174
review_587,class_7d54e6ff154ad392b174
review_588,class_1bc7e06ece0f38a60982
review_589,class_52da9457fdf6740afd51
review_590,class_52da9457fdf6740afd51
review_591,class_52da9457fdf6740afd51
review_592,class_52da9457fdf6740afd51
review_593,class_52da9457fdf6740afd51
review_594,class_52da9457fdf6740afd51
review_595,class_e65aace9237833ec7752
review_596,class_1cf1396a0c9bc53f37da
review_597,class_52da9457fdf6740afd51
review_598,class_7d54e6ff154ad392b174
review_599,class_e65aace9237833ec7752
review_600,class_1bc7e06ece0f38a60982
review_601,class_52da9457fdf6740afd51
review_602,class_7d54e6ff154ad392b174
review_603,class_1cf1396a0c9bc53f37da
review_604,class_52da9457fdf6740afd51
review_605,class_7d54e6ff154ad392b174
review_606,class_7d54e6ff154ad392b174
review_607,class_52da9457fdf6740afd51
review_608,class_1cf1396a0c9bc53f37da
review_609,class_7d54e6ff154ad392b174
review_610,class_0eeaed02d1a961f133b4
review_611,class_b89f90f328fa7e7781c0
review_612,class_f6efb94c9ae061247bed
review_613,class_5da3128be1ff7664a1b2
review_614,class_e65aace9237833ec7752
review_615,class_5da3128be1ff7664a1b2
review_616,class_e65aace9237833ec7752
review_617,class_f6efb94c9ae061247bed
review_618,class_e65aace9237833ec7752
review_619,class_b89f90f328fa7e7781c0
review_620,class_f6efb94c9ae061247bed
review_621,class_b89f90f328fa7e7781c0
review_622,class_4397d106b671d697b6e0
review_623,class_4397d106b671d697b6e0
review_624,class_f6efb94c9ae061247bed
review_625,class_b89f90f328fa7e7781c0
review_626,class_b89f90f328fa7e7781c0
review_627,class_f6efb94c9ae061247bed
review_628,class_e65aace9237833ec7752
review_629,class_52da9457fdf6740afd51
review_630,class_b89f90f328fa7e7781c0
review_631,class_52da9457fdf6740afd51
review_632,class_52da9457fdf6740afd51
review_633,class_f6efb94c9ae061247bed
review_634,class_e65aace9237833ec7752
review_635,class_f6efb94c9ae061247bed
review_636,class_0eeaed02d1a961f133b4
review_637,class_52da9457fdf6740afd51
review_638,class_9e32d15b246e504af33c
review_639,class_f6efb94c9ae061247bed
review_640,class_e65aace9237833ec7752
review_641,class_e65aace9237833ec7752
review_642,class_e65aace9237833ec7752
review_643,class_f6efb94c9ae061247bed
review_644,class_e65aace9237833ec7752
review_645,class_f6efb94c9ae061247bed
review_646,class_e65aace9237833ec7752
review_647,class_5da3128be1ff7664a1b2
review_648,class_b89f90f328fa7e7781c0
review_649,class_e65aace9237833ec7752
review_650,class_e65aace9237833ec7752
review_651,class_b89f90f328fa7e7781c0
review_652,class_e65aace9237833ec7752
review_653,class_e65aace9237833ec7752
review_654,class_b89f90f328fa7e7781c0
review_655,class_0eeaed02d1a961f133b4
review_656,class_1318693c237b7b97c0c0
review_657,class_f6efb94c9ae061247bed
review_658,class_0eeaed02d1a961f133b4
review_659,class_b89f90f328fa7e7781c0
review_660,class_52da9457fdf6740afd51
review_661,class_e65aace9237833ec7752
review_662,class_e65aace9237833ec7752
review_663,class_9e32d15b246e504af33c
review_664,class_e65aace9237833ec7752
review_665,class_4397d106b671d697b6e0
review_666,class_b89f90f328fa7e7781c0
review_667,class_b89f90f328fa7e7781c0
review_668,class_f6efb94c9ae061247bed
review_669,class_52da9457fdf6740afd51
review_670,class_0eeaed02d1a961f133b4
review_671,class_e65aace9237833ec7752
review_672,class_52da9457fdf6740afd51
review_673,class_f6efb94c9ae061247bed
review_674,class_e65aace9237833ec7752
review_675,class_e65aace9237833ec7752
review_676,class_e65aace9237833ec7752
review_677,class_e65aace9237833ec7752
review_678,class_0eeaed02d1a961f133b4
review_679,class_4397d106b671d697b6e0
review_680,class_1bc7e06ece0f38a60982
review_681,class_7d54e6ff154ad392b174
review_682,class_1bc7e06ece0f38a60982
review_683,class_7d54e6ff154ad392b174
review_684,class_1bc7e06ece0f38a60982
review_685,class_4397d106b671d697b6e0
review_686,class_1bc7e06ece0f38a60982
review_687,class_1318693c237b7b97c0c0
review_688,class_7d54e6ff154ad392b174
review_689,class_1318693c237b7b97c0c0
review_690,class_1318693c237b7b97c0c0
review_691,class_e65aace9237833ec7752
review_692,class_7d54e6ff154ad392b174
review_693,class_e65aace9237833ec7752
review_694,class_7d54e6ff154ad392b174
review_695,class_1bc7e06ece0f38a60982
review_696,class_1bc7e06ece0f38a60982
review_697,class_7d54e6ff154ad392b174
review_698,class_1318693c237b7b97c0c0
review_699,class_7d54e6ff154ad392b174
review_700,class_1bc7e06ece0f38a60982
review_701,class_1318693c237b7b97c0c0
review_702,class_1bc7e06ece0f38a60982
review_703,class_48075864b2596de25a65
review_704,class_b89f90f328fa7e7781c0
review_705,class_1318693c237b7b97c0c0
review_706,class_7d54e6ff154ad392b174
review_707,class_7d54e6ff154ad392b174
review_708,class_e65aace9237833ec7752
review_709,class_48075864b2596de25a65
review_710,class_4397d106b671d697b6e0
review_711,class_1318693c237b7b97c0c0
review_712,class_7d54e6ff154ad392b174
review_713,class_7d54e6ff154ad392b174
review_714,class_1bc7e06ece0f38a60982
review_715,class_1318693c237b7b97c0c0
review_716,class_1bc7e06ece0f38a60982
review_717,class_1318693c237b7b97c0c0
review_718,class_1318693c237b7b97c0c0
review_719,class_1bc7e06ece0f38a60982
review_720,class_1318693c237b7b97c0c0
review_721,class_1bc7e06ece0f38a60982
review_722,class_1bc7e06ece0f38a60982
review_723,class_1bc7e06ece0f38a60982
review_724,class_52438e68a549a636811e
review_725,class_1bc7e06ece0f38a60982
review_726,class_1bc7e06ece0f38a60982
review_727,class_7d54e6ff154ad392b174
review_728,class_1318693c237b7b97c0c0
review_729,class_7d54e6ff154ad392b174
review_730,class_7d54e6ff154ad392b174
review_731,class_1bc7e06ece0f38a60982
review_732,class_7d54e6ff154ad392b174
review_733,class_1bc7e06ece0f38a60982
review_734,class_7d54e6ff154ad392b174
review_735,class_b89f90f328fa7e7781c0
review_736,class_1318693c237b7b97c0c0
review_737,class_1bc7e06ece0f38a60982
review_738,class_48075864b2596de25a65
review_739,class_7d54e6ff154ad392b174
review_740,class_1318693c237b7b97c0c0
review_741,class_1bc7e06ece0f38a60982
review_742,class_1bc7e06ece0f38a60982
review_743,class_7d54e6ff154ad392b174
review_744,class_1318693c237b7b97c0c0
review_745,class_1318693c237b7b97c0c0
review_746,class_1bc7e06ece0f38a60982
review_747,class_48075864b2596de25a65
review_748,class_1bc7e06ece0f38a60982
review_749,class_1bc7e06ece0f38a60982
review_750,class_1318693c237b7b97c0c0
review_751,class_1318693c237b7b97c0c0
review_752,class_7d54e6ff154ad392b174
review_753,class_7d54e6ff154ad392b174
review_754,class_7d54e6ff154ad392b174
review_755,class_7d54e6ff154ad392b174
review_756,class_1bc7e06ece0f38a60982
review_757,class_1bc7e06ece0f38a60982
review_758,class_1318693c237b7b97c0c0
review_759,class_52438e68a549a636811e
review_760,class_1318693c237b7b97c0c0
review_761,class_1bc7e06ece0f38a60982
review_762,class_1318693c237b7b97c0c0
review_763,class_1318693c237b7b97c0c0
review_764,class_7d54e6ff154ad392b174
review_765,class_4397d106b671d697b6e0
review_766,class_4397d106b671d697b6e0
review_767,class_7d54e6ff154ad392b174
review_768,class_1318693c237b7b97c0c0
review_769,class_1318693c237b7b97c0c0
review_770,class_7d54e6ff154ad392b174
review_771,class_7d54e6ff154ad392b174
review_772,class_4397d106b671d697b6e0
review_773,class_7d54e6ff154ad392b174
review_774,class_7d54e6ff154ad392b174
review_775,class_7d54e6ff154ad392b174
review_776,class_1bc7e06ece0f38a60982
review_777,class_9deef4712756d30ffaa3
review_778,class_9deef4712756d30ffaa3
review_779,class_9deef4712756d30ffaa3
review_780,class_7d54e6ff154ad392b174
review_781,class_9deef4712756d30ffaa3
review_782,class_1318693c237b7b97c0c0
review_783,class_9deef4712756d30ffaa3
review_784,class_52da9457fdf6740afd51
review_785,class_1318693c237b7b97c0c0
review_786,class_9deef4712756d30ffaa3
review_787,class_f6efb94c9ae061247bed
review_788,class_52da9457fdf6740afd51
review_789,class_52da9457fdf6740afd51
review_790,class_9deef4712756d30ffaa3
review_791,class_7d54e6ff154ad392b174
review_792,class_f6efb94c9ae061247bed
review_793,class_1318693c237b7b97c0c0
review_794,class_52da9457fdf6740afd51
review_795,class_52da9457fdf6740afd51
review_796,class_52da9457fdf6740afd51
review_797,class_52da9457fdf6740afd51
review_798,class_52da9457fdf6740afd51
review_799,class_7d54e6ff154ad392b174
review_800,class_9deef4712756d30ffaa3
review_801,class_52da9457fdf6740afd51
review_802,class_52da9457fdf6740afd51
review_803,class_9deef4712756d30ffaa3
review_804,class_9deef4712756d30ffaa3
review_805,class_52da9457fdf6740afd51
review_806,class_9deef4712756d30ffaa3
review_807,class_1bc7e06ece0f38a60982
review_808,class_1bc7e06ece0f38a60982
review_809,class_1bc7e06ece0f38a60982
review_810,class_1bc7e06ece0f38a60982
review_811,class_7d54e6ff154ad392b174
review_812,class_7d54e6ff154ad392b174
review_813,class_9deef4712756d30ffaa3
review_814,class_1bc7e06ece0f38a60982
review_815,class_9deef4712756d30ffaa3
review_816,class_7d54e6ff154ad392b174
review_817,class_1bc7e06ece0f38a60982
review_818,class_1bc7e06ece0f38a60982
review_819,class_1bc7e06ece0f38a60982
review_820,class_5da3128be1ff7664a1b2
review_821,class_1bc7e06ece0f38a60982
review_822,class_7d54e6ff154ad392b174
review_823,class_e65aace9237833ec7752
review_824,class_1bc7e06ece0f38a60982
review_825,class_1bc7e06ece0f38a60982
review_826,class_9deef4712756d30ffaa3
review_827,class_9deef4712756d30ffaa3
review_828,class_1bc7e06ece0f38a60982
review_829,class_9deef4712756d30ffaa3
review_830,class_9deef4712756d30ffaa3
review_831,class_7d54e6ff154ad392b174
review_832,class_1bc7e06ece0f38a60982
review_833,class_9deef4712756d30ffaa3
review_834,class_1bc7e06ece0f38a60982
review_835,class_9deef4712756d30ffaa3
review_836,class_1bc7e06ece0f38a60982
review_837,class_1bc7e06ece0f38a60982
review_838,class_1bc7e06ece0f38a60982
review_839,class_7d54e6ff154ad392b174
review_840,class_7d54e6ff154ad392b174
review_841,class_9deef4712756d30ffaa3
review_842,class_5da3128be1ff7664a1b2
review_843,class_5da3128be1ff7664a1b2
review_844,class_1bc7e06ece0f38a60982
review_845,class_48075864b2596de25a65
review_846,class_7d54e6ff154ad392b174
review_847,class_e65aace9237833ec7752
review_848,class_1bc7e06ece0f38a60982
review_849,class_1bc7e06ece0f38a60982
review_850,class_1bc7e06ece0f38a60982
review_851,class_1bc7e06ece0f38a60982
review_852,class_7d54e6ff154ad392b174
review_853,class_7d54e6ff154ad392b174
review_854,class_7d54e6ff154ad392b174
review_855,class_9deef4712756d30ffaa3
review_856,class_1bc7e06ece0f38a60982
review_857,class_f6efb94c9ae061247bed
review_858,class_9deef4712756d30ffaa3
review_859,class_1bc7e06ece0f38a60982
review_860,class_1bc7e06ece0f38a60982
review_861,class_7d54e6ff154ad392b174
review_862,class_5da3128be1ff7664a1b2
review_863,class_1bc7e06ece0f38a60982
review_864,class_7d54e6ff154ad392b174
review_865,class_9deef4712756d30ffaa3
review_866,class_e65aace9237833ec7752
review_867,class_9deef4712756d30ffaa3
review_868,class_5da3128be1ff7664a1b2
review_869,class_1bc7e06ece0f38a60982
review_870,class_5da3128be1ff7664a1b2
review_871,class_52da9457fdf6740afd51
review_872,class_1cf1396a0c9bc53f37da
review_873,class_52da9457fdf6740afd51
review_874,class_e65aace9237833ec7752
review_875,class_7d54e6ff154ad392b174
review_876,class_1bc7e06ece0f38a60982
review_877,class_7d54e6ff154ad392b174
review_878,class_1318693c237b7b97c0c0
review_879,class_1cf1396a0c9bc53f37da
review_880,class_7d54e6ff154ad392b174
review_881,class_9e32d15b246e504af33c
review_882,class_e65aace9237833ec7752
review_883,class_e65aace9237833ec7752
review_884,class_1cf1396a0c9bc53f37da
review_885,class_0eeaed02d1a961f133b4
review_886,class_7d54e6ff154ad392b174
review_887,class_e65aace9237833ec7752
review_888,class_1cf1396a0c9bc53f37da
review_889,class_7d54e6ff154ad392b174
review_890,class_b7f740446b63715473af
review_891,class_52da9457fdf6740afd51
review_892,class_52438e68a549a636811e
review_893,class_1bc7e06ece0f38a60982
review_894,class_1318693c237b7b97c0c0
review_895,class_1318693c237b7b97c0c0
review_896,class_1bc7e06ece0f38a60982
review_897,class_0eeaed02d1a961f133b4
review_898,class_1318693c237b7b97c0c0
review_899,class_e65aace9237833ec7752
review_900,class_0eeaed02d1a961f133b4
review_901,class_1cf1396a0c9bc53f37da
review_902,class_52da9457fdf6740afd51
review_903,class_1bc7e06ece0f38a60982
review_904,class_e65aace9237833ec7752
review_905,class_0eeaed02d1a961f133b4
review_906,class_0eeaed02d1a961f133b4
review_907,class_0eeaed02d1a961f133b4
review_908,class_1bc7e06ece0f38a60982
review_909,class_0eeaed02d1a961f133b4
review_910,class_1318693c237b7b97c0c0
review_911,class_1cf1396a0c9bc53f37da
review_912,class_7d54e6ff154ad392b174
review_913,class_e65aace9237833ec7752
review_914,class_b89f90f328fa7e7781c0
review_915,class_0eeaed02d1a961f133b4
review_916,class_1bc7e06ece0f38a60982
review_917,class_1bc7e06ece0f38a60982
review_918,class_e65aace9237833ec7752
review_919,class_0eeaed02d1a961f133b4
review_920,class_e65aace9237833ec7752
review_921,class_e65aace9237833ec7752
review_922,class_0eeaed02d1a961f133b4
review_923,class_1bc7e06ece0f38a60982
review_924,class_1cf1396a0c9bc53f37da
review_925,class_7d54e6ff154ad392b174
review_926,class_0eeaed02d1a961f133b4
review_927,class_0eeaed02d1a961f133b4
review_928,class_1318693c237b7b97c0c0
review_929,class_1318693c237b7b97c0c0
review_930,class_e65aace9237833ec7752
review_931,class_1bc7e06ece0f38a60982
review_932,class_0eeaed02d1a961f133b4
review_933,class_e65aace9237833ec7752
review_934,class_e65aace9237833ec7752
review_935,class_e65aace9237833ec7752
review_936,class_e65aace9237833ec7752
review_937,class_7d54e6ff154ad392b174
review_938,class_1318693c237b7b97c0c0
review_939,class_1cf1396a0c9bc53f37da
review_940,class_1318693c237b7b97c0c0
review_941,class_7d54e6ff154ad392b174
review_942,class_7d54e6ff154ad392b174
review_943,class_c3ca5f787365eae0dea8
review_944,class_7d54e6ff154ad392b174
review_945,class_7d54e6ff154ad392b174
review_946,class_c3ca5f787365eae0dea8
review_947,class_48075864b2596de25a65
review_948,class_c3ca5f787365eae0dea8
review_949,class_1318693c237b7b97c0c0
review_950,class_7d54e6ff154ad392b174
review_951,class_4397d106b671d697b6e0
review_952,class_1cf1396a0c9bc53f37da
review_953,class_c3ca5f787365eae0dea8
review_954,class_7d54e6ff154ad392b174
review_955,class_1318693c237b7b97c0c0
review_956,class_7d54e6ff154ad392b174
review_957,class_1318693c237b7b97c0c0
review_958,class_1318693c237b7b97c0c0
review_959,class_b7f740446b63715473af
review_960,class_1cf1396a0c9bc53f37da
review_961,class_1318693c237b7b97c0c0
review_962,class_c3ca5f787365eae0dea8
review_963,class_1cf1396a0c9bc53f37da
review_964,class_c3ca5f787365eae0dea8
review_965,class_48075864b2596de25a65
review_966,class_1318693c237b7b97c0c0
review_967,class_e65aace9237833ec7752
review_968,class_1318693c237b7b97c0c0
review_969,class_1bc7e06ece0f38a60982
review_970,class_7d54e6ff154ad392b174
review_971,class_1318693c237b7b97c0c0
review_972,class_7d54e6ff154ad392b174
review_973,class_1cf1396a0c9bc53f37da
review_974,class_1318693c237b7b97c0c0
review_975,class_7d54e6ff154ad392b174
review_976,class_c3ca5f787365eae0dea8
review_977,class_1318693c237b7b97c0c0
review_978,class_7d54e6ff154ad392b174
review_979,class_c3ca5f787365eae0dea8
review_980,class_7d54e6ff154ad392b174
review_981,class_1318693c237b7b97c0c0
review_982,class_7d54e6ff154ad392b174
review_983,class_1318693c237b7b97c0c0
review_984,class_7d54e6ff154ad392b174
review_985,class_1bc7e06ece0f38a60982
review_986,class_48075864b2596de25a65
review_987,class_1cf1396a0c9bc53f37da
review_988,class_1318693c237b7b97c0c0
review_989,class_1318693c237b7b97c0c0
review_990,class_1318693c237b7b97c0c0
review_991,class_1cf1396a0c9bc53f37da
review_992,class_1bc7e06ece0f38a60982
review_993,class_7d54e6ff154ad392b174
review_994,class_1318693c237b7b97c0c0
review_995,class_e65aace9237833ec7752
review_996,class_1318693c237b7b97c0c0
review_997,class_1318693c237b7b97c0c0
review_998,class_1bc7e06ece0f38a60982
review_999,class_1318693c237b7b97c0c0
review_1000,class_c3ca5f787365eae0dea8
review_1001,class_1cf1396a0c9bc53f37da
review_1002,class_1cf1396a0c9bc53f37da
review_1003,class_1318693c237b7b97c0c0
review_1004,class_7d54e6ff154ad392b174
review_1005,class_1318693c237b7b97c0c0
review_1006,class_1318693c237b7b97c0c0
review_1007,class_e65aace9237833ec7752
review_1008,class_7d54e6ff154ad392b174
review_1009,class_1318693c237b7b97c0c0
review_1010,class_1318693c237b7b97c0c0
review_1011,class_e65aace9237833ec7752
review_1012,class_7d54e6ff154ad392b174
review_1013,class_1318693c237b7b97c0c0
review_1014,class_1318693c237b7b97c0c0
review_1015,class_7d54e6ff154ad392b174
review_1016,class_1318693c237b7b97c0c0
review_1017,class_b7f740446b63715473af
review_1018,class_1318693c237b7b97c0c0
review_1019,class_1318693c237b7b97c0c0
review_1020,class_1318693c237b7b97c0c0
review_1021,class_1bc7e06ece0f38a60982
review_1022,class_1bc7e06ece0f38a60982
review_1023,class_1318693c237b7b97c0c0
review_1024,class_1318693c237b7b97c0c0
review_1025,class_7d54e6ff154ad392b174
review_1026,class_1318693c237b7b97c0c0
review_1027,class_e65aace9237833ec7752
review_1028,class_7d54e6ff154ad392b174
review_1029,class_1318693c237b7b97c0c0
review_1030,class_1318693c237b7b97c0c0
review_1031,class_1318693c237b7b97c0c0
review_1032,class_9deef4712756d30ffaa3
review_1033,class_1318693c237b7b97c0c0
review_1034,class_1bc7e06ece0f38a60982
review_1035,class_1bc7e06ece0f38a60982
review_1036,class_9deef4712756d30ffaa3
review_1037,class_7d54e6ff154ad392b174
review_1038,class_1bc7e06ece0f38a60982
review_1039,class_b89f90f328fa7e7781c0
review_1040,class_7d54e6ff154ad392b174
review_1041,class_1318693c237b7b97c0c0
review_1042,class_1318693c237b7b97c0c0
review_1043,class_9deef4712756d30ffaa3
review_1044,class_1bc7e06ece0f38a60982
review_1045,class_1318693c237b7b97c0c0
review_1046,class_1318693c237b7b97c0c0
review_1047,class_1bc7e06ece0f38a60982
review_1048,class_1bc7e06ece0f38a60982
review_1049,class_1318693c237b7b97c0c0
review_1050,class_1318693c237b7b97c0c0
review_1051,class_1318693c237b7b97c0c0
review_1052,class_1bc7e06ece0f38a60982
review_1053,class_1318693c237b7b97c0c0
review_1054,class_1bc7e06ece0f38a60982
review_1055,class_1bc7e06ece0f38a60982
review_1056,class_1bc7e06ece0f38a60982
review_1057,class_1bc7e06ece0f38a60982
review_1058,class_1bc7e06ece0f38a60982
review_1059,class_1318693c237b7b97c0c0
review_1060,class_7d54e6ff154ad392b174
review_1061,class_9deef4712756d30ffaa3
review_1062,class_1318693c237b7b97c0c0
review_1063,class_1318693c237b7b97c0c0
review_1064,class_1318693c237b7b97c0c0
review_1065,class_1bc7e06ece0f38a60982
review_1066,class_1bc7e06ece0f38a60982
review_1067,class_1bc7e06ece0f38a60982
review_1068,class_7d54e6ff154ad392b174
review_1069,class_0eeaed02d1a961f133b4
review_1070,class_52da9457fdf6740afd51
review_1071,class_52da9457fdf6740afd51
review_1072,class_7d54e6ff154ad392b174
review_1073,class_52da9457fdf6740afd51
review_1074,class_b89f90f328fa7e7781c0
review_1075,class_7d54e6ff154ad392b174
review_1076,class_7d54e6ff154ad392b174
review_1077,class_52da9457fdf6740afd51
review_1078,class_0eeaed02d1a961f133b4
review_1079,class_9deef4712756d30ffaa3
review_1080,class_52da9457fdf6740afd51
review_1081,class_9deef4712756d30ffaa3
review_1082,class_0eeaed02d1a961f133b4
review_1083,class_7d54e6ff154ad392b174
review_1084,class_7d54e6ff154ad392b174
review_1085,class_1bc7e06ece0f38a60982
review_1086,class_52da9457fdf6740afd51
review_1087,class_52da9457fdf6740afd51
review_1088,class_7d54e6ff154ad392b174
review_1089,class_52da9457fdf6740afd51
review_1090,class_52da9457fdf6740afd51
review_1091,class_1bc7e06ece0f38a60982
review_1092,class_52da9457fdf6740afd51
review_1093,class_1bc7e06ece0f38a60982
review_1094,class_0eeaed02d1a961f133b4
review_1095,class_52da9457fdf6740afd51
review_1096,class_52da9457fdf6740afd51
review_1097,class_9deef4712756d30ffaa3
review_1098,class_52da9457fdf6740afd51
review_1099,class_52da9457fdf6740afd51
review_1100,class_7d54e6ff154ad392b174
review_1101,class_7d54e6ff154ad392b174
review_1102,class_52da9457fdf6740afd51
review_1103,class_52da9457fdf6740afd51
review_1104,class_52da9457fdf6740afd51
review_1105,class_7d54e6ff154ad392b174
review_1106,class_52da9457fdf6740afd51
review_1107,class_52da9457fdf6740afd51
review_1108,class_52da9457fdf6740afd51
review_1109,class_52da9457fdf6740afd51
review_1110,class_1bc7e06ece0f38a60982
review_1111,class_e65aace9237833ec7752
review_1112,class_0eeaed02d1a961f133b4
review_1113,class_e65aace9237833ec7752
review_1114,class_0eeaed02d1a961f133b4
review_1115,class_e65aace9237833ec7752
review_1116,class_f6efb94c9ae061247bed
review_1117,class_52da9457fdf6740afd51
review_1118,class_e65aace9237833ec7752
review_1119,class_7d54e6ff154ad392b174
review_1120,class_7d54e6ff154ad392b174
review_1121,class_f6efb94c9ae061247bed
review_1122,class_1bc7e06ece0f38a60982
review_1123,class_7d54e6ff154ad392b174
review_1124,class_1bc7e06ece0f38a60982
review_1125,class_0eeaed02d1a961f133b4
review_1126,class_1bc7e06ece0f38a60982
review_1127,class_f6efb94c9ae061247bed
review_1128,class_f6efb94c9ae061247bed
review_1129,class_1bc7e06ece0f38a60982
review_1130,class_1bc7e06ece0f38a60982
review_1131,class_1318693c237b7b97c0c0
review_1132,class_7d54e6ff154ad392b174
review_1133,class_f6efb94c9ae061247bed
review_1134,class_0eeaed02d1a961f133b4
review_1135,class_e65aace9237833ec7752
review_1136,class_e65aace9237833ec7752
review_1137,class_1bc7e06ece0f38a60982
review_1138,class_52da9457fdf6740afd51
review_1139,class_0eeaed02d1a961f133b4
review_1140,class_7d54e6ff154ad392b174
review_1141,class_e65aace9237833ec7752
review_1142,class_7d54e6ff154ad392b174
review_1143,class_1bc7e06ece0f38a60982
review_1144,class_0eeaed02d1a961f133b4
review_1145,class_1bc7e06ece0f38a60982
review_1146,class_f6efb94c9ae061247bed
review_1147,class_b89f90f328fa7e7781c0
review_1148,class_1bc7e06ece0f38a60982
review_1149,class_e65aace9237833ec7752
review_1150,class_1bc7e06ece0f38a60982
review_1151,class_1bc7e06ece0f38a60982
review_1152,class_e65aace9237833ec7752
review_1153,class_e65aace9237833ec7752
review_1154,class_b7f740446b63715473af
review_1155,class_e65aace9237833ec7752
review_1156,class_7d54e6ff154ad392b174
review_1157,class_e65aace9237833ec7752
review_1158,class_7d54e6ff154ad392b174
review_1159,class_b89f90f328fa7e7781c0
review_1160,class_f6efb94c9ae061247bed
review_1161,class_7d54e6ff154ad392b174
review_1162,class_b7f740446b63715473af
review_1163,class_e65aace9237833ec7752
review_1164,class_e65aace9237833ec7752
review_1165,class_7d54e6ff154ad392b174
review_1166,class_7d54e6ff154ad392b174
review_1167,class_e65aace9237833ec7752
review_1168,class_e65aace9237833ec7752
review_1169,class_e65aace9237833ec7752
review_1170,class_e65aace9237833ec7752
review_1171,class_e65aace9237833ec7752
review_1172,class_e65aace9237833ec7752
review_1173,class_7d54e6ff154ad392b174
review_1174,class_e65aace9237833ec7752
review_1175,class_b89f90f328fa7e7781c0
review_1176,class_7d54e6ff154ad392b174
review_1177,class_7d54e6ff154ad392b174
review_1178,class_e65aace9237833ec7752
review_1179,class_e65aace9237833ec7752
review_1180,class_7d54e6ff154ad392b174
review_1181,class_7d54e6ff154ad392b174
review_1182,class_e65aace9237833ec7752
review_1183,class_7d54e6ff154ad392b174
review_1184,class_e65aace9237833ec7752
review_1185,class_e65aace9237833ec7752
review_1186,class_e65aace9237833ec7752
review_1187,class_e65aace9237833ec7752
review_1188,class_e65aace9237833ec7752
review_1189,class_e65aace9237833ec7752
review_1190,class_7d54e6ff154ad392b174
review_1191,class_7d54e6ff154ad392b174
review_1192,class_7d54e6ff154ad392b174
review_1193,class_f6efb94c9ae061247bed
review_1194,class_e65aace9237833ec7752
review_1195,class_f6efb94c9ae061247bed
review_1196,class_7d54e6ff154ad392b174
review_1197,class_7d54e6ff154ad392b174
review_1198,class_e65aace9237833ec7752
review_1199,class_f6efb94c9ae061247bed
review_1200,class_f6efb94c9ae061247bed
review_1201,class_e65aace9237833ec7752
review_1202,class_7d54e6ff154ad392b174
review_1203,class_1cf1396a0c9bc53f37da
review_1204,class_e65aace9237833ec7752
review_1205,class_7d54e6ff154ad392b174
review_1206,class_e65aace9237833ec7752
review_1207,class_7d54e6ff154ad392b174
review_1208,class_7d54e6ff154ad392b174
review_1209,class_7d54e6ff154ad392b174
review_1210,class_e65aace9237833ec7752
review_1211,class_e65aace9237833ec7752
review_1212,class_1bc7e06ece0f38a60982
review_1213,class_7d54e6ff154ad392b174
review_1214,class_7d54e6ff154ad392b174
review_1215,class_7d54e6ff154ad392b174
review_1216,class_1cf1396a0c9bc53f37da
review_1217,class_7d54e6ff154ad392b174
review_1218,class_52da9457fdf6740afd51
review_1219,class_52da9457fdf6740afd51
review_1220,class_52da9457fdf6740afd51
review_1221,class_52da9457fdf6740afd51
review_1222,class_1318693c237b7b97c0c0
review_1223,class_1bc7e06ece0f38a60982
review_1224,class_1cf1396a0c9bc53f37da
review_1225,class_7d54e6ff154ad392b174
review_1226,class_1bc7e06ece0f38a60982
review_1227,class_7d54e6ff154ad392b174
review_1228,class_52da9457fdf6740afd51
review_1229,class_52da9457fdf6740afd51
review_1230,class_1cf1396a0c9bc53f37da
review_1231,class_e65aace9237833ec7752
review_1232,class_52da9457fdf6740afd51
review_1233,class_7d54e6ff154ad392b174
review_1234,class_52da9457fdf6740afd51
review_1235,class_7d54e6ff154ad392b174
review_1236,class_7d54e6ff154ad392b174
review_1237,class_52da9457fdf6740afd51
review_1238,class_52da9457fdf6740afd51
review_1239,class_52da9457fdf6740afd51
review_1240,class_1bc7e06ece0f38a60982
review_1241,class_52da9457fdf6740afd51
review_1242,class_7d54e6ff154ad392b174
review_1243,class_5da3128be1ff7664a1b2
review_1244,class_5da3128be1ff7664a1b2
review_1245,class_52da9457fdf6740afd51
review_1246,class_52da9457fdf6740afd51
review_1247,class_52da9457fdf6740afd51
review_1248,class_52da9457fdf6740afd51
review_1249,class_7d54e6ff154ad392b174
review_1250,class_52da9457fdf6740afd51
review_1251,class_1318693c237b7b97c0c0
review_1252,class_52da9457fdf6740afd51
review_1253,class_52da9457fdf6740afd51
review_1254,class_52da9457fdf6740afd51
review_1255,class_7d54e6ff154ad392b174
review_1256,class_1bc7e06ece0f38a60982
review_1257,class_52da9457fdf6740afd51
review_1258,class_52da9457fdf6740afd51
review_1259,class_7d54e6ff154ad392b174
review_1260,class_52da9457fdf6740afd51
review_1261,class_5da3128be1ff7664a1b2
review_1262,class_7d54e6ff154ad392b174
review_1263,class_7d54e6ff154ad392b174
review_1264,class_52da9457fdf6740afd51
review_1265,class_7d54e6ff154ad392b174
review_1266,class_7d54e6ff154ad392b174
review_1267,class_7d54e6ff154ad392b174
review_1268,class_52da9457fdf6740afd51
review_1269,class_52da9457fdf6740afd51
review_1270,class_52da9457fdf6740afd51
review_1271,class_52da9457fdf6740afd51
review_1272,class_52da9457fdf6740afd51
review_1273,class_52da9457fdf6740afd51
review_1274,class_7d54e6ff154ad392b174
review_1275,class_52da9457fdf6740afd51
review_1276,class_52da9457fdf6740afd51
review_1277,class_52da9457fdf6740afd51
review_1278,class_52da9457fdf6740afd51
review_1279,class_52da9457fdf6740afd51
review_1280,class_1318693c237b7b97c0c0
review_1281,class_1bc7e06ece0f38a60982
review_1282,class_1bc7e06ece0f38a60982
review_1283,class_52da9457fdf6740afd51
review_1284,class_7d54e6ff154ad392b174
review_1285,class_5da3128be1ff7664a1b2
review_1286,class_1bc7e06ece0f38a60982
review_1287,class_7d54e6ff154ad392b174
review_1288,class_52da9457fdf6740afd51
review_1289,class_52da9457fdf6740afd51
review_1290,class_7d54e6ff154ad392b174
review_1291,class_52da9457fdf6740afd51
review_1292,class_1bc7e06ece0f38a60982
review_1293,class_52da9457fdf6740afd51
review_1294,class_7d54e6ff154ad392b174
review_1295,class_1bc7e06ece0f38a60982
review_1296,class_7d54e6ff154ad392b174
review_1297,class_7d54e6ff154ad392b174
review_1298,class_7d54e6ff154ad392b174
review_1299,class_1bc7e06ece0f38a60982
review_1300,class_52da9457fdf6740afd51
review_1301,class_1cf1396a0c9bc53f37da
review_1302,class_7d54e6ff154ad392b174
review_1303,class_7d54e6ff154ad392b174
review_1304,class_52da9457fdf6740afd51
review_1305,class_1bc7e06ece0f38a60982
review_1306,class_52da9457fdf6740afd51
review_1307,class_1318693c237b7b97c0c0
review_1308,class_7d54e6ff154ad392b174
review_1309,class_1bc7e06ece0f38a60982
review_1310,class_1bc7e06ece0f38a60982
review_1311,class_1318693c237b7b97c0c0
review_1312,class_52da9457fdf6740afd51
review_1313,class_1bc7e06ece0f38a60982
review_1314,class_7d54e6ff154ad392b174
review_1315,class_52da9457fdf6740afd51
review_1316,class_52da9457fdf6740afd51
review_1317,class_52da9457fdf6740afd51
review_1318,class_52da9457fdf6740afd51
review_1319,class_52da9457fdf6740afd51
review_1320,class_1bc7e06ece0f38a60982
review_1321,class_52da9457fdf6740afd51
review_1322,class_52da9457fdf6740afd51
review_1323,class_1bc7e06ece0f38a60982
review_1324,class_52da9457fdf6740afd51
review_1325,class_52da9457fdf6740afd51
review_1326,class_52da9457fdf6740afd51
review_1327,class_7d54e6ff154ad392b174
review_1328,class_1bc7e06ece0f38a60982
review_1329,class_52da9457fdf6740afd51
review_1330,class_52da9457fdf6740afd51
review_1331,class_52da9457fdf6740afd51
review_1332,class_52da9457fdf6740afd51
review_1333,class_52da9457fdf6740afd51
review_1334,class_52da9457fdf6740afd51
review_1335,class_0eeaed02d1a961f133b4
review_1336,class_52da9457fdf6740afd51
review_1337,class_1bc7e06ece0f38a60982
review_1338,class_1bc7e06ece0f38a60982
review_1339,class_1cf1396a0c9bc53f37da
review_1340,class_7d54e6ff154ad392b174
review_1341,class_7d54e6ff154ad392b174
review_1342,class_52da9457fdf6740afd51
review_1343,class_f6efb94c9ae061247bed
review_1344,class_1bc7e06ece0f38a60982
review_1345,class_52da9457fdf6740afd51
review_1346,class_1bc7e06ece0f38a60982
review_1347,class_1318693c237b7b97c0c0
review_1348,class_7d54e6ff154ad392b174
review_1349,class_1bc7e06ece0f38a60982
review_1350,class_7d54e6ff154ad392b174
review_1351,class_1bc7e06ece0f38a60982
review_1352,class_7d54e6ff154ad392b174
review_1353,class_7d54e6ff154ad392b174
review_1354,class_1cf1396a0c9bc53f37da
review_1355,class_1318693c237b7b97c0c0
review_1356,class_52da9457fdf6740afd51
review_1357,class_9deef4712756d30ffaa3
review_1358,class_52da9457fdf6740afd51
review_1359,class_9deef4712756d30ffaa3
review_1360,class_1bc7e06ece0f38a60982
review_1361,class_7d54e6ff154ad392b174
review_1362,class_52da9457fdf6740afd51
review_1363,class_52da9457fdf6740afd51
review_1364,class_1bc7e06ece0f38a60982
review_1365,class_7d54e6ff154ad392b174
review_1366,class_1bc7e06ece0f38a60982
review_1367,class_1bc7e06ece0f38a60982
review_1368,class_1bc7e06ece0f38a60982
review_1369,class_1bc7e06ece0f38a60982
review_1370,class_1318693c237b7b97c0c0
review_1371,class_1318693c237b7b97c0c0
review_1372,class_1bc7e06ece0f38a60982
review_1373,class_52da9457fdf6740afd51
review_1374,class_1bc7e06ece0f38a60982
review_1375,class_1bc7e06ece0f38a60982
review_1376,class_52da9457fdf6740afd51
review_1377,class_1bc7e06ece0f38a60982
review_1378,class_1bc7e06ece0f38a60982
review_1379,class_52da9457fdf6740afd51
review_1380,class_1bc7e06ece0f38a60982
review_1381,class_1318693c237b7b97c0c0
review_1382,class_7d54e6ff154ad392b174
review_1383,class_7d54e6ff154ad392b174
review_1384,class_1bc7e06ece0f38a60982
review_1385,class_1bc7e06ece0f38a60982
review_1386,class_1bc7e06ece0f38a60982
review_1387,class_7d54e6ff154ad392b174
review_1388,class_7d54e6ff154ad392b174
review_1389,class_7d54e6ff154ad392b174
review_1390,class_7d54e6ff154ad392b174
review_1391,class_1318693c237b7b97c0c0
review_1392,class_1318693c237b7b97c0c0
review_1393,class_7d54e6ff154ad392b174
review_1394,class_7d54e6ff154ad392b174
review_1395,class_1bc7e06ece0f38a60982
review_1396,class_7d54e6ff154ad392b174
review_1397,class_1bc7e06ece0f38a60982
review_1398,class_7d54e6ff154ad392b174
review_1399,class_7d54e6ff154ad392b174
review_1400,class_1cf1396a0c9bc53f37da
review_1401,class_52da9457fdf6740afd51
review_1402,class_1bc7e06ece0f38a60982
review_1403,class_7d54e6ff154ad392b174
review_1404,class_7d54e6ff154ad392b174
review_1405,class_7d54e6ff154ad392b174
review_1406,class_1cf1396a0c9bc53f37da
review_1407,class_7d54e6ff154ad392b174
review_1408,class_b7f740446b63715473af
review_1409,class_52da9457fdf6740afd51
review_1410,class_7d54e6ff154ad392b174
review_1411,class_52da9457fdf6740afd51
review_1412,class_b89f90f328fa7e7781c0
review_1413,class_1cf1396a0c9bc53f37da
review_1414,class_7d54e6ff154ad392b174
review_1415,class_b7f740446b63715473af
review_1416,class_7d54e6ff154ad392b174
review_1417,class_7d54e6ff154ad392b174
review_1418,class_7d54e6ff154ad392b174
review_1419,class_52da9457fdf6740afd51
review_1420,class_7d54e6ff154ad392b174
review_1421,class_7d54e6ff154ad392b174
review_1422,class_7d54e6ff154ad392b174
review_1423,class_7d54e6ff154ad392b174
review_1424,class_7d54e6ff154ad392b174
review_1425,class_7d54e6ff154ad392b174
review_1426,class_7d54e6ff154ad392b174
review_1427,class_7d54e6ff154ad392b174
review_1428,class_7d54e6ff154ad392b174
review_1429,class_1cf1396a0c9bc53f37da
review_1430,class_c3ca5f787365eae0dea8
review_1431,class_7d54e6ff154ad392b174
review_1432,class_7d54e6ff154ad392b174
review_1433,class_7d54e6ff154ad392b174
review_1434,class_7d54e6ff154ad392b174
review_1435,class_7d54e6ff154ad392b174
review_1436,class_b89f90f328fa7e7781c0
review_1437,class_7d54e6ff154ad392b174
review_1438,class_7d54e6ff154ad392b174
review_1439,class_7d54e6ff154ad392b174
review_1440,class_7d54e6ff154ad392b174
review_1441,class_7d54e6ff154ad392b174
review_1442,class_1cf1396a0c9bc53f37da
review_1443,class_7d54e6ff154ad392b174
review_1444,class_7d54e6ff154ad392b174
review_1445,class_7d54e6ff154ad392b174
review_1446,class_7d54e6ff154ad392b174
review_1447,class_7d54e6ff154ad392b174
review_1448,class_7d54e6ff154ad392b174
review_1449,class_b89f90f328fa7e7781c0
review_1450,class_7d54e6ff154ad392b174
review_1451,class_52da9457fdf6740afd51
review_1452,class_b89f90f328fa7e7781c0
review_1453,class_1318693c237b7b97c0c0
review_1454,class_b7f740446b63715473af
review_1455,class_52da9457fdf6740afd51
review_1456,class_b7f740446b63715473af
review_1457,class_b7f740446b63715473af
review_1458,class_1318693c237b7b97c0c0
review_1459,class_52da9457fdf6740afd51
review_1460,class_52da9457fdf6740afd51
review_1461,class_52da9457fdf6740afd51
review_1462,class_b7f740446b63715473af
review_1463,class_52da9457fdf6740afd51
review_1464,class_b7f740446b63715473af
review_1465,class_52da9457fdf6740afd51
review_1466,class_1318693c237b7b97c0c0
review_1467,class_52da9457fdf6740afd51
review_1468,class_b7f740446b63715473af
review_1469,class_1318693c237b7b97c0c0
review_1470,class_7d54e6ff154ad392b174
review_1471,class_0eeaed02d1a961f133b4
review_1472,class_52da9457fdf6740afd51
review_1473,class_52da9457fdf6740afd51
review_1474,class_1bc7e06ece0f38a60982
review_1475,class_1bc7e06ece0f38a60982
review_1476,class_1cf1396a0c9bc53f37da
review_1477,class_7d54e6ff154ad392b174
review_1478,class_52da9457fdf6740afd51
review_1479,class_1318693c237b7b97c0c0
review_1480,class_e65aace9237833ec7752
review_1481,class_1318693c237b7b97c0c0
review_1482,class_1cf1396a0c9bc53f37da
review_1483,class_1bc7e06ece0f38a60982
review_1484,class_1bc7e06ece0f38a60982
review_1485,class_7d54e6ff154ad392b174
review_1486,class_1318693c237b7b97c0c0
review_1487,class_e65aace9237833ec7752
review_1488,class_1cf1396a0c9bc53f37da
review_1489,class_52da9457fdf6740afd51
review_1490,class_1318693c237b7b97c0c0
review_1491,class_1318693c237b7b97c0c0
review_1492,class_1bc7e06ece0f38a60982
review_1493,class_1bc7e06ece0f38a60982
review_1494,class_e65aace9237833ec7752
review_1495,class_1318693c237b7b97c0c0
review_1496,class_1bc7e06ece0f38a60982
review_1497,class_e65aace9237833ec7752
review_1498,class_1318693c237b7b97c0c0
review_1499,class_52da9457fdf6740afd51
review_1500,class_0eeaed02d1a961f133b4
review_1501,class_1bc7e06ece0f38a60982
review_1502,class_0eeaed02d1a961f133b4
review_1503,class_7d54e6ff154ad392b174
review_1504,class_1318693c237b7b97c0c0
review_1505,class_7d54e6ff154ad392b174
review_1506,class_52da9457fdf6740afd51
review_1507,class_0eeaed02d1a961f133b4
review_1508,class_1bc7e06ece0f38a60982
review_1509,class_0eeaed02d1a961f133b4
review_1510,class_5da3128be1ff7664a1b2
review_1511,class_7d54e6ff154ad392b174
review_1512,class_9deef4712756d30ffaa3
review_1513,class_1bc7e06ece0f38a60982
review_1514,class_52da9457fdf6740afd51
review_1515,class_7d54e6ff154ad392b174
review_1516,class_7d54e6ff154ad392b174
review_1517,class_1318693c237b7b97c0c0
review_1518,class_0eeaed02d1a961f133b4
review_1519,class_52da9457fdf6740afd51
review_1520,class_1318693c237b7b97c0c0
review_1521,class_1318693c237b7b97c0c0
review_1522,class_f6efb94c9ae061247bed
review_1523,class_52da9457fdf6740afd51
review_1524,class_9e32d15b246e504af33c
review_1525,class_1318693c237b7b97c0c0
review_1526,class_1318693c237b7b97c0c0
review_1527,class_1318693c237b7b97c0c0
review_1528,class_1318693c237b7b97c0c0
review_1529,class_0eeaed02d1a961f133b4
review_1530,class_0eeaed02d1a961f133b4
review_1531,class_1318693c237b7b97c0c0
review_1532,class_5da3128be1ff7664a1b2
review_1533,class_7d54e6ff154ad392b174
review_1534,class_1318693c237b7b97c0c0
review_1535,class_52da9457fdf6740afd51
review_1536,class_9e32d15b246e504af33c
review_1537,class_1bc7e06ece0f38a60982
review_1538,class_1318693c237b7b97c0c0
review_1539,class_1318693c237b7b97c0c0
review_1540,class_1318693c237b7b97c0c0
review_1541,class_f6efb94c9ae061247bed
review_1542,class_0eeaed02d1a961f133b4
review_1543,class_be68f8ed5877c11b8be4
review_1544,class_1318693c237b7b97c0c0
review_1545,class_1318693c237b7b97c0c0
review_1546,class_52da9457fdf6740afd51
review_1547,class_0eeaed02d1a961f133b4
review_1548,class_1318693c237b7b97c0c0
review_1549,class_0eeaed02d1a961f133b4
review_1550,class_52da9457fdf6740afd51
review_1551,class_7d54e6ff154ad392b174
review_1552,class_1318693c237b7b97c0c0
review_1553,class_1318693c237b7b97c0c0
review_1554,class_52da9457fdf6740afd51
review_1555,class_1cf1396a0c9bc53f37da
review_1556,class_1bc7e06ece0f38a60982
review_1557,class_7d54e6ff154ad392b174
review_1558,class_7d54e6ff154ad392b174
review_1559,class_7d54e6ff154ad392b174
review_1560,class_7d54e6ff154ad392b174
review_1561,class_5da3128be1ff7664a1b2
review_1562,class_7d54e6ff154ad392b174
review_1563,class_0eeaed02d1a961f133b4
review_1564,class_1bc7e06ece0f38a60982
review_1565,class_1318693c237b7b97c0c0
review_1566,class_e65aace9237833ec7752
review_1567,class_1bc7e06ece0f38a60982
review_1568,class_5da3128be1ff7664a1b2
review_1569,class_7d54e6ff154ad392b174
review_1570,class_1bc7e06ece0f38a60982
review_1571,class_e65aace9237833ec7752
review_1572,class_1bc7e06ece0f38a60982
review_1573,class_7d54e6ff154ad392b174
review_1574,class_7d54e6ff154ad392b174
review_1575,class_5da3128be1ff7664a1b2
review_1576,class_1bc7e06ece0f38a60982
review_1577,class_1318693c237b7b97c0c0
review_1578,class_7d54e6ff154ad392b174
review_1579,class_7d54e6ff154ad392b174
review_1580,class_7d54e6ff154ad392b174
review_1581,class_1bc7e06ece0f38a60982
review_1582,class_7d54e6ff154ad392b174
review_1583,class_e65aace9237833ec7752
review_1584,class_1318693c237b7b97c0c0
review_1585,class_e65aace9237833ec7752
review_1586,class_e65aace9237833ec7752
review_1587,class_7d54e6ff154ad392b174
review_1588,class_52da9457fdf6740afd51
review_1589,class_e65aace9237833ec7752
review_1590,class_52da9457fdf6740afd51
review_1591,class_c3ca5f787365eae0dea8
review_1592,class_1bc7e06ece0f38a60982
review_1593,class_7d54e6ff154ad392b174
review_1594,class_1318693c237b7b97c0c0
review_1595,class_c3ca5f787365eae0dea8
review_1596,class_e65aace9237833ec7752
review_1597,class_7d54e6ff154ad392b174
review_1598,class_52da9457fdf6740afd51
review_1599,class_e65aace9237833ec7752
review_1600,class_e65aace9237833ec7752
review_1601,class_e65aace9237833ec7752
review_1602,class_e65aace9237833ec7752
review_1603,class_e65aace9237833ec7752
review_1604,class_e65aace9237833ec7752
review_1605,class_7d54e6ff154ad392b174
review_1606,class_e65aace9237833ec7752
review_1607,class_52da9457fdf6740afd51
review_1608,class_e65aace9237833ec7752
review_1609,class_e65aace9237833ec7752
review_1610,class_e65aace9237833ec7752
review_1611,class_0eeaed02d1a961f133b4
review_1612,class_e65aace9237833ec7752
review_1613,class_e65aace9237833ec7752
review_1614,class_e65aace9237833ec7752
review_1615,class_52da9457fdf6740afd51
review_1616,class_e65aace9237833ec7752
review_1617,class_7d54e6ff154ad392b174
review_1618,class_1318693c237b7b97c0c0
review_1619,class_7d54e6ff154ad392b174
review_1620,class_0eeaed02d1a961f133b4
review_1621,class_52da9457fdf6740afd51
review_1622,class_e65aace9237833ec7752
review_1623,class_e65aace9237833ec7752
review_1624,class_e65aace9237833ec7752
review_1625,class_7d54e6ff154ad392b174
review_1626,class_e65aace9237833ec7752
review_1627,class_e65aace9237833ec7752
review_1628,class_e65aace9237833ec7752
review_1629,class_e65aace9237833ec7752
review_1630,class_52da9457fdf6740afd51
review_1631,class_7d54e6ff154ad392b174
review_1632,class_0eeaed02d1a961f133b4
review_1633,class_7d54e6ff154ad392b174
review_1634,class_7d54e6ff154ad392b174
review_1635,class_1318693c237b7b97c0c0
review_1636,class_1bc7e06ece0f38a60982
review_1637,class_0eeaed02d1a961f133b4
review_1638,class_e65aace9237833ec7752
review_1639,class_52da9457fdf6740afd51
review_1640,class_e65aace9237833ec7752
review_1641,class_7d54e6ff154ad392b174
review_1642,class_e65aace9237833ec7752
review_1643,class_1bc7e06ece0f38a60982
review_1644,class_0eeaed02d1a961f133b4
review_1645,class_e65aace9237833ec7752
review_1646,class_52da9457fdf6740afd51
review_1647,class_e65aace9237833ec7752
review_1648,class_52da9457fdf6740afd51
review_1649,class_1bc7e06ece0f38a60982
review_1650,class_1bc7e06ece0f38a60982
review_1651,class_7d54e6ff154ad392b174
review_1652,class_52da9457fdf6740afd51
review_1653,class_52da9457fdf6740afd51
review_1654,class_f6efb94c9ae061247bed
review_1655,class_1bc7e06ece0f38a60982
review_1656,class_0eeaed02d1a961f133b4
review_1657,class_1bc7e06ece0f38a60982
review_1658,class_7d54e6ff154ad392b174
review_1659,class_1bc7e06ece0f38a60982
review_1660,class_e65aace9237833ec7752
review_1661,class_52da9457fdf6740afd51
review_1662,class_52da9457fdf6740afd51
review_1663,class_52da9457fdf6740afd51
review_1664,class_0eeaed02d1a961f133b4
review_1665,class_52da9457fdf6740afd51
review_1666,class_52da9457fdf6740afd51
review_1667,class_1bc7e06ece0f38a60982
review_1668,class_0eeaed02d1a961f133b4
review_1669,class_e65aace9237833ec7752
review_1670,class_52da9457fdf6740afd51
review_1671,class_e65aace9237833ec7752
review_1672,class_e65aace9237833ec7752
review_1673,class_1bc7e06ece0f38a60982
review_1674,class_52da9457fdf6740afd51
review_1675,class_52da9457fdf6740afd51
review_1676,class_52da9457fdf6740afd51
review_1677,class_0eeaed02d1a961f133b4
review_1678,class_1bc7e06ece0f38a60982
review_1679,class_5da3128be1ff7664a1b2
review_1680,class_b7f740446b63715473af
review_1681,class_1bc7e06ece0f38a60982
review_1682,class_1bc7e06ece0f38a60982
review_1683,class_9deef4712756d30ffaa3
review_1684,class_9deef4712756d30ffaa3
review_1685,class_1bc7e06ece0f38a60982
review_1686,class_4397d106b671d697b6e0
review_1687,class_52da9457fdf6740afd51
review_1688,class_1bc7e06ece0f38a60982
review_1689,class_5da3128be1ff7664a1b2
review_1690,class_1bc7e06ece0f38a60982
review_1691,class_4397d106b671d697b6e0
review_1692,class_9deef4712756d30ffaa3
review_1693,class_1bc7e06ece0f38a60982
review_1694,class_9deef4712756d30ffaa3
review_1695,class_1bc7e06ece0f38a60982
review_1696,class_9deef4712756d30ffaa3
review_1697,class_1bc7e06ece0f38a60982
review_1698,class_9deef4712756d30ffaa3
review_1699,class_1bc7e06ece0f38a60982
review_1700,class_1bc7e06ece0f38a60982
review_1701,class_4397d106b671d697b6e0
review_1702,class_1bc7e06ece0f38a60982
review_1703,class_1bc7e06ece0f38a60982
review_1704,class_1bc7e06ece0f38a60982
review_1705,class_1bc7e06ece0f38a60982
review_1706,class_1bc7e06ece0f38a60982
review_1707,class_1bc7e06ece0f38a60982
review_1708,class_9deef4712756d30ffaa3
review_1709,class_9deef4712756d30ffaa3
review_1710,class_f6efb94c9ae061247bed
review_1711,class_5da3128be1ff7664a1b2
review_1712,class_1bc7e06ece0f38a60982
review_1713,class_5da3128be1ff7664a1b2
review_1714,class_1bc7e06ece0f38a60982
review_1715,class_4397d106b671d697b6e0
review_1716,class_9deef4712756d30ffaa3
review_1717,class_1bc7e06ece0f38a60982
review_1718,class_5da3128be1ff7664a1b2
review_1719,class_9deef4712756d30ffaa3
review_1720,class_1bc7e06ece0f38a60982
review_1721,class_4397d106b671d697b6e0
review_1722,class_9deef4712756d30ffaa3
review_1723,class_b7f740446b63715473af
review_1724,class_1bc7e06ece0f38a60982
review_1725,class_52da9457fdf6740afd51
review_1726,class_9deef4712756d30ffaa3
review_1727,class_1bc7e06ece0f38a60982
review_1728,class_4397d106b671d697b6e0
review_1729,class_5da3128be1ff7664a1b2
review_1730,class_1bc7e06ece0f38a60982
review_1731,class_1bc7e06ece0f38a60982
review_1732,class_52da9457fdf6740afd51
review_1733,class_9deef4712756d30ffaa3
review_1734,class_52da9457fdf6740afd51
review_1735,class_52da9457fdf6740afd51
review_1736,class_7d54e6ff154ad392b174
review_1737,class_1cf1396a0c9bc53f37da
review_1738,class_5da3128be1ff7664a1b2
review_1739,class_0eeaed02d1a961f133b4
review_1740,class_52da9457fdf6740afd51
review_1741,class_5da3128be1ff7664a1b2
review_1742,class_f6efb94c9ae061247bed
review_1743,class_1cf1396a0c9bc53f37da
review_1744,class_52da9457fdf6740afd51
review_1745,class_1bc7e06ece0f38a60982
review_1746,class_0eeaed02d1a961f133b4
review_1747,class_b7f740446b63715473af
review_1748,class_0eeaed02d1a961f133b4
review_1749,class_0eeaed02d1a961f133b4
review_1750,class_7d54e6ff154ad392b174
review_1751,class_0eeaed02d1a961f133b4
review_1752,class_5da3128be1ff7664a1b2
review_1753,class_1bc7e06ece0f38a60982
review_1754,class_0eeaed02d1a961f133b4
review_1755,class_7d54e6ff154ad392b174
review_1756,class_7d54e6ff154ad392b174
review_1757,class_0eeaed02d1a961f133b4
review_1758,class_0eeaed02d1a961f133b4
review_1759,class_1cf1396a0c9bc53f37da
review_1760,class_7d54e6ff154ad392b174
review_1761,class_7d54e6ff154ad392b174
review_1762,class_1bc7e06ece0f38a60982
review_1763,class_0eeaed02d1a961f133b4
review_1764,class_1bc7e06ece0f38a60982
review_1765,class_0eeaed02d1a961f133b4
review_1766,class_7d54e6ff154ad392b174
review_1767,class_52da9457fdf6740afd51
review_1768,class_52da9457fdf6740afd51
review_1769,class_1bc7e06ece0f38a60982
review_1770,class_1bc7e06ece0f38a60982
review_1771,class_1bc7e06ece0f38a60982
review_1772,class_7d54e6ff154ad392b174
review_1773,class_7d54e6ff154ad392b174
review_1774,class_7d54e6ff154ad392b174
review_1775,class_1bc7e06ece0f38a60982
review_1776,class_0eeaed02d1a961f133b4
review_1777,class_7d54e6ff154ad392b174
review_1778,class_0eeaed02d1a961f133b4
review_1779,class_0eeaed02d1a961f133b4
review_1780,class_1bc7e06ece0f38a60982
review_1781,class_1bc7e06ece0f38a60982
review_1782,class_0eeaed02d1a961f133b4
review_1783,class_7d54e6ff154ad392b174
review_1784,class_52da9457fdf6740afd51
review_1785,class_52da9457fdf6740afd51
review_1786,class_1bc7e06ece0f38a60982
review_1787,class_1bc7e06ece0f38a60982
review_1788,class_52da9457fdf6740afd51
review_1789,class_7d54e6ff154ad392b174
review_1790,class_7d54e6ff154ad392b174
review_1791,class_52da9457fdf6740afd51
review_1792,class_7d54e6ff154ad392b174
review_1793,class_1bc7e06ece0f38a60982
review_1794,class_52da9457fdf6740afd51
review_1795,class_52da9457fdf6740afd51
review_1796,class_0eeaed02d1a961f133b4
review_1797,class_1bc7e06ece0f38a60982
review_1798,class_52da9457fdf6740afd51
review_1799,class_0eeaed02d1a961f133b4
review_1800,class_1318693c237b7b97c0c0
review_1801,class_7d54e6ff154ad392b174
review_1802,class_1bc7e06ece0f38a60982
review_1803,class_1cf1396a0c9bc53f37da
review_1804,class_7d54e6ff154ad392b174
review_1805,class_1bc7e06ece0f38a60982
review_1806,class_1bc7e06ece0f38a60982
review_1807,class_7d54e6ff154ad392b174
review_1808,class_52da9457fdf6740afd51
review_1809,class_1bc7e06ece0f38a60982
review_1810,class_7d54e6ff154ad392b174
review_1811,class_0eeaed02d1a961f133b4
review_1812,class_1bc7e06ece0f38a60982
review_1813,class_e65aace9237833ec7752
review_1814,class_e65aace9237833ec7752
review_1815,class_7d54e6ff154ad392b174
review_1816,class_7d54e6ff154ad392b174
review_1817,class_0eeaed02d1a961f133b4
review_1818,class_e65aace9237833ec7752
review_1819,class_e65aace9237833ec7752
review_1820,class_9deef4712756d30ffaa3
review_1821,class_e65aace9237833ec7752
review_1822,class_7d54e6ff154ad392b174
review_1823,class_1cf1396a0c9bc53f37da
review_1824,class_1bc7e06ece0f38a60982
review_1825,class_e65aace9237833ec7752
review_1826,class_7d54e6ff154ad392b174
review_1827,class_0eeaed02d1a961f133b4
review_1828,class_7d54e6ff154ad392b174
review_1829,class_7d54e6ff154ad392b174
review_1830,class_7d54e6ff154ad392b174
review_1831,class_0eeaed02d1a961f133b4
review_1832,class_7d54e6ff154ad392b174
review_1833,class_9deef4712756d30ffaa3
review_1834,class_1cf1396a0c9bc53f37da
review_1835,class_0eeaed02d1a961f133b4
review_1836,class_7d54e6ff154ad392b174
review_1837,class_7d54e6ff154ad392b174
review_1838,class_e65aace9237833ec7752
review_1839,class_1bc7e06ece0f38a60982
review_1840,class_0eeaed02d1a961f133b4
review_1841,class_7d54e6ff154ad392b174
review_1842,class_1bc7e06ece0f38a60982
review_1843,class_1cf1396a0c9bc53f37da
review_1844,class_7d54e6ff154ad392b174
review_1845,class_1cf1396a0c9bc53f37da
review_1846,class_1cf1396a0c9bc53f37da
review_1847,class_7d54e6ff154ad392b174
review_1848,class_7d54e6ff154ad392b174
review_1849,class_7d54e6ff154ad392b174
review_1850,class_7d54e6ff154ad392b174
review_1851,class_1bc7e06ece0f38a60982
review_1852,class_e65aace9237833ec7752
review_1853,class_7d54e6ff154ad392b174
review_1854,class_1bc7e06ece0f38a60982
review_1855,class_7d54e6ff154ad392b174
review_1856,class_e65aace9237833ec7752
review_1857,class_7d54e6ff154ad392b174
review_1858,class_7d54e6ff154ad392b174
review_1859,class_1bc7e06ece0f38a60982
review_1860,class_7d54e6ff154ad392b174
review_1861,class_1cf1396a0c9bc53f37da
review_1862,class_1cf1396a0c9bc53f37da
review_1863,class_9deef4712756d30ffaa3
review_1864,class_e65aace9237833ec7752
review_1865,class_7d54e6ff154ad392b174
review_1866,class_7d54e6ff154ad392b174
review_1867,class_7d54e6ff154ad392b174
review_1868,class_7d54e6ff154ad392b174
review_1869,class_1bc7e06ece0f38a60982
review_1870,class_7d54e6ff154ad392b174
review_1871,class_7d54e6ff154ad392b174
review_1872,class_7d54e6ff154ad392b174
review_1873,class_0eeaed02d1a961f133b4
review_1874,class_7d54e6ff154ad392b174
review_1875,class_1bc7e06ece0f38a60982
review_1876,class_e65aace9237833ec7752
review_1877,class_7d54e6ff154ad392b174
review_1878,class_1bc7e06ece0f38a60982
review_1879,class_e65aace9237833ec7752
review_1880,class_e65aace9237833ec7752
review_1881,class_7d54e6ff154ad392b174
review_1882,class_f6efb94c9ae061247bed
review_1883,class_e65aace9237833ec7752
review_1884,class_52da9457fdf6740afd51
review_1885,class_1cf1396a0c9bc53f37da
review_1886,class_e65aace9237833ec7752
review_1887,class_e65aace9237833ec7752
review_1888,class_e65aace9237833ec7752
review_1889,class_1bc7e06ece0f38a60982
review_1890,class_52da9457fdf6740afd51
review_1891,class_7d54e6ff154ad392b174
review_1892,class_52da9457fdf6740afd51
review_1893,class_9deef4712756d30ffaa3
review_1894,class_1bc7e06ece0f38a60982
review_1895,class_1cf1396a0c9bc53f37da
review_1896,class_e65aace9237833ec7752
review_1897,class_1cf1396a0c9bc53f37da
review_1898,class_1cf1396a0c9bc53f37da
review_1899,class_1bc7e06ece0f38a60982
review_1900,class_e65aace9237833ec7752
review_1901,class_e65aace9237833ec7752
review_1902,class_e65aace9237833ec7752
review_1903,class_1cf1396a0c9bc53f37da
review_1904,class_7d54e6ff154ad392b174
review_1905,class_7d54e6ff154ad392b174
review_1906,class_7d54e6ff154ad392b174
review_1907,class_e65aace9237833ec7752
review_1908,class_1bc7e06ece0f38a60982
review_1909,class_e65aace9237833ec7752
review_1910,class_48075864b2596de25a65
review_1911,class_c3ca5f787365eae0dea8
review_1912,class_e65aace9237833ec7752
review_1913,class_e65aace9237833ec7752
review_1914,class_e65aace9237833ec7752
review_1915,class_7d54e6ff154ad392b174
review_1916,class_1cf1396a0c9bc53f37da
review_1917,class_e65aace9237833ec7752
review_1918,class_e65aace9237833ec7752
review_1919,class_1cf1396a0c9bc53f37da
review_1920,class_52da9457fdf6740afd51
review_1921,class_e65aace9237833ec7752
review_1922,class_e65aace9237833ec7752
review_1923,class_52da9457fdf6740afd51
review_1924,class_e65aace9237833ec7752
review_1925,class_7d54e6ff154ad392b174
review_1926,class_7d54e6ff154ad392b174
review_1927,class_e65aace9237833ec7752
review_1928,class_1bc7e06ece0f38a60982
review_1929,class_e65aace9237833ec7752
review_1930,class_7d54e6ff154ad392b174
review_1931,class_1bc7e06ece0f38a60982
review_1932,class_1bc7e06ece0f38a60982
review_1933,class_1cf1396a0c9bc53f37da
review_1934,class_0eeaed02d1a961f133b4
review_1935,class_7d54e6ff154ad392b174
review_1936,class_1bc7e06ece0f38a60982
review_1937,class_0eeaed02d1a961f133b4
review_1938,class_7d54e6ff154ad392b174
review_1939,class_1bc7e06ece0f38a60982
review_1940,class_7d54e6ff154ad392b174
review_1941,class_0eeaed02d1a961f133b4
review_1942,class_1bc7e06ece0f38a60982
review_1943,class_7d54e6ff154ad392b174
review_1944,class_1bc7e06ece0f38a60982
review_1945,class_0eeaed02d1a961f133b4
review_1946,class_0eeaed02d1a961f133b4
review_1947,class_1bc7e06ece0f38a60982
review_1948,class_1bc7e06ece0f38a60982
review_1949,class_7d54e6ff154ad392b174
review_1950,class_b7f740446b63715473af
review_1951,class_7d54e6ff154ad392b174
review_1952,class_0eeaed02d1a961f133b4
review_1953,class_1bc7e06ece0f38a60982
review_1954,class_0eeaed02d1a961f133b4
review_1955,class_7d54e6ff154ad392b174
review_1956,class_0eeaed02d1a961f133b4
review_1957,class_c3ca5f787365eae0dea8
review_1958,class_0eeaed02d1a961f133b4
review_1959,class_1bc7e06ece0f38a60982
review_1960,class_0eeaed02d1a961f133b4
review_1961,class_0eeaed02d1a961f133b4
review_1962,class_7d54e6ff154ad392b174
review_1963,class_7d54e6ff154ad392b174
review_1964,class_0eeaed02d1a961f133b4
review_1965,class_0eeaed02d1a961f133b4
review_1966,class_0eeaed02d1a961f133b4
review_1967,class_0eeaed02d1a961f133b4
review_1968,class_1bc7e06ece0f38a60982
review_1969,class_1bc7e06ece0f38a60982
review_1970,class_1bc7e06ece0f38a60982
review_1971,class_0eeaed02d1a961f133b4
review_1972,class_0eeaed02d1a961f133b4
review_1973,class_7d54e6ff154ad392b174
review_1974,class_7d54e6ff154ad392b174
review_1975,class_1bc7e06ece0f38a60982
review_1976,class_1bc7e06ece0f38a60982
review_1977,class_0eeaed02d1a961f133b4
review_1978,class_b89f90f328fa7e7781c0
review_1979,class_b7f740446b63715473af
review_1980,class_b7f740446b63715473af
review_1981,class_1bc7e06ece0f38a60982
review_1982,class_7d54e6ff154ad392b174
review_1983,class_1bc7e06ece0f38a60982
review_1984,class_0eeaed02d1a961f133b4
review_1985,class_be68f8ed5877c11b8be4
review_1986,class_0eeaed02d1a961f133b4
review_1987,class_1cf1396a0c9bc53f37da
review_1988,class_52da9457fdf6740afd51
review_1989,class_1bc7e06ece0f38a60982
review_1990,class_52da9457fdf6740afd51
review_1991,class_52da9457fdf6740afd51
review_1992,class_52da9457fdf6740afd51
review_1993,class_48075864b2596de25a65
review_1994,class_7d54e6ff154ad392b174
review_1995,class_1bc7e06ece0f38a60982
review_1996,class_1318693c237b7b97c0c0
review_1997,class_1cf1396a0c9bc53f37da
review_1998,class_f6efb94c9ae061247bed
review_1999,class_7d54e6ff154ad392b174
review_2000,class_7d54e6ff154ad392b174
review_2001,class_7d54e6ff154ad392b174
review_2002,class_e65aace9237833ec7752
review_2003,class_1cf1396a0c9bc53f37da
review_2004,class_7d54e6ff154ad392b174
review_2005,class_7d54e6ff154ad392b174
review_2006,class_7d54e6ff154ad392b174
review_2007,class_7d54e6ff154ad392b174
review_2008,class_7d54e6ff154ad392b174
review_2009,class_f6efb94c9ae061247bed
review_2010,class_7d54e6ff154ad392b174
review_2011,class_1bc7e06ece0f38a60982
review_2012,class_1bc7e06ece0f38a60982
review_2013,class_be68f8ed5877c11b8be4
review_2014,class_7d54e6ff154ad392b174
review_2015,class_1bc7e06ece0f38a60982
review_2016,class_1bc7e06ece0f38a60982
review_2017,class_1318693c237b7b97c0c0
review_2018,class_9e32d15b246e504af33c
review_2019,class_7d54e6ff154ad392b174
review_2020,class_1cf1396a0c9bc53f37da
review_2021,class_7d54e6ff154ad392b174
review_2022,class_1bc7e06ece0f38a60982
review_2023,class_e65aace9237833ec7752
review_2024,class_1bc7e06ece0f38a60982
review_2025,class_7d54e6ff154ad392b174
review_2026,class_7d54e6ff154ad392b174
review_2027,class_7d54e6ff154ad392b174
review_2028,class_1bc7e06ece0f38a60982
review_2029,class_7d54e6ff154ad392b174
review_2030,class_7d54e6ff154ad392b174
review_2031,class_7d54e6ff154ad392b174
review_2032,class_7d54e6ff154ad392b174
review_2033,class_7d54e6ff154ad392b174
review_2034,class_7d54e6ff154ad392b174
review_2035,class_1bc7e06ece0f38a60982
review_2036,class_7d54e6ff154ad392b174
review_2037,class_52da9457fdf6740afd51
review_2038,class_7d54e6ff154ad392b174
review_2039,class_1bc7e06ece0f38a60982
review_2040,class_7d54e6ff154ad392b174
review_2041,class_1bc7e06ece0f38a60982
review_2042,class_7d54e6ff154ad392b174
review_2043,class_9deef4712756d30ffaa3
review_2044,class_1bc7e06ece0f38a60982
review_2045,class_e65aace9237833ec7752
review_2046,class_7d54e6ff154ad392b174
review_2047,class_7d54e6ff154ad392b174
review_2048,class_7d54e6ff154ad392b174
review_2049,class_7d54e6ff154ad392b174
review_2050,class_1bc7e06ece0f38a60982
review_2051,class_7d54e6ff154ad392b174
review_2052,class_52da9457fdf6740afd51
review_2053,class_7d54e6ff154ad392b174
review_2054,class_7d54e6ff154ad392b174
review_2055,class_9deef4712756d30ffaa3
review_2056,class_7d54e6ff154ad392b174
review_2057,class_1bc7e06ece0f38a60982
review_2058,class_1bc7e06ece0f38a60982
review_2059,class_7d54e6ff154ad392b174
review_2060,class_7d54e6ff154ad392b174
review_2061,class_be68f8ed5877c11b8be4
review_2062,class_9deef4712756d30ffaa3
review_2063,class_1bc7e06ece0f38a60982
review_2064,class_9deef4712756d30ffaa3
review_2065,class_1bc7e06ece0f38a60982
review_2066,class_7d54e6ff154ad392b174
review_2067,class_52da9457fdf6740afd51
review_2068,class_1bc7e06ece0f38a60982
review_2069,class_be68f8ed5877c11b8be4
review_2070,class_52da9457fdf6740afd51
review_2071,class_1bc7e06ece0f38a60982
review_2072,class_7d54e6ff154ad392b174
review_2073,class_1bc7e06ece0f38a60982
review_2074,class_7d54e6ff154ad392b174
review_2075,class_7d54e6ff154ad392b174
review_2076,class_9deef4712756d30ffaa3
review_2077,class_1bc7e06ece0f38a60982
review_2078,class_7d54e6ff154ad392b174
review_2079,class_7d54e6ff154ad392b174
review_2080,class_52da9457fdf6740afd51
review_2081,class_9deef4712756d30ffaa3
review_2082,class_9deef4712756d30ffaa3
review_2083,class_9deef4712756d30ffaa3
review_2084,class_be68f8ed5877c11b8be4
review_2085,class_1bc7e06ece0f38a60982
review_2086,class_7d54e6ff154ad392b174
review_2087,class_1bc7e06ece0f38a60982
review_2088,class_9deef4712756d30ffaa3
review_2089,class_1bc7e06ece0f38a60982
review_2090,class_7d54e6ff154ad392b174
review_2091,class_1bc7e06ece0f38a60982
review_2092,class_7d54e6ff154ad392b174
review_2093,class_9deef4712756d30ffaa3
review_2094,class_1bc7e06ece0f38a60982
review_2095,class_7d54e6ff154ad392b174
review_2096,class_52da9457fdf6740afd51
review_2097,class_7d54e6ff154ad392b174
review_2098,class_9deef4712756d30ffaa3
review_2099,class_7d54e6ff154ad392b174
review_2100,class_1bc7e06ece0f38a60982
review_2101,class_7d54e6ff154ad392b174
review_2102,class_7d54e6ff154ad392b174
review_2103,class_9deef4712756d30ffaa3
review_2104,class_9deef4712756d30ffaa3
review_2105,class_9deef4712756d30ffaa3
review_2106,class_7d54e6ff154ad392b174
review_2107,class_be68f8ed5877c11b8be4
review_2108,class_be68f8ed5877c11b8be4
review_2109,class_7d54e6ff154ad392b174
review_2110,class_1bc7e06ece0f38a60982
review_2111,class_e65aace9237833ec7752
review_2112,class_7d54e6ff154ad392b174
review_2113,class_9deef4712756d30ffaa3
review_2114,class_7d54e6ff154ad392b174
review_2115,class_9deef4712756d30ffaa3
review_2116,class_7d54e6ff154ad392b174
review_2117,class_7d54e6ff154ad392b174
review_2118,class_7d54e6ff154ad392b174
review_2119,class_1bc7e06ece0f38a60982
review_2120,class_52da9457fdf6740afd51
review_2121,class_52da9457fdf6740afd51
review_2122,class_9deef4712756d30ffaa3
review_2123,class_7d54e6ff154ad392b174
review_2124,class_7d54e6ff154ad392b174
review_2125,class_52da9457fdf6740afd51
review_2126,class_1bc7e06ece0f38a60982
review_2127,class_7d54e6ff154ad392b174
review_2128,class_1bc7e06ece0f38a60982
review_2129,class_1bc7e06ece0f38a60982
review_2130,class_1bc7e06ece0f38a60982
review_2131,class_1bc7e06ece0f38a60982
review_2132,class_1bc7e06ece0f38a60982
review_2133,class_9deef4712756d30ffaa3
review_2134,class_7d54e6ff154ad392b174
review_2135,class_9deef4712756d30ffaa3
review_2136,class_be68f8ed5877c11b8be4
review_2137,class_7d54e6ff154ad392b174
review_2138,class_52da9457fdf6740afd51
review_2139,class_1bc7e06ece0f38a60982
review_2140,class_7d54e6ff154ad392b174
review_2141,class_7d54e6ff154ad392b174
review_2142,class_1bc7e06ece0f38a60982
review_2143,class_7d54e6ff154ad392b174
review_2144,class_9deef4712756d30ffaa3
review_2145,class_1bc7e06ece0f38a60982
review_2146,class_1bc7e06ece0f38a60982
review_2147,class_1bc7e06ece0f38a60982
review_2148,class_1bc7e06ece0f38a60982
review_2149,class_7d54e6ff154ad392b174
review_2150,class_1bc7e06ece0f38a60982
review_2151,class_1bc7e06ece0f38a60982
review_2152,class_1318693c237b7b97c0c0
review_2153,class_7d54e6ff154ad392b174
review_2154,class_b7f740446b63715473af
review_2155,class_1bc7e06ece0f38a60982
review_2156,class_1bc7e06ece0f38a60982
review_2157,class_1bc7e06ece0f38a60982
review_2158,class_e65aace9237833ec7752
review_2159,class_7d54e6ff154ad392b174
review_2160,class_1bc7e06ece0f38a60982
review_2161,class_1bc7e06ece0f38a60982
review_2162,class_1bc7e06ece0f38a60982
review_2163,class_5da3128be1ff7664a1b2
review_2164,class_1bc7e06ece0f38a60982
review_2165,class_1318693c237b7b97c0c0
review_2166,class_1bc7e06ece0f38a60982
review_2167,class_1bc7e06ece0f38a60982
review_2168,class_1bc7e06ece0f38a60982
review_2169,class_7d54e6ff154ad392b174
review_2170,class_7d54e6ff154ad392b174
review_2171,class_1bc7e06ece0f38a60982
review_2172,class_1bc7e06ece0f38a60982
review_2173,class_1bc7e06ece0f38a60982
review_2174,class_7d54e6ff154ad392b174
review_2175,class_7d54e6ff154ad392b174
review_2176,class_1bc7e06ece0f38a60982
review_2177,class_1bc7e06ece0f38a60982
review_2178,class_1bc7e06ece0f38a60982
review_2179,class_1bc7e06ece0f38a60982
review_2180,class_1bc7e06ece0f38a60982
review_2181,class_1bc7e06ece0f38a60982
review_2182,class_1bc7e06ece0f38a60982
review_2183,class_1bc7e06ece0f38a60982
review_2184,class_7d54e6ff154ad392b174
review_2185,class_f6efb94c9ae061247bed
review_2186,class_1bc7e06ece0f38a60982
review_2187,class_1bc7e06ece0f38a60982
review_2188,class_5da3128be1ff7664a1b2
review_2189,class_1bc7e06ece0f38a60982
review_2190,class_1bc7e06ece0f38a60982
review_2191,class_1bc7e06ece0f38a60982
review_2192,class_1bc7e06ece0f38a60982
review_2193,class_e65aace9237833ec7752
review_2194,class_1318693c237b7b97c0c0
review_2195,class_f6efb94c9ae061247bed
review_2196,class_7d54e6ff154ad392b174
review_2197,class_1318693c237b7b97c0c0
review_2198,class_1bc7e06ece0f38a60982
review_2199,class_1bc7e06ece0f38a60982
review_2200,class_1318693c237b7b97c0c0
review_2201,class_1bc7e06ece0f38a60982
review_2202,class_1bc7e06ece0f38a60982
review_2203,class_7d54e6ff154ad392b174
review_2204,class_1318693c237b7b97c0c0
review_2205,class_7d54e6ff154ad392b174
review_2206,class_7d54e6ff154ad392b174
review_2207,class_1bc7e06ece0f38a60982
review_2208,class_7d54e6ff154ad392b174
review_2209,class_1bc7e06ece0f38a60982
review_2210,class_1bc7e06ece0f38a60982
review_2211,class_f6efb94c9ae061247bed
review_2212,class_e65aace9237833ec7752
review_2213,class_7d54e6ff154ad392b174
review_2214,class_f6efb94c9ae061247bed
review_2215,class_1bc7e06ece0f38a60982
review_2216,class_e65aace9237833ec7752
review_2217,class_1bc7e06ece0f38a60982
review_2218,class_1bc7e06ece0f38a60982
review_2219,class_1bc7e06ece0f38a60982
review_2220,class_1bc7e06ece0f38a60982
review_2221,class_1bc7e06ece0f38a60982
review_2222,class_1bc7e06ece0f38a60982
review_2223,class_1bc7e06ece0f38a60982
review_2224,class_1bc7e06ece0f38a60982
review_2225,class_1bc7e06ece0f38a60982
review_2226,class_7d54e6ff154ad392b174
review_2227,class_1bc7e06ece0f38a60982
review_2228,class_1bc7e06ece0f38a60982
review_2229,class_1bc7e06ece0f38a60982
review_2230,class_7d54e6ff154ad392b174
review_2231,class_1318693c237b7b97c0c0
review_2232,class_7d54e6ff154ad392b174
review_2233,class_1bc7e06ece0f38a60982
review_2234,class_1318693c237b7b97c0c0
review_2235,class_7d54e6ff154ad392b174
review_2236,class_1bc7e06ece0f38a60982
review_2237,class_7d54e6ff154ad392b174
review_2238,class_1bc7e06ece0f38a60982
review_2239,class_1bc7e06ece0f38a60982
review_2240,class_1bc7e06ece0f38a60982
review_2241,class_7d54e6ff154ad392b174
review_2242,class_1bc7e06ece0f38a60982
review_2243,class_1bc7e06ece0f38a60982
review_2244,class_7d54e6ff154ad392b174
review_2245,class_1318693c237b7b97c0c0
review_2246,class_1bc7e06ece0f38a60982
review_2247,class_1bc7e06ece0f38a60982
review_2248,class_5da3128be1ff7664a1b2
review_2249,class_1bc7e06ece0f38a60982
review_2250,class_e65aace9237833ec7752
review_2251,class_7d54e6ff154ad392b174
review_2252,class_c3ca5f787365eae0dea8
review_2253,class_0eeaed02d1a961f133b4
review_2254,class_7d54e6ff154ad392b174
review_2255,class_1bc7e06ece0f38a60982
review_2256,class_c3ca5f787365eae0dea8
review_2257,class_c3ca5f787365eae0dea8
review_2258,class_1bc7e06ece0f38a60982
review_2259,class_0eeaed02d1a961f133b4
review_2260,class_1bc7e06ece0f38a60982
review_2261,class_7d54e6ff154ad392b174
review_2262,class_52da9457fdf6740afd51
review_2263,class_c3ca5f787365eae0dea8
review_2264,class_52da9457fdf6740afd51
review_2265,class_7d54e6ff154ad392b174
review_2266,class_c3ca5f787365eae0dea8
review_2267,class_c3ca5f787365eae0dea8
review_2268,class_c3ca5f787365eae0dea8
review_2269,class_52da9457fdf6740afd51
review_2270,class_c3ca5f787365eae0dea8
review_2271,class_1bc7e06ece0f38a60982
review_2272,class_b7f740446b63715473af
review_2273,class_c3ca5f787365eae0dea8
review_2274,class_52da9457fdf6740afd51
review_2275,class_1318693c237b7b97c0c0
review_2276,class_c3ca5f787365eae0dea8
review_2277,class_7d54e6ff154ad392b174
review_2278,class_b7f740446b63715473af
review_2279,class_7d54e6ff154ad392b174
review_2280,class_7d54e6ff154ad392b174
review_2281,class_1bc7e06ece0f38a60982
review_2282,class_7d54e6ff154ad392b174
review_2283,class_1bc7e06ece0f38a60982
review_2284,class_c3ca5f787365eae0dea8
review_2285,class_7d54e6ff154ad392b174
review_2286,class_1318693c237b7b97c0c0
review_2287,class_7d54e6ff154ad392b174
review_2288,class_1bc7e06ece0f38a60982
review_2289,class_52da9457fdf6740afd51
review_2290,class_7d54e6ff154ad392b174
review_2291,class_7d54e6ff154ad392b174
review_2292,class_7d54e6ff154ad392b174
review_2293,class_7d54e6ff154ad392b174
review_2294,class_7d54e6ff154ad392b174
review_2295,class_1cf1396a0c9bc53f37da
review_2296,class_7d54e6ff154ad392b174
review_2297,class_0eeaed02d1a961f133b4
review_2298,class_52da9457fdf6740afd51
review_2299,class_1cf1396a0c9bc53f37da
review_2300,class_0eeaed02d1a961f133b4
review_2301,class_7d54e6ff154ad392b174
review_2302,class_7d54e6ff154ad392b174
review_2303,class_1cf1396a0c9bc53f37da
review_2304,class_52da9457fdf6740afd51
review_2305,class_f6efb94c9ae061247bed
review_2306,class_7d54e6ff154ad392b174
review_2307,class_1318693c237b7b97c0c0
review_2308,class_7d54e6ff154ad392b174
review_2309,class_52da9457fdf6740afd51
review_2310,class_7d54e6ff154ad392b174
review_2311,class_52da9457fdf6740afd51
review_2312,class_1bc7e06ece0f38a60982
review_2313,class_7d54e6ff154ad392b174
review_2314,class_1cf1396a0c9bc53f37da
review_2315,class_1bc7e06ece0f38a60982
review_2316,class_7d54e6ff154ad392b174
review_2317,class_0eeaed02d1a961f133b4
review_2318,class_7d54e6ff154ad392b174
review_2319,class_7d54e6ff154ad392b174
review_2320,class_7d54e6ff154ad392b174
review_2321,class_52da9457fdf6740afd51
review_2322,class_0eeaed02d1a961f133b4
review_2323,class_1bc7e06ece0f38a60982
review_2324,class_52da9457fdf6740afd51
review_2325,class_0eeaed02d1a961f133b4
review_2326,class_7d54e6ff154ad392b174
review_2327,class_7d54e6ff154ad392b174
review_2328,class_7d54e6ff154ad392b174
review_2329,class_1cf1396a0c9bc53f37da
review_2330,class_5da3128be1ff7664a1b2
review_2331,class_52da9457fdf6740afd51
review_2332,class_52da9457fdf6740afd51
review_2333,class_5da3128be1ff7664a1b2
review_2334,class_e65aace9237833ec7752
review_2335,class_e65aace9237833ec7752
review_2336,class_5da3128be1ff7664a1b2
review_2337,class_5da3128be1ff7664a1b2
review_2338,class_52da9457fdf6740afd51
review_2339,class_52da9457fdf6740afd51
review_2340,class_52da9457fdf6740afd51
review_2341,class_52da9457fdf6740afd51
review_2342,class_9e32d15b246e504af33c
review_2343,class_e65aace9237833ec7752
review_2344,class_0eeaed02d1a961f133b4
review_2345,class_5da3128be1ff7664a1b2
review_2346,class_e65aace9237833ec7752
review_2347,class_9e32d15b246e504af33c
review_2348,class_52da9457fdf6740afd51
review_2349,class_52da9457fdf6740afd51
review_2350,class_9e32d15b246e504af33c
review_2351,class_52da9457fdf6740afd51
review_2352,class_e65aace9237833ec7752
review_2353,class_0eeaed02d1a961f133b4
review_2354,class_5da3128be1ff7664a1b2
review_2355,class_e65aace9237833ec7752
review_2356,class_52da9457fdf6740afd51
review_2357,class_5da3128be1ff7664a1b2
review_2358,class_52da9457fdf6740afd51
review_2359,class_e65aace9237833ec7752
review_2360,class_e65aace9237833ec7752
review_2361,class_52da9457fdf6740afd51
review_2362,class_9e32d15b246e504af33c
review_2363,class_e65aace9237833ec7752
review_2364,class_e65aace9237833ec7752
review_2365,class_e65aace9237833ec7752
review_2366,class_1bc7e06ece0f38a60982
review_2367,class_1cf1396a0c9bc53f37da
review_2368,class_e65aace9237833ec7752
review_2369,class_1bc7e06ece0f38a60982
review_2370,class_52da9457fdf6740afd51
review_2371,class_1cf1396a0c9bc53f37da
review_2372,class_e65aace9237833ec7752
review_2373,class_9e32d15b246e504af33c
review_2374,class_7d54e6ff154ad392b174
review_2375,class_c3ca5f787365eae0dea8
review_2376,class_7d54e6ff154ad392b174
review_2377,class_b7f740446b63715473af
review_2378,class_7d54e6ff154ad392b174
review_2379,class_7d54e6ff154ad392b174
review_2380,class_7d54e6ff154ad392b174
review_2381,class_7d54e6ff154ad392b174
review_2382,class_7d54e6ff154ad392b174
review_2383,class_1bc7e06ece0f38a60982
review_2384,class_7d54e6ff154ad392b174
review_2385,class_c3ca5f787365eae0dea8
review_2386,class_1bc7e06ece0f38a60982
review_2387,class_7d54e6ff154ad392b174
review_2388,class_1bc7e06ece0f38a60982
review_2389,class_0eeaed02d1a961f133b4
review_2390,class_1bc7e06ece0f38a60982
review_2391,class_7d54e6ff154ad392b174
review_2392,class_1bc7e06ece0f38a60982
review_2393,class_7d54e6ff154ad392b174
review_2394,class_1bc7e06ece0f38a60982
review_2395,class_7d54e6ff154ad392b174
review_2396,class_be68f8ed5877c11b8be4
review_2397,class_b7f740446b63715473af
review_2398,class_1bc7e06ece0f38a60982
review_2399,class_7d54e6ff154ad392b174
review_2400,class_1bc7e06ece0f38a60982
review_2401,class_7d54e6ff154ad392b174
review_2402,class_7d54e6ff154ad392b174
review_2403,class_1bc7e06ece0f38a60982
review_2404,class_7d54e6ff154ad392b174
review_2405,class_1318693c237b7b97c0c0
review_2406,class_c3ca5f787365eae0dea8
review_2407,class_1bc7e06ece0f38a60982
review_2408,class_7d54e6ff154ad392b174
review_2409,class_7d54e6ff154ad392b174
review_2410,class_1bc7e06ece0f38a60982
review_2411,class_7d54e6ff154ad392b174
review_2412,class_7d54e6ff154ad392b174
review_2413,class_7d54e6ff154ad392b174
review_2414,class_5da3128be1ff7664a1b2
review_2415,class_7d54e6ff154ad392b174
review_2416,class_c3ca5f787365eae0dea8
review_2417,class_7d54e6ff154ad392b174
review_2418,class_b7f740446b63715473af
review_2419,class_7d54e6ff154ad392b174
review_2420,class_b7f740446b63715473af
review_2421,class_c3ca5f787365eae0dea8
review_2422,class_be68f8ed5877c11b8be4
review_2423,class_e65aace9237833ec7752
review_2424,class_e65aace9237833ec7752
review_2425,class_1bc7e06ece0f38a60982
review_2426,class_7d54e6ff154ad392b174
review_2427,class_1318693c237b7b97c0c0
review_2428,class_52da9457fdf6740afd51
review_2429,class_1bc7e06ece0f38a60982
review_2430,class_7d54e6ff154ad392b174
review_2431,class_52da9457fdf6740afd51
review_2432,class_be68f8ed5877c11b8be4
review_2433,class_1bc7e06ece0f38a60982
review_2434,class_7d54e6ff154ad392b174
review_2435,class_be68f8ed5877c11b8be4
review_2436,class_1318693c237b7b97c0c0
review_2437,class_7d54e6ff154ad392b174
review_2438,class_9deef4712756d30ffaa3
review_2439,class_9deef4712756d30ffaa3
review_2440,class_7d54e6ff154ad392b174
review_2441,class_7d54e6ff154ad392b174
review_2442,class_52da9457fdf6740afd51
review_2443,class_9deef4712756d30ffaa3
review_2444,class_7d54e6ff154ad392b174
review_2445,class_1318693c237b7b97c0c0
review_2446,class_7d54e6ff154ad392b174
review_2447,class_1bc7e06ece0f38a60982
review_2448,class_7d54e6ff154ad392b174
review_2449,class_7d54e6ff154ad392b174
review_2450,class_9deef4712756d30ffaa3
review_2451,class_1bc7e06ece0f38a60982
review_2452,class_52da9457fdf6740afd51
review_2453,class_9deef4712756d30ffaa3
review_2454,class_1bc7e06ece0f38a60982
review_2455,class_7d54e6ff154ad392b174
review_2456,class_1bc7e06ece0f38a60982
review_2457,class_1bc7e06ece0f38a60982
review_2458,class_7d54e6ff154ad392b174
review_2459,class_be68f8ed5877c11b8be4
review_2460,class_52da9457fdf6740afd51
review_2461,class_be68f8ed5877c11b8be4
review_2462,class_1bc7e06ece0f38a60982
review_2463,class_7d54e6ff154ad392b174
review_2464,class_1bc7e06ece0f38a60982
review_2465,class_7d54e6ff154ad392b174
review_2466,class_7d54e6ff154ad392b174
review_2467,class_52da9457fdf6740afd51
review_2468,class_1318693c237b7b97c0c0
review_2469,class_9deef4712756d30ffaa3
review_2470,class_9deef4712756d30ffaa3
review_2471,class_7d54e6ff154ad392b174
review_2472,class_f6efb94c9ae061247bed
review_2473,class_52da9457fdf6740afd51
review_2474,class_9deef4712756d30ffaa3
review_2475,class_1bc7e06ece0f38a60982
review_2476,class_9deef4712756d30ffaa3
review_2477,class_1cf1396a0c9bc53f37da
review_2478,class_1bc7e06ece0f38a60982
review_2479,class_52da9457fdf6740afd51
review_2480,class_9deef4712756d30ffaa3
review_2481,class_f6efb94c9ae061247bed
review_2482,class_b7f740446b63715473af
review_2483,class_1318693c237b7b97c0c0
review_2484,class_7d54e6ff154ad392b174
review_2485,class_7d54e6ff154ad392b174
review_2486,class_1318693c237b7b97c0c0
review_2487,class_7d54e6ff154ad392b174
review_2488,class_7d54e6ff154ad392b174
review_2489,class_1318693c237b7b97c0c0
review_2490,class_1bc7e06ece0f38a60982
review_2491,class_7d54e6ff154ad392b174
review_2492,class_7d54e6ff154ad392b174
review_2493,class_1318693c237b7b97c0c0
review_2494,class_7d54e6ff154ad392b174
review_2495,class_b7f740446b63715473af
review_2496,class_7d54e6ff154ad392b174
review_2497,class_7d54e6ff154ad392b174
review_2498,class_7d54e6ff154ad392b174
review_2499,class_1318693c237b7b97c0c0
review_2500,class_7d54e6ff154ad392b174
review_2501,class_7d54e6ff154ad392b174
review_2502,class_7d54e6ff154ad392b174
review_2503,class_1318693c237b7b97c0c0
review_2504,class_7d54e6ff154ad392b174
review_2505,class_0eeaed02d1a961f133b4
review_2506,class_7d54e6ff154ad392b174
review_2507,class_7d54e6ff154ad392b174
review_2508,class_7d54e6ff154ad392b174
review_2509,class_7d54e6ff154ad392b174
review_2510,class_52da9457fdf6740afd51
review_2511,class_7d54e6ff154ad392b174
review_2512,class_7d54e6ff154ad392b174
review_2513,class_0eeaed02d1a961f133b4
review_2514,class_7d54e6ff154ad392b174
review_2515,class_7d54e6ff154ad392b174
review_2516,class_7d54e6ff154ad392b174
review_2517,class_7d54e6ff154ad392b174
review_2518,class_7d54e6ff154ad392b174
review_2519,class_0eeaed02d1a961f133b4
review_2520,class_7d54e6ff154ad392b174
review_2521,class_7d54e6ff154ad392b174
review_2522,class_7d54e6ff154ad392b174
review_2523,class_7d54e6ff154ad392b174
review_2524,class_7d54e6ff154ad392b174
review_2525,class_1bc7e06ece0f38a60982
review_2526,class_7d54e6ff154ad392b174
review_2527,class_7d54e6ff154ad392b174
review_2528,class_1bc7e06ece0f38a60982
review_2529,class_0eeaed02d1a961f133b4
review_2530,class_7d54e6ff154ad392b174
review_2531,class_7d54e6ff154ad392b174
review_2532,class_1bc7e06ece0f38a60982
review_2533,class_e65aace9237833ec7752
review_2534,class_1cf1396a0c9bc53f37da
review_2535,class_52da9457fdf6740afd51
review_2536,class_52da9457fdf6740afd51
review_2537,class_52da9457fdf6740afd51
review_2538,class_1bc7e06ece0f38a60982
review_2539,class_52da9457fdf6740afd51
review_2540,class_52da9457fdf6740afd51
review_2541,class_52da9457fdf6740afd51
review_2542,class_1318693c237b7b97c0c0
review_2543,class_7d54e6ff154ad392b174
review_2544,class_52da9457fdf6740afd51
review_2545,class_52da9457fdf6740afd51
review_2546,class_e65aace9237833ec7752
review_2547,class_1bc7e06ece0f38a60982
review_2548,class_7d54e6ff154ad392b174
review_2549,class_52da9457fdf6740afd51
review_2550,class_7d54e6ff154ad392b174
review_2551,class_7d54e6ff154ad392b174
review_2552,class_1bc7e06ece0f38a60982
review_2553,class_7d54e6ff154ad392b174
review_2554,class_1318693c237b7b97c0c0
review_2555,class_1bc7e06ece0f38a60982
review_2556,class_9deef4712756d30ffaa3
review_2557,class_9deef4712756d30ffaa3
review_2558,class_52da9457fdf6740afd51
review_2559,class_52da9457fdf6740afd51
review_2560,class_1bc7e06ece0f38a60982
review_2561,class_7d54e6ff154ad392b174
review_2562,class_9deef4712756d30ffaa3
review_2563,class_1bc7e06ece0f38a60982
review_2564,class_0eeaed02d1a961f133b4
review_2565,class_52da9457fdf6740afd51
review_2566,class_7d54e6ff154ad392b174
review_2567,class_7d54e6ff154ad392b174
review_2568,class_e65aace9237833ec7752
review_2569,class_7d54e6ff154ad392b174
review_2570,class_e65aace9237833ec7752
review_2571,class_e65aace9237833ec7752
review_2572,class_9deef4712756d30ffaa3
review_2573,class_1bc7e06ece0f38a60982
review_2574,class_1bc7e06ece0f38a60982
review_2575,class_7d54e6ff154ad392b174
review_2576,class_e65aace9237833ec7752
review_2577,class_e65aace9237833ec7752
review_2578,class_7d54e6ff154ad392b174
review_2579,class_1cf1396a0c9bc53f37da
review_2580,class_7d54e6ff154ad392b174
review_2581,class_7d54e6ff154ad392b174
review_2582,class_7d54e6ff154ad392b174
review_2583,class_7d54e6ff154ad392b174
review_2584,class_7d54e6ff154ad392b174
review_2585,class_7d54e6ff154ad392b174
review_2586,class_7d54e6ff154ad392b174
review_2587,class_7d54e6ff154ad392b174
review_2588,class_7d54e6ff154ad392b174
review_2589,class_7d54e6ff154ad392b174
review_2590,class_5da3128be1ff7664a1b2
review_2591,class_7d54e6ff154ad392b174
review_2592,class_1bc7e06ece0f38a60982
review_2593,class_7d54e6ff154ad392b174
review_2594,class_7d54e6ff154ad392b174
review_2595,class_52da9457fdf6740afd51
review_2596,class_7d54e6ff154ad392b174
review_2597,class_52da9457fdf6740afd51
review_2598,class_52da9457fdf6740afd51
review_2599,class_7d54e6ff154ad392b174
review_2600,class_5da3128be1ff7664a1b2
review_2601,class_7d54e6ff154ad392b174
review_2602,class_5da3128be1ff7664a1b2
review_2603,class_1bc7e06ece0f38a60982
review_2604,class_b89f90f328fa7e7781c0
review_2605,class_7d54e6ff154ad392b174
review_2606,class_7d54e6ff154ad392b174
review_2607,class_7d54e6ff154ad392b174
review_2608,class_1bc7e06ece0f38a60982
review_2609,class_e65aace9237833ec7752
review_2610,class_e65aace9237833ec7752
review_2611,class_52da9457fdf6740afd51
review_2612,class_7d54e6ff154ad392b174
review_2613,class_52da9457fdf6740afd51
review_2614,class_7d54e6ff154ad392b174
review_2615,class_52da9457fdf6740afd51
review_2616,class_e65aace9237833ec7752
review_2617,class_52da9457fdf6740afd51
review_2618,class_52da9457fdf6740afd51
review_2619,class_52da9457fdf6740afd51
review_2620,class_52da9457fdf6740afd51
review_2621,class_7d54e6ff154ad392b174
review_2622,class_7d54e6ff154ad392b174
review_2623,class_e65aace9237833ec7752
review_2624,class_e65aace9237833ec7752
review_2625,class_7d54e6ff154ad392b174
review_2626,class_52da9457fdf6740afd51
review_2627,class_e65aace9237833ec7752
review_2628,class_52da9457fdf6740afd51
review_2629,class_7d54e6ff154ad392b174
review_2630,class_1318693c237b7b97c0c0
review_2631,class_e65aace9237833ec7752
review_2632,class_e65aace9237833ec7752
review_2633,class_52da9457fdf6740afd51
review_2634,class_e65aace9237833ec7752
review_2635,class_b89f90f328fa7e7781c0
review_2636,class_7d54e6ff154ad392b174
review_2637,class_f6efb94c9ae061247bed
review_2638,class_7d54e6ff154ad392b174
review_2639,class_e65aace9237833ec7752
review_2640,class_52da9457fdf6740afd51
review_2641,class_f6efb94c9ae061247bed
review_2642,class_1318693c237b7b97c0c0
review_2643,class_e65aace9237833ec7752
review_2644,class_b89f90f328fa7e7781c0
review_2645,class_e65aace9237833ec7752
review_2646,class_1318693c237b7b97c0c0
review_2647,class_52da9457fdf6740afd51
review_2648,class_e65aace9237833ec7752
review_2649,class_e65aace9237833ec7752
review_2650,class_e65aace9237833ec7752
review_2651,class_7d54e6ff154ad392b174
review_2652,class_e65aace9237833ec7752
review_2653,class_e65aace9237833ec7752
review_2654,class_9e32d15b246e504af33c
review_2655,class_9e32d15b246e504af33c
review_2656,class_9e32d15b246e504af33c
review_2657,class_9e32d15b246e504af33c
review_2658,class_9e32d15b246e504af33c
review_2659,class_1bc7e06ece0f38a60982
review_2660,class_9e32d15b246e504af33c
review_2661,class_1bc7e06ece0f38a60982
review_2662,class_9e32d15b246e504af33c
review_2663,class_9e32d15b246e504af33c
review_2664,class_7d54e6ff154ad392b174
review_2665,class_be68f8ed5877c11b8be4
review_2666,class_1cf1396a0c9bc53f37da
review_2667,class_1bc7e06ece0f38a60982
review_2668,class_9e32d15b246e504af33c
review_2669,class_9e32d15b246e504af33c
review_2670,class_9e32d15b246e504af33c
review_2671,class_1bc7e06ece0f38a60982
review_2672,class_9e32d15b246e504af33c
review_2673,class_9e32d15b246e504af33c
review_2674,class_9e32d15b246e504af33c
review_2675,class_9e32d15b246e504af33c
review_2676,class_be68f8ed5877c11b8be4
review_2677,class_9e32d15b246e504af33c
review_2678,class_7d54e6ff154ad392b174
review_2679,class_9e32d15b246e504af33c
review_2680,class_9e32d15b246e504af33c
review_2681,class_1cf1396a0c9bc53f37da
review_2682,class_9e32d15b246e504af33c
review_2683,class_9e32d15b246e504af33c
review_2684,class_9e32d15b246e504af33c
review_2685,class_9e32d15b246e504af33c
review_2686,class_9e32d15b246e504af33c
review_2687,class_9e32d15b246e504af33c
review_2688,class_9e32d15b246e504af33c
review_2689,class_1bc7e06ece0f38a60982
review_2690,class_9e32d15b246e504af33c
review_2691,class_1bc7e06ece0f38a60982
review_2692,class_7d54e6ff154ad392b174
review_2693,class_9e32d15b246e504af33c
review_2694,class_1bc7e06ece0f38a60982
review_2695,class_9e32d15b246e504af33c
review_2696,class_52da9457fdf6740afd51
review_2697,class_1bc7e06ece0f38a60982
review_2698,class_1bc7e06ece0f38a60982
review_2699,class_9e32d15b246e504af33c
review_2700,class_9e32d15b246e504af33c
review_2701,class_52da9457fdf6740afd51
review_2702,class_9e32d15b246e504af33c
review_2703,class_be68f8ed5877c11b8be4
review_2704,class_9e32d15b246e504af33c
review_2705,class_9e32d15b246e504af33c
review_2706,class_7d54e6ff154ad392b174
review_2707,class_1bc7e06ece0f38a60982
review_2708,class_9e32d15b246e504af33c
review_2709,class_52da9457fdf6740afd51
review_2710,class_9e32d15b246e504af33c
review_2711,class_9e32d15b246e504af33c
review_2712,class_9e32d15b246e504af33c
review_2713,class_52da9457fdf6740afd51
review_2714,class_7d54e6ff154ad392b174
review_2715,class_7d54e6ff154ad392b174
review_2716,class_1cf1396a0c9bc53f37da
review_2717,class_1cf1396a0c9bc53f37da
review_2718,class_1bc7e06ece0f38a60982
review_2719,class_5da3128be1ff7664a1b2
review_2720,class_1bc7e06ece0f38a60982
review_2721,class_1318693c237b7b97c0c0
review_2722,class_7d54e6ff154ad392b174
review_2723,class_1318693c237b7b97c0c0
review_2724,class_7d54e6ff154ad392b174
review_2725,class_1bc7e06ece0f38a60982
review_2726,class_5da3128be1ff7664a1b2
review_2727,class_7d54e6ff154ad392b174
review_2728,class_9deef4712756d30ffaa3
review_2729,class_7d54e6ff154ad392b174
review_2730,class_5da3128be1ff7664a1b2
review_2731,class_7d54e6ff154ad392b174
review_2732,class_1bc7e06ece0f38a60982
review_2733,class_7d54e6ff154ad392b174
review_2734,class_0eeaed02d1a961f133b4
review_2735,class_1bc7e06ece0f38a60982
review_2736,class_1bc7e06ece0f38a60982
review_2737,class_0eeaed02d1a961f133b4
review_2738,class_1318693c237b7b97c0c0
review_2739,class_7d54e6ff154ad392b174
review_2740,class_7d54e6ff154ad392b174
review_2741,class_1bc7e06ece0f38a60982
review_2742,class_7d54e6ff154ad392b174
review_2743,class_5da3128be1ff7664a1b2
review_2744,class_1bc7e06ece0f38a60982
review_2745,class_1cf1396a0c9bc53f37da
review_2746,class_7d54e6ff154ad392b174
review_2747,class_4397d106b671d697b6e0
review_2748,class_1bc7e06ece0f38a60982
review_2749,class_1bc7e06ece0f38a60982
review_2750,class_7d54e6ff154ad392b174
review_2751,class_1bc7e06ece0f38a60982
review_2752,class_1bc7e06ece0f38a60982
review_2753,class_7d54e6ff154ad392b174
review_2754,class_7d54e6ff154ad392b174
review_2755,class_be68f8ed5877c11b8be4
review_2756,class_1bc7e06ece0f38a60982
review_2757,class_1bc7e06ece0f38a60982
review_2758,class_7d54e6ff154ad392b174
review_2759,class_1bc7e06ece0f38a60982
review_2760,class_1bc7e06ece0f38a60982
review_2761,class_7d54e6ff154ad392b174
review_2762,class_7d54e6ff154ad392b174
review_2763,class_1bc7e06ece0f38a60982
review_2764,class_7d54e6ff154ad392b174
review_2765,class_7d54e6ff154ad392b174
review_2766,class_1bc7e06ece0f38a60982
review_2767,class_1bc7e06ece0f38a60982
review_2768,class_5da3128be1ff7664a1b2
review_2769,class_1bc7e06ece0f38a60982
review_2770,class_1bc7e06ece0f38a60982
review_2771,class_1bc7e06ece0f38a60982
review_2772,class_7d54e6ff154ad392b174
review_2773,class_1bc7e06ece0f38a60982
review_2774,class_1bc7e06ece0f38a60982
review_2775,class_52da9457fdf6740afd51
review_2776,class_1bc7e06ece0f38a60982
review_2777,class_1bc7e06ece0f38a60982
review_2778,class_0eeaed02d1a961f133b4
review_2779,class_1bc7e06ece0f38a60982
review_2780,class_1bc7e06ece0f38a60982
review_2781,class_1bc7e06ece0f38a60982
review_2782,class_1bc7e06ece0f38a60982
review_2783,class_1bc7e06ece0f38a60982
review_2784,class_1bc7e06ece0f38a60982
review_2785,class_1bc7e06ece0f38a60982
review_2786,class_7d54e6ff154ad392b174
review_2787,class_1bc7e06ece0f38a60982
review_2788,class_1bc7e06ece0f38a60982
review_2789,class_1bc7e06ece0f38a60982
review_2790,class_7d54e6ff154ad392b174
review_2791,class_9deef4712756d30ffaa3
review_2792,class_52438e68a549a636811e
review_2793,class_0eeaed02d1a961f133b4
review_2794,class_1bc7e06ece0f38a60982
review_2795,class_1bc7e06ece0f38a60982
review_2796,class_1bc7e06ece0f38a60982
review_2797,class_0eeaed02d1a961f133b4
review_2798,class_0eeaed02d1a961f133b4
review_2799,class_7d54e6ff154ad392b174
review_2800,class_1bc7e06ece0f38a60982
review_2801,class_1bc7e06ece0f38a60982
review_2802,class_1bc7e06ece0f38a60982
review_2803,class_1bc7e06ece0f38a60982
review_2804,class_1bc7e06ece0f38a60982
review_2805,class_1bc7e06ece0f38a60982
review_2806,class_52da9457fdf6740afd51
review_2807,class_7d54e6ff154ad392b174
review_2808,class_1bc7e06ece0f38a60982
review_2809,class_1bc7e06ece0f38a60982
review_2810,class_52da9457fdf6740afd51
review_2811,class_1bc7e06ece0f38a60982
review_2812,class_1bc7e06ece0f38a60982
review_2813,class_1bc7e06ece0f38a60982
review_2814,class_b89f90f328fa7e7781c0
review_2815,class_1bc7e06ece0f38a60982
review_2816,class_1cf1396a0c9bc53f37da
review_2817,class_7d54e6ff154ad392b174
review_2818,class_c3ca5f787365eae0dea8
review_2819,class_7d54e6ff154ad392b174
review_2820,class_1318693c237b7b97c0c0
review_2821,class_7d54e6ff154ad392b174
review_2822,class_f6efb94c9ae061247bed
review_2823,class_1318693c237b7b97c0c0
review_2824,class_5da3128be1ff7664a1b2
review_2825,class_5da3128be1ff7664a1b2
review_2826,class_5da3128be1ff7664a1b2
review_2827,class_7d54e6ff154ad392b174
review_2828,class_5da3128be1ff7664a1b2
review_2829,class_5da3128be1ff7664a1b2
review_2830,class_e65aace9237833ec7752
review_2831,class_e65aace9237833ec7752
review_2832,class_1318693c237b7b97c0c0
review_2833,class_5da3128be1ff7664a1b2
review_2834,class_0eeaed02d1a961f133b4
review_2835,class_5da3128be1ff7664a1b2
review_2836,class_c3ca5f787365eae0dea8
review_2837,class_5da3128be1ff7664a1b2
review_2838,class_5da3128be1ff7664a1b2
review_2839,class_1318693c237b7b97c0c0
review_2840,class_0eeaed02d1a961f133b4
review_2841,class_1318693c237b7b97c0c0
review_2842,class_e65aace9237833ec7752
review_2843,class_7d54e6ff154ad392b174
review_2844,class_be68f8ed5877c11b8be4
review_2845,class_1bc7e06ece0f38a60982
review_2846,class_b89f90f328fa7e7781c0
review_2847,class_be68f8ed5877c11b8be4
review_2848,class_9e32d15b246e504af33c
review_2849,class_1bc7e06ece0f38a60982
review_2850,class_1bc7e06ece0f38a60982
review_2851,class_1bc7e06ece0f38a60982
review_2852,class_7d54e6ff154ad392b174
review_2853,class_0eeaed02d1a961f133b4
review_2854,class_1bc7e06ece0f38a60982
review_2855,class_1bc7e06ece0f38a60982
review_2856,class_1bc7e06ece0f38a60982
review_2857,class_52da9457fdf6740afd51
review_2858,class_48075864b2596de25a65
review_2859,class_52da9457fdf6740afd51
review_2860,class_1bc7e06ece0f38a60982
review_2861,class_52da9457fdf6740afd51
review_2862,class_1bc7e06ece0f38a60982
review_2863,class_1bc7e06ece0f38a60982
review_2864,class_1bc7e06ece0f38a60982
review_2865,class_48075864b2596de25a65
review_2866,class_9deef4712756d30ffaa3
review_2867,class_1bc7e06ece0f38a60982
review_2868,class_52da9457fdf6740afd51
review_2869,class_1bc7e06ece0f38a60982
review_2870,class_9deef4712756d30ffaa3
review_2871,class_1bc7e06ece0f38a60982
review_2872,class_52da9457fdf6740afd51
review_2873,class_7d54e6ff154ad392b174
review_2874,class_48075864b2596de25a65
review_2875,class_9deef4712756d30ffaa3
review_2876,class_48075864b2596de25a65
review_2877,class_9deef4712756d30ffaa3
review_2878,class_0eeaed02d1a961f133b4
review_2879,class_1bc7e06ece0f38a60982
review_2880,class_52da9457fdf6740afd51
review_2881,class_52da9457fdf6740afd51
review_2882,class_be68f8ed5877c11b8be4
review_2883,class_52da9457fdf6740afd51
review_2884,class_1bc7e06ece0f38a60982
review_2885,class_1bc7e06ece0f38a60982
review_2886,class_52da9457fdf6740afd51
review_2887,class_52da9457fdf6740afd51
review_2888,class_1bc7e06ece0f38a60982
review_2889,class_1bc7e06ece0f38a60982
review_2890,class_1bc7e06ece0f38a60982
review_2891,class_1bc7e06ece0f38a60982
review_2892,class_1bc7e06ece0f38a60982
review_2893,class_1bc7e06ece0f38a60982
review_2894,class_52da9457fdf6740afd51
review_2895,class_9deef4712756d30ffaa3
review_2896,class_1bc7e06ece0f38a60982
review_2897,class_1bc7e06ece0f38a60982
review_2898,class_52da9457fdf6740afd51
review_2899,class_9deef4712756d30ffaa3
review_2900,class_1bc7e06ece0f38a60982
review_2901,class_1bc7e06ece0f38a60982
review_2902,class_52da9457fdf6740afd51
review_2903,class_48075864b2596de25a65
review_2904,class_1bc7e06ece0f38a60982
review_2905,class_9deef4712756d30ffaa3
review_2906,class_9deef4712756d30ffaa3
review_2907,class_1bc7e06ece0f38a60982
review_2908,class_be68f8ed5877c11b8be4
review_2909,class_1bc7e06ece0f38a60982
review_2910,class_0eeaed02d1a961f133b4
review_2911,class_48075864b2596de25a65
review_2912,class_be68f8ed5877c11b8be4
review_2913,class_0eeaed02d1a961f133b4
review_2914,class_52da9457fdf6740afd51
review_2915,class_48075864b2596de25a65
review_2916,class_be68f8ed5877c11b8be4
review_2917,class_be68f8ed5877c11b8be4
review_2918,class_0eeaed02d1a961f133b4
review_2919,class_1bc7e06ece0f38a60982
review_2920,class_1bc7e06ece0f38a60982
review_2921,class_1bc7e06ece0f38a60982
review_2922,class_52da9457fdf6740afd51
review_2923,class_1bc7e06ece0f38a60982
review_2924,class_be68f8ed5877c11b8be4
review_2925,class_1bc7e06ece0f38a60982
review_2926,class_1bc7e06ece0f38a60982
review_2927,class_48075864b2596de25a65
review_2928,class_9deef4712756d30ffaa3
review_2929,class_1bc7e06ece0f38a60982
review_2930,class_1bc7e06ece0f38a60982
review_2931,class_48075864b2596de25a65
review_2932,class_be68f8ed5877c11b8be4
review_2933,class_1bc7e06ece0f38a60982
review_2934,class_0eeaed02d1a961f133b4
review_2935,class_52da9457fdf6740afd51
review_2936,class_be68f8ed5877c11b8be4
review_2937,class_9deef4712756d30ffaa3
review_2938,class_0eeaed02d1a961f133b4
review_2939,class_be68f8ed5877c11b8be4
review_2940,class_52da9457fdf6740afd51
review_2941,class_52da9457fdf6740afd51
review_2942,class_48075864b2596de25a65
review_2943,class_1bc7e06ece0f38a60982
review_2944,class_1bc7e06ece0f38a60982
review_2945,class_1bc7e06ece0f38a60982
review_2946,class_b7f740446b63715473af
review_2947,class_be68f8ed5877c11b8be4
review_2948,class_1bc7e06ece0f38a60982
review_2949,class_7d54e6ff154ad392b174
review_2950,class_7d54e6ff154ad392b174
review_2951,class_1bc7e06ece0f38a60982
review_2952,class_7d54e6ff154ad392b174
review_2953,class_7d54e6ff154ad392b174
review_2954,class_7d54e6ff154ad392b174
review_2955,class_7d54e6ff154ad392b174
review_2956,class_7d54e6ff154ad392b174
review_2957,class_0eeaed02d1a961f133b4
review_2958,class_7d54e6ff154ad392b174
review_2959,class_7d54e6ff154ad392b174
review_2960,class_7d54e6ff154ad392b174
review_2961,class_1bc7e06ece0f38a60982
review_2962,class_7d54e6ff154ad392b174
review_2963,class_1bc7e06ece0f38a60982
review_2964,class_1bc7e06ece0f38a60982
review_2965,class_7d54e6ff154ad392b174
review_2966,class_7d54e6ff154ad392b174
review_2967,class_1bc7e06ece0f38a60982
review_2968,class_1bc7e06ece0f38a60982
review_2969,class_9deef4712756d30ffaa3
review_2970,class_1bc7e06ece0f38a60982
review_2971,class_7d54e6ff154ad392b174
review_2972,class_1bc7e06ece0f38a60982
review_2973,class_7d54e6ff154ad392b174
review_2974,class_1bc7e06ece0f38a60982
review_2975,class_7d54e6ff154ad392b174
review_2976,class_7d54e6ff154ad392b174
review_2977,class_7d54e6ff154ad392b174
review_2978,class_7d54e6ff154ad392b174
review_2979,class_7d54e6ff154ad392b174
review_2980,class_7d54e6ff154ad392b174
review_2981,class_0eeaed02d1a961f133b4
review_2982,class_7d54e6ff154ad392b174
review_2983,class_7d54e6ff154ad392b174
review_2984,class_1bc7e06ece0f38a60982
review_2985,class_7d54e6ff154ad392b174
review_2986,class_7d54e6ff154ad392b174
review_2987,class_1bc7e06ece0f38a60982
review_2988,class_1bc7e06ece0f38a60982
review_2989,class_7d54e6ff154ad392b174
review_2990,class_1bc7e06ece0f38a60982
review_2991,class_7d54e6ff154ad392b174
review_2992,class_1bc7e06ece0f38a60982
review_2993,class_7d54e6ff154ad392b174
review_2994,class_7d54e6ff154ad392b174
review_2995,class_0eeaed02d1a961f133b4
review_2996,class_7d54e6ff154ad392b174
review_2997,class_b89f90f328fa7e7781c0
review_2998,class_1bc7e06ece0f38a60982
review_2999,class_1bc7e06ece0f38a60982
review_3000,class_1bc7e06ece0f38a60982
review_3001,class_7d54e6ff154ad392b174
review_3002,class_1bc7e06ece0f38a60982
review_3003,class_0eeaed02d1a961f133b4
review_3004,class_0eeaed02d1a961f133b4
review_3005,class_7d54e6ff154ad392b174
review_3006,class_1bc7e06ece0f38a60982
review_3007,class_1bc7e06ece0f38a60982
review_3008,class_7d54e6ff154ad392b174
review_3009,class_1bc7e06ece0f38a60982
review_3010,class_7d54e6ff154ad392b174
review_3011,class_7d54e6ff154ad392b174
review_3012,class_1cf1396a0c9bc53f37da
review_3013,class_e65aace9237833ec7752
review_3014,class_7d54e6ff154ad392b174
review_3015,class_7d54e6ff154ad392b174
review_3016,class_7d54e6ff154ad392b174
review_3017,class_1bc7e06ece0f38a60982
review_3018,class_7d54e6ff154ad392b174
review_3019,class_0eeaed02d1a961f133b4
review_3020,class_1bc7e06ece0f38a60982
review_3021,class_0eeaed02d1a961f133b4
review_3022,class_0eeaed02d1a961f133b4
review_3023,class_b89f90f328fa7e7781c0
review_3024,class_7d54e6ff154ad392b174
review_3025,class_1bc7e06ece0f38a60982
review_3026,class_1bc7e06ece0f38a60982
review_3027,class_1bc7e06ece0f38a60982
review_3028,class_7d54e6ff154ad392b174
review_3029,class_1bc7e06ece0f38a60982
review_3030,class_7d54e6ff154ad392b174
review_3031,class_1bc7e06ece0f38a60982
review_3032,class_7d54e6ff154ad392b174
review_3033,class_0eeaed02d1a961f133b4
review_3034,class_7d54e6ff154ad392b174
review_3035,class_1bc7e06ece0f38a60982
review_3036,class_7d54e6ff154ad392b174
review_3037,class_b89f90f328fa7e7781c0
review_3038,class_e65aace9237833ec7752
review_3039,class_7d54e6ff154ad392b174
review_3040,class_7d54e6ff154ad392b174
review_3041,class_f6efb94c9ae061247bed
review_3042,class_b89f90f328fa7e7781c0
review_3043,class_1bc7e06ece0f38a60982
review_3044,class_7d54e6ff154ad392b174
review_3045,class_1bc7e06ece0f38a60982
review_3046,class_1bc7e06ece0f38a60982
review_3047,class_0eeaed02d1a961f133b4
review_3048,class_1cf1396a0c9bc53f37da
review_3049,class_9deef4712756d30ffaa3
review_3050,class_9deef4712756d30ffaa3
review_3051,class_1bc7e06ece0f38a60982
review_3052,class_9deef4712756d30ffaa3
review_3053,class_c3ca5f787365eae0dea8
review_3054,class_0eeaed02d1a961f133b4
review_3055,class_9deef4712756d30ffaa3
review_3056,class_7d54e6ff154ad392b174
review_3057,class_9deef4712756d30ffaa3
review_3058,class_9deef4712756d30ffaa3
review_3059,class_1bc7e06ece0f38a60982
review_3060,class_1bc7e06ece0f38a60982
review_3061,class_1bc7e06ece0f38a60982
review_3062,class_9deef4712756d30ffaa3
review_3063,class_9deef4712756d30ffaa3
review_3064,class_7d54e6ff154ad392b174
review_3065,class_0eeaed02d1a961f133b4
review_3066,class_c3ca5f787365eae0dea8
review_3067,class_0eeaed02d1a961f133b4
review_3068,class_1bc7e06ece0f38a60982
review_3069,class_9deef4712756d30ffaa3
review_3070,class_9deef4712756d30ffaa3
review_3071,class_7d54e6ff154ad392b174
review_3072,class_0eeaed02d1a961f133b4
review_3073,class_f6efb94c9ae061247bed
review_3074,class_4397d106b671d697b6e0
review_3075,class_0eeaed02d1a961f133b4
review_3076,class_9deef4712756d30ffaa3
review_3077,class_1bc7e06ece0f38a60982
review_3078,class_9deef4712756d30ffaa3
review_3079,class_0eeaed02d1a961f133b4
review_3080,class_9deef4712756d30ffaa3
review_3081,class_c3ca5f787365eae0dea8
review_3082,class_0eeaed02d1a961f133b4
review_3083,class_1bc7e06ece0f38a60982
review_3084,class_c3ca5f787365eae0dea8
review_3085,class_1bc7e06ece0f38a60982
review_3086,class_9deef4712756d30ffaa3
review_3087,class_f6efb94c9ae061247bed
review_3088,class_0eeaed02d1a961f133b4
review_3089,class_1bc7e06ece0f38a60982
review_3090,class_f6efb94c9ae061247bed
review_3091,class_0eeaed02d1a961f133b4
review_3092,class_9deef4712756d30ffaa3
review_3093,class_9deef4712756d30ffaa3
review_3094,class_9deef4712756d30ffaa3
review_3095,class_f6efb94c9ae061247bed
review_3096,class_9deef4712756d30ffaa3
review_3097,class_9deef4712756d30ffaa3
review_3098,class_9deef4712756d30ffaa3
review_3099,class_9deef4712756d30ffaa3
review_3100,class_f6efb94c9ae061247bed
review_3101,class_1bc7e06ece0f38a60982
review_3102,class_9deef4712756d30ffaa3
review_3103,class_0eeaed02d1a961f133b4
review_3104,class_0eeaed02d1a961f133b4
review_3105,class_9deef4712756d30ffaa3
review_3106,class_1bc7e06ece0f38a60982
review_3107,class_7d54e6ff154ad392b174
review_3108,class_b7f740446b63715473af
review_3109,class_1bc7e06ece0f38a60982
review_3110,class_9deef4712756d30ffaa3
review_3111,class_1bc7e06ece0f38a60982
review_3112,class_9deef4712756d30ffaa3
review_3113,class_9deef4712756d30ffaa3
review_3114,class_1bc7e06ece0f38a60982
review_3115,class_52da9457fdf6740afd51
review_3116,class_52da9457fdf6740afd51
review_3117,class_1318693c237b7b97c0c0
review_3118,class_9deef4712756d30ffaa3
review_3119,class_9deef4712756d30ffaa3
review_3120,class_1cf1396a0c9bc53f37da
review_3121,class_1bc7e06ece0f38a60982
review_3122,class_1bc7e06ece0f38a60982
review_3123,class_9deef4712756d30ffaa3
review_3124,class_1bc7e06ece0f38a60982
review_3125,class_52da9457fdf6740afd51
review_3126,class_1bc7e06ece0f38a60982
review_3127,class_52da9457fdf6740afd51
review_3128,class_7d54e6ff154ad392b174
review_3129,class_1bc7e06ece0f38a60982
review_3130,class_52da9457fdf6740afd51
review_3131,class_1bc7e06ece0f38a60982
review_3132,class_9deef4712756d30ffaa3
review_3133,class_9deef4712756d30ffaa3
review_3134,class_9deef4712756d30ffaa3
review_3135,class_52da9457fdf6740afd51
review_3136,class_9deef4712756d30ffaa3
review_3137,class_52da9457fdf6740afd51
review_3138,class_1bc7e06ece0f38a60982
review_3139,class_9deef4712756d30ffaa3
review_3140,class_1bc7e06ece0f38a60982
review_3141,class_9deef4712756d30ffaa3
review_3142,class_52da9457fdf6740afd51
review_3143,class_1bc7e06ece0f38a60982
review_3144,class_1bc7e06ece0f38a60982
review_3145,class_1bc7e06ece0f38a60982
review_3146,class_c3ca5f787365eae0dea8
review_3147,class_7d54e6ff154ad392b174
review_3148,class_9deef4712756d30ffaa3
review_3149,class_52da9457fdf6740afd51
review_3150,class_9deef4712756d30ffaa3
review_3151,class_1bc7e06ece0f38a60982
review_3152,class_b7f740446b63715473af
review_3153,class_9deef4712756d30ffaa3
review_3154,class_9deef4712756d30ffaa3
review_3155,class_c3ca5f787365eae0dea8
review_3156,class_e65aace9237833ec7752
review_3157,class_1bc7e06ece0f38a60982
review_3158,class_1bc7e06ece0f38a60982
review_3159,class_9deef4712756d30ffaa3
review_3160,class_9deef4712756d30ffaa3
review_3161,class_9deef4712756d30ffaa3
review_3162,class_9deef4712756d30ffaa3
review_3163,class_9deef4712756d30ffaa3
review_3164,class_52da9457fdf6740afd51
review_3165,class_1bc7e06ece0f38a60982
review_3166,class_9e32d15b246e504af33c
review_3167,class_7d54e6ff154ad392b174
review_3168,class_1cf1396a0c9bc53f37da
review_3169,class_9deef4712756d30ffaa3
review_3170,class_7d54e6ff154ad392b174
review_3171,class_1bc7e06ece0f38a60982
review_3172,class_1bc7e06ece0f38a60982
review_3173,class_1bc7e06ece0f38a60982
review_3174,class_1bc7e06ece0f38a60982
review_3175,class_52da9457fdf6740afd51
review_3176,class_52da9457fdf6740afd51
review_3177,class_9deef4712756d30ffaa3
review_3178,class_9deef4712756d30ffaa3
review_3179,class_1bc7e06ece0f38a60982
review_3180,class_9deef4712756d30ffaa3
review_3181,class_9deef4712756d30ffaa3
review_3182,class_1bc7e06ece0f38a60982
review_3183,class_1bc7e06ece0f38a60982
review_3184,class_7d54e6ff154ad392b174
review_3185,class_9deef4712756d30ffaa3
review_3186,class_9deef4712756d30ffaa3
review_3187,class_52da9457fdf6740afd51
review_3188,class_9deef4712756d30ffaa3
review_3189,class_1bc7e06ece0f38a60982
review_3190,class_c3ca5f787365eae0dea8
review_3191,class_c3ca5f787365eae0dea8
review_3192,class_9deef4712756d30ffaa3
review_3193,class_9deef4712756d30ffaa3
review_3194,class_9deef4712756d30ffaa3
review_3195,class_7d54e6ff154ad392b174
review_3196,class_9deef4712756d30ffaa3
review_3197,class_9deef4712756d30ffaa3
review_3198,class_52da9457fdf6740afd51
review_3199,class_9deef4712756d30ffaa3
review_3200,class_1318693c237b7b97c0c0
review_3201,class_1bc7e06ece0f38a60982
review_3202,class_1bc7e06ece0f38a60982
review_3203,class_c3ca5f787365eae0dea8
review_3204,class_1bc7e06ece0f38a60982
review_3205,class_1bc7e06ece0f38a60982
review_3206,class_9deef4712756d30ffaa3
review_3207,class_1bc7e06ece0f38a60982
review_3208,class_52da9457fdf6740afd51
review_3209,class_9deef4712756d30ffaa3
review_3210,class_9deef4712756d30ffaa3
review_3211,class_1bc7e06ece0f38a60982
review_3212,class_9deef4712756d30ffaa3
review_3213,class_1bc7e06ece0f38a60982
review_3214,class_1bc7e06ece0f38a60982
review_3215,class_9deef4712756d30ffaa3
review_3216,class_1bc7e06ece0f38a60982
review_3217,class_1bc7e06ece0f38a60982
review_3218,class_9deef4712756d30ffaa3
review_3219,class_1bc7e06ece0f38a60982
review_3220,class_52da9457fdf6740afd51
review_3221,class_7d54e6ff154ad392b174
review_3222,class_0eeaed02d1a961f133b4
review_3223,class_1cf1396a0c9bc53f37da
review_3224,class_1cf1396a0c9bc53f37da
review_3225,class_b89f90f328fa7e7781c0
review_3226,class_0eeaed02d1a961f133b4
review_3227,class_1318693c237b7b97c0c0
review_3228,class_7d54e6ff154ad392b174
review_3229,class_1cf1396a0c9bc53f37da
review_3230,class_1318693c237b7b97c0c0
review_3231,class_9e32d15b246e504af33c
review_3232,class_1cf1396a0c9bc53f37da
review_3233,class_52da9457fdf6740afd51
review_3234,class_1318693c237b7b97c0c0
review_3235,class_b89f90f328fa7e7781c0
review_3236,class_7d54e6ff154ad392b174
review_3237,class_b89f90f328fa7e7781c0
review_3238,class_b89f90f328fa7e7781c0
review_3239,class_1cf1396a0c9bc53f37da
review_3240,class_1318693c237b7b97c0c0
review_3241,class_7d54e6ff154ad392b174
review_3242,class_1318693c237b7b97c0c0
review_3243,class_1cf1396a0c9bc53f37da
review_3244,class_7d54e6ff154ad392b174
review_3245,class_52da9457fdf6740afd51
review_3246,class_0eeaed02d1a961f133b4
review_3247,class_e65aace9237833ec7752
review_3248,class_e65aace9237833ec7752
review_3249,class_b89f90f328fa7e7781c0
review_3250,class_e65aace9237833ec7752
review_3251,class_c3ca5f787365eae0dea8
review_3252,class_e65aace9237833ec7752
review_3253,class_b89f90f328fa7e7781c0
review_3254,class_1cf1396a0c9bc53f37da
review_3255,class_1cf1396a0c9bc53f37da
review_3256,class_c3ca5f787365eae0dea8
review_3257,class_e65aace9237833ec7752
review_3258,class_1cf1396a0c9bc53f37da
review_3259,class_1cf1396a0c9bc53f37da
review_3260,class_7d54e6ff154ad392b174
review_3261,class_1318693c237b7b97c0c0
review_3262,class_52da9457fdf6740afd51
review_3263,class_0eeaed02d1a961f133b4
review_3264,class_0eeaed02d1a961f133b4
review_3265,class_1cf1396a0c9bc53f37da
review_3266,class_1cf1396a0c9bc53f37da
review_3267,class_1318693c237b7b97c0c0
review_3268,class_9e32d15b246e504af33c
review_3269,class_1cf1396a0c9bc53f37da
review_3270,class_1cf1396a0c9bc53f37da
review_3271,class_1cf1396a0c9bc53f37da
review_3272,class_1318693c237b7b97c0c0
review_3273,class_1cf1396a0c9bc53f37da
review_3274,class_1cf1396a0c9bc53f37da
review_3275,class_b89f90f328fa7e7781c0
review_3276,class_1cf1396a0c9bc53f37da
review_3277,class_1cf1396a0c9bc53f37da
review_3278,class_1cf1396a0c9bc53f37da
review_3279,class_0eeaed02d1a961f133b4
review_3280,class_52da9457fdf6740afd51
review_3281,class_1cf1396a0c9bc53f37da
review_3282,class_7d54e6ff154ad392b174
review_3283,class_1bc7e06ece0f38a60982
review_3284,class_1bc7e06ece0f38a60982
review_3285,class_1bc7e06ece0f38a60982
review_3286,class_1318693c237b7b97c0c0
review_3287,class_7d54e6ff154ad392b174
review_3288,class_f6efb94c9ae061247bed
review_3289,class_5da3128be1ff7664a1b2
review_3290,class_5da3128be1ff7664a1b2
review_3291,class_1bc7e06ece0f38a60982
review_3292,class_5da3128be1ff7664a1b2
review_3293,class_5da3128be1ff7664a1b2
review_3294,class_1318693c237b7b97c0c0
review_3295,class_1bc7e06ece0f38a60982
review_3296,class_f6efb94c9ae061247bed
review_3297,class_5da3128be1ff7664a1b2
review_3298,class_5da3128be1ff7664a1b2
review_3299,class_7d54e6ff154ad392b174
review_3300,class_1bc7e06ece0f38a60982
review_3301,class_1bc7e06ece0f38a60982
review_3302,class_1bc7e06ece0f38a60982
review_3303,class_5da3128be1ff7664a1b2
review_3304,class_1318693c237b7b97c0c0
review_3305,class_7d54e6ff154ad392b174
review_3306,class_1bc7e06ece0f38a60982
review_3307,class_1bc7e06ece0f38a60982
review_3308,class_1bc7e06ece0f38a60982
review_3309,class_1bc7e06ece0f38a60982
review_3310,class_7d54e6ff154ad392b174
review_3311,class_7d54e6ff154ad392b174
review_3312,class_5da3128be1ff7664a1b2
review_3313,class_1318693c237b7b97c0c0
review_3314,class_1bc7e06ece0f38a60982
review_3315,class_7d54e6ff154ad392b174
review_3316,class_1318693c237b7b97c0c0
review_3317,class_5da3128be1ff7664a1b2
review_3318,class_f6efb94c9ae061247bed
review_3319,class_1bc7e06ece0f38a60982
review_3320,class_5da3128be1ff7664a1b2
review_3321,class_5da3128be1ff7664a1b2
review_3322,class_f6efb94c9ae061247bed
review_3323,class_5da3128be1ff7664a1b2
review_3324,class_5da3128be1ff7664a1b2
review_3325,class_e65aace9237833ec7752
review_3326,class_5da3128be1ff7664a1b2
review_3327,class_1bc7e06ece0f38a60982
review_3328,class_1bc7e06ece0f38a60982
review_3329,class_5da3128be1ff7664a1b2
review_3330,class_1bc7e06ece0f38a60982
review_3331,class_5da3128be1ff7664a1b2
review_3332,class_1bc7e06ece0f38a60982
review_3333,class_1bc7e06ece0f38a60982
review_3334,class_5da3128be1ff7664a1b2
review_3335,class_1bc7e06ece0f38a60982
review_3336,class_1bc7e06ece0f38a60982
review_3337,class_1318693c237b7b97c0c0
review_3338,class_1bc7e06ece0f38a60982
review_3339,class_1bc7e06ece0f38a60982
review_3340,class_52da9457fdf6740afd51
review_3341,class_1bc7e06ece0f38a60982
review_3342,class_52da9457fdf6740afd51
review_3343,class_7d54e6ff154ad392b174
review_3344,class_1bc7e06ece0f38a60982
review_3345,class_1bc7e06ece0f38a60982
review_3346,class_1bc7e06ece0f38a60982
review_3347,class_1bc7e06ece0f38a60982
review_3348,class_52da9457fdf6740afd51
review_3349,class_52da9457fdf6740afd51
review_3350,class_c3ca5f787365eae0dea8
review_3351,class_7d54e6ff154ad392b174
review_3352,class_1bc7e06ece0f38a60982
review_3353,class_52da9457fdf6740afd51
review_3354,class_52da9457fdf6740afd51
review_3355,class_1bc7e06ece0f38a60982
review_3356,class_52da9457fdf6740afd51
review_3357,class_52da9457fdf6740afd51
review_3358,class_1bc7e06ece0f38a60982
review_3359,class_52da9457fdf6740afd51
review_3360,class_1bc7e06ece0f38a60982
review_3361,class_1bc7e06ece0f38a60982
review_3362,class_7d54e6ff154ad392b174
review_3363,class_1bc7e06ece0f38a60982
review_3364,class_1bc7e06ece0f38a60982
review_3365,class_7d54e6ff154ad392b174
review_3366,class_1bc7e06ece0f38a60982
review_3367,class_1bc7e06ece0f38a60982
review_3368,class_1bc7e06ece0f38a60982
review_3369,class_1bc7e06ece0f38a60982
review_3370,class_7d54e6ff154ad392b174
review_3371,class_52da9457fdf6740afd51
review_3372,class_1bc7e06ece0f38a60982
review_3373,class_1bc7e06ece0f38a60982
review_3374,class_52da9457fdf6740afd51
review_3375,class_1bc7e06ece0f38a60982
review_3376,class_5da3128be1ff7664a1b2
review_3377,class_7d54e6ff154ad392b174
review_3378,class_1bc7e06ece0f38a60982
review_3379,class_1bc7e06ece0f38a60982
review_3380,class_1bc7e06ece0f38a60982
review_3381,class_1bc7e06ece0f38a60982
review_3382,class_52da9457fdf6740afd51
review_3383,class_1bc7e06ece0f38a60982
review_3384,class_52da9457fdf6740afd51
review_3385,class_7d54e6ff154ad392b174
review_3386,class_5da3128be1ff7664a1b2
review_3387,class_1bc7e06ece0f38a60982
review_3388,class_1bc7e06ece0f38a60982
review_3389,class_1bc7e06ece0f38a60982
review_3390,class_52da9457fdf6740afd51
review_3391,class_52da9457fdf6740afd51
review_3392,class_52da9457fdf6740afd51
review_3393,class_1bc7e06ece0f38a60982
review_3394,class_1bc7e06ece0f38a60982
review_3395,class_7d54e6ff154ad392b174
review_3396,class_1bc7e06ece0f38a60982
review_3397,class_1bc7e06ece0f38a60982
review_3398,class_52da9457fdf6740afd51
review_3399,class_52da9457fdf6740afd51
review_3400,class_52da9457fdf6740afd51
review_3401,class_5da3128be1ff7664a1b2
review_3402,class_1bc7e06ece0f38a60982
review_3403,class_5da3128be1ff7664a1b2
review_3404,class_52da9457fdf6740afd51
review_3405,class_1bc7e06ece0f38a60982
review_3406,class_7d54e6ff154ad392b174
review_3407,class_1bc7e06ece0f38a60982
review_3408,class_1bc7e06ece0f38a60982
review_3409,class_1bc7e06ece0f38a60982
review_3410,class_52da9457fdf6740afd51
review_3411,class_1bc7e06ece0f38a60982
review_3412,class_1bc7e06ece0f38a60982
review_3413,class_52da9457fdf6740afd51
review_3414,class_1bc7e06ece0f38a60982
review_3415,class_1bc7e06ece0f38a60982
review_3416,class_e65aace9237833ec7752
review_3417,class_e65aace9237833ec7752
review_3418,class_e65aace9237833ec7752
review_3419,class_7d54e6ff154ad392b174
review_3420,class_1318693c237b7b97c0c0
review_3421,class_e65aace9237833ec7752
review_3422,class_1318693c237b7b97c0c0
review_3423,class_e65aace9237833ec7752
review_3424,class_9deef4712756d30ffaa3
review_3425,class_1bc7e06ece0f38a60982
review_3426,class_e65aace9237833ec7752
review_3427,class_e65aace9237833ec7752
review_3428,class_e65aace9237833ec7752
review_3429,class_1bc7e06ece0f38a60982
review_3430,class_9deef4712756d30ffaa3
review_3431,class_1318693c237b7b97c0c0
review_3432,class_e65aace9237833ec7752
review_3433,class_1318693c237b7b97c0c0
review_3434,class_52da9457fdf6740afd51
review_3435,class_e65aace9237833ec7752
review_3436,class_7d54e6ff154ad392b174
review_3437,class_52da9457fdf6740afd51
review_3438,class_7d54e6ff154ad392b174
review_3439,class_e65aace9237833ec7752
review_3440,class_9deef4712756d30ffaa3
review_3441,class_f6efb94c9ae061247bed
review_3442,class_1bc7e06ece0f38a60982
review_3443,class_1bc7e06ece0f38a60982
review_3444,class_1318693c237b7b97c0c0
review_3445,class_e65aace9237833ec7752
review_3446,class_52da9457fdf6740afd51
review_3447,class_9deef4712756d30ffaa3
review_3448,class_1bc7e06ece0f38a60982
review_3449,class_e65aace9237833ec7752
review_3450,class_e65aace9237833ec7752
review_3451,class_e65aace9237833ec7752
review_3452,class_e65aace9237833ec7752
review_3453,class_e65aace9237833ec7752
review_3454,class_e65aace9237833ec7752
review_3455,class_e65aace9237833ec7752
review_3456,class_1bc7e06ece0f38a60982
review_3457,class_e65aace9237833ec7752
review_3458,class_e65aace9237833ec7752
review_3459,class_1318693c237b7b97c0c0
review_3460,class_1318693c237b7b97c0c0
review_3461,class_52da9457fdf6740afd51
review_3462,class_1bc7e06ece0f38a60982
review_3463,class_1318693c237b7b97c0c0
review_3464,class_9deef4712756d30ffaa3
review_3465,class_e65aace9237833ec7752
review_3466,class_1318693c237b7b97c0c0
review_3467,class_e65aace9237833ec7752
review_3468,class_52da9457fdf6740afd51
review_3469,class_e65aace9237833ec7752
review_3470,class_e65aace9237833ec7752
review_3471,class_e65aace9237833ec7752
review_3472,class_e65aace9237833ec7752
review_3473,class_1318693c237b7b97c0c0
review_3474,class_e65aace9237833ec7752
review_3475,class_1318693c237b7b97c0c0
review_3476,class_1bc7e06ece0f38a60982
review_3477,class_e65aace9237833ec7752
review_3478,class_5da3128be1ff7664a1b2
review_3479,class_1bc7e06ece0f38a60982
review_3480,class_b89f90f328fa7e7781c0
review_3481,class_1bc7e06ece0f38a60982
review_3482,class_e65aace9237833ec7752
review_3483,class_1318693c237b7b97c0c0
review_3484,class_e65aace9237833ec7752
review_3485,class_e65aace9237833ec7752
review_3486,class_1bc7e06ece0f38a60982
review_3487,class_e65aace9237833ec7752
review_3488,class_e65aace9237833ec7752
review_3489,class_1318693c237b7b97c0c0
review_3490,class_7d54e6ff154ad392b174
review_3491,class_9deef4712756d30ffaa3
review_3492,class_9deef4712756d30ffaa3
review_3493,class_e65aace9237833ec7752
review_3494,class_7d54e6ff154ad392b174
review_3495,class_1bc7e06ece0f38a60982
review_3496,class_b89f90f328fa7e7781c0
review_3497,class_1318693c237b7b97c0c0
review_3498,class_e65aace9237833ec7752
review_3499,class_1bc7e06ece0f38a60982
review_3500,class_1bc7e06ece0f38a60982
review_3501,class_1bc7e06ece0f38a60982
review_3502,class_1bc7e06ece0f38a60982
review_3503,class_1bc7e06ece0f38a60982
review_3504,class_e65aace9237833ec7752
review_3505,class_52da9457fdf6740afd51
review_3506,class_1bc7e06ece0f38a60982
review_3507,class_1bc7e06ece0f38a60982
review_3508,class_e65aace9237833ec7752
review_3509,class_e65aace9237833ec7752
review_3510,class_1bc7e06ece0f38a60982
review_3511,class_1bc7e06ece0f38a60982
review_3512,class_e65aace9237833ec7752
review_3513,class_1bc7e06ece0f38a60982
review_3514,class_5da3128be1ff7664a1b2
review_3515,class_52da9457fdf6740afd51
review_3516,class_7d54e6ff154ad392b174
review_3517,class_52da9457fdf6740afd51
review_3518,class_52da9457fdf6740afd51
review_3519,class_1bc7e06ece0f38a60982
review_3520,class_1bc7e06ece0f38a60982
review_3521,class_f6efb94c9ae061247bed
review_3522,class_52da9457fdf6740afd51
review_3523,class_1bc7e06ece0f38a60982
review_3524,class_7d54e6ff154ad392b174
review_3525,class_1318693c237b7b97c0c0
review_3526,class_1bc7e06ece0f38a60982
review_3527,class_1bc7e06ece0f38a60982
review_3528,class_1318693c237b7b97c0c0
review_3529,class_1bc7e06ece0f38a60982
review_3530,class_1bc7e06ece0f38a60982
review_3531,class_1bc7e06ece0f38a60982
review_3532,class_1bc7e06ece0f38a60982
review_3533,class_1bc7e06ece0f38a60982
review_3534,class_1318693c237b7b97c0c0
review_3535,class_9deef4712756d30ffaa3
review_3536,class_7d54e6ff154ad392b174
review_3537,class_1bc7e06ece0f38a60982
review_3538,class_1bc7e06ece0f38a60982
review_3539,class_7d54e6ff154ad392b174
review_3540,class_7d54e6ff154ad392b174
review_3541,class_9deef4712756d30ffaa3
review_3542,class_1bc7e06ece0f38a60982
review_3543,class_7d54e6ff154ad392b174
review_3544,class_7d54e6ff154ad392b174
review_3545,class_1bc7e06ece0f38a60982
review_3546,class_7d54e6ff154ad392b174
review_3547,class_f6efb94c9ae061247bed
review_3548,class_7d54e6ff154ad392b174
review_3549,class_7d54e6ff154ad392b174
review_3550,class_9deef4712756d30ffaa3
review_3551,class_7d54e6ff154ad392b174
review_3552,class_48075864b2596de25a65
review_3553,class_7d54e6ff154ad392b174
review_3554,class_1bc7e06ece0f38a60982
review_3555,class_7d54e6ff154ad392b174
review_3556,class_52da9457fdf6740afd51
review_3557,class_1cf1396a0c9bc53f37da
review_3558,class_48075864b2596de25a65
review_3559,class_7d54e6ff154ad392b174
review_3560,class_1bc7e06ece0f38a60982
review_3561,class_1bc7e06ece0f38a60982
review_3562,class_9e32d15b246e504af33c
review_3563,class_7d54e6ff154ad392b174
review_3564,class_9deef4712756d30ffaa3
review_3565,class_1bc7e06ece0f38a60982
review_3566,class_7d54e6ff154ad392b174
review_3567,class_1bc7e06ece0f38a60982
review_3568,class_7d54e6ff154ad392b174
review_3569,class_7d54e6ff154ad392b174
review_3570,class_9e32d15b246e504af33c
review_3571,class_48075864b2596de25a65
review_3572,class_c3ca5f787365eae0dea8
review_3573,class_9deef4712756d30ffaa3
review_3574,class_7d54e6ff154ad392b174
review_3575,class_7d54e6ff154ad392b174
review_3576,class_1bc7e06ece0f38a60982
review_3577,class_7d54e6ff154ad392b174
review_3578,class_9deef4712756d30ffaa3
review_3579,class_7d54e6ff154ad392b174
review_3580,class_1318693c237b7b97c0c0
review_3581,class_7d54e6ff154ad392b174
review_3582,class_7d54e6ff154ad392b174
review_3583,class_f6efb94c9ae061247bed
review_3584,class_1bc7e06ece0f38a60982
review_3585,class_9deef4712756d30ffaa3
review_3586,class_7d54e6ff154ad392b174
review_3587,class_f6efb94c9ae061247bed
review_3588,class_7d54e6ff154ad392b174
review_3589,class_1cf1396a0c9bc53f37da
review_3590,class_1bc7e06ece0f38a60982
review_3591,class_48075864b2596de25a65
review_3592,class_7d54e6ff154ad392b174
review_3593,class_1318693c237b7b97c0c0
review_3594,class_7d54e6ff154ad392b174
review_3595,class_1bc7e06ece0f38a60982
review_3596,class_7d54e6ff154ad392b174
review_3597,class_7d54e6ff154ad392b174
review_3598,class_1bc7e06ece0f38a60982
review_3599,class_1bc7e06ece0f38a60982
review_3600,class_7d54e6ff154ad392b174
review_3601,class_7d54e6ff154ad392b174
review_3602,class_7d54e6ff154ad392b174
review_3603,class_7d54e6ff154ad392b174
review_3604,class_7d54e6ff154ad392b174
review_3605,class_48075864b2596de25a65
review_3606,class_1318693c237b7b97c0c0
review_3607,class_1bc7e06ece0f38a60982
review_3608,class_9deef4712756d30ffaa3
review_3609,class_0eeaed02d1a961f133b4
review_3610,class_1318693c237b7b97c0c0
review_3611,class_7d54e6ff154ad392b174
review_3612,class_7d54e6ff154ad392b174
review_3613,class_1bc7e06ece0f38a60982
review_3614,class_1bc7e06ece0f38a60982
review_3615,class_1bc7e06ece0f38a60982
review_3616,class_7d54e6ff154ad392b174
review_3617,class_1bc7e06ece0f38a60982
review_3618,class_1bc7e06ece0f38a60982
review_3619,class_7d54e6ff154ad392b174
review_3620,class_1bc7e06ece0f38a60982
review_3621,class_1bc7e06ece0f38a60982
review_3622,class_1bc7e06ece0f38a60982
review_3623,class_7d54e6ff154ad392b174
review_3624,class_1318693c237b7b97c0c0
review_3625,class_52da9457fdf6740afd51
review_3626,class_1318693c237b7b97c0c0
review_3627,class_9deef4712756d30ffaa3
review_3628,class_52da9457fdf6740afd51
review_3629,class_1bc7e06ece0f38a60982
review_3630,class_9deef4712756d30ffaa3
review_3631,class_1bc7e06ece0f38a60982
review_3632,class_7d54e6ff154ad392b174
review_3633,class_7d54e6ff154ad392b174
review_3634,class_1cf1396a0c9bc53f37da
review_3635,class_52da9457fdf6740afd51
review_3636,class_1bc7e06ece0f38a60982
review_3637,class_7d54e6ff154ad392b174
review_3638,class_7d54e6ff154ad392b174
review_3639,class_1bc7e06ece0f38a60982
review_3640,class_1bc7e06ece0f38a60982
review_3641,class_7d54e6ff154ad392b174
review_3642,class_1bc7e06ece0f38a60982
review_3643,class_be68f8ed5877c11b8be4
review_3644,class_9deef4712756d30ffaa3
review_3645,class_7d54e6ff154ad392b174
review_3646,class_1318693c237b7b97c0c0
review_3647,class_1318693c237b7b97c0c0
review_3648,class_7d54e6ff154ad392b174
review_3649,class_1bc7e06ece0f38a60982
review_3650,class_7d54e6ff154ad392b174
review_3651,class_5da3128be1ff7664a1b2
review_3652,class_0eeaed02d1a961f133b4
review_3653,class_1bc7e06ece0f38a60982
review_3654,class_1cf1396a0c9bc53f37da
review_3655,class_9deef4712756d30ffaa3
review_3656,class_9deef4712756d30ffaa3
review_3657,class_5da3128be1ff7664a1b2
review_3658,class_1bc7e06ece0f38a60982
review_3659,class_e65aace9237833ec7752
review_3660,class_1cf1396a0c9bc53f37da
review_3661,class_1bc7e06ece0f38a60982
review_3662,class_1bc7e06ece0f38a60982
review_3663,class_1cf1396a0c9bc53f37da
review_3664,class_1bc7e06ece0f38a60982
review_3665,class_1bc7e06ece0f38a60982
review_3666,class_1318693c237b7b97c0c0
review_3667,class_0eeaed02d1a961f133b4
review_3668,class_7d54e6ff154ad392b174
review_3669,class_5da3128be1ff7664a1b2
review_3670,class_1bc7e06ece0f38a60982
review_3671,class_1bc7e06ece0f38a60982
review_3672,class_1bc7e06ece0f38a60982
review_3673,class_e65aace9237833ec7752
review_3674,class_1318693c237b7b97c0c0
review_3675,class_52438e68a549a636811e
review_3676,class_52438e68a549a636811e
review_3677,class_1bc7e06ece0f38a60982
review_3678,class_1cf1396a0c9bc53f37da
review_3679,class_52438e68a549a636811e
review_3680,class_1bc7e06ece0f38a60982
review_3681,class_1bc7e06ece0f38a60982
review_3682,class_5da3128be1ff7664a1b2
review_3683,class_1bc7e06ece0f38a60982
review_3684,class_1bc7e06ece0f38a60982
review_3685,class_1318693c237b7b97c0c0
review_3686,class_1bc7e06ece0f38a60982
review_3687,class_5da3128be1ff7664a1b2
review_3688,class_e65aace9237833ec7752
review_3689,class_5da3128be1ff7664a1b2
review_3690,class_1bc7e06ece0f38a60982
review_3691,class_e65aace9237833ec7752
review_3692,class_5da3128be1ff7664a1b2
review_3693,class_1cf1396a0c9bc53f37da
review_3694,class_1318693c237b7b97c0c0
review_3695,class_9deef4712756d30ffaa3
review_3696,class_0eeaed02d1a961f133b4
review_3697,class_1cf1396a0c9bc53f37da
review_3698,class_5da3128be1ff7664a1b2
review_3699,class_1cf1396a0c9bc53f37da
review_3700,class_1318693c237b7b97c0c0
review_3701,class_5da3128be1ff7664a1b2
review_3702,class_7d54e6ff154ad392b174
review_3703,class_f6efb94c9ae061247bed
review_3704,class_7d54e6ff154ad392b174
review_3705,class_7d54e6ff154ad392b174
review_3706,class_1318693c237b7b97c0c0
review_3707,class_7d54e6ff154ad392b174
review_3708,class_7d54e6ff154ad392b174
review_3709,class_7d54e6ff154ad392b174
review_3710,class_1cf1396a0c9bc53f37da
review_3711,class_1bc7e06ece0f38a60982
review_3712,class_7d54e6ff154ad392b174
review_3713,class_52da9457fdf6740afd51
review_3714,class_7d54e6ff154ad392b174
review_3715,class_e65aace9237833ec7752
review_3716,class_e65aace9237833ec7752
review_3717,class_1bc7e06ece0f38a60982
review_3718,class_52da9457fdf6740afd51
review_3719,class_7d54e6ff154ad392b174
review_3720,class_7d54e6ff154ad392b174
review_3721,class_7d54e6ff154ad392b174
review_3722,class_7d54e6ff154ad392b174
review_3723,class_7d54e6ff154ad392b174
review_3724,class_1cf1396a0c9bc53f37da
review_3725,class_7d54e6ff154ad392b174
review_3726,class_1cf1396a0c9bc53f37da
review_3727,class_52da9457fdf6740afd51
review_3728,class_1bc7e06ece0f38a60982
review_3729,class_7d54e6ff154ad392b174
review_3730,class_7d54e6ff154ad392b174
review_3731,class_0eeaed02d1a961f133b4
review_3732,class_7d54e6ff154ad392b174
review_3733,class_7d54e6ff154ad392b174
review_3734,class_7d54e6ff154ad392b174
review_3735,class_7d54e6ff154ad392b174
review_3736,class_1318693c237b7b97c0c0
review_3737,class_0eeaed02d1a961f133b4
review_3738,class_7d54e6ff154ad392b174
review_3739,class_7d54e6ff154ad392b174
review_3740,class_1318693c237b7b97c0c0
review_3741,class_b89f90f328fa7e7781c0
review_3742,class_0eeaed02d1a961f133b4
review_3743,class_7d54e6ff154ad392b174
review_3744,class_7d54e6ff154ad392b174
review_3745,class_7d54e6ff154ad392b174
review_3746,class_7d54e6ff154ad392b174
review_3747,class_7d54e6ff154ad392b174
review_3748,class_1318693c237b7b97c0c0
review_3749,class_52da9457fdf6740afd51
review_3750,class_7d54e6ff154ad392b174
review_3751,class_7d54e6ff154ad392b174
review_3752,class_7d54e6ff154ad392b174
review_3753,class_7d54e6ff154ad392b174
review_3754,class_1318693c237b7b97c0c0
review_3755,class_b89f90f328fa7e7781c0
review_3756,class_7d54e6ff154ad392b174
review_3757,class_1bc7e06ece0f38a60982
review_3758,class_7d54e6ff154ad392b174
review_3759,class_7d54e6ff154ad392b174
review_3760,class_7d54e6ff154ad392b174
review_3761,class_7d54e6ff154ad392b174
review_3762,class_7d54e6ff154ad392b174
review_3763,class_7d54e6ff154ad392b174
review_3764,class_1bc7e06ece0f38a60982
review_3765,class_1bc7e06ece0f38a60982
review_3766,class_7d54e6ff154ad392b174
review_3767,class_7d54e6ff154ad392b174
review_3768,class_1bc7e06ece0f38a60982
review_3769,class_7d54e6ff154ad392b174
review_3770,class_1bc7e06ece0f38a60982
review_3771,class_1cf1396a0c9bc53f37da
review_3772,class_7d54e6ff154ad392b174
review_3773,class_1cf1396a0c9bc53f37da
review_3774,class_1cf1396a0c9bc53f37da
review_3775,class_7d54e6ff154ad392b174
review_3776,class_7d54e6ff154ad392b174
review_3777,class_1bc7e06ece0f38a60982
review_3778,class_7d54e6ff154ad392b174
review_3779,class_7d54e6ff154ad392b174
review_3780,class_52da9457fdf6740afd51
review_3781,class_7d54e6ff154ad392b174
review_3782,class_7d54e6ff154ad392b174
review_3783,class_5da3128be1ff7664a1b2
review_3784,class_7d54e6ff154ad392b174
review_3785,class_7d54e6ff154ad392b174
review_3786,class_1bc7e06ece0f38a60982
review_3787,class_7d54e6ff154ad392b174
review_3788,class_1bc7e06ece0f38a60982
review_3789,class_7d54e6ff154ad392b174
review_3790,class_7d54e6ff154ad392b174
review_3791,class_1bc7e06ece0f38a60982
review_3792,class_7d54e6ff154ad392b174
review_3793,class_7d54e6ff154ad392b174
review_3794,class_7d54e6ff154ad392b174
review_3795,class_1bc7e06ece0f38a60982
review_3796,class_52da9457fdf6740afd51
review_3797,class_1bc7e06ece0f38a60982
review_3798,class_1bc7e06ece0f38a60982
review_3799,class_f6efb94c9ae061247bed
review_3800,class_f6efb94c9ae061247bed
review_3801,class_c3ca5f787365eae0dea8
review_3802,class_f6efb94c9ae061247bed
review_3803,class_1bc7e06ece0f38a60982
review_3804,class_f6efb94c9ae061247bed
review_3805,class_1bc7e06ece0f38a60982
review_3806,class_c3ca5f787365eae0dea8
review_3807,class_f6efb94c9ae061247bed
review_3808,class_1bc7e06ece0f38a60982
review_3809,class_f6efb94c9ae061247bed
review_3810,class_1bc7e06ece0f38a60982
review_3811,class_f6efb94c9ae061247bed
review_3812,class_0eeaed02d1a961f133b4
review_3813,class_c3ca5f787365eae0dea8
review_3814,class_0eeaed02d1a961f133b4
review_3815,class_52da9457fdf6740afd51
review_3816,class_1bc7e06ece0f38a60982
review_3817,class_52da9457fdf6740afd51
review_3818,class_52da9457fdf6740afd51
review_3819,class_52da9457fdf6740afd51
review_3820,class_52da9457fdf6740afd51
review_3821,class_0eeaed02d1a961f133b4
review_3822,class_52da9457fdf6740afd51
review_3823,class_0eeaed02d1a961f133b4
review_3824,class_1bc7e06ece0f38a60982
review_3825,class_e65aace9237833ec7752
review_3826,class_52da9457fdf6740afd51
review_3827,class_1bc7e06ece0f38a60982
review_3828,class_4397d106b671d697b6e0
review_3829,class_e65aace9237833ec7752
review_3830,class_0eeaed02d1a961f133b4
review_3831,class_e65aace9237833ec7752
review_3832,class_e65aace9237833ec7752
review_3833,class_1bc7e06ece0f38a60982
review_3834,class_1bc7e06ece0f38a60982
review_3835,class_52da9457fdf6740afd51
review_3836,class_1318693c237b7b97c0c0
review_3837,class_52da9457fdf6740afd51
review_3838,class_52da9457fdf6740afd51
review_3839,class_1bc7e06ece0f38a60982
review_3840,class_0eeaed02d1a961f133b4
review_3841,class_52da9457fdf6740afd51
review_3842,class_7d54e6ff154ad392b174
review_3843,class_7d54e6ff154ad392b174
review_3844,class_e65aace9237833ec7752
review_3845,class_7d54e6ff154ad392b174
review_3846,class_7d54e6ff154ad392b174
review_3847,class_7d54e6ff154ad392b174
review_3848,class_1bc7e06ece0f38a60982
review_3849,class_1bc7e06ece0f38a60982
review_3850,class_7d54e6ff154ad392b174
review_3851,class_1bc7e06ece0f38a60982
review_3852,class_7d54e6ff154ad392b174
review_3853,class_7d54e6ff154ad392b174
review_3854,class_7d54e6ff154ad392b174
review_3855,class_7d54e6ff154ad392b174
review_3856,class_7d54e6ff154ad392b174
review_3857,class_7d54e6ff154ad392b174
review_3858,class_1318693c237b7b97c0c0
review_3859,class_7d54e6ff154ad392b174
review_3860,class_7d54e6ff154ad392b174
review_3861,class_7d54e6ff154ad392b174
review_3862,class_1bc7e06ece0f38a60982
review_3863,class_7d54e6ff154ad392b174
review_3864,class_7d54e6ff154ad392b174
review_3865,class_e65aace9237833ec7752
review_3866,class_1bc7e06ece0f38a60982
review_3867,class_1bc7e06ece0f38a60982
review_3868,class_7d54e6ff154ad392b174
review_3869,class_7d54e6ff154ad392b174
review_3870,class_7d54e6ff154ad392b174
review_3871,class_1bc7e06ece0f38a60982
review_3872,class_1bc7e06ece0f38a60982
review_3873,class_7d54e6ff154ad392b174
review_3874,class_7d54e6ff154ad392b174
review_3875,class_7d54e6ff154ad392b174
review_3876,class_1bc7e06ece0f38a60982
review_3877,class_1bc7e06ece0f38a60982
review_3878,class_7d54e6ff154ad392b174
review_3879,class_7d54e6ff154ad392b174
review_3880,class_52da9457fdf6740afd51
review_3881,class_1bc7e06ece0f38a60982
review_3882,class_1bc7e06ece0f38a60982
review_3883,class_7d54e6ff154ad392b174
review_3884,class_7d54e6ff154ad392b174
review_3885,class_1bc7e06ece0f38a60982
review_3886,class_1bc7e06ece0f38a60982
review_3887,class_7d54e6ff154ad392b174
review_3888,class_1bc7e06ece0f38a60982
review_3889,class_7d54e6ff154ad392b174
review_3890,class_7d54e6ff154ad392b174
review_3891,class_7d54e6ff154ad392b174
review_3892,class_1bc7e06ece0f38a60982
review_3893,class_7d54e6ff154ad392b174
review_3894,class_52da9457fdf6740afd51
review_3895,class_7d54e6ff154ad392b174
review_3896,class_1bc7e06ece0f38a60982
review_3897,class_7d54e6ff154ad392b174
review_3898,class_7d54e6ff154ad392b174
review_3899,class_7d54e6ff154ad392b174
review_3900,class_5da3128be1ff7664a1b2
review_3901,class_7d54e6ff154ad392b174
review_3902,class_52da9457fdf6740afd51
review_3903,class_7d54e6ff154ad392b174
review_3904,class_7d54e6ff154ad392b174
review_3905,class_7d54e6ff154ad392b174
review_3906,class_7d54e6ff154ad392b174
review_3907,class_7d54e6ff154ad392b174
review_3908,class_1bc7e06ece0f38a60982
review_3909,class_48075864b2596de25a65
review_3910,class_1bc7e06ece0f38a60982
review_3911,class_1bc7e06ece0f38a60982
review_3912,class_9e32d15b246e504af33c
review_3913,class_52da9457fdf6740afd51
review_3914,class_9e32d15b246e504af33c
review_3915,class_52da9457fdf6740afd51
review_3916,class_1318693c237b7b97c0c0
review_3917,class_9e32d15b246e504af33c
review_3918,class_9e32d15b246e504af33c
review_3919,class_9e32d15b246e504af33c
review_3920,class_9e32d15b246e504af33c
review_3921,class_7d54e6ff154ad392b174
review_3922,class_1cf1396a0c9bc53f37da
review_3923,class_7d54e6ff154ad392b174
review_3924,class_9e32d15b246e504af33c
review_3925,class_7d54e6ff154ad392b174
review_3926,class_7d54e6ff154ad392b174
review_3927,class_52da9457fdf6740afd51
review_3928,class_52da9457fdf6740afd51
review_3929,class_7d54e6ff154ad392b174
review_3930,class_7d54e6ff154ad392b174
review_3931,class_52da9457fdf6740afd51
review_3932,class_7d54e6ff154ad392b174
review_3933,class_52da9457fdf6740afd51
review_3934,class_7d54e6ff154ad392b174
review_3935,class_7d54e6ff154ad392b174
review_3936,class_7d54e6ff154ad392b174
review_3937,class_9deef4712756d30ffaa3
review_3938,class_7d54e6ff154ad392b174
review_3939,class_9e32d15b246e504af33c
review_3940,class_52da9457fdf6740afd51
review_3941,class_52da9457fdf6740afd51
review_3942,class_9e32d15b246e504af33c
review_3943,class_1cf1396a0c9bc53f37da
review_3944,class_1318693c237b7b97c0c0
review_3945,class_52da9457fdf6740afd51
review_3946,class_7d54e6ff154ad392b174
review_3947,class_9deef4712756d30ffaa3
review_3948,class_1bc7e06ece0f38a60982
review_3949,class_7d54e6ff154ad392b174
review_3950,class_9e32d15b246e504af33c
review_3951,class_7d54e6ff154ad392b174
review_3952,class_9e32d15b246e504af33c
review_3953,class_9e32d15b246e504af33c
review_3954,class_9e32d15b246e504af33c
review_3955,class_1cf1396a0c9bc53f37da
review_3956,class_9e32d15b246e504af33c
review_3957,class_9e32d15b246e504af33c
review_3958,class_9e32d15b246e504af33c
review_3959,class_7d54e6ff154ad392b174
review_3960,class_1bc7e06ece0f38a60982
review_3961,class_9deef4712756d30ffaa3
review_3962,class_e65aace9237833ec7752
review_3963,class_7d54e6ff154ad392b174
review_3964,class_7d54e6ff154ad392b174
review_3965,class_f6efb94c9ae061247bed
review_3966,class_e65aace9237833ec7752
review_3967,class_1bc7e06ece0f38a60982
review_3968,class_1bc7e06ece0f38a60982
review_3969,class_7d54e6ff154ad392b174
review_3970,class_9deef4712756d30ffaa3
review_3971,class_e65aace9237833ec7752
review_3972,class_1cf1396a0c9bc53f37da
review_3973,class_f6efb94c9ae061247bed
review_3974,class_9deef4712756d30ffaa3
review_3975,class_48075864b2596de25a65
review_3976,class_7d54e6ff154ad392b174
review_3977,class_f6efb94c9ae061247bed
review_3978,class_7d54e6ff154ad392b174
review_3979,class_e65aace9237833ec7752
review_3980,class_1bc7e06ece0f38a60982
review_3981,class_9deef4712756d30ffaa3
review_3982,class_7d54e6ff154ad392b174
review_3983,class_1bc7e06ece0f38a60982
review_3984,class_7d54e6ff154ad392b174
review_3985,class_9deef4712756d30ffaa3
review_3986,class_52da9457fdf6740afd51
review_3987,class_1bc7e06ece0f38a60982
review_3988,class_e65aace9237833ec7752
review_3989,class_9deef4712756d30ffaa3
review_3990,class_9deef4712756d30ffaa3
review_3991,class_7d54e6ff154ad392b174
review_3992,class_e65aace9237833ec7752
review_3993,class_9deef4712756d30ffaa3
review_3994,class_7d54e6ff154ad392b174
review_3995,class_9deef4712756d30ffaa3
review_3996,class_9deef4712756d30ffaa3
review_3997,class_1bc7e06ece0f38a60982
review_3998,class_e65aace9237833ec7752
review_3999,class_e65aace9237833ec7752
review_4000,class_1bc7e06ece0f38a60982
review_4001,class_b89f90f328fa7e7781c0
review_4002,class_1bc7e06ece0f38a60982
review_4003,class_9deef4712756d30ffaa3
review_4004,class_7d54e6ff154ad392b174
review_4005,class_7d54e6ff154ad392b174
review_4006,class_1bc7e06ece0f38a60982
review_4007,class_7d54e6ff154ad392b174
review_4008,class_e65aace9237833ec7752
review_4009,class_f6efb94c9ae061247bed
review_4010,class_9deef4712756d30ffaa3
review_4011,class_9deef4712756d30ffaa3
review_4012,class_e65aace9237833ec7752
review_4013,class_52da9457fdf6740afd51
review_4014,class_7d54e6ff154ad392b174
review_4015,class_7d54e6ff154ad392b174
review_4016,class_e65aace9237833ec7752
review_4017,class_be68f8ed5877c11b8be4
review_4018,class_52da9457fdf6740afd51
review_4019,class_e65aace9237833ec7752
review_4020,class_7d54e6ff154ad392b174
review_4021,class_7d54e6ff154ad392b174
review_4022,class_7d54e6ff154ad392b174
review_4023,class_9deef4712756d30ffaa3
review_4024,class_9deef4712756d30ffaa3
review_4025,class_7d54e6ff154ad392b174
review_4026,class_1bc7e06ece0f38a60982
review_4027,class_1bc7e06ece0f38a60982
review_4028,class_9deef4712756d30ffaa3
review_4029,class_1cf1396a0c9bc53f37da
review_4030,class_e65aace9237833ec7752
review_4031,class_1bc7e06ece0f38a60982
review_4032,class_1bc7e06ece0f38a60982
review_4033,class_7d54e6ff154ad392b174
review_4034,class_7d54e6ff154ad392b174
review_4035,class_7d54e6ff154ad392b174
review_4036,class_9deef4712756d30ffaa3
review_4037,class_e65aace9237833ec7752
review_4038,class_1bc7e06ece0f38a60982
review_4039,class_7d54e6ff154ad392b174
review_4040,class_7d54e6ff154ad392b174
review_4041,class_e65aace9237833ec7752
review_4042,class_1bc7e06ece0f38a60982
review_4043,class_e65aace9237833ec7752
review_4044,class_f6efb94c9ae061247bed
review_4045,class_7d54e6ff154ad392b174
review_4046,class_7d54e6ff154ad392b174
review_4047,class_e65aace9237833ec7752
review_4048,class_f6efb94c9ae061247bed
review_4049,class_f6efb94c9ae061247bed
review_4050,class_9deef4712756d30ffaa3
review_4051,class_7d54e6ff154ad392b174
review_4052,class_e65aace9237833ec7752
review_4053,class_9deef4712756d30ffaa3
review_4054,class_7d54e6ff154ad392b174
review_4055,class_1bc7e06ece0f38a60982
review_4056,class_e65aace9237833ec7752
review_4057,class_1bc7e06ece0f38a60982
review_4058,class_1bc7e06ece0f38a60982
review_4059,class_1bc7e06ece0f38a60982
review_4060,class_7d54e6ff154ad392b174
review_4061,class_1bc7e06ece0f38a60982
review_4062,class_7d54e6ff154ad392b174
review_4063,class_e65aace9237833ec7752
review_4064,class_9deef4712756d30ffaa3
review_4065,class_e65aace9237833ec7752
review_4066,class_52da9457fdf6740afd51
review_4067,class_7d54e6ff154ad392b174
review_4068,class_7d54e6ff154ad392b174
review_4069,class_48075864b2596de25a65
review_4070,class_7d54e6ff154ad392b174
review_4071,class_e65aace9237833ec7752
review_4072,class_7d54e6ff154ad392b174
review_4073,class_7d54e6ff154ad392b174
review_4074,class_f6efb94c9ae061247bed
review_4075,class_1318693c237b7b97c0c0
review_4076,class_9deef4712756d30ffaa3
review_4077,class_7d54e6ff154ad392b174
review_4078,class_9deef4712756d30ffaa3
review_4079,class_e65aace9237833ec7752
review_4080,class_e65aace9237833ec7752
review_4081,class_9deef4712756d30ffaa3
review_4082,class_7d54e6ff154ad392b174
review_4083,class_9deef4712756d30ffaa3
review_4084,class_1bc7e06ece0f38a60982
review_4085,class_be68f8ed5877c11b8be4
review_4086,class_f6efb94c9ae061247bed
review_4087,class_1bc7e06ece0f38a60982
review_4088,class_7d54e6ff154ad392b174
review_4089,class_7d54e6ff154ad392b174
review_4090,class_7d54e6ff154ad392b174
review_4091,class_52da9457fdf6740afd51
review_4092,class_b89f90f328fa7e7781c0
review_4093,class_7d54e6ff154ad392b174
review_4094,class_1bc7e06ece0f38a60982
review_4095,class_7d54e6ff154ad392b174
review_4096,class_7d54e6ff154ad392b174
review_4097,class_7d54e6ff154ad392b174
review_4098,class_7d54e6ff154ad392b174
review_4099,class_7d54e6ff154ad392b174
review_4100,class_7d54e6ff154ad392b174
review_4101,class_1bc7e06ece0f38a60982
review_4102,class_7d54e6ff154ad392b174
review_4103,class_7d54e6ff154ad392b174
review_4104,class_7d54e6ff154ad392b174
review_4105,class_0eeaed02d1a961f133b4
review_4106,class_52438e68a549a636811e
review_4107,class_52438e68a549a636811e
review_4108,class_52da9457fdf6740afd51
review_4109,class_1318693c237b7b97c0c0
review_4110,class_7d54e6ff154ad392b174
review_4111,class_52438e68a549a636811e
review_4112,class_7d54e6ff154ad392b174
review_4113,class_7d54e6ff154ad392b174
review_4114,class_1318693c237b7b97c0c0
review_4115,class_0eeaed02d1a961f133b4
review_4116,class_7d54e6ff154ad392b174
review_4117,class_5da3128be1ff7664a1b2
review_4118,class_7d54e6ff154ad392b174
review_4119,class_52438e68a549a636811e
review_4120,class_52438e68a549a636811e
review_4121,class_7d54e6ff154ad392b174
review_4122,class_52438e68a549a636811e
review_4123,class_1bc7e06ece0f38a60982
review_4124,class_7d54e6ff154ad392b174
review_4125,class_7d54e6ff154ad392b174
review_4126,class_1318693c237b7b97c0c0
review_4127,class_7d54e6ff154ad392b174
review_4128,class_7d54e6ff154ad392b174
review_4129,class_5da3128be1ff7664a1b2
review_4130,class_7d54e6ff154ad392b174
review_4131,class_7d54e6ff154ad392b174
review_4132,class_9deef4712756d30ffaa3
review_4133,class_7d54e6ff154ad392b174
review_4134,class_4397d106b671d697b6e0
review_4135,class_e65aace9237833ec7752
review_4136,class_52da9457fdf6740afd51
review_4137,class_7d54e6ff154ad392b174
review_4138,class_7d54e6ff154ad392b174
review_4139,class_7d54e6ff154ad392b174
review_4140,class_f6efb94c9ae061247bed
review_4141,class_4397d106b671d697b6e0
review_4142,class_7d54e6ff154ad392b174
review_4143,class_7d54e6ff154ad392b174
review_4144,class_52da9457fdf6740afd51
review_4145,class_7d54e6ff154ad392b174
review_4146,class_e65aace9237833ec7752
review_4147,class_52da9457fdf6740afd51
review_4148,class_52da9457fdf6740afd51
review_4149,class_4397d106b671d697b6e0
review_4150,class_e65aace9237833ec7752
review_4151,class_7d54e6ff154ad392b174
review_4152,class_e65aace9237833ec7752
review_4153,class_52da9457fdf6740afd51
review_4154,class_4397d106b671d697b6e0
review_4155,class_7d54e6ff154ad392b174
review_4156,class_1cf1396a0c9bc53f37da
review_4157,class_b7f740446b63715473af
review_4158,class_52da9457fdf6740afd51
review_4159,class_7d54e6ff154ad392b174
review_4160,class_52da9457fdf6740afd51
review_4161,class_e65aace9237833ec7752
review_4162,class_be68f8ed5877c11b8be4
review_4163,class_4397d106b671d697b6e0
review_4164,class_b7f740446b63715473af
review_4165,class_4397d106b671d697b6e0
review_4166,class_1cf1396a0c9bc53f37da
review_4167,class_1bc7e06ece0f38a60982
review_4168,class_5da3128be1ff7664a1b2
review_4169,class_0eeaed02d1a961f133b4
review_4170,class_1cf1396a0c9bc53f37da
review_4171,class_1cf1396a0c9bc53f37da
review_4172,class_c3ca5f787365eae0dea8
review_4173,class_1bc7e06ece0f38a60982
review_4174,class_1cf1396a0c9bc53f37da
review_4175,class_0eeaed02d1a961f133b4
review_4176,class_0eeaed02d1a961f133b4
review_4177,class_1bc7e06ece0f38a60982
review_4178,class_5da3128be1ff7664a1b2
review_4179,class_1bc7e06ece0f38a60982
review_4180,class_0eeaed02d1a961f133b4
review_4181,class_9deef4712756d30ffaa3
review_4182,class_1bc7e06ece0f38a60982
review_4183,class_1bc7e06ece0f38a60982
review_4184,class_0eeaed02d1a961f133b4
review_4185,class_1cf1396a0c9bc53f37da
review_4186,class_5da3128be1ff7664a1b2
review_4187,class_1bc7e06ece0f38a60982
review_4188,class_f6efb94c9ae061247bed
review_4189,class_0eeaed02d1a961f133b4
review_4190,class_1bc7e06ece0f38a60982
review_4191,class_1cf1396a0c9bc53f37da
review_4192,class_1bc7e06ece0f38a60982
review_4193,class_0eeaed02d1a961f133b4
review_4194,class_1cf1396a0c9bc53f37da
review_4195,class_0eeaed02d1a961f133b4
review_4196,class_1bc7e06ece0f38a60982
review_4197,class_1bc7e06ece0f38a60982
review_4198,class_1bc7e06ece0f38a60982
review_4199,class_1bc7e06ece0f38a60982
review_4200,class_1cf1396a0c9bc53f37da
review_4201,class_1cf1396a0c9bc53f37da
review_4202,class_5da3128be1ff7664a1b2
review_4203,class_5da3128be1ff7664a1b2
review_4204,class_1bc7e06ece0f38a60982
review_4205,class_0eeaed02d1a961f133b4
review_4206,class_0eeaed02d1a961f133b4
review_4207,class_1bc7e06ece0f38a60982
review_4208,class_0eeaed02d1a961f133b4
review_4209,class_1bc7e06ece0f38a60982
review_4210,class_0eeaed02d1a961f133b4
review_4211,class_5da3128be1ff7664a1b2
review_4212,class_0eeaed02d1a961f133b4
review_4213,class_1bc7e06ece0f38a60982
review_4214,class_5da3128be1ff7664a1b2
review_4215,class_1bc7e06ece0f38a60982
review_4216,class_0eeaed02d1a961f133b4
review_4217,class_1bc7e06ece0f38a60982
review_4218,class_9deef4712756d30ffaa3
review_4219,class_1bc7e06ece0f38a60982
review_4220,class_1cf1396a0c9bc53f37da
review_4221,class_1318693c237b7b97c0c0
review_4222,class_e65aace9237833ec7752
review_4223,class_e65aace9237833ec7752
review_4224,class_1cf1396a0c9bc53f37da
review_4225,class_f6efb94c9ae061247bed
review_4226,class_7d54e6ff154ad392b174
review_4227,class_7d54e6ff154ad392b174
review_4228,class_e65aace9237833ec7752
review_4229,class_e65aace9237833ec7752
review_4230,class_7d54e6ff154ad392b174
review_4231,class_7d54e6ff154ad392b174
review_4232,class_7d54e6ff154ad392b174
review_4233,class_7d54e6ff154ad392b174
review_4234,class_1318693c237b7b97c0c0
review_4235,class_7d54e6ff154ad392b174
review_4236,class_7d54e6ff154ad392b174
review_4237,class_7d54e6ff154ad392b174
review_4238,class_1bc7e06ece0f38a60982
review_4239,class_7d54e6ff154ad392b174
review_4240,class_7d54e6ff154ad392b174
review_4241,class_e65aace9237833ec7752
review_4242,class_7d54e6ff154ad392b174
review_4243,class_7d54e6ff154ad392b174
review_4244,class_f6efb94c9ae061247bed
review_4245,class_52da9457fdf6740afd51
review_4246,class_e65aace9237833ec7752
review_4247,class_e65aace9237833ec7752
review_4248,class_7d54e6ff154ad392b174
review_4249,class_7d54e6ff154ad392b174
review_4250,class_7d54e6ff154ad392b174
review_4251,class_1cf1396a0c9bc53f37da
review_4252,class_7d54e6ff154ad392b174
review_4253,class_0eeaed02d1a961f133b4
review_4254,class_e65aace9237833ec7752
review_4255,class_7d54e6ff154ad392b174
review_4256,class_52da9457fdf6740afd51
review_4257,class_7d54e6ff154ad392b174
review_4258,class_7d54e6ff154ad392b174
review_4259,class_e65aace9237833ec7752
review_4260,class_7d54e6ff154ad392b174
review_4261,class_e65aace9237833ec7752
review_4262,class_52da9457fdf6740afd51
review_4263,class_1318693c237b7b97c0c0
review_4264,class_1318693c237b7b97c0c0
review_4265,class_7d54e6ff154ad392b174
review_4266,class_e65aace9237833ec7752
review_4267,class_7d54e6ff154ad392b174
review_4268,class_7d54e6ff154ad392b174
review_4269,class_7d54e6ff154ad392b174
review_4270,class_1cf1396a0c9bc53f37da
review_4271,class_7d54e6ff154ad392b174
review_4272,class_7d54e6ff154ad392b174
review_4273,class_7d54e6ff154ad392b174
review_4274,class_1bc7e06ece0f38a60982
review_4275,class_7d54e6ff154ad392b174
review_4276,class_52da9457fdf6740afd51
review_4277,class_e65aace9237833ec7752
review_4278,class_7d54e6ff154ad392b174
review_4279,class_52da9457fdf6740afd51
review_4280,class_7d54e6ff154ad392b174
review_4281,class_7d54e6ff154ad392b174
review_4282,class_7d54e6ff154ad392b174
review_4283,class_7d54e6ff154ad392b174
review_4284,class_7d54e6ff154ad392b174
review_4285,class_7d54e6ff154ad392b174
review_4286,class_7d54e6ff154ad392b174
review_4287,class_7d54e6ff154ad392b174
review_4288,class_7d54e6ff154ad392b174
review_4289,class_7d54e6ff154ad392b174
review_4290,class_7d54e6ff154ad392b174
review_4291,class_7d54e6ff154ad392b174
review_4292,class_7d54e6ff154ad392b174
review_4293,class_7d54e6ff154ad392b174
review_4294,class_7d54e6ff154ad392b174
review_4295,class_7d54e6ff154ad392b174
review_4296,class_7d54e6ff154ad392b174
review_4297,class_7d54e6ff154ad392b174
review_4298,class_7d54e6ff154ad392b174
review_4299,class_7d54e6ff154ad392b174
review_4300,class_7d54e6ff154ad392b174
review_4301,class_7d54e6ff154ad392b174
review_4302,class_7d54e6ff154ad392b174
review_4303,class_7d54e6ff154ad392b174
review_4304,class_7d54e6ff154ad392b174
review_4305,class_7d54e6ff154ad392b174
review_4306,class_7d54e6ff154ad392b174
review_4307,class_7d54e6ff154ad392b174
review_4308,class_7d54e6ff154ad392b174
review_4309,class_7d54e6ff154ad392b174
review_4310,class_7d54e6ff154ad392b174
review_4311,class_7d54e6ff154ad392b174
review_4312,class_7d54e6ff154ad392b174
review_4313,class_7d54e6ff154ad392b174
review_4314,class_7d54e6ff154ad392b174
review_4315,class_7d54e6ff154ad392b174
review_4316,class_7d54e6ff154ad392b174
review_4317,class_7d54e6ff154ad392b174
review_4318,class_7d54e6ff154ad392b174
review_4319,class_1318693c237b7b97c0c0
review_4320,class_7d54e6ff154ad392b174
review_4321,class_7d54e6ff154ad392b174
review_4322,class_7d54e6ff154ad392b174
review_4323,class_7d54e6ff154ad392b174
review_4324,class_7d54e6ff154ad392b174
review_4325,class_7d54e6ff154ad392b174
review_4326,class_7d54e6ff154ad392b174
review_4327,class_7d54e6ff154ad392b174
review_4328,class_7d54e6ff154ad392b174
review_4329,class_7d54e6ff154ad392b174
review_4330,class_7d54e6ff154ad392b174
review_4331,class_7d54e6ff154ad392b174
review_4332,class_7d54e6ff154ad392b174
review_4333,class_7d54e6ff154ad392b174
review_4334,class_7d54e6ff154ad392b174
review_4335,class_7d54e6ff154ad392b174
review_4336,class_7d54e6ff154ad392b174
review_4337,class_7d54e6ff154ad392b174
review_4338,class_7d54e6ff154ad392b174
review_4339,class_7d54e6ff154ad392b174
review_4340,class_7d54e6ff154ad392b174
review_4341,class_7d54e6ff154ad392b174
review_4342,class_7d54e6ff154ad392b174
review_4343,class_7d54e6ff154ad392b174
review_4344,class_7d54e6ff154ad392b174
review_4345,class_7d54e6ff154ad392b174
review_4346,class_7d54e6ff154ad392b174
review_4347,class_7d54e6ff154ad392b174
review_4348,class_7d54e6ff154ad392b174
review_4349,class_7d54e6ff154ad392b174
review_4350,class_7d54e6ff154ad392b174
review_4351,class_7d54e6ff154ad392b174
review_4352,class_7d54e6ff154ad392b174
review_4353,class_7d54e6ff154ad392b174
review_4354,class_7d54e6ff154ad392b174
review_4355,class_7d54e6ff154ad392b174
review_4356,class_7d54e6ff154ad392b174
review_4357,class_7d54e6ff154ad392b174
review_4358,class_7d54e6ff154ad392b174
review_4359,class_7d54e6ff154ad392b174
review_4360,class_7d54e6ff154ad392b174
review_4361,class_7d54e6ff154ad392b174
review_4362,class_7d54e6ff154ad392b174
review_4363,class_52da9457fdf6740afd51
review_4364,class_7d54e6ff154ad392b174
review_4365,class_7d54e6ff154ad392b174
review_4366,class_7d54e6ff154ad392b174
review_4367,class_7d54e6ff154ad392b174
review_4368,class_7d54e6ff154ad392b174
review_4369,class_7d54e6ff154ad392b174
review_4370,class_7d54e6ff154ad392b174
review_4371,class_7d54e6ff154ad392b174
review_4372,class_7d54e6ff154ad392b174
review_4373,class_7d54e6ff154ad392b174
review_4374,class_1cf1396a0c9bc53f37da
review_4375,class_7d54e6ff154ad392b174
review_4376,class_7d54e6ff154ad392b174
review_4377,class_7d54e6ff154ad392b174
review_4378,class_7d54e6ff154ad392b174
review_4379,class_7d54e6ff154ad392b174
review_4380,class_7d54e6ff154ad392b174
review_4381,class_7d54e6ff154ad392b174
review_4382,class_7d54e6ff154ad392b174
review_4383,class_7d54e6ff154ad392b174
review_4384,class_7d54e6ff154ad392b174
review_4385,class_1cf1396a0c9bc53f37da
review_4386,class_7d54e6ff154ad392b174
review_4387,class_7d54e6ff154ad392b174
review_4388,class_7d54e6ff154ad392b174
review_4389,class_7d54e6ff154ad392b174
review_4390,class_7d54e6ff154ad392b174
review_4391,class_7d54e6ff154ad392b174
review_4392,class_7d54e6ff154ad392b174
review_4393,class_1cf1396a0c9bc53f37da
review_4394,class_7d54e6ff154ad392b174
review_4395,class_7d54e6ff154ad392b174
review_4396,class_7d54e6ff154ad392b174
review_4397,class_7d54e6ff154ad392b174
review_4398,class_7d54e6ff154ad392b174
review_4399,class_7d54e6ff154ad392b174
review_4400,class_7d54e6ff154ad392b174
review_4401,class_7d54e6ff154ad392b174
review_4402,class_7d54e6ff154ad392b174
review_4403,class_7d54e6ff154ad392b174
review_4404,class_7d54e6ff154ad392b174
review_4405,class_7d54e6ff154ad392b174
review_4406,class_7d54e6ff154ad392b174
review_4407,class_7d54e6ff154ad392b174
review_4408,class_7d54e6ff154ad392b174
review_4409,class_7d54e6ff154ad392b174
review_4410,class_7d54e6ff154ad392b174
review_4411,class_7d54e6ff154ad392b174
review_4412,class_7d54e6ff154ad392b174
review_4413,class_7d54e6ff154ad392b174
review_4414,class_7d54e6ff154ad392b174
review_4415,class_7d54e6ff154ad392b174
review_4416,class_7d54e6ff154ad392b174
review_4417,class_7d54e6ff154ad392b174
review_4418,class_7d54e6ff154ad392b174
review_4419,class_7d54e6ff154ad392b174
review_4420,class_7d54e6ff154ad392b174
review_4421,class_1318693c237b7b97c0c0
review_4422,class_7d54e6ff154ad392b174
review_4423,class_7d54e6ff154ad392b174
review_4424,class_7d54e6ff154ad392b174
review_4425,class_7d54e6ff154ad392b174
review_4426,class_52da9457fdf6740afd51
review_4427,class_7d54e6ff154ad392b174
review_4428,class_52da9457fdf6740afd51
review_4429,class_7d54e6ff154ad392b174
review_4430,class_7d54e6ff154ad392b174
review_4431,class_7d54e6ff154ad392b174
review_4432,class_7d54e6ff154ad392b174
review_4433,class_7d54e6ff154ad392b174
review_4434,class_f6efb94c9ae061247bed
review_4435,class_7d54e6ff154ad392b174
review_4436,class_7d54e6ff154ad392b174
review_4437,class_7d54e6ff154ad392b174
review_4438,class_7d54e6ff154ad392b174
review_4439,class_7d54e6ff154ad392b174
review_4440,class_7d54e6ff154ad392b174
review_4441,class_7d54e6ff154ad392b174
review_4442,class_7d54e6ff154ad392b174
review_4443,class_1bc7e06ece0f38a60982
review_4444,class_1bc7e06ece0f38a60982
review_4445,class_c3ca5f787365eae0dea8
review_4446,class_1bc7e06ece0f38a60982
review_4447,class_7d54e6ff154ad392b174
review_4448,class_1bc7e06ece0f38a60982
review_4449,class_c3ca5f787365eae0dea8
review_4450,class_7d54e6ff154ad392b174
review_4451,class_9deef4712756d30ffaa3
review_4452,class_7d54e6ff154ad392b174
review_4453,class_1bc7e06ece0f38a60982
review_4454,class_1bc7e06ece0f38a60982
review_4455,class_c3ca5f787365eae0dea8
review_4456,class_52da9457fdf6740afd51
review_4457,class_1bc7e06ece0f38a60982
review_4458,class_48075864b2596de25a65
review_4459,class_c3ca5f787365eae0dea8
review_4460,class_9deef4712756d30ffaa3
review_4461,class_5da3128be1ff7664a1b2
review_4462,class_7d54e6ff154ad392b174
review_4463,class_1bc7e06ece0f38a60982
review_4464,class_48075864b2596de25a65
review_4465,class_c3ca5f787365eae0dea8
review_4466,class_48075864b2596de25a65
review_4467,class_1bc7e06ece0f38a60982
review_4468,class_c3ca5f787365eae0dea8
review_4469,class_1bc7e06ece0f38a60982
review_4470,class_1bc7e06ece0f38a60982
review_4471,class_c3ca5f787365eae0dea8
review_4472,class_1bc7e06ece0f38a60982
review_4473,class_c3ca5f787365eae0dea8
review_4474,class_7d54e6ff154ad392b174
review_4475,class_7d54e6ff154ad392b174
review_4476,class_1cf1396a0c9bc53f37da
review_4477,class_1cf1396a0c9bc53f37da
review_4478,class_1cf1396a0c9bc53f37da
review_4479,class_7d54e6ff154ad392b174
review_4480,class_7d54e6ff154ad392b174
review_4481,class_1cf1396a0c9bc53f37da
review_4482,class_7d54e6ff154ad392b174
review_4483,class_7d54e6ff154ad392b174
review_4484,class_0eeaed02d1a961f133b4
review_4485,class_52da9457fdf6740afd51
review_4486,class_7d54e6ff154ad392b174
review_4487,class_7d54e6ff154ad392b174
review_4488,class_7d54e6ff154ad392b174
review_4489,class_9deef4712756d30ffaa3
review_4490,class_7d54e6ff154ad392b174
review_4491,class_1cf1396a0c9bc53f37da
review_4492,class_1cf1396a0c9bc53f37da
review_4493,class_1cf1396a0c9bc53f37da
review_4494,class_7d54e6ff154ad392b174
review_4495,class_7d54e6ff154ad392b174
review_4496,class_7d54e6ff154ad392b174
review_4497,class_7d54e6ff154ad392b174
review_4498,class_1cf1396a0c9bc53f37da
review_4499,class_7d54e6ff154ad392b174
review_4500,class_1cf1396a0c9bc53f37da
review_4501,class_1cf1396a0c9bc53f37da
review_4502,class_7d54e6ff154ad392b174
review_4503,class_7d54e6ff154ad392b174
review_4504,class_1318693c237b7b97c0c0
review_4505,class_1cf1396a0c9bc53f37da
review_4506,class_7d54e6ff154ad392b174
review_4507,class_7d54e6ff154ad392b174
review_4508,class_7d54e6ff154ad392b174
review_4509,class_7d54e6ff154ad392b174
review_4510,class_7d54e6ff154ad392b174
review_4511,class_7d54e6ff154ad392b174
review_4512,class_7d54e6ff154ad392b174
review_4513,class_7d54e6ff154ad392b174
review_4514,class_7d54e6ff154ad392b174
review_4515,class_7d54e6ff154ad392b174
review_4516,class_52da9457fdf6740afd51
review_4517,class_7d54e6ff154ad392b174
review_4518,class_52da9457fdf6740afd51
review_4519,class_7d54e6ff154ad392b174
review_4520,class_52da9457fdf6740afd51
review_4521,class_52da9457fdf6740afd51
review_4522,class_52da9457fdf6740afd51
review_4523,class_52da9457fdf6740afd51
review_4524,class_7d54e6ff154ad392b174
review_4525,class_52da9457fdf6740afd51
review_4526,class_52da9457fdf6740afd51
review_4527,class_52da9457fdf6740afd51
review_4528,class_52da9457fdf6740afd51
review_4529,class_1bc7e06ece0f38a60982
review_4530,class_9e32d15b246e504af33c
review_4531,class_52da9457fdf6740afd51
review_4532,class_52da9457fdf6740afd51
review_4533,class_f6efb94c9ae061247bed
review_4534,class_7d54e6ff154ad392b174
review_4535,class_7d54e6ff154ad392b174
review_4536,class_7d54e6ff154ad392b174
review_4537,class_52da9457fdf6740afd51
review_4538,class_52da9457fdf6740afd51
review_4539,class_1bc7e06ece0f38a60982
review_4540,class_52da9457fdf6740afd51
review_4541,class_52da9457fdf6740afd51
review_4542,class_52da9457fdf6740afd51
review_4543,class_52da9457fdf6740afd51
review_4544,class_7d54e6ff154ad392b174
review_4545,class_52da9457fdf6740afd51
review_4546,class_52da9457fdf6740afd51
review_4547,class_52da9457fdf6740afd51
review_4548,class_52da9457fdf6740afd51
review_4549,class_52da9457fdf6740afd51
review_4550,class_52da9457fdf6740afd51
review_4551,class_52da9457fdf6740afd51
review_4552,class_52da9457fdf6740afd51
review_4553,class_7d54e6ff154ad392b174
review_4554,class_52da9457fdf6740afd51
review_4555,class_52da9457fdf6740afd51
review_4556,class_b7f740446b63715473af
review_4557,class_52da9457fdf6740afd51
review_4558,class_52da9457fdf6740afd51
review_4559,class_52da9457fdf6740afd51
review_4560,class_7d54e6ff154ad392b174
review_4561,class_52da9457fdf6740afd51
review_4562,class_52da9457fdf6740afd51
review_4563,class_1bc7e06ece0f38a60982
review_4564,class_52da9457fdf6740afd51
review_4565,class_52da9457fdf6740afd51
review_4566,class_52da9457fdf6740afd51
review_4567,class_52da9457fdf6740afd51
review_4568,class_52da9457fdf6740afd51
review_4569,class_52da9457fdf6740afd51
review_4570,class_52da9457fdf6740afd51
review_4571,class_f6efb94c9ae061247bed
review_4572,class_52da9457fdf6740afd51
review_4573,class_52da9457fdf6740afd51
review_4574,class_52da9457fdf6740afd51
review_4575,class_52da9457fdf6740afd51
review_4576,class_52da9457fdf6740afd51
review_4577,class_52da9457fdf6740afd51
review_4578,class_7d54e6ff154ad392b174
review_4579,class_52da9457fdf6740afd51
review_4580,class_52da9457fdf6740afd51
review_4581,class_7d54e6ff154ad392b174
review_4582,class_7d54e6ff154ad392b174
review_4583,class_52da9457fdf6740afd51
review_4584,class_52da9457fdf6740afd51
review_4585,class_7d54e6ff154ad392b174
review_4586,class_9e32d15b246e504af33c
review_4587,class_52da9457fdf6740afd51
review_4588,class_52da9457fdf6740afd51
review_4589,class_7d54e6ff154ad392b174
review_4590,class_1bc7e06ece0f38a60982
review_4591,class_7d54e6ff154ad392b174
review_4592,class_7d54e6ff154ad392b174
review_4593,class_1bc7e06ece0f38a60982
review_4594,class_7d54e6ff154ad392b174
review_4595,class_1bc7e06ece0f38a60982
review_4596,class_1bc7e06ece0f38a60982
review_4597,class_0eeaed02d1a961f133b4
review_4598,class_7d54e6ff154ad392b174
review_4599,class_1bc7e06ece0f38a60982
review_4600,class_7d54e6ff154ad392b174
review_4601,class_48075864b2596de25a65
review_4602,class_7d54e6ff154ad392b174
review_4603,class_e65aace9237833ec7752
review_4604,class_52da9457fdf6740afd51
review_4605,class_7d54e6ff154ad392b174
review_4606,class_f6efb94c9ae061247bed
review_4607,class_1bc7e06ece0f38a60982
review_4608,class_0eeaed02d1a961f133b4
review_4609,class_7d54e6ff154ad392b174
review_4610,class_1bc7e06ece0f38a60982
review_4611,class_0eeaed02d1a961f133b4
review_4612,class_43f6fe05e589fb76ff8a
review_4613,class_1bc7e06ece0f38a60982
review_4614,class_7d54e6ff154ad392b174
review_4615,class_5da3128be1ff7664a1b2
review_4616,class_1bc7e06ece0f38a60982
review_4617,class_1bc7e06ece0f38a60982
review_4618,class_7d54e6ff154ad392b174
review_4619,class_1bc7e06ece0f38a60982
review_4620,class_52da9457fdf6740afd51
review_4621,class_f6efb94c9ae061247bed
review_4622,class_1bc7e06ece0f38a60982
review_4623,class_7d54e6ff154ad392b174
review_4624,class_1bc7e06ece0f38a60982
review_4625,class_7d54e6ff154ad392b174
review_4626,class_1bc7e06ece0f38a60982
review_4627,class_52da9457fdf6740afd51
review_4628,class_1bc7e06ece0f38a60982
review_4629,class_1bc7e06ece0f38a60982
review_4630,class_7d54e6ff154ad392b174
review_4631,class_1bc7e06ece0f38a60982
review_4632,class_e65aace9237833ec7752
review_4633,class_5da3128be1ff7664a1b2
review_4634,class_1bc7e06ece0f38a60982
review_4635,class_1bc7e06ece0f38a60982
review_4636,class_5da3128be1ff7664a1b2
review_4637,class_1bc7e06ece0f38a60982
review_4638,class_1bc7e06ece0f38a60982
review_4639,class_f6efb94c9ae061247bed
review_4640,class_1bc7e06ece0f38a60982
review_4641,class_7d54e6ff154ad392b174
review_4642,class_52da9457fdf6740afd51
review_4643,class_5da3128be1ff7664a1b2
review_4644,class_52da9457fdf6740afd51
review_4645,class_e65aace9237833ec7752
review_4646,class_7d54e6ff154ad392b174
review_4647,class_7d54e6ff154ad392b174
review_4648,class_52da9457fdf6740afd51
review_4649,class_1bc7e06ece0f38a60982
review_4650,class_1bc7e06ece0f38a60982
review_4651,class_1bc7e06ece0f38a60982
review_4652,class_1bc7e06ece0f38a60982
review_4653,class_1bc7e06ece0f38a60982
review_4654,class_e65aace9237833ec7752
review_4655,class_7d54e6ff154ad392b174
review_4656,class_7d54e6ff154ad392b174
review_4657,class_1bc7e06ece0f38a60982
review_4658,class_e65aace9237833ec7752
review_4659,class_1cf1396a0c9bc53f37da
review_4660,class_1bc7e06ece0f38a60982
review_4661,class_7d54e6ff154ad392b174
review_4662,class_e65aace9237833ec7752
review_4663,class_7d54e6ff154ad392b174
review_4664,class_e65aace9237833ec7752
review_4665,class_1bc7e06ece0f38a60982
review_4666,class_e65aace9237833ec7752
review_4667,class_1bc7e06ece0f38a60982
review_4668,class_52da9457fdf6740afd51
review_4669,class_1bc7e06ece0f38a60982
review_4670,class_1bc7e06ece0f38a60982
review_4671,class_e65aace9237833ec7752
review_4672,class_1bc7e06ece0f38a60982
review_4673,class_e65aace9237833ec7752
review_4674,class_1bc7e06ece0f38a60982
review_4675,class_1bc7e06ece0f38a60982
review_4676,class_1bc7e06ece0f38a60982
review_4677,class_1bc7e06ece0f38a60982
review_4678,class_1bc7e06ece0f38a60982
review_4679,class_1bc7e06ece0f38a60982
review_4680,class_1bc7e06ece0f38a60982
review_4681,class_1bc7e06ece0f38a60982
review_4682,class_7d54e6ff154ad392b174
review_4683,class_e65aace9237833ec7752
review_4684,class_7d54e6ff154ad392b174
review_4685,class_1bc7e06ece0f38a60982
review_4686,class_52da9457fdf6740afd51
review_4687,class_52da9457fdf6740afd51
review_4688,class_7d54e6ff154ad392b174
review_4689,class_1cf1396a0c9bc53f37da
review_4690,class_52da9457fdf6740afd51
review_4691,class_52da9457fdf6740afd51
review_4692,class_1318693c237b7b97c0c0
review_4693,class_52da9457fdf6740afd51
review_4694,class_52da9457fdf6740afd51
review_4695,class_7d54e6ff154ad392b174
review_4696,class_52da9457fdf6740afd51
review_4697,class_52da9457fdf6740afd51
review_4698,class_7d54e6ff154ad392b174
review_4699,class_52da9457fdf6740afd51
review_4700,class_52da9457fdf6740afd51
review_4701,class_7d54e6ff154ad392b174
review_4702,class_52da9457fdf6740afd51
review_4703,class_52da9457fdf6740afd51
review_4704,class_52da9457fdf6740afd51
review_4705,class_52da9457fdf6740afd51
review_4706,class_52da9457fdf6740afd51
review_4707,class_52da9457fdf6740afd51
review_4708,class_52da9457fdf6740afd51
review_4709,class_52da9457fdf6740afd51
review_4710,class_52da9457fdf6740afd51
review_4711,class_52da9457fdf6740afd51
review_4712,class_52da9457fdf6740afd51
review_4713,class_52da9457fdf6740afd51
review_4714,class_1cf1396a0c9bc53f37da
review_4715,class_52da9457fdf6740afd51
review_4716,class_52da9457fdf6740afd51
review_4717,class_7d54e6ff154ad392b174
review_4718,class_7d54e6ff154ad392b174
review_4719,class_7d54e6ff154ad392b174
review_4720,class_b89f90f328fa7e7781c0
review_4721,class_b89f90f328fa7e7781c0
review_4722,class_7d54e6ff154ad392b174
review_4723,class_b89f90f328fa7e7781c0
review_4724,class_1318693c237b7b97c0c0
review_4725,class_7d54e6ff154ad392b174
review_4726,class_7d54e6ff154ad392b174
review_4727,class_b89f90f328fa7e7781c0
review_4728,class_0eeaed02d1a961f133b4
review_4729,class_7d54e6ff154ad392b174
review_4730,class_7d54e6ff154ad392b174
review_4731,class_7d54e6ff154ad392b174
review_4732,class_b89f90f328fa7e7781c0
review_4733,class_7d54e6ff154ad392b174
review_4734,class_7d54e6ff154ad392b174
review_4735,class_c3ca5f787365eae0dea8
review_4736,class_7d54e6ff154ad392b174
review_4737,class_7d54e6ff154ad392b174
review_4738,class_7d54e6ff154ad392b174
review_4739,class_7d54e6ff154ad392b174
review_4740,class_7d54e6ff154ad392b174
review_4741,class_7d54e6ff154ad392b174
review_4742,class_7d54e6ff154ad392b174
review_4743,class_7d54e6ff154ad392b174
review_4744,class_1bc7e06ece0f38a60982
review_4745,class_7d54e6ff154ad392b174
review_4746,class_7d54e6ff154ad392b174
review_4747,class_7d54e6ff154ad392b174
review_4748,class_7d54e6ff154ad392b174
review_4749,class_7d54e6ff154ad392b174
review_4750,class_7d54e6ff154ad392b174
review_4751,class_7d54e6ff154ad392b174
review_4752,class_7d54e6ff154ad392b174
review_4753,class_7d54e6ff154ad392b174
review_4754,class_0eeaed02d1a961f133b4
review_4755,class_7d54e6ff154ad392b174
review_4756,class_7d54e6ff154ad392b174
review_4757,class_1cf1396a0c9bc53f37da
review_4758,class_b89f90f328fa7e7781c0
review_4759,class_7d54e6ff154ad392b174
review_4760,class_0eeaed02d1a961f133b4
review_4761,class_7d54e6ff154ad392b174
review_4762,class_7d54e6ff154ad392b174
review_4763,class_7d54e6ff154ad392b174
review_4764,class_b89f90f328fa7e7781c0
review_4765,class_0eeaed02d1a961f133b4
review_4766,class_7d54e6ff154ad392b174
review_4767,class_7d54e6ff154ad392b174
review_4768,class_7d54e6ff154ad392b174
review_4769,class_7d54e6ff154ad392b174
review_4770,class_b89f90f328fa7e7781c0
review_4771,class_7d54e6ff154ad392b174
review_4772,class_b89f90f328fa7e7781c0
review_4773,class_7d54e6ff154ad392b174
review_4774,class_e65aace9237833ec7752
review_4775,class_7d54e6ff154ad392b174
review_4776,class_7d54e6ff154ad392b174
review_4777,class_52da9457fdf6740afd51
review_4778,class_1318693c237b7b97c0c0
review_4779,class_1cf1396a0c9bc53f37da
review_4780,class_52da9457fdf6740afd51
review_4781,class_52da9457fdf6740afd51
review_4782,class_52da9457fdf6740afd51
review_4783,class_52da9457fdf6740afd51
review_4784,class_52da9457fdf6740afd51
review_4785,class_1318693c237b7b97c0c0
review_4786,class_7d54e6ff154ad392b174
review_4787,class_1318693c237b7b97c0c0
review_4788,class_48075864b2596de25a65
review_4789,class_52da9457fdf6740afd51
review_4790,class_52da9457fdf6740afd51
review_4791,class_52da9457fdf6740afd51
review_4792,class_7d54e6ff154ad392b174
review_4793,class_52da9457fdf6740afd51
review_4794,class_52da9457fdf6740afd51
review_4795,class_52da9457fdf6740afd51
review_4796,class_1318693c237b7b97c0c0
review_4797,class_52da9457fdf6740afd51
review_4798,class_1318693c237b7b97c0c0
review_4799,class_52da9457fdf6740afd51
review_4800,class_52da9457fdf6740afd51
review_4801,class_52da9457fdf6740afd51
review_4802,class_7d54e6ff154ad392b174
review_4803,class_52da9457fdf6740afd51
review_4804,class_7d54e6ff154ad392b174
review_4805,class_52da9457fdf6740afd51
review_4806,class_48075864b2596de25a65
review_4807,class_52da9457fdf6740afd51
review_4808,class_1cf1396a0c9bc53f37da
review_4809,class_52da9457fdf6740afd51
review_4810,class_1cf1396a0c9bc53f37da
review_4811,class_52da9457fdf6740afd51
review_4812,class_9deef4712756d30ffaa3
review_4813,class_1cf1396a0c9bc53f37da
review_4814,class_1bc7e06ece0f38a60982
review_4815,class_52da9457fdf6740afd51
review_4816,class_52da9457fdf6740afd51
review_4817,class_52da9457fdf6740afd51
review_4818,class_52da9457fdf6740afd51
review_4819,class_e65aace9237833ec7752
review_4820,class_52da9457fdf6740afd51
review_4821,class_52da9457fdf6740afd51
review_4822,class_7d54e6ff154ad392b174
review_4823,class_52da9457fdf6740afd51
review_4824,class_52da9457fdf6740afd51
review_4825,class_1bc7e06ece0f38a60982
review_4826,class_52da9457fdf6740afd51
review_4827,class_1318693c237b7b97c0c0
review_4828,class_b89f90f328fa7e7781c0
review_4829,class_1318693c237b7b97c0c0
review_4830,class_b89f90f328fa7e7781c0
review_4831,class_52da9457fdf6740afd51
review_4832,class_52da9457fdf6740afd51
review_4833,class_7d54e6ff154ad392b174
review_4834,class_1318693c237b7b97c0c0
review_4835,class_52da9457fdf6740afd51
review_4836,class_52da9457fdf6740afd51
review_4837,class_52da9457fdf6740afd51
review_4838,class_52da9457fdf6740afd51
review_4839,class_52da9457fdf6740afd51
review_4840,class_1cf1396a0c9bc53f37da
review_4841,class_1318693c237b7b97c0c0
review_4842,class_52438e68a549a636811e
review_4843,class_52da9457fdf6740afd51
review_4844,class_e65aace9237833ec7752
review_4845,class_52da9457fdf6740afd51
review_4846,class_52da9457fdf6740afd51
review_4847,class_52da9457fdf6740afd51
review_4848,class_52da9457fdf6740afd51
review_4849,class_1cf1396a0c9bc53f37da
review_4850,class_52da9457fdf6740afd51
review_4851,class_52da9457fdf6740afd51
review_4852,class_52da9457fdf6740afd51
review_4853,class_1cf1396a0c9bc53f37da
review_4854,class_7d54e6ff154ad392b174
review_4855,class_52da9457fdf6740afd51
review_4856,class_7d54e6ff154ad392b174
review_4857,class_52da9457fdf6740afd51
review_4858,class_52da9457fdf6740afd51
review_4859,class_52da9457fdf6740afd51
review_4860,class_52da9457fdf6740afd51
review_4861,class_b89f90f328fa7e7781c0
review_4862,class_52da9457fdf6740afd51
review_4863,class_7d54e6ff154ad392b174
review_4864,class_52da9457fdf6740afd51
review_4865,class_7d54e6ff154ad392b174
review_4866,class_52da9457fdf6740afd51
review_4867,class_52da9457fdf6740afd51
review_4868,class_52da9457fdf6740afd51
review_4869,class_52da9457fdf6740afd51
review_4870,class_52da9457fdf6740afd51
review_4871,class_7d54e6ff154ad392b174
review_4872,class_52da9457fdf6740afd51
review_4873,class_52da9457fdf6740afd51
review_4874,class_52da9457fdf6740afd51
review_4875,class_52da9457fdf6740afd51
review_4876,class_52da9457fdf6740afd51
review_4877,class_52da9457fdf6740afd51
review_4878,class_7d54e6ff154ad392b174
review_4879,class_52438e68a549a636811e
review_4880,class_1cf1396a0c9bc53f37da
review_4881,class_1bc7e06ece0f38a60982
review_4882,class_52438e68a549a636811e
review_4883,class_5da3128be1ff7664a1b2
review_4884,class_52da9457fdf6740afd51
review_4885,class_52da9457fdf6740afd51
review_4886,class_52da9457fdf6740afd51
review_4887,class_52da9457fdf6740afd51
review_4888,class_52da9457fdf6740afd51
review_4889,class_52da9457fdf6740afd51
review_4890,class_52da9457fdf6740afd51
review_4891,class_52438e68a549a636811e
review_4892,class_52da9457fdf6740afd51
review_4893,class_52da9457fdf6740afd51
review_4894,class_52da9457fdf6740afd51
review_4895,class_52438e68a549a636811e
review_4896,class_1bc7e06ece0f38a60982
review_4897,class_52438e68a549a636811e
review_4898,class_52da9457fdf6740afd51
review_4899,class_5da3128be1ff7664a1b2
review_4900,class_52da9457fdf6740afd51
review_4901,class_52da9457fdf6740afd51
review_4902,class_52da9457fdf6740afd51
review_4903,class_7d54e6ff154ad392b174
review_4904,class_52da9457fdf6740afd51
review_4905,class_52da9457fdf6740afd51
review_4906,class_52da9457fdf6740afd51
review_4907,class_52438e68a549a636811e
review_4908,class_52438e68a549a636811e
review_4909,class_52da9457fdf6740afd51
review_4910,class_7d54e6ff154ad392b174
review_4911,class_9deef4712756d30ffaa3
review_4912,class_52438e68a549a636811e
review_4913,class_7d54e6ff154ad392b174
review_4914,class_52da9457fdf6740afd51
review_4915,class_52da9457fdf6740afd51
review_4916,class_52da9457fdf6740afd51
review_4917,class_7d54e6ff154ad392b174
review_4918,class_52da9457fdf6740afd51
review_4919,class_7d54e6ff154ad392b174
review_4920,class_1bc7e06ece0f38a60982
review_4921,class_52da9457fdf6740afd51
review_4922,class_52da9457fdf6740afd51
review_4923,class_52da9457fdf6740afd51
review_4924,class_52da9457fdf6740afd51
review_4925,class_1bc7e06ece0f38a60982
review_4926,class_7d54e6ff154ad392b174
review_4927,class_52da9457fdf6740afd51
review_4928,class_7d54e6ff154ad392b174
review_4929,class_1cf1396a0c9bc53f37da
review_4930,class_52da9457fdf6740afd51
review_4931,class_52da9457fdf6740afd51
review_4932,class_52da9457fdf6740afd51
review_4933,class_1cf1396a0c9bc53f37da
review_4934,class_52da9457fdf6740afd51
review_4935,class_52da9457fdf6740afd51
review_4936,class_9deef4712756d30ffaa3
review_4937,class_1318693c237b7b97c0c0
review_4938,class_1bc7e06ece0f38a60982
review_4939,class_7d54e6ff154ad392b174
review_4940,class_1318693c237b7b97c0c0
review_4941,class_1318693c237b7b97c0c0
review_4942,class_7d54e6ff154ad392b174
review_4943,class_1bc7e06ece0f38a60982
review_4944,class_1318693c237b7b97c0c0
review_4945,class_7d54e6ff154ad392b174
review_4946,class_1318693c237b7b97c0c0
review_4947,class_1318693c237b7b97c0c0
review_4948,class_7d54e6ff154ad392b174
review_4949,class_7d54e6ff154ad392b174
review_4950,class_7d54e6ff154ad392b174
review_4951,class_7d54e6ff154ad392b174
review_4952,class_7d54e6ff154ad392b174
review_4953,class_0eeaed02d1a961f133b4
review_4954,class_7d54e6ff154ad392b174
review_4955,class_7d54e6ff154ad392b174
review_4956,class_1318693c237b7b97c0c0
review_4957,class_7d54e6ff154ad392b174
review_4958,class_5da3128be1ff7664a1b2
review_4959,class_1318693c237b7b97c0c0
review_4960,class_7d54e6ff154ad392b174
review_4961,class_1318693c237b7b97c0c0
review_4962,class_1318693c237b7b97c0c0
review_4963,class_9deef4712756d30ffaa3
review_4964,class_1bc7e06ece0f38a60982
review_4965,class_5da3128be1ff7664a1b2
review_4966,class_7d54e6ff154ad392b174
review_4967,class_1318693c237b7b97c0c0
review_4968,class_7d54e6ff154ad392b174
review_4969,class_7d54e6ff154ad392b174
review_4970,class_1318693c237b7b97c0c0
review_4971,class_1bc7e06ece0f38a60982
review_4972,class_7d54e6ff154ad392b174
review_4973,class_7d54e6ff154ad392b174
review_4974,class_7d54e6ff154ad392b174
review_4975,class_1318693c237b7b97c0c0
review_4976,class_1318693c237b7b97c0c0
review_4977,class_1318693c237b7b97c0c0
review_4978,class_7d54e6ff154ad392b174
review_4979,class_0eeaed02d1a961f133b4
review_4980,class_7d54e6ff154ad392b174
review_4981,class_7d54e6ff154ad392b174
review_4982,class_1318693c237b7b97c0c0
review_4983,class_1bc7e06ece0f38a60982
review_4984,class_1318693c237b7b97c0c0
review_4985,class_7d54e6ff154ad392b174
review_4986,class_7d54e6ff154ad392b174
review_4987,class_7d54e6ff154ad392b174
review_4988,class_1318693c237b7b97c0c0
review_4989,class_7d54e6ff154ad392b174
review_4990,class_7d54e6ff154ad392b174
review_4991,class_e65aace9237833ec7752
review_4992,class_1318693c237b7b97c0c0
review_4993,class_1318693c237b7b97c0c0
review_4994,class_1bc7e06ece0f38a60982
review_4995,class_0eeaed02d1a961f133b4
review_4996,class_e65aace9237833ec7752
review_4997,class_1bc7e06ece0f38a60982
review_4998,class_e65aace9237833ec7752
review_4999,class_1cf1396a0c9bc53f37da
review_5000,class_52da9457fdf6740afd51
review_5001,class_e65aace9237833ec7752
review_5002,class_48075864b2596de25a65
review_5003,class_1bc7e06ece0f38a60982
review_5004,class_1cf1396a0c9bc53f37da
review_5005,class_1318693c237b7b97c0c0
review_5006,class_52da9457fdf6740afd51
review_5007,class_52da9457fdf6740afd51
review_5008,class_1bc7e06ece0f38a60982
review_5009,class_52da9457fdf6740afd51
review_5010,class_f6efb94c9ae061247bed
review_5011,class_e65aace9237833ec7752
review_5012,class_52da9457fdf6740afd51
review_5013,class_48075864b2596de25a65
review_5014,class_48075864b2596de25a65
review_5015,class_1bc7e06ece0f38a60982
review_5016,class_7d54e6ff154ad392b174
review_5017,class_1bc7e06ece0f38a60982
review_5018,class_1bc7e06ece0f38a60982
review_5019,class_7d54e6ff154ad392b174
review_5020,class_7d54e6ff154ad392b174
review_5021,class_b89f90f328fa7e7781c0
review_5022,class_e65aace9237833ec7752
review_5023,class_1bc7e06ece0f38a60982
review_5024,class_5da3128be1ff7664a1b2
review_5025,class_5da3128be1ff7664a1b2
review_5026,class_5da3128be1ff7664a1b2
review_5027,class_7d54e6ff154ad392b174
review_5028,class_52da9457fdf6740afd51
review_5029,class_1bc7e06ece0f38a60982
review_5030,class_7d54e6ff154ad392b174
review_5031,class_1bc7e06ece0f38a60982
review_5032,class_52da9457fdf6740afd51
review_5033,class_7d54e6ff154ad392b174
review_5034,class_52da9457fdf6740afd51
review_5035,class_e65aace9237833ec7752
review_5036,class_1bc7e06ece0f38a60982
review_5037,class_b89f90f328fa7e7781c0
review_5038,class_7d54e6ff154ad392b174
review_5039,class_7d54e6ff154ad392b174
review_5040,class_7d54e6ff154ad392b174
review_5041,class_1bc7e06ece0f38a60982
review_5042,class_1bc7e06ece0f38a60982
review_5043,class_52da9457fdf6740afd51
review_5044,class_1bc7e06ece0f38a60982
review_5045,class_1bc7e06ece0f38a60982
review_5046,class_1bc7e06ece0f38a60982
review_5047,class_7d54e6ff154ad392b174
review_5048,class_1bc7e06ece0f38a60982
review_5049,class_e65aace9237833ec7752
review_5050,class_1bc7e06ece0f38a60982
review_5051,class_1bc7e06ece0f38a60982
review_5052,class_1bc7e06ece0f38a60982
review_5053,class_7d54e6ff154ad392b174
review_5054,class_7d54e6ff154ad392b174
review_5055,class_1bc7e06ece0f38a60982
review_5056,class_7d54e6ff154ad392b174
review_5057,class_1bc7e06ece0f38a60982
review_5058,class_7d54e6ff154ad392b174
review_5059,class_7d54e6ff154ad392b174
review_5060,class_5da3128be1ff7664a1b2
review_5061,class_1bc7e06ece0f38a60982
review_5062,class_7d54e6ff154ad392b174
review_5063,class_7d54e6ff154ad392b174
review_5064,class_52da9457fdf6740afd51
review_5065,class_1bc7e06ece0f38a60982
review_5066,class_1bc7e06ece0f38a60982
review_5067,class_7d54e6ff154ad392b174
review_5068,class_5da3128be1ff7664a1b2
review_5069,class_e65aace9237833ec7752
review_5070,class_7d54e6ff154ad392b174
review_5071,class_1bc7e06ece0f38a60982
review_5072,class_1bc7e06ece0f38a60982
review_5073,class_e65aace9237833ec7752
review_5074,class_7d54e6ff154ad392b174
review_5075,class_7d54e6ff154ad392b174
review_5076,class_1bc7e06ece0f38a60982
review_5077,class_7d54e6ff154ad392b174
review_5078,class_52da9457fdf6740afd51
review_5079,class_1bc7e06ece0f38a60982
review_5080,class_52da9457fdf6740afd51
review_5081,class_7d54e6ff154ad392b174
review_5082,class_7d54e6ff154ad392b174
review_5083,class_e65aace9237833ec7752
review_5084,class_7d54e6ff154ad392b174
review_5085,class_52da9457fdf6740afd51
review_5086,class_1bc7e06ece0f38a60982
review_5087,class_1bc7e06ece0f38a60982
review_5088,class_1cf1396a0c9bc53f37da
review_5089,class_7d54e6ff154ad392b174
review_5090,class_1bc7e06ece0f38a60982
review_5091,class_1bc7e06ece0f38a60982
review_5092,class_7d54e6ff154ad392b174
review_5093,class_52da9457fdf6740afd51
review_5094,class_7d54e6ff154ad392b174
review_5095,class_1bc7e06ece0f38a60982
review_5096,class_7d54e6ff154ad392b174
review_5097,class_52da9457fdf6740afd51
review_5098,class_be68f8ed5877c11b8be4
review_5099,class_7d54e6ff154ad392b174
review_5100,class_7d54e6ff154ad392b174
review_5101,class_1bc7e06ece0f38a60982
review_5102,class_7d54e6ff154ad392b174
review_5103,class_1bc7e06ece0f38a60982
review_5104,class_52da9457fdf6740afd51
review_5105,class_52da9457fdf6740afd51
review_5106,class_1bc7e06ece0f38a60982
review_5107,class_1cf1396a0c9bc53f37da
review_5108,class_c3ca5f787365eae0dea8
review_5109,class_52da9457fdf6740afd51
review_5110,class_1bc7e06ece0f38a60982
review_5111,class_5da3128be1ff7664a1b2
review_5112,class_1bc7e06ece0f38a60982
review_5113,class_1bc7e06ece0f38a60982
review_5114,class_1bc7e06ece0f38a60982
review_5115,class_1bc7e06ece0f38a60982
review_5116,class_c3ca5f787365eae0dea8
review_5117,class_7d54e6ff154ad392b174
review_5118,class_1bc7e06ece0f38a60982
review_5119,class_1bc7e06ece0f38a60982
review_5120,class_c3ca5f787365eae0dea8
review_5121,class_52da9457fdf6740afd51
review_5122,class_1bc7e06ece0f38a60982
review_5123,class_1bc7e06ece0f38a60982
review_5124,class_7d54e6ff154ad392b174
review_5125,class_7d54e6ff154ad392b174
review_5126,class_1bc7e06ece0f38a60982
review_5127,class_7d54e6ff154ad392b174
review_5128,class_1bc7e06ece0f38a60982
review_5129,class_be68f8ed5877c11b8be4
review_5130,class_52da9457fdf6740afd51
review_5131,class_1bc7e06ece0f38a60982
review_5132,class_1cf1396a0c9bc53f37da
review_5133,class_7d54e6ff154ad392b174
review_5134,class_52da9457fdf6740afd51
review_5135,class_c3ca5f787365eae0dea8
review_5136,class_c3ca5f787365eae0dea8
review_5137,class_52da9457fdf6740afd51
review_5138,class_1bc7e06ece0f38a60982
review_5139,class_52da9457fdf6740afd51
review_5140,class_7d54e6ff154ad392b174
review_5141,class_7d54e6ff154ad392b174
review_5142,class_1cf1396a0c9bc53f37da
review_5143,class_c3ca5f787365eae0dea8
review_5144,class_1bc7e06ece0f38a60982
review_5145,class_52da9457fdf6740afd51
review_5146,class_1cf1396a0c9bc53f37da
review_5147,class_9deef4712756d30ffaa3
review_5148,class_52da9457fdf6740afd51
review_5149,class_1bc7e06ece0f38a60982
review_5150,class_1bc7e06ece0f38a60982
review_5151,class_1bc7e06ece0f38a60982
review_5152,class_1bc7e06ece0f38a60982
review_5153,class_1bc7e06ece0f38a60982
review_5154,class_1bc7e06ece0f38a60982
review_5155,class_1bc7e06ece0f38a60982
review_5156,class_1bc7e06ece0f38a60982
review_5157,class_1bc7e06ece0f38a60982
review_5158,class_9deef4712756d30ffaa3
review_5159,class_1bc7e06ece0f38a60982
review_5160,class_1bc7e06ece0f38a60982
review_5161,class_1bc7e06ece0f38a60982
review_5162,class_52da9457fdf6740afd51
review_5163,class_1bc7e06ece0f38a60982
review_5164,class_1bc7e06ece0f38a60982
review_5165,class_1bc7e06ece0f38a60982
review_5166,class_1bc7e06ece0f38a60982
review_5167,class_1bc7e06ece0f38a60982
review_5168,class_1bc7e06ece0f38a60982
review_5169,class_1bc7e06ece0f38a60982
review_5170,class_1bc7e06ece0f38a60982
review_5171,class_1bc7e06ece0f38a60982
review_5172,class_b7f740446b63715473af
review_5173,class_52da9457fdf6740afd51
review_5174,class_1bc7e06ece0f38a60982
review_5175,class_1bc7e06ece0f38a60982
review_5176,class_1bc7e06ece0f38a60982
review_5177,class_52da9457fdf6740afd51
review_5178,class_1318693c237b7b97c0c0
review_5179,class_1cf1396a0c9bc53f37da
review_5180,class_1bc7e06ece0f38a60982
review_5181,class_1318693c237b7b97c0c0
review_5182,class_1bc7e06ece0f38a60982
review_5183,class_1318693c237b7b97c0c0
review_5184,class_1318693c237b7b97c0c0
review_5185,class_0eeaed02d1a961f133b4
review_5186,class_52da9457fdf6740afd51
review_5187,class_1318693c237b7b97c0c0
review_5188,class_9deef4712756d30ffaa3
review_5189,class_1318693c237b7b97c0c0
review_5190,class_1318693c237b7b97c0c0
review_5191,class_1318693c237b7b97c0c0
review_5192,class_1bc7e06ece0f38a60982
review_5193,class_7d54e6ff154ad392b174
review_5194,class_e65aace9237833ec7752
review_5195,class_e65aace9237833ec7752
review_5196,class_52da9457fdf6740afd51
review_5197,class_1bc7e06ece0f38a60982
review_5198,class_7d54e6ff154ad392b174
review_5199,class_52da9457fdf6740afd51
review_5200,class_1318693c237b7b97c0c0
review_5201,class_b89f90f328fa7e7781c0
review_5202,class_1318693c237b7b97c0c0
review_5203,class_1bc7e06ece0f38a60982
review_5204,class_1bc7e06ece0f38a60982
review_5205,class_1bc7e06ece0f38a60982
review_5206,class_1bc7e06ece0f38a60982
review_5207,class_7d54e6ff154ad392b174
review_5208,class_1cf1396a0c9bc53f37da
review_5209,class_52da9457fdf6740afd51
review_5210,class_1bc7e06ece0f38a60982
review_5211,class_1cf1396a0c9bc53f37da
review_5212,class_1cf1396a0c9bc53f37da
review_5213,class_1cf1396a0c9bc53f37da
review_5214,class_1cf1396a0c9bc53f37da
review_5215,class_7d54e6ff154ad392b174
review_5216,class_1cf1396a0c9bc53f37da
review_5217,class_1cf1396a0c9bc53f37da
review_5218,class_1bc7e06ece0f38a60982
review_5219,class_1cf1396a0c9bc53f37da
review_5220,class_7d54e6ff154ad392b174
review_5221,class_7d54e6ff154ad392b174
review_5222,class_1cf1396a0c9bc53f37da
review_5223,class_7d54e6ff154ad392b174
review_5224,class_1cf1396a0c9bc53f37da
review_5225,class_7d54e6ff154ad392b174
review_5226,class_1cf1396a0c9bc53f37da
review_5227,class_1cf1396a0c9bc53f37da
review_5228,class_7d54e6ff154ad392b174
review_5229,class_1cf1396a0c9bc53f37da
review_5230,class_7d54e6ff154ad392b174
review_5231,class_1cf1396a0c9bc53f37da
review_5232,class_1bc7e06ece0f38a60982
review_5233,class_1bc7e06ece0f38a60982
review_5234,class_7d54e6ff154ad392b174
review_5235,class_1bc7e06ece0f38a60982
review_5236,class_1bc7e06ece0f38a60982
review_5237,class_7d54e6ff154ad392b174
review_5238,class_1cf1396a0c9bc53f37da
review_5239,class_7d54e6ff154ad392b174
review_5240,class_7d54e6ff154ad392b174
review_5241,class_1bc7e06ece0f38a60982
review_5242,class_0eeaed02d1a961f133b4
review_5243,class_1cf1396a0c9bc53f37da
review_5244,class_1bc7e06ece0f38a60982
review_5245,class_1cf1396a0c9bc53f37da
review_5246,class_1cf1396a0c9bc53f37da
review_5247,class_1bc7e06ece0f38a60982
review_5248,class_9deef4712756d30ffaa3
review_5249,class_7d54e6ff154ad392b174
review_5250,class_1cf1396a0c9bc53f37da
review_5251,class_1bc7e06ece0f38a60982
review_5252,class_1bc7e06ece0f38a60982
review_5253,class_1bc7e06ece0f38a60982
review_5254,class_7d54e6ff154ad392b174
review_5255,class_1bc7e06ece0f38a60982
review_5256,class_1bc7e06ece0f38a60982
review_5257,class_1cf1396a0c9bc53f37da
review_5258,class_1cf1396a0c9bc53f37da
review_5259,class_1cf1396a0c9bc53f37da
review_5260,class_1bc7e06ece0f38a60982
review_5261,class_1cf1396a0c9bc53f37da
review_5262,class_1cf1396a0c9bc53f37da
review_5263,class_1cf1396a0c9bc53f37da
review_5264,class_1cf1396a0c9bc53f37da
review_5265,class_9deef4712756d30ffaa3
review_5266,class_1cf1396a0c9bc53f37da
review_5267,class_1cf1396a0c9bc53f37da
review_5268,class_1bc7e06ece0f38a60982
review_5269,class_9deef4712756d30ffaa3
review_5270,class_b89f90f328fa7e7781c0
review_5271,class_9deef4712756d30ffaa3
review_5272,class_7d54e6ff154ad392b174
review_5273,class_9deef4712756d30ffaa3
review_5274,class_7d54e6ff154ad392b174
review_5275,class_0eeaed02d1a961f133b4
review_5276,class_9deef4712756d30ffaa3
review_5277,class_7d54e6ff154ad392b174
review_5278,class_7d54e6ff154ad392b174
review_5279,class_7d54e6ff154ad392b174
review_5280,class_9deef4712756d30ffaa3
review_5281,class_7d54e6ff154ad392b174
review_5282,class_b89f90f328fa7e7781c0
review_5283,class_1318693c237b7b97c0c0
review_5284,class_b89f90f328fa7e7781c0
review_5285,class_9deef4712756d30ffaa3
review_5286,class_9deef4712756d30ffaa3
review_5287,class_1bc7e06ece0f38a60982
review_5288,class_9deef4712756d30ffaa3
review_5289,class_1bc7e06ece0f38a60982
review_5290,class_c3ca5f787365eae0dea8
review_5291,class_0eeaed02d1a961f133b4
review_5292,class_0eeaed02d1a961f133b4
review_5293,class_1bc7e06ece0f38a60982
review_5294,class_0eeaed02d1a961f133b4
review_5295,class_1bc7e06ece0f38a60982
review_5296,class_7d54e6ff154ad392b174
review_5297,class_0eeaed02d1a961f133b4
review_5298,class_9deef4712756d30ffaa3
review_5299,class_1bc7e06ece0f38a60982
review_5300,class_1bc7e06ece0f38a60982
review_5301,class_7d54e6ff154ad392b174
review_5302,class_0eeaed02d1a961f133b4
review_5303,class_7d54e6ff154ad392b174
review_5304,class_9deef4712756d30ffaa3
review_5305,class_f6efb94c9ae061247bed
review_5306,class_9deef4712756d30ffaa3
review_5307,class_7d54e6ff154ad392b174
review_5308,class_52438e68a549a636811e
review_5309,class_9deef4712756d30ffaa3
review_5310,class_1bc7e06ece0f38a60982
review_5311,class_7d54e6ff154ad392b174
review_5312,class_9deef4712756d30ffaa3
review_5313,class_9deef4712756d30ffaa3
review_5314,class_0eeaed02d1a961f133b4
review_5315,class_9deef4712756d30ffaa3
review_5316,class_0eeaed02d1a961f133b4
review_5317,class_0eeaed02d1a961f133b4
review_5318,class_9deef4712756d30ffaa3
review_5319,class_1bc7e06ece0f38a60982
review_5320,class_7d54e6ff154ad392b174
review_5321,class_1bc7e06ece0f38a60982
review_5322,class_0eeaed02d1a961f133b4
review_5323,class_9deef4712756d30ffaa3
review_5324,class_9deef4712756d30ffaa3
review_5325,class_9deef4712756d30ffaa3
review_5326,class_7d54e6ff154ad392b174
review_5327,class_0eeaed02d1a961f133b4
review_5328,class_9deef4712756d30ffaa3
review_5329,class_9deef4712756d30ffaa3
review_5330,class_0eeaed02d1a961f133b4
review_5331,class_0eeaed02d1a961f133b4
review_5332,class_9deef4712756d30ffaa3
review_5333,class_7d54e6ff154ad392b174
review_5334,class_b89f90f328fa7e7781c0
review_5335,class_7d54e6ff154ad392b174
review_5336,class_e65aace9237833ec7752
review_5337,class_7d54e6ff154ad392b174
review_5338,class_5da3128be1ff7664a1b2
review_5339,class_7d54e6ff154ad392b174
review_5340,class_7d54e6ff154ad392b174
review_5341,class_1bc7e06ece0f38a60982
review_5342,class_52da9457fdf6740afd51
review_5343,class_7d54e6ff154ad392b174
review_5344,class_7d54e6ff154ad392b174
review_5345,class_7d54e6ff154ad392b174
review_5346,class_e65aace9237833ec7752
review_5347,class_7d54e6ff154ad392b174
review_5348,class_48075864b2596de25a65
review_5349,class_e65aace9237833ec7752
review_5350,class_5da3128be1ff7664a1b2
review_5351,class_52da9457fdf6740afd51
review_5352,class_1bc7e06ece0f38a60982
review_5353,class_7d54e6ff154ad392b174
review_5354,class_5da3128be1ff7664a1b2
review_5355,class_52da9457fdf6740afd51
review_5356,class_e65aace9237833ec7752
review_5357,class_7d54e6ff154ad392b174
review_5358,class_1bc7e06ece0f38a60982
review_5359,class_7d54e6ff154ad392b174
review_5360,class_52da9457fdf6740afd51
review_5361,class_5da3128be1ff7664a1b2
review_5362,class_1bc7e06ece0f38a60982
review_5363,class_7d54e6ff154ad392b174
review_5364,class_7d54e6ff154ad392b174
review_5365,class_7d54e6ff154ad392b174
review_5366,class_1bc7e06ece0f38a60982
review_5367,class_5da3128be1ff7664a1b2
review_5368,class_1bc7e06ece0f38a60982
review_5369,class_5da3128be1ff7664a1b2
review_5370,class_1bc7e06ece0f38a60982
review_5371,class_48075864b2596de25a65
review_5372,class_1bc7e06ece0f38a60982
review_5373,class_7d54e6ff154ad392b174
review_5374,class_1bc7e06ece0f38a60982
review_5375,class_52da9457fdf6740afd51
review_5376,class_5da3128be1ff7664a1b2
review_5377,class_e65aace9237833ec7752
review_5378,class_52da9457fdf6740afd51
review_5379,class_5da3128be1ff7664a1b2
review_5380,class_1bc7e06ece0f38a60982
review_5381,class_7d54e6ff154ad392b174
review_5382,class_5da3128be1ff7664a1b2
review_5383,class_1bc7e06ece0f38a60982
review_5384,class_5da3128be1ff7664a1b2
review_5385,class_0eeaed02d1a961f133b4
review_5386,class_5da3128be1ff7664a1b2
review_5387,class_52da9457fdf6740afd51
review_5388,class_52da9457fdf6740afd51
review_5389,class_52da9457fdf6740afd51
review_5390,class_7d54e6ff154ad392b174
review_5391,class_52da9457fdf6740afd51
review_5392,class_7d54e6ff154ad392b174
review_5393,class_7d54e6ff154ad392b174
review_5394,class_7d54e6ff154ad392b174
review_5395,class_5da3128be1ff7664a1b2
review_5396,class_7d54e6ff154ad392b174
review_5397,class_7d54e6ff154ad392b174
review_5398,class_7d54e6ff154ad392b174
review_5399,class_1bc7e06ece0f38a60982
review_5400,class_1bc7e06ece0f38a60982
review_5401,class_5da3128be1ff7664a1b2
review_5402,class_52da9457fdf6740afd51
review_5403,class_1bc7e06ece0f38a60982
review_5404,class_52da9457fdf6740afd51
review_5405,class_7d54e6ff154ad392b174
review_5406,class_5da3128be1ff7664a1b2
review_5407,class_1bc7e06ece0f38a60982
review_5408,class_52da9457fdf6740afd51
review_5409,class_e65aace9237833ec7752
review_5410,class_5da3128be1ff7664a1b2
review_5411,class_7d54e6ff154ad392b174
review_5412,class_e65aace9237833ec7752
review_5413,class_e65aace9237833ec7752
review_5414,class_5da3128be1ff7664a1b2
review_5415,class_1bc7e06ece0f38a60982
review_5416,class_1bc7e06ece0f38a60982
review_5417,class_52da9457fdf6740afd51
review_5418,class_1bc7e06ece0f38a60982
review_5419,class_5da3128be1ff7664a1b2
review_5420,class_1bc7e06ece0f38a60982
review_5421,class_1bc7e06ece0f38a60982
review_5422,class_7d54e6ff154ad392b174
review_5423,class_52da9457fdf6740afd51
review_5424,class_1bc7e06ece0f38a60982
review_5425,class_1bc7e06ece0f38a60982
review_5426,class_1bc7e06ece0f38a60982
review_5427,class_5da3128be1ff7664a1b2
review_5428,class_1bc7e06ece0f38a60982
review_5429,class_1bc7e06ece0f38a60982
review_5430,class_1bc7e06ece0f38a60982
review_5431,class_9deef4712756d30ffaa3
review_5432,class_1318693c237b7b97c0c0
review_5433,class_9deef4712756d30ffaa3
review_5434,class_1cf1396a0c9bc53f37da
review_5435,class_9deef4712756d30ffaa3
review_5436,class_1318693c237b7b97c0c0
review_5437,class_7d54e6ff154ad392b174
review_5438,class_9deef4712756d30ffaa3
review_5439,class_1318693c237b7b97c0c0
review_5440,class_9deef4712756d30ffaa3
review_5441,class_9deef4712756d30ffaa3
review_5442,class_1318693c237b7b97c0c0
review_5443,class_9deef4712756d30ffaa3
review_5444,class_9deef4712756d30ffaa3
review_5445,class_9deef4712756d30ffaa3
review_5446,class_1318693c237b7b97c0c0
review_5447,class_9deef4712756d30ffaa3
review_5448,class_9deef4712756d30ffaa3
review_5449,class_1318693c237b7b97c0c0
review_5450,class_9deef4712756d30ffaa3
review_5451,class_9deef4712756d30ffaa3
review_5452,class_1318693c237b7b97c0c0
review_5453,class_1cf1396a0c9bc53f37da
review_5454,class_9deef4712756d30ffaa3
review_5455,class_5da3128be1ff7664a1b2
review_5456,class_1318693c237b7b97c0c0
review_5457,class_9deef4712756d30ffaa3
review_5458,class_1318693c237b7b97c0c0
review_5459,class_e65aace9237833ec7752
review_5460,class_1bc7e06ece0f38a60982
review_5461,class_1cf1396a0c9bc53f37da
review_5462,class_9deef4712756d30ffaa3
review_5463,class_9deef4712756d30ffaa3
review_5464,class_1318693c237b7b97c0c0
review_5465,class_1cf1396a0c9bc53f37da
review_5466,class_1318693c237b7b97c0c0
review_5467,class_5da3128be1ff7664a1b2
review_5468,class_1318693c237b7b97c0c0
review_5469,class_9deef4712756d30ffaa3
review_5470,class_9deef4712756d30ffaa3
review_5471,class_9deef4712756d30ffaa3
review_5472,class_1cf1396a0c9bc53f37da
review_5473,class_1318693c237b7b97c0c0
review_5474,class_1318693c237b7b97c0c0
review_5475,class_9deef4712756d30ffaa3
review_5476,class_9deef4712756d30ffaa3
review_5477,class_9deef4712756d30ffaa3
review_5478,class_1cf1396a0c9bc53f37da
review_5479,class_9deef4712756d30ffaa3
review_5480,class_9deef4712756d30ffaa3
review_5481,class_9deef4712756d30ffaa3
review_5482,class_9deef4712756d30ffaa3
review_5483,class_1318693c237b7b97c0c0
review_5484,class_52da9457fdf6740afd51
review_5485,class_1318693c237b7b97c0c0
review_5486,class_b89f90f328fa7e7781c0
review_5487,class_7d54e6ff154ad392b174
review_5488,class_7d54e6ff154ad392b174
review_5489,class_7d54e6ff154ad392b174
review_5490,class_7d54e6ff154ad392b174
review_5491,class_7d54e6ff154ad392b174
review_5492,class_7d54e6ff154ad392b174
review_5493,class_b89f90f328fa7e7781c0
review_5494,class_7d54e6ff154ad392b174
review_5495,class_7d54e6ff154ad392b174
review_5496,class_b89f90f328fa7e7781c0
review_5497,class_7d54e6ff154ad392b174
review_5498,class_7d54e6ff154ad392b174
review_5499,class_7d54e6ff154ad392b174
review_5500,class_7d54e6ff154ad392b174
review_5501,class_7d54e6ff154ad392b174
review_5502,class_c3ca5f787365eae0dea8
review_5503,class_7d54e6ff154ad392b174
review_5504,class_7d54e6ff154ad392b174
review_5505,class_7d54e6ff154ad392b174
review_5506,class_7d54e6ff154ad392b174
review_5507,class_7d54e6ff154ad392b174
review_5508,class_7d54e6ff154ad392b174
review_5509,class_7d54e6ff154ad392b174
review_5510,class_1bc7e06ece0f38a60982
review_5511,class_7d54e6ff154ad392b174
review_5512,class_5da3128be1ff7664a1b2
review_5513,class_1bc7e06ece0f38a60982
review_5514,class_1bc7e06ece0f38a60982
review_5515,class_7d54e6ff154ad392b174
review_5516,class_1bc7e06ece0f38a60982
review_5517,class_1bc7e06ece0f38a60982
review_5518,class_1bc7e06ece0f38a60982
review_5519,class_7d54e6ff154ad392b174
review_5520,class_1bc7e06ece0f38a60982
review_5521,class_1bc7e06ece0f38a60982
review_5522,class_1bc7e06ece0f38a60982
review_5523,class_1bc7e06ece0f38a60982
review_5524,class_1bc7e06ece0f38a60982
review_5525,class_5da3128be1ff7664a1b2
review_5526,class_1318693c237b7b97c0c0
review_5527,class_1bc7e06ece0f38a60982
review_5528,class_5da3128be1ff7664a1b2
review_5529,class_52da9457fdf6740afd51
review_5530,class_52da9457fdf6740afd51
review_5531,class_1bc7e06ece0f38a60982
review_5532,class_1bc7e06ece0f38a60982
review_5533,class_1bc7e06ece0f38a60982
review_5534,class_7d54e6ff154ad392b174
review_5535,class_7d54e6ff154ad392b174
review_5536,class_1bc7e06ece0f38a60982
review_5537,class_1bc7e06ece0f38a60982
review_5538,class_1bc7e06ece0f38a60982
review_5539,class_52da9457fdf6740afd51
review_5540,class_1bc7e06ece0f38a60982
review_5541,class_1bc7e06ece0f38a60982
review_5542,class_5da3128be1ff7664a1b2
review_5543,class_b89f90f328fa7e7781c0
review_5544,class_5da3128be1ff7664a1b2
review_5545,class_1bc7e06ece0f38a60982
review_5546,class_5da3128be1ff7664a1b2
review_5547,class_1bc7e06ece0f38a60982
review_5548,class_1bc7e06ece0f38a60982
review_5549,class_1bc7e06ece0f38a60982
review_5550,class_1bc7e06ece0f38a60982
review_5551,class_1bc7e06ece0f38a60982
review_5552,class_1bc7e06ece0f38a60982
review_5553,class_7d54e6ff154ad392b174
review_5554,class_1bc7e06ece0f38a60982
review_5555,class_1318693c237b7b97c0c0
review_5556,class_7d54e6ff154ad392b174
review_5557,class_1bc7e06ece0f38a60982
review_5558,class_7d54e6ff154ad392b174
review_5559,class_1bc7e06ece0f38a60982
review_5560,class_7d54e6ff154ad392b174
review_5561,class_7d54e6ff154ad392b174
review_5562,class_1bc7e06ece0f38a60982
review_5563,class_5da3128be1ff7664a1b2
review_5564,class_7d54e6ff154ad392b174
review_5565,class_1bc7e06ece0f38a60982
review_5566,class_1bc7e06ece0f38a60982
review_5567,class_1bc7e06ece0f38a60982
review_5568,class_7d54e6ff154ad392b174
review_5569,class_1bc7e06ece0f38a60982
review_5570,class_1bc7e06ece0f38a60982
review_5571,class_1bc7e06ece0f38a60982
review_5572,class_7d54e6ff154ad392b174
review_5573,class_1bc7e06ece0f38a60982
review_5574,class_1bc7e06ece0f38a60982
review_5575,class_7d54e6ff154ad392b174
review_5576,class_52da9457fdf6740afd51
review_5577,class_1bc7e06ece0f38a60982
review_5578,class_5da3128be1ff7664a1b2
review_5579,class_1bc7e06ece0f38a60982
review_5580,class_7d54e6ff154ad392b174
review_5581,class_1318693c237b7b97c0c0
review_5582,class_7d54e6ff154ad392b174
review_5583,class_7d54e6ff154ad392b174
review_5584,class_1bc7e06ece0f38a60982
review_5585,class_7d54e6ff154ad392b174
review_5586,class_1bc7e06ece0f38a60982
review_5587,class_7d54e6ff154ad392b174
review_5588,class_52da9457fdf6740afd51
review_5589,class_1bc7e06ece0f38a60982
review_5590,class_1bc7e06ece0f38a60982
review_5591,class_1cf1396a0c9bc53f37da
review_5592,class_1bc7e06ece0f38a60982
review_5593,class_1bc7e06ece0f38a60982
review_5594,class_5da3128be1ff7664a1b2
review_5595,class_52da9457fdf6740afd51
review_5596,class_7d54e6ff154ad392b174
review_5597,class_1bc7e06ece0f38a60982
review_5598,class_5da3128be1ff7664a1b2
review_5599,class_7d54e6ff154ad392b174
review_5600,class_1bc7e06ece0f38a60982
review_5601,class_7d54e6ff154ad392b174
review_5602,class_7d54e6ff154ad392b174
review_5603,class_1bc7e06ece0f38a60982
review_5604,class_1bc7e06ece0f38a60982
review_5605,class_5da3128be1ff7664a1b2
review_5606,class_1bc7e06ece0f38a60982
review_5607,class_1318693c237b7b97c0c0
review_5608,class_1bc7e06ece0f38a60982
review_5609,class_e65aace9237833ec7752
review_5610,class_1bc7e06ece0f38a60982
review_5611,class_5da3128be1ff7664a1b2
review_5612,class_4397d106b671d697b6e0
review_5613,class_9e32d15b246e504af33c
review_5614,class_4397d106b671d697b6e0
review_5615,class_7d54e6ff154ad392b174
review_5616,class_7d54e6ff154ad392b174
review_5617,class_4397d106b671d697b6e0
review_5618,class_4397d106b671d697b6e0
review_5619,class_7d54e6ff154ad392b174
review_5620,class_4397d106b671d697b6e0
review_5621,class_9e32d15b246e504af33c
review_5622,class_1318693c237b7b97c0c0
review_5623,class_4397d106b671d697b6e0
review_5624,class_4397d106b671d697b6e0
review_5625,class_1318693c237b7b97c0c0
review_5626,class_4397d106b671d697b6e0
review_5627,class_4397d106b671d697b6e0
review_5628,class_1318693c237b7b97c0c0
review_5629,class_7d54e6ff154ad392b174
review_5630,class_4397d106b671d697b6e0
review_5631,class_9e32d15b246e504af33c
review_5632,class_9e32d15b246e504af33c
review_5633,class_4397d106b671d697b6e0
review_5634,class_4397d106b671d697b6e0
review_5635,class_4397d106b671d697b6e0
review_5636,class_b7f740446b63715473af
review_5637,class_7d54e6ff154ad392b174
review_5638,class_7d54e6ff154ad392b174
review_5639,class_1318693c237b7b97c0c0
review_5640,class_7d54e6ff154ad392b174
review_5641,class_7d54e6ff154ad392b174
review_5642,class_7d54e6ff154ad392b174
review_5643,class_7d54e6ff154ad392b174
review_5644,class_be68f8ed5877c11b8be4
review_5645,class_7d54e6ff154ad392b174
review_5646,class_1bc7e06ece0f38a60982
review_5647,class_7d54e6ff154ad392b174
review_5648,class_0eeaed02d1a961f133b4
review_5649,class_1bc7e06ece0f38a60982
review_5650,class_52da9457fdf6740afd51
review_5651,class_52da9457fdf6740afd51
review_5652,class_b7f740446b63715473af
review_5653,class_52da9457fdf6740afd51
review_5654,class_7d54e6ff154ad392b174
review_5655,class_7d54e6ff154ad392b174
review_5656,class_7d54e6ff154ad392b174
review_5657,class_1bc7e06ece0f38a60982
review_5658,class_52da9457fdf6740afd51
review_5659,class_7d54e6ff154ad392b174
review_5660,class_52da9457fdf6740afd51
review_5661,class_52da9457fdf6740afd51
review_5662,class_52da9457fdf6740afd51
review_5663,class_7d54e6ff154ad392b174
review_5664,class_52da9457fdf6740afd51
review_5665,class_b7f740446b63715473af
review_5666,class_52da9457fdf6740afd51
review_5667,class_7d54e6ff154ad392b174
review_5668,class_1bc7e06ece0f38a60982
review_5669,class_52da9457fdf6740afd51
review_5670,class_52da9457fdf6740afd51
review_5671,class_1bc7e06ece0f38a60982
review_5672,class_0eeaed02d1a961f133b4
review_5673,class_0eeaed02d1a961f133b4
review_5674,class_0eeaed02d1a961f133b4
review_5675,class_7d54e6ff154ad392b174
review_5676,class_7d54e6ff154ad392b174
review_5677,class_52da9457fdf6740afd51
review_5678,class_7d54e6ff154ad392b174
review_5679,class_7d54e6ff154ad392b174
review_5680,class_1cf1396a0c9bc53f37da
review_5681,class_9deef4712756d30ffaa3
review_5682,class_b7f740446b63715473af
review_5683,class_7d54e6ff154ad392b174
review_5684,class_0eeaed02d1a961f133b4
review_5685,class_0eeaed02d1a961f133b4
review_5686,class_0eeaed02d1a961f133b4
review_5687,class_0eeaed02d1a961f133b4
review_5688,class_7d54e6ff154ad392b174
review_5689,class_7d54e6ff154ad392b174
review_5690,class_7d54e6ff154ad392b174
review_5691,class_1bc7e06ece0f38a60982
review_5692,class_b7f740446b63715473af
review_5693,class_7d54e6ff154ad392b174
review_5694,class_0eeaed02d1a961f133b4
review_5695,class_0eeaed02d1a961f133b4
review_5696,class_7d54e6ff154ad392b174
review_5697,class_1bc7e06ece0f38a60982
review_5698,class_7d54e6ff154ad392b174
review_5699,class_0eeaed02d1a961f133b4
review_5700,class_7d54e6ff154ad392b174
review_5701,class_7d54e6ff154ad392b174
review_5702,class_7d54e6ff154ad392b174
review_5703,class_7d54e6ff154ad392b174
review_5704,class_1bc7e06ece0f38a60982
review_5705,class_7d54e6ff154ad392b174
review_5706,class_7d54e6ff154ad392b174
review_5707,class_7d54e6ff154ad392b174
review_5708,class_1bc7e06ece0f38a60982
review_5709,class_7d54e6ff154ad392b174
review_5710,class_52da9457fdf6740afd51
review_5711,class_7d54e6ff154ad392b174
review_5712,class_7d54e6ff154ad392b174
review_5713,class_7d54e6ff154ad392b174
review_5714,class_1bc7e06ece0f38a60982
review_5715,class_52da9457fdf6740afd51
review_5716,class_7d54e6ff154ad392b174
review_5717,class_1bc7e06ece0f38a60982
review_5718,class_1bc7e06ece0f38a60982
review_5719,class_1bc7e06ece0f38a60982
review_5720,class_52da9457fdf6740afd51
review_5721,class_52da9457fdf6740afd51
review_5722,class_1bc7e06ece0f38a60982
review_5723,class_1bc7e06ece0f38a60982
review_5724,class_7d54e6ff154ad392b174
review_5725,class_7d54e6ff154ad392b174
review_5726,class_1bc7e06ece0f38a60982
review_5727,class_52da9457fdf6740afd51
review_5728,class_1bc7e06ece0f38a60982
review_5729,class_7d54e6ff154ad392b174
review_5730,class_7d54e6ff154ad392b174
review_5731,class_1bc7e06ece0f38a60982
review_5732,class_1bc7e06ece0f38a60982
review_5733,class_1bc7e06ece0f38a60982
review_5734,class_7d54e6ff154ad392b174
review_5735,class_1bc7e06ece0f38a60982
review_5736,class_1bc7e06ece0f38a60982
review_5737,class_1bc7e06ece0f38a60982
review_5738,class_52da9457fdf6740afd51
review_5739,class_1bc7e06ece0f38a60982
review_5740,class_1bc7e06ece0f38a60982
review_5741,class_7d54e6ff154ad392b174
review_5742,class_1bc7e06ece0f38a60982
review_5743,class_1bc7e06ece0f38a60982
review_5744,class_1bc7e06ece0f38a60982
review_5745,class_52da9457fdf6740afd51
review_5746,class_7d54e6ff154ad392b174
review_5747,class_1bc7e06ece0f38a60982
review_5748,class_1bc7e06ece0f38a60982
review_5749,class_1bc7e06ece0f38a60982
review_5750,class_52da9457fdf6740afd51
review_5751,class_7d54e6ff154ad392b174
review_5752,class_b7f740446b63715473af
review_5753,class_7d54e6ff154ad392b174
review_5754,class_7d54e6ff154ad392b174
review_5755,class_1bc7e06ece0f38a60982
review_5756,class_1bc7e06ece0f38a60982
review_5757,class_7d54e6ff154ad392b174
review_5758,class_7d54e6ff154ad392b174
review_5759,class_1bc7e06ece0f38a60982
review_5760,class_7d54e6ff154ad392b174
review_5761,class_5da3128be1ff7664a1b2
review_5762,class_1bc7e06ece0f38a60982
review_5763,class_1bc7e06ece0f38a60982
review_5764,class_1bc7e06ece0f38a60982
review_5765,class_7d54e6ff154ad392b174
review_5766,class_1bc7e06ece0f38a60982
review_5767,class_1bc7e06ece0f38a60982
review_5768,class_1bc7e06ece0f38a60982
review_5769,class_1bc7e06ece0f38a60982
review_5770,class_b89f90f328fa7e7781c0
review_5771,class_7d54e6ff154ad392b174
review_5772,class_1bc7e06ece0f38a60982
review_5773,class_1bc7e06ece0f38a60982
review_5774,class_7d54e6ff154ad392b174
review_5775,class_7d54e6ff154ad392b174
review_5776,class_1bc7e06ece0f38a60982
review_5777,class_1bc7e06ece0f38a60982
review_5778,class_7d54e6ff154ad392b174
review_5779,class_1bc7e06ece0f38a60982
review_5780,class_7d54e6ff154ad392b174
review_5781,class_7d54e6ff154ad392b174
review_5782,class_1bc7e06ece0f38a60982
review_5783,class_7d54e6ff154ad392b174
review_5784,class_9deef4712756d30ffaa3
review_5785,class_7d54e6ff154ad392b174
review_5786,class_e65aace9237833ec7752
review_5787,class_9deef4712756d30ffaa3
review_5788,class_52da9457fdf6740afd51
review_5789,class_1cf1396a0c9bc53f37da
review_5790,class_9deef4712756d30ffaa3
review_5791,class_7d54e6ff154ad392b174
review_5792,class_52da9457fdf6740afd51
review_5793,class_52da9457fdf6740afd51
review_5794,class_e65aace9237833ec7752
review_5795,class_e65aace9237833ec7752
review_5796,class_1318693c237b7b97c0c0
review_5797,class_52da9457fdf6740afd51
review_5798,class_e65aace9237833ec7752
review_5799,class_7d54e6ff154ad392b174
review_5800,class_e65aace9237833ec7752
review_5801,class_52da9457fdf6740afd51
review_5802,class_e65aace9237833ec7752
review_5803,class_9deef4712756d30ffaa3
review_5804,class_e65aace9237833ec7752
review_5805,class_1cf1396a0c9bc53f37da
review_5806,class_1318693c237b7b97c0c0
review_5807,class_be68f8ed5877c11b8be4
review_5808,class_e65aace9237833ec7752
review_5809,class_7d54e6ff154ad392b174
review_5810,class_7d54e6ff154ad392b174
review_5811,class_e65aace9237833ec7752
review_5812,class_1cf1396a0c9bc53f37da
review_5813,class_1318693c237b7b97c0c0
review_5814,class_e65aace9237833ec7752
review_5815,class_1318693c237b7b97c0c0
review_5816,class_f6efb94c9ae061247bed
review_5817,class_52da9457fdf6740afd51
review_5818,class_52da9457fdf6740afd51
review_5819,class_1cf1396a0c9bc53f37da
review_5820,class_1cf1396a0c9bc53f37da
review_5821,class_1cf1396a0c9bc53f37da
review_5822,class_1cf1396a0c9bc53f37da
review_5823,class_1cf1396a0c9bc53f37da
review_5824,class_1cf1396a0c9bc53f37da
review_5825,class_b89f90f328fa7e7781c0
review_5826,class_1cf1396a0c9bc53f37da
review_5827,class_1cf1396a0c9bc53f37da
review_5828,class_9deef4712756d30ffaa3
review_5829,class_1cf1396a0c9bc53f37da
review_5830,class_1cf1396a0c9bc53f37da
review_5831,class_1cf1396a0c9bc53f37da
review_5832,class_7d54e6ff154ad392b174
review_5833,class_1cf1396a0c9bc53f37da
review_5834,class_9deef4712756d30ffaa3
review_5835,class_9deef4712756d30ffaa3
review_5836,class_1cf1396a0c9bc53f37da
review_5837,class_1cf1396a0c9bc53f37da
review_5838,class_48075864b2596de25a65
review_5839,class_1cf1396a0c9bc53f37da
review_5840,class_b89f90f328fa7e7781c0
review_5841,class_7d54e6ff154ad392b174
review_5842,class_1cf1396a0c9bc53f37da
review_5843,class_7d54e6ff154ad392b174
review_5844,class_1cf1396a0c9bc53f37da
review_5845,class_1cf1396a0c9bc53f37da
review_5846,class_7d54e6ff154ad392b174
review_5847,class_b89f90f328fa7e7781c0
review_5848,class_1cf1396a0c9bc53f37da
review_5849,class_1cf1396a0c9bc53f37da
review_5850,class_9deef4712756d30ffaa3
review_5851,class_1cf1396a0c9bc53f37da
review_5852,class_7d54e6ff154ad392b174
review_5853,class_1cf1396a0c9bc53f37da
review_5854,class_1cf1396a0c9bc53f37da
review_5855,class_1cf1396a0c9bc53f37da
review_5856,class_7d54e6ff154ad392b174
review_5857,class_1cf1396a0c9bc53f37da
review_5858,class_1cf1396a0c9bc53f37da
review_5859,class_1cf1396a0c9bc53f37da
review_5860,class_1cf1396a0c9bc53f37da
review_5861,class_9deef4712756d30ffaa3
review_5862,class_1cf1396a0c9bc53f37da
review_5863,class_1cf1396a0c9bc53f37da
review_5864,class_1cf1396a0c9bc53f37da
review_5865,class_1cf1396a0c9bc53f37da
review_5866,class_1cf1396a0c9bc53f37da
review_5867,class_7d54e6ff154ad392b174
review_5868,class_1cf1396a0c9bc53f37da
review_5869,class_1cf1396a0c9bc53f37da
review_5870,class_52da9457fdf6740afd51
review_5871,class_1bc7e06ece0f38a60982
review_5872,class_52da9457fdf6740afd51
review_5873,class_7d54e6ff154ad392b174
review_5874,class_1bc7e06ece0f38a60982
review_5875,class_1bc7e06ece0f38a60982
review_5876,class_52da9457fdf6740afd51
review_5877,class_1bc7e06ece0f38a60982
review_5878,class_1bc7e06ece0f38a60982
review_5879,class_52da9457fdf6740afd51
review_5880,class_7d54e6ff154ad392b174
review_5881,class_9e32d15b246e504af33c
review_5882,class_52da9457fdf6740afd51
review_5883,class_52da9457fdf6740afd51
review_5884,class_52da9457fdf6740afd51
review_5885,class_1bc7e06ece0f38a60982
review_5886,class_52da9457fdf6740afd51
review_5887,class_52da9457fdf6740afd51
review_5888,class_1bc7e06ece0f38a60982
review_5889,class_52da9457fdf6740afd51
review_5890,class_52da9457fdf6740afd51
review_5891,class_1bc7e06ece0f38a60982
review_5892,class_7d54e6ff154ad392b174
review_5893,class_1cf1396a0c9bc53f37da
review_5894,class_1bc7e06ece0f38a60982
review_5895,class_9deef4712756d30ffaa3
review_5896,class_1bc7e06ece0f38a60982
review_5897,class_52da9457fdf6740afd51
review_5898,class_1bc7e06ece0f38a60982
review_5899,class_7d54e6ff154ad392b174
review_5900,class_5da3128be1ff7664a1b2
review_5901,class_7d54e6ff154ad392b174
review_5902,class_1bc7e06ece0f38a60982
review_5903,class_52da9457fdf6740afd51
review_5904,class_9deef4712756d30ffaa3
review_5905,class_7d54e6ff154ad392b174
review_5906,class_1bc7e06ece0f38a60982
review_5907,class_1bc7e06ece0f38a60982
review_5908,class_7d54e6ff154ad392b174
review_5909,class_52da9457fdf6740afd51
review_5910,class_1bc7e06ece0f38a60982
review_5911,class_52da9457fdf6740afd51
review_5912,class_7d54e6ff154ad392b174
review_5913,class_1cf1396a0c9bc53f37da
review_5914,class_1bc7e06ece0f38a60982
review_5915,class_7d54e6ff154ad392b174
review_5916,class_52da9457fdf6740afd51
review_5917,class_52da9457fdf6740afd51
review_5918,class_1bc7e06ece0f38a60982
review_5919,class_1bc7e06ece0f38a60982
review_5920,class_1bc7e06ece0f38a60982
review_5921,class_52da9457fdf6740afd51
review_5922,class_52da9457fdf6740afd51
review_5923,class_1bc7e06ece0f38a60982
review_5924,class_1cf1396a0c9bc53f37da
review_5925,class_1bc7e06ece0f38a60982
review_5926,class_7d54e6ff154ad392b174
review_5927,class_9deef4712756d30ffaa3
review_5928,class_52da9457fdf6740afd51
review_5929,class_1bc7e06ece0f38a60982
review_5930,class_52da9457fdf6740afd51
review_5931,class_7d54e6ff154ad392b174
review_5932,class_4397d106b671d697b6e0
review_5933,class_7d54e6ff154ad392b174
review_5934,class_48075864b2596de25a65
review_5935,class_0eeaed02d1a961f133b4
review_5936,class_1bc7e06ece0f38a60982
review_5937,class_1bc7e06ece0f38a60982
review_5938,class_7d54e6ff154ad392b174
review_5939,class_1bc7e06ece0f38a60982
review_5940,class_9deef4712756d30ffaa3
review_5941,class_7d54e6ff154ad392b174
review_5942,class_1bc7e06ece0f38a60982
review_5943,class_52da9457fdf6740afd51
review_5944,class_1bc7e06ece0f38a60982
review_5945,class_1bc7e06ece0f38a60982
review_5946,class_1bc7e06ece0f38a60982
review_5947,class_52da9457fdf6740afd51
review_5948,class_1bc7e06ece0f38a60982
review_5949,class_1bc7e06ece0f38a60982
review_5950,class_52da9457fdf6740afd51
review_5951,class_1bc7e06ece0f38a60982
review_5952,class_0eeaed02d1a961f133b4
review_5953,class_9deef4712756d30ffaa3
review_5954,class_52da9457fdf6740afd51
review_5955,class_52da9457fdf6740afd51
review_5956,class_7d54e6ff154ad392b174
review_5957,class_52da9457fdf6740afd51
review_5958,class_7d54e6ff154ad392b174
review_5959,class_0eeaed02d1a961f133b4
review_5960,class_1bc7e06ece0f38a60982
review_5961,class_1bc7e06ece0f38a60982
review_5962,class_52da9457fdf6740afd51
review_5963,class_1bc7e06ece0f38a60982
review_5964,class_0eeaed02d1a961f133b4
review_5965,class_1bc7e06ece0f38a60982
review_5966,class_52da9457fdf6740afd51
review_5967,class_0eeaed02d1a961f133b4
review_5968,class_52da9457fdf6740afd51
review_5969,class_1bc7e06ece0f38a60982
review_5970,class_1bc7e06ece0f38a60982
review_5971,class_0eeaed02d1a961f133b4
review_5972,class_1bc7e06ece0f38a60982
review_5973,class_1bc7e06ece0f38a60982
review_5974,class_52da9457fdf6740afd51
review_5975,class_52da9457fdf6740afd51
review_5976,class_7d54e6ff154ad392b174
review_5977,class_52da9457fdf6740afd51
review_5978,class_7d54e6ff154ad392b174
review_5979,class_1bc7e06ece0f38a60982
review_5980,class_52da9457fdf6740afd51
review_5981,class_52da9457fdf6740afd51
review_5982,class_1bc7e06ece0f38a60982
review_5983,class_1bc7e06ece0f38a60982
review_5984,class_7d54e6ff154ad392b174
review_5985,class_52da9457fdf6740afd51
review_5986,class_1bc7e06ece0f38a60982
review_5987,class_1bc7e06ece0f38a60982
review_5988,class_52da9457fdf6740afd51
review_5989,class_1bc7e06ece0f38a60982
review_5990,class_9deef4712756d30ffaa3
review_5991,class_52da9457fdf6740afd51
review_5992,class_1bc7e06ece0f38a60982
review_5993,class_7d54e6ff154ad392b174
review_5994,class_52da9457fdf6740afd51
review_5995,class_1bc7e06ece0f38a60982
review_5996,class_1bc7e06ece0f38a60982
review_5997,class_52da9457fdf6740afd51
review_5998,class_1bc7e06ece0f38a60982
review_5999,class_52da9457fdf6740afd51
review_6000,class_7d54e6ff154ad392b174
review_6001,class_1bc7e06ece0f38a60982
review_6002,class_1bc7e06ece0f38a60982
review_6003,class_7d54e6ff154ad392b174
review_6004,class_1bc7e06ece0f38a60982
review_6005,class_1bc7e06ece0f38a60982
review_6006,class_1bc7e06ece0f38a60982
review_6007,class_b89f90f328fa7e7781c0
review_6008,class_1bc7e06ece0f38a60982
review_6009,class_1bc7e06ece0f38a60982
review_6010,class_1bc7e06ece0f38a60982
review_6011,class_7d54e6ff154ad392b174
review_6012,class_1bc7e06ece0f38a60982
review_6013,class_1bc7e06ece0f38a60982
review_6014,class_1bc7e06ece0f38a60982
review_6015,class_1bc7e06ece0f38a60982
review_6016,class_1cf1396a0c9bc53f37da
review_6017,class_7d54e6ff154ad392b174
review_6018,class_1bc7e06ece0f38a60982
review_6019,class_1bc7e06ece0f38a60982
review_6020,class_1bc7e06ece0f38a60982
review_6021,class_52da9457fdf6740afd51
review_6022,class_52da9457fdf6740afd51
review_6023,class_0eeaed02d1a961f133b4
review_6024,class_52da9457fdf6740afd51
review_6025,class_7d54e6ff154ad392b174
review_6026,class_1bc7e06ece0f38a60982
review_6027,class_1bc7e06ece0f38a60982
review_6028,class_1bc7e06ece0f38a60982
review_6029,class_52da9457fdf6740afd51
review_6030,class_1bc7e06ece0f38a60982
review_6031,class_1bc7e06ece0f38a60982
review_6032,class_52da9457fdf6740afd51
review_6033,class_1bc7e06ece0f38a60982
review_6034,class_7d54e6ff154ad392b174
review_6035,class_1bc7e06ece0f38a60982
review_6036,class_1bc7e06ece0f38a60982
review_6037,class_1bc7e06ece0f38a60982
review_6038,class_1bc7e06ece0f38a60982
review_6039,class_1bc7e06ece0f38a60982
review_6040,class_1bc7e06ece0f38a60982
review_6041,class_1bc7e06ece0f38a60982
review_6042,class_52da9457fdf6740afd51
review_6043,class_52da9457fdf6740afd51
review_6044,class_9deef4712756d30ffaa3
review_6045,class_52da9457fdf6740afd51
review_6046,class_1bc7e06ece0f38a60982
review_6047,class_1bc7e06ece0f38a60982
review_6048,class_7d54e6ff154ad392b174
review_6049,class_1bc7e06ece0f38a60982
review_6050,class_1bc7e06ece0f38a60982
review_6051,class_1bc7e06ece0f38a60982
review_6052,class_1bc7e06ece0f38a60982
review_6053,class_1bc7e06ece0f38a60982
review_6054,class_1bc7e06ece0f38a60982
review_6055,class_5da3128be1ff7664a1b2
review_6056,class_7d54e6ff154ad392b174
review_6057,class_7d54e6ff154ad392b174
review_6058,class_5da3128be1ff7664a1b2
review_6059,class_52da9457fdf6740afd51
review_6060,class_e65aace9237833ec7752
review_6061,class_7d54e6ff154ad392b174
review_6062,class_5da3128be1ff7664a1b2
review_6063,class_7d54e6ff154ad392b174
review_6064,class_9deef4712756d30ffaa3
review_6065,class_52da9457fdf6740afd51
review_6066,class_52da9457fdf6740afd51
review_6067,class_52da9457fdf6740afd51
review_6068,class_7d54e6ff154ad392b174
review_6069,class_7d54e6ff154ad392b174
review_6070,class_52da9457fdf6740afd51
review_6071,class_5da3128be1ff7664a1b2
review_6072,class_7d54e6ff154ad392b174
review_6073,class_7d54e6ff154ad392b174
review_6074,class_52da9457fdf6740afd51
review_6075,class_7d54e6ff154ad392b174
review_6076,class_52da9457fdf6740afd51
review_6077,class_7d54e6ff154ad392b174
review_6078,class_1318693c237b7b97c0c0
review_6079,class_7d54e6ff154ad392b174
review_6080,class_52da9457fdf6740afd51
review_6081,class_52da9457fdf6740afd51
review_6082,class_7d54e6ff154ad392b174
review_6083,class_52da9457fdf6740afd51
review_6084,class_7d54e6ff154ad392b174
review_6085,class_be68f8ed5877c11b8be4
review_6086,class_52da9457fdf6740afd51
review_6087,class_1318693c237b7b97c0c0
review_6088,class_5da3128be1ff7664a1b2
review_6089,class_5da3128be1ff7664a1b2
review_6090,class_52da9457fdf6740afd51
review_6091,class_52da9457fdf6740afd51
review_6092,class_52da9457fdf6740afd51
review_6093,class_52da9457fdf6740afd51
review_6094,class_5da3128be1ff7664a1b2
review_6095,class_e65aace9237833ec7752
review_6096,class_7d54e6ff154ad392b174
review_6097,class_7d54e6ff154ad392b174
review_6098,class_1cf1396a0c9bc53f37da
review_6099,class_7d54e6ff154ad392b174
review_6100,class_52da9457fdf6740afd51
review_6101,class_1318693c237b7b97c0c0
review_6102,class_7d54e6ff154ad392b174
review_6103,class_7d54e6ff154ad392b174
review_6104,class_e65aace9237833ec7752
review_6105,class_1318693c237b7b97c0c0
review_6106,class_52da9457fdf6740afd51
review_6107,class_7d54e6ff154ad392b174
review_6108,class_52da9457fdf6740afd51
review_6109,class_7d54e6ff154ad392b174
review_6110,class_7d54e6ff154ad392b174
review_6111,class_7d54e6ff154ad392b174
review_6112,class_1cf1396a0c9bc53f37da
review_6113,class_7d54e6ff154ad392b174
review_6114,class_1bc7e06ece0f38a60982
review_6115,class_7d54e6ff154ad392b174
review_6116,class_7d54e6ff154ad392b174
review_6117,class_1bc7e06ece0f38a60982
review_6118,class_7d54e6ff154ad392b174
review_6119,class_7d54e6ff154ad392b174
review_6120,class_1bc7e06ece0f38a60982
review_6121,class_7d54e6ff154ad392b174
review_6122,class_1bc7e06ece0f38a60982
review_6123,class_48075864b2596de25a65
review_6124,class_5da3128be1ff7664a1b2
review_6125,class_7d54e6ff154ad392b174
review_6126,class_1bc7e06ece0f38a60982
review_6127,class_1bc7e06ece0f38a60982
review_6128,class_7d54e6ff154ad392b174
review_6129,class_1cf1396a0c9bc53f37da
review_6130,class_7d54e6ff154ad392b174
review_6131,class_7d54e6ff154ad392b174
review_6132,class_1bc7e06ece0f38a60982
review_6133,class_1bc7e06ece0f38a60982
review_6134,class_9deef4712756d30ffaa3
review_6135,class_1bc7e06ece0f38a60982
review_6136,class_5da3128be1ff7664a1b2
review_6137,class_48075864b2596de25a65
review_6138,class_48075864b2596de25a65
review_6139,class_1bc7e06ece0f38a60982
review_6140,class_1bc7e06ece0f38a60982
review_6141,class_1bc7e06ece0f38a60982
review_6142,class_7d54e6ff154ad392b174
review_6143,class_7d54e6ff154ad392b174
review_6144,class_1bc7e06ece0f38a60982
review_6145,class_1bc7e06ece0f38a60982
review_6146,class_1bc7e06ece0f38a60982
review_6147,class_7d54e6ff154ad392b174
review_6148,class_1bc7e06ece0f38a60982
review_6149,class_1cf1396a0c9bc53f37da
review_6150,class_7d54e6ff154ad392b174
review_6151,class_1bc7e06ece0f38a60982
review_6152,class_1bc7e06ece0f38a60982
review_6153,class_1cf1396a0c9bc53f37da
review_6154,class_1bc7e06ece0f38a60982
review_6155,class_7d54e6ff154ad392b174
review_6156,class_7d54e6ff154ad392b174
review_6157,class_7d54e6ff154ad392b174
review_6158,class_7d54e6ff154ad392b174
review_6159,class_7d54e6ff154ad392b174
review_6160,class_9deef4712756d30ffaa3
review_6161,class_7d54e6ff154ad392b174
review_6162,class_1bc7e06ece0f38a60982
review_6163,class_5da3128be1ff7664a1b2
review_6164,class_52da9457fdf6740afd51
review_6165,class_52438e68a549a636811e
review_6166,class_52da9457fdf6740afd51
review_6167,class_1bc7e06ece0f38a60982
review_6168,class_52da9457fdf6740afd51
review_6169,class_1bc7e06ece0f38a60982
review_6170,class_1bc7e06ece0f38a60982
review_6171,class_1bc7e06ece0f38a60982
review_6172,class_52da9457fdf6740afd51
review_6173,class_1bc7e06ece0f38a60982
review_6174,class_1bc7e06ece0f38a60982
review_6175,class_52da9457fdf6740afd51
review_6176,class_1bc7e06ece0f38a60982
review_6177,class_1bc7e06ece0f38a60982
review_6178,class_52da9457fdf6740afd51
review_6179,class_1bc7e06ece0f38a60982
review_6180,class_9e32d15b246e504af33c
review_6181,class_f6efb94c9ae061247bed
review_6182,class_1bc7e06ece0f38a60982
review_6183,class_9e32d15b246e504af33c
review_6184,class_1bc7e06ece0f38a60982
review_6185,class_1bc7e06ece0f38a60982
review_6186,class_1bc7e06ece0f38a60982
review_6187,class_1bc7e06ece0f38a60982
review_6188,class_52438e68a549a636811e
review_6189,class_1bc7e06ece0f38a60982
review_6190,class_52da9457fdf6740afd51
review_6191,class_52da9457fdf6740afd51
review_6192,class_1bc7e06ece0f38a60982
review_6193,class_52da9457fdf6740afd51
review_6194,class_52da9457fdf6740afd51
review_6195,class_52da9457fdf6740afd51
review_6196,class_52da9457fdf6740afd51
review_6197,class_7d54e6ff154ad392b174
review_6198,class_52da9457fdf6740afd51
review_6199,class_52da9457fdf6740afd51
review_6200,class_1bc7e06ece0f38a60982
review_6201,class_7d54e6ff154ad392b174
review_6202,class_52da9457fdf6740afd51
review_6203,class_1318693c237b7b97c0c0
review_6204,class_7d54e6ff154ad392b174
review_6205,class_1bc7e06ece0f38a60982
review_6206,class_7d54e6ff154ad392b174
review_6207,class_7d54e6ff154ad392b174
review_6208,class_7d54e6ff154ad392b174
review_6209,class_e65aace9237833ec7752
review_6210,class_1318693c237b7b97c0c0
review_6211,class_1318693c237b7b97c0c0
review_6212,class_f6efb94c9ae061247bed
review_6213,class_e65aace9237833ec7752
review_6214,class_7d54e6ff154ad392b174
review_6215,class_7d54e6ff154ad392b174
review_6216,class_52da9457fdf6740afd51
review_6217,class_7d54e6ff154ad392b174
review_6218,class_52da9457fdf6740afd51
review_6219,class_52da9457fdf6740afd51
review_6220,class_52da9457fdf6740afd51
review_6221,class_1cf1396a0c9bc53f37da
review_6222,class_52da9457fdf6740afd51
review_6223,class_52da9457fdf6740afd51
review_6224,class_1bc7e06ece0f38a60982
review_6225,class_52da9457fdf6740afd51
review_6226,class_f6efb94c9ae061247bed
review_6227,class_52da9457fdf6740afd51
review_6228,class_e65aace9237833ec7752
review_6229,class_1cf1396a0c9bc53f37da
review_6230,class_e65aace9237833ec7752
review_6231,class_52da9457fdf6740afd51
review_6232,class_1bc7e06ece0f38a60982
review_6233,class_52da9457fdf6740afd51
review_6234,class_7d54e6ff154ad392b174
review_6235,class_52da9457fdf6740afd51
review_6236,class_7d54e6ff154ad392b174
review_6237,class_1cf1396a0c9bc53f37da
review_6238,class_52da9457fdf6740afd51
review_6239,class_1318693c237b7b97c0c0
review_6240,class_1318693c237b7b97c0c0
review_6241,class_1bc7e06ece0f38a60982
review_6242,class_1bc7e06ece0f38a60982
review_6243,class_52da9457fdf6740afd51
review_6244,class_7d54e6ff154ad392b174
review_6245,class_f6efb94c9ae061247bed
review_6246,class_1cf1396a0c9bc53f37da
review_6247,class_7d54e6ff154ad392b174
review_6248,class_7d54e6ff154ad392b174
review_6249,class_52da9457fdf6740afd51
review_6250,class_7d54e6ff154ad392b174
review_6251,class_7d54e6ff154ad392b174
review_6252,class_52da9457fdf6740afd51
review_6253,class_7d54e6ff154ad392b174
review_6254,class_7d54e6ff154ad392b174
review_6255,class_52da9457fdf6740afd51
review_6256,class_1cf1396a0c9bc53f37da
review_6257,class_7d54e6ff154ad392b174
review_6258,class_e65aace9237833ec7752
review_6259,class_1bc7e06ece0f38a60982
review_6260,class_52da9457fdf6740afd51
review_6261,class_52da9457fdf6740afd51
review_6262,class_52da9457fdf6740afd51
review_6263,class_52da9457fdf6740afd51
review_6264,class_e65aace9237833ec7752
review_6265,class_52da9457fdf6740afd51
review_6266,class_f6efb94c9ae061247bed
review_6267,class_1318693c237b7b97c0c0
review_6268,class_52da9457fdf6740afd51
review_6269,class_7d54e6ff154ad392b174
review_6270,class_9deef4712756d30ffaa3
review_6271,class_1bc7e06ece0f38a60982
review_6272,class_5da3128be1ff7664a1b2
review_6273,class_1bc7e06ece0f38a60982
review_6274,class_1bc7e06ece0f38a60982
review_6275,class_9deef4712756d30ffaa3
review_6276,class_1bc7e06ece0f38a60982
review_6277,class_7d54e6ff154ad392b174
review_6278,class_9deef4712756d30ffaa3
review_6279,class_1bc7e06ece0f38a60982
review_6280,class_1bc7e06ece0f38a60982
review_6281,class_7d54e6ff154ad392b174
review_6282,class_5da3128be1ff7664a1b2
review_6283,class_7d54e6ff154ad392b174
review_6284,class_7d54e6ff154ad392b174
review_6285,class_7d54e6ff154ad392b174
review_6286,class_9deef4712756d30ffaa3
review_6287,class_9deef4712756d30ffaa3
review_6288,class_9deef4712756d30ffaa3
review_6289,class_48075864b2596de25a65
review_6290,class_7d54e6ff154ad392b174
review_6291,class_5da3128be1ff7664a1b2
review_6292,class_1bc7e06ece0f38a60982
review_6293,class_7d54e6ff154ad392b174
review_6294,class_7d54e6ff154ad392b174
review_6295,class_7d54e6ff154ad392b174
review_6296,class_7d54e6ff154ad392b174
review_6297,class_1bc7e06ece0f38a60982
review_6298,class_52da9457fdf6740afd51
review_6299,class_5da3128be1ff7664a1b2
review_6300,class_1bc7e06ece0f38a60982
review_6301,class_0eeaed02d1a961f133b4
review_6302,class_7d54e6ff154ad392b174
review_6303,class_5da3128be1ff7664a1b2
review_6304,class_7d54e6ff154ad392b174
review_6305,class_9deef4712756d30ffaa3
review_6306,class_7d54e6ff154ad392b174
review_6307,class_7d54e6ff154ad392b174
review_6308,class_1bc7e06ece0f38a60982
review_6309,class_5da3128be1ff7664a1b2
review_6310,class_5da3128be1ff7664a1b2
review_6311,class_1bc7e06ece0f38a60982
review_6312,class_9deef4712756d30ffaa3
review_6313,class_48075864b2596de25a65
review_6314,class_7d54e6ff154ad392b174
review_6315,class_1bc7e06ece0f38a60982
review_6316,class_1bc7e06ece0f38a60982
review_6317,class_1318693c237b7b97c0c0
review_6318,class_1318693c237b7b97c0c0
review_6319,class_1318693c237b7b97c0c0
review_6320,class_0eeaed02d1a961f133b4
review_6321,class_52da9457fdf6740afd51
review_6322,class_1318693c237b7b97c0c0
review_6323,class_1318693c237b7b97c0c0
review_6324,class_1bc7e06ece0f38a60982
review_6325,class_1318693c237b7b97c0c0
review_6326,class_1318693c237b7b97c0c0
review_6327,class_52da9457fdf6740afd51
review_6328,class_1318693c237b7b97c0c0
review_6329,class_1bc7e06ece0f38a60982
review_6330,class_e65aace9237833ec7752
review_6331,class_1bc7e06ece0f38a60982
review_6332,class_b7f740446b63715473af
review_6333,class_1cf1396a0c9bc53f37da
review_6334,class_1318693c237b7b97c0c0
review_6335,class_1318693c237b7b97c0c0
review_6336,class_1bc7e06ece0f38a60982
review_6337,class_b7f740446b63715473af
review_6338,class_5da3128be1ff7664a1b2
review_6339,class_0eeaed02d1a961f133b4
review_6340,class_4397d106b671d697b6e0
review_6341,class_7d54e6ff154ad392b174
review_6342,class_5da3128be1ff7664a1b2
review_6343,class_1318693c237b7b97c0c0
review_6344,class_1bc7e06ece0f38a60982
review_6345,class_0eeaed02d1a961f133b4
review_6346,class_1bc7e06ece0f38a60982
review_6347,class_1318693c237b7b97c0c0
review_6348,class_1318693c237b7b97c0c0
review_6349,class_1bc7e06ece0f38a60982
review_6350,class_1318693c237b7b97c0c0
review_6351,class_1318693c237b7b97c0c0
review_6352,class_1318693c237b7b97c0c0
review_6353,class_5da3128be1ff7664a1b2
review_6354,class_1bc7e06ece0f38a60982
review_6355,class_e65aace9237833ec7752
review_6356,class_1bc7e06ece0f38a60982
review_6357,class_e65aace9237833ec7752
review_6358,class_b89f90f328fa7e7781c0
review_6359,class_5da3128be1ff7664a1b2
review_6360,class_e65aace9237833ec7752
review_6361,class_e65aace9237833ec7752
review_6362,class_1318693c237b7b97c0c0
review_6363,class_1318693c237b7b97c0c0
review_6364,class_0eeaed02d1a961f133b4
review_6365,class_e65aace9237833ec7752
review_6366,class_1318693c237b7b97c0c0
review_6367,class_e65aace9237833ec7752
review_6368,class_e65aace9237833ec7752
review_6369,class_52da9457fdf6740afd51
review_6370,class_0eeaed02d1a961f133b4
review_6371,class_7d54e6ff154ad392b174
review_6372,class_7d54e6ff154ad392b174
review_6373,class_7d54e6ff154ad392b174
review_6374,class_7d54e6ff154ad392b174
review_6375,class_1bc7e06ece0f38a60982
review_6376,class_48075864b2596de25a65
review_6377,class_7d54e6ff154ad392b174
review_6378,class_7d54e6ff154ad392b174
review_6379,class_7d54e6ff154ad392b174
review_6380,class_7d54e6ff154ad392b174
review_6381,class_52da9457fdf6740afd51
review_6382,class_9e32d15b246e504af33c
review_6383,class_0eeaed02d1a961f133b4
review_6384,class_7d54e6ff154ad392b174
review_6385,class_7d54e6ff154ad392b174
review_6386,class_48075864b2596de25a65
review_6387,class_7d54e6ff154ad392b174
review_6388,class_1cf1396a0c9bc53f37da
review_6389,class_1cf1396a0c9bc53f37da
review_6390,class_7d54e6ff154ad392b174
review_6391,class_7d54e6ff154ad392b174
review_6392,class_7d54e6ff154ad392b174
review_6393,class_7d54e6ff154ad392b174
review_6394,class_1cf1396a0c9bc53f37da
review_6395,class_7d54e6ff154ad392b174
review_6396,class_9e32d15b246e504af33c
review_6397,class_7d54e6ff154ad392b174
review_6398,class_7d54e6ff154ad392b174
review_6399,class_9e32d15b246e504af33c
review_6400,class_7d54e6ff154ad392b174
review_6401,class_7d54e6ff154ad392b174
review_6402,class_9e32d15b246e504af33c
review_6403,class_1bc7e06ece0f38a60982
review_6404,class_7d54e6ff154ad392b174
review_6405,class_9e32d15b246e504af33c
review_6406,class_52da9457fdf6740afd51
review_6407,class_7d54e6ff154ad392b174
review_6408,class_7d54e6ff154ad392b174
review_6409,class_1cf1396a0c9bc53f37da
review_6410,class_9e32d15b246e504af33c
review_6411,class_9deef4712756d30ffaa3
review_6412,class_0eeaed02d1a961f133b4
review_6413,class_9deef4712756d30ffaa3
review_6414,class_7d54e6ff154ad392b174
review_6415,class_0eeaed02d1a961f133b4
review_6416,class_7d54e6ff154ad392b174
review_6417,class_52438e68a549a636811e
review_6418,class_0eeaed02d1a961f133b4
review_6419,class_9deef4712756d30ffaa3
review_6420,class_9deef4712756d30ffaa3
review_6421,class_7d54e6ff154ad392b174
review_6422,class_9deef4712756d30ffaa3
review_6423,class_5da3128be1ff7664a1b2
review_6424,class_7d54e6ff154ad392b174
review_6425,class_0eeaed02d1a961f133b4
review_6426,class_0eeaed02d1a961f133b4
review_6427,class_9deef4712756d30ffaa3
review_6428,class_9deef4712756d30ffaa3
review_6429,class_0eeaed02d1a961f133b4
review_6430,class_9deef4712756d30ffaa3
review_6431,class_52438e68a549a636811e
review_6432,class_9deef4712756d30ffaa3
review_6433,class_7d54e6ff154ad392b174
review_6434,class_7d54e6ff154ad392b174
review_6435,class_5da3128be1ff7664a1b2
review_6436,class_0eeaed02d1a961f133b4
review_6437,class_7d54e6ff154ad392b174
review_6438,class_52da9457fdf6740afd51
review_6439,class_9deef4712756d30ffaa3
review_6440,class_f6efb94c9ae061247bed
review_6441,class_5da3128be1ff7664a1b2
review_6442,class_7d54e6ff154ad392b174
review_6443,class_7d54e6ff154ad392b174
review_6444,class_7d54e6ff154ad392b174
review_6445,class_52438e68a549a636811e
review_6446,class_9deef4712756d30ffaa3
review_6447,class_52da9457fdf6740afd51
review_6448,class_7d54e6ff154ad392b174
review_6449,class_7d54e6ff154ad392b174
review_6450,class_52da9457fdf6740afd51
review_6451,class_7d54e6ff154ad392b174
review_6452,class_52da9457fdf6740afd51
review_6453,class_0eeaed02d1a961f133b4
review_6454,class_9deef4712756d30ffaa3
review_6455,class_9deef4712756d30ffaa3
review_6456,class_9deef4712756d30ffaa3
review_6457,class_52da9457fdf6740afd51
review_6458,class_52438e68a549a636811e
review_6459,class_c3ca5f787365eae0dea8
review_6460,class_c3ca5f787365eae0dea8
review_6461,class_9deef4712756d30ffaa3
review_6462,class_1bc7e06ece0f38a60982
review_6463,class_1bc7e06ece0f38a60982
review_6464,class_c3ca5f787365eae0dea8
review_6465,class_9deef4712756d30ffaa3
review_6466,class_1bc7e06ece0f38a60982
review_6467,class_c3ca5f787365eae0dea8
review_6468,class_1bc7e06ece0f38a60982
review_6469,class_1bc7e06ece0f38a60982
review_6470,class_9deef4712756d30ffaa3
review_6471,class_c3ca5f787365eae0dea8
review_6472,class_c3ca5f787365eae0dea8
review_6473,class_1bc7e06ece0f38a60982
review_6474,class_c3ca5f787365eae0dea8
review_6475,class_1bc7e06ece0f38a60982
review_6476,class_1bc7e06ece0f38a60982
review_6477,class_1bc7e06ece0f38a60982
review_6478,class_c3ca5f787365eae0dea8
review_6479,class_9deef4712756d30ffaa3
review_6480,class_1bc7e06ece0f38a60982
review_6481,class_1bc7e06ece0f38a60982
review_6482,class_c3ca5f787365eae0dea8
review_6483,class_c3ca5f787365eae0dea8
review_6484,class_0eeaed02d1a961f133b4
review_6485,class_1bc7e06ece0f38a60982
review_6486,class_7d54e6ff154ad392b174
review_6487,class_0eeaed02d1a961f133b4
review_6488,class_1cf1396a0c9bc53f37da
review_6489,class_9deef4712756d30ffaa3
review_6490,class_7d54e6ff154ad392b174
review_6491,class_7d54e6ff154ad392b174
review_6492,class_9deef4712756d30ffaa3
review_6493,class_0eeaed02d1a961f133b4
review_6494,class_0eeaed02d1a961f133b4
review_6495,class_7d54e6ff154ad392b174
review_6496,class_7d54e6ff154ad392b174
review_6497,class_7d54e6ff154ad392b174
review_6498,class_7d54e6ff154ad392b174
review_6499,class_7d54e6ff154ad392b174
review_6500,class_1cf1396a0c9bc53f37da
review_6501,class_7d54e6ff154ad392b174
review_6502,class_1cf1396a0c9bc53f37da
review_6503,class_9deef4712756d30ffaa3
review_6504,class_1bc7e06ece0f38a60982
review_6505,class_0eeaed02d1a961f133b4
review_6506,class_9deef4712756d30ffaa3
review_6507,class_7d54e6ff154ad392b174
review_6508,class_1cf1396a0c9bc53f37da
review_6509,class_1cf1396a0c9bc53f37da
review_6510,class_9deef4712756d30ffaa3
review_6511,class_0eeaed02d1a961f133b4
review_6512,class_0eeaed02d1a961f133b4
review_6513,class_7d54e6ff154ad392b174
review_6514,class_9deef4712756d30ffaa3
review_6515,class_1cf1396a0c9bc53f37da
review_6516,class_9deef4712756d30ffaa3
review_6517,class_0eeaed02d1a961f133b4
review_6518,class_1cf1396a0c9bc53f37da
review_6519,class_9deef4712756d30ffaa3
review_6520,class_7d54e6ff154ad392b174
review_6521,class_9deef4712756d30ffaa3
review_6522,class_1cf1396a0c9bc53f37da
review_6523,class_0eeaed02d1a961f133b4
review_6524,class_1bc7e06ece0f38a60982
review_6525,class_0eeaed02d1a961f133b4
review_6526,class_0eeaed02d1a961f133b4
review_6527,class_7d54e6ff154ad392b174
review_6528,class_7d54e6ff154ad392b174
review_6529,class_1cf1396a0c9bc53f37da
review_6530,class_7d54e6ff154ad392b174
review_6531,class_0eeaed02d1a961f133b4
review_6532,class_7d54e6ff154ad392b174
review_6533,class_0eeaed02d1a961f133b4
review_6534,class_9deef4712756d30ffaa3
review_6535,class_7d54e6ff154ad392b174
review_6536,class_7d54e6ff154ad392b174
review_6537,class_0eeaed02d1a961f133b4
review_6538,class_1cf1396a0c9bc53f37da
review_6539,class_9deef4712756d30ffaa3
review_6540,class_7d54e6ff154ad392b174
review_6541,class_7d54e6ff154ad392b174
review_6542,class_1cf1396a0c9bc53f37da
review_6543,class_7d54e6ff154ad392b174
review_6544,class_0eeaed02d1a961f133b4
review_6545,class_0eeaed02d1a961f133b4
review_6546,class_1cf1396a0c9bc53f37da
review_6547,class_7d54e6ff154ad392b174
review_6548,class_9deef4712756d30ffaa3
review_6549,class_0eeaed02d1a961f133b4
review_6550,class_1cf1396a0c9bc53f37da
review_6551,class_9deef4712756d30ffaa3
review_6552,class_0eeaed02d1a961f133b4
review_6553,class_1cf1396a0c9bc53f37da
review_6554,class_0eeaed02d1a961f133b4
review_6555,class_0eeaed02d1a961f133b4
review_6556,class_0eeaed02d1a961f133b4
review_6557,class_0eeaed02d1a961f133b4
review_6558,class_7d54e6ff154ad392b174
review_6559,class_f6efb94c9ae061247bed
review_6560,class_9deef4712756d30ffaa3
review_6561,class_52da9457fdf6740afd51
review_6562,class_7d54e6ff154ad392b174
review_6563,class_c3ca5f787365eae0dea8
review_6564,class_52da9457fdf6740afd51
review_6565,class_9deef4712756d30ffaa3
review_6566,class_52da9457fdf6740afd51
review_6567,class_7d54e6ff154ad392b174
review_6568,class_c3ca5f787365eae0dea8
review_6569,class_7d54e6ff154ad392b174
review_6570,class_7d54e6ff154ad392b174
review_6571,class_7d54e6ff154ad392b174
review_6572,class_7d54e6ff154ad392b174
review_6573,class_7d54e6ff154ad392b174
review_6574,class_7d54e6ff154ad392b174
review_6575,class_c3ca5f787365eae0dea8
review_6576,class_f6efb94c9ae061247bed
review_6577,class_c3ca5f787365eae0dea8
review_6578,class_7d54e6ff154ad392b174
review_6579,class_1bc7e06ece0f38a60982
review_6580,class_7d54e6ff154ad392b174
review_6581,class_c3ca5f787365eae0dea8
review_6582,class_7d54e6ff154ad392b174
review_6583,class_1318693c237b7b97c0c0
review_6584,class_7d54e6ff154ad392b174
review_6585,class_7d54e6ff154ad392b174
review_6586,class_52da9457fdf6740afd51
review_6587,class_7d54e6ff154ad392b174
review_6588,class_52da9457fdf6740afd51
review_6589,class_7d54e6ff154ad392b174
review_6590,class_52da9457fdf6740afd51
review_6591,class_f6efb94c9ae061247bed
review_6592,class_1318693c237b7b97c0c0
review_6593,class_7d54e6ff154ad392b174
review_6594,class_7d54e6ff154ad392b174
review_6595,class_7d54e6ff154ad392b174
review_6596,class_52da9457fdf6740afd51
review_6597,class_9deef4712756d30ffaa3
review_6598,class_7d54e6ff154ad392b174
review_6599,class_52da9457fdf6740afd51
review_6600,class_9deef4712756d30ffaa3
review_6601,class_7d54e6ff154ad392b174
review_6602,class_1bc7e06ece0f38a60982
review_6603,class_7d54e6ff154ad392b174
review_6604,class_9deef4712756d30ffaa3
review_6605,class_f6efb94c9ae061247bed
review_6606,class_1cf1396a0c9bc53f37da
review_6607,class_52da9457fdf6740afd51
review_6608,class_52da9457fdf6740afd51
review_6609,class_52da9457fdf6740afd51
review_6610,class_7d54e6ff154ad392b174
review_6611,class_7d54e6ff154ad392b174
review_6612,class_1bc7e06ece0f38a60982
review_6613,class_5da3128be1ff7664a1b2
review_6614,class_0eeaed02d1a961f133b4
review_6615,class_b89f90f328fa7e7781c0
review_6616,class_1bc7e06ece0f38a60982
review_6617,class_1bc7e06ece0f38a60982
review_6618,class_1bc7e06ece0f38a60982
review_6619,class_5da3128be1ff7664a1b2
review_6620,class_9deef4712756d30ffaa3
review_6621,class_f6efb94c9ae061247bed
review_6622,class_7d54e6ff154ad392b174
review_6623,class_52da9457fdf6740afd51
review_6624,class_f6efb94c9ae061247bed
review_6625,class_1bc7e06ece0f38a60982
review_6626,class_1bc7e06ece0f38a60982
review_6627,class_5da3128be1ff7664a1b2
review_6628,class_5da3128be1ff7664a1b2
review_6629,class_1bc7e06ece0f38a60982
review_6630,class_52da9457fdf6740afd51
review_6631,class_7d54e6ff154ad392b174
review_6632,class_5da3128be1ff7664a1b2
review_6633,class_5da3128be1ff7664a1b2
review_6634,class_1bc7e06ece0f38a60982
review_6635,class_5da3128be1ff7664a1b2
review_6636,class_1bc7e06ece0f38a60982
review_6637,class_9deef4712756d30ffaa3
review_6638,class_1bc7e06ece0f38a60982
review_6639,class_52da9457fdf6740afd51
review_6640,class_5da3128be1ff7664a1b2
review_6641,class_1bc7e06ece0f38a60982
review_6642,class_1bc7e06ece0f38a60982
review_6643,class_48075864b2596de25a65
review_6644,class_5da3128be1ff7664a1b2
review_6645,class_5da3128be1ff7664a1b2
review_6646,class_f6efb94c9ae061247bed
review_6647,class_1bc7e06ece0f38a60982
review_6648,class_5da3128be1ff7664a1b2
review_6649,class_7d54e6ff154ad392b174
review_6650,class_52da9457fdf6740afd51
review_6651,class_f6efb94c9ae061247bed
review_6652,class_1bc7e06ece0f38a60982
review_6653,class_5da3128be1ff7664a1b2
review_6654,class_5da3128be1ff7664a1b2
review_6655,class_b89f90f328fa7e7781c0
review_6656,class_5da3128be1ff7664a1b2
review_6657,class_9deef4712756d30ffaa3
review_6658,class_5da3128be1ff7664a1b2
review_6659,class_9deef4712756d30ffaa3
review_6660,class_1bc7e06ece0f38a60982
review_6661,class_f6efb94c9ae061247bed
review_6662,class_9deef4712756d30ffaa3
review_6663,class_5da3128be1ff7664a1b2
review_6664,class_7d54e6ff154ad392b174
review_6665,class_9deef4712756d30ffaa3
review_6666,class_7d54e6ff154ad392b174
review_6667,class_5da3128be1ff7664a1b2
review_6668,class_48075864b2596de25a65
review_6669,class_48075864b2596de25a65
review_6670,class_5da3128be1ff7664a1b2
review_6671,class_1bc7e06ece0f38a60982
review_6672,class_1bc7e06ece0f38a60982
review_6673,class_5da3128be1ff7664a1b2
review_6674,class_1bc7e06ece0f38a60982
review_6675,class_52da9457fdf6740afd51
review_6676,class_48075864b2596de25a65
review_6677,class_1bc7e06ece0f38a60982
review_6678,class_9deef4712756d30ffaa3
review_6679,class_b89f90f328fa7e7781c0
review_6680,class_1bc7e06ece0f38a60982
review_6681,class_5da3128be1ff7664a1b2
review_6682,class_52da9457fdf6740afd51
review_6683,class_f6efb94c9ae061247bed
review_6684,class_52da9457fdf6740afd51
review_6685,class_7d54e6ff154ad392b174
review_6686,class_7d54e6ff154ad392b174
review_6687,class_7d54e6ff154ad392b174
review_6688,class_7d54e6ff154ad392b174
review_6689,class_1bc7e06ece0f38a60982
review_6690,class_7d54e6ff154ad392b174
review_6691,class_7d54e6ff154ad392b174
review_6692,class_7d54e6ff154ad392b174
review_6693,class_7d54e6ff154ad392b174
review_6694,class_7d54e6ff154ad392b174
review_6695,class_7d54e6ff154ad392b174
review_6696,class_1bc7e06ece0f38a60982
review_6697,class_1bc7e06ece0f38a60982
review_6698,class_e65aace9237833ec7752
review_6699,class_7d54e6ff154ad392b174
review_6700,class_7d54e6ff154ad392b174
review_6701,class_7d54e6ff154ad392b174
review_6702,class_7d54e6ff154ad392b174
review_6703,class_7d54e6ff154ad392b174
review_6704,class_7d54e6ff154ad392b174
review_6705,class_e65aace9237833ec7752
review_6706,class_5da3128be1ff7664a1b2
review_6707,class_1bc7e06ece0f38a60982
review_6708,class_52da9457fdf6740afd51
review_6709,class_52da9457fdf6740afd51
review_6710,class_7d54e6ff154ad392b174
review_6711,class_7d54e6ff154ad392b174
review_6712,class_7d54e6ff154ad392b174
review_6713,class_1bc7e06ece0f38a60982
review_6714,class_7d54e6ff154ad392b174
review_6715,class_b7f740446b63715473af
review_6716,class_7d54e6ff154ad392b174
review_6717,class_1cf1396a0c9bc53f37da
review_6718,class_7d54e6ff154ad392b174
review_6719,class_1bc7e06ece0f38a60982
review_6720,class_7d54e6ff154ad392b174
review_6721,class_52438e68a549a636811e
review_6722,class_7d54e6ff154ad392b174
review_6723,class_1bc7e06ece0f38a60982
review_6724,class_7d54e6ff154ad392b174
review_6725,class_1bc7e06ece0f38a60982
review_6726,class_7d54e6ff154ad392b174
review_6727,class_7d54e6ff154ad392b174
review_6728,class_7d54e6ff154ad392b174
review_6729,class_7d54e6ff154ad392b174
review_6730,class_7d54e6ff154ad392b174
review_6731,class_1bc7e06ece0f38a60982
review_6732,class_1cf1396a0c9bc53f37da
review_6733,class_7d54e6ff154ad392b174
review_6734,class_5da3128be1ff7664a1b2
review_6735,class_7d54e6ff154ad392b174
review_6736,class_7d54e6ff154ad392b174
review_6737,class_e65aace9237833ec7752
review_6738,class_52da9457fdf6740afd51
review_6739,class_7d54e6ff154ad392b174
review_6740,class_7d54e6ff154ad392b174
review_6741,class_e65aace9237833ec7752
review_6742,class_7d54e6ff154ad392b174
review_6743,class_1cf1396a0c9bc53f37da
review_6744,class_7d54e6ff154ad392b174
review_6745,class_7d54e6ff154ad392b174
review_6746,class_7d54e6ff154ad392b174
review_6747,class_7d54e6ff154ad392b174
review_6748,class_e65aace9237833ec7752
review_6749,class_7d54e6ff154ad392b174
review_6750,class_52da9457fdf6740afd51
review_6751,class_7d54e6ff154ad392b174
review_6752,class_7d54e6ff154ad392b174
review_6753,class_52da9457fdf6740afd51
review_6754,class_52da9457fdf6740afd51
review_6755,class_7d54e6ff154ad392b174
review_6756,class_1cf1396a0c9bc53f37da
review_6757,class_1cf1396a0c9bc53f37da
review_6758,class_1bc7e06ece0f38a60982
review_6759,class_52da9457fdf6740afd51
review_6760,class_1cf1396a0c9bc53f37da
review_6761,class_1cf1396a0c9bc53f37da
review_6762,class_52da9457fdf6740afd51
review_6763,class_be68f8ed5877c11b8be4
review_6764,class_1cf1396a0c9bc53f37da
review_6765,class_1cf1396a0c9bc53f37da
review_6766,class_1cf1396a0c9bc53f37da
review_6767,class_1cf1396a0c9bc53f37da
review_6768,class_52da9457fdf6740afd51
review_6769,class_52da9457fdf6740afd51
review_6770,class_52da9457fdf6740afd51
review_6771,class_1cf1396a0c9bc53f37da
review_6772,class_1cf1396a0c9bc53f37da
review_6773,class_1cf1396a0c9bc53f37da
review_6774,class_0eeaed02d1a961f133b4
review_6775,class_1cf1396a0c9bc53f37da
review_6776,class_1cf1396a0c9bc53f37da
review_6777,class_e65aace9237833ec7752
review_6778,class_e65aace9237833ec7752
review_6779,class_7d54e6ff154ad392b174
review_6780,class_1bc7e06ece0f38a60982
review_6781,class_1cf1396a0c9bc53f37da
review_6782,class_9deef4712756d30ffaa3
review_6783,class_1cf1396a0c9bc53f37da
review_6784,class_7d54e6ff154ad392b174
review_6785,class_5da3128be1ff7664a1b2
review_6786,class_7d54e6ff154ad392b174
review_6787,class_5da3128be1ff7664a1b2
review_6788,class_1bc7e06ece0f38a60982
review_6789,class_9deef4712756d30ffaa3
review_6790,class_1bc7e06ece0f38a60982
review_6791,class_9deef4712756d30ffaa3
review_6792,class_1bc7e06ece0f38a60982
review_6793,class_1bc7e06ece0f38a60982
review_6794,class_1cf1396a0c9bc53f37da
review_6795,class_1bc7e06ece0f38a60982
review_6796,class_e65aace9237833ec7752
review_6797,class_5da3128be1ff7664a1b2
review_6798,class_1cf1396a0c9bc53f37da
review_6799,class_1cf1396a0c9bc53f37da
review_6800,class_1bc7e06ece0f38a60982
review_6801,class_9deef4712756d30ffaa3
review_6802,class_1bc7e06ece0f38a60982
review_6803,class_7d54e6ff154ad392b174
review_6804,class_f6efb94c9ae061247bed
review_6805,class_52da9457fdf6740afd51
review_6806,class_1bc7e06ece0f38a60982
review_6807,class_1bc7e06ece0f38a60982
review_6808,class_7d54e6ff154ad392b174
review_6809,class_1bc7e06ece0f38a60982
review_6810,class_1bc7e06ece0f38a60982
review_6811,class_f6efb94c9ae061247bed
review_6812,class_1bc7e06ece0f38a60982
review_6813,class_52da9457fdf6740afd51
review_6814,class_1bc7e06ece0f38a60982
review_6815,class_52da9457fdf6740afd51
review_6816,class_52da9457fdf6740afd51
review_6817,class_52da9457fdf6740afd51
review_6818,class_7d54e6ff154ad392b174
review_6819,class_7d54e6ff154ad392b174
review_6820,class_f6efb94c9ae061247bed
review_6821,class_52da9457fdf6740afd51
review_6822,class_1bc7e06ece0f38a60982
review_6823,class_1bc7e06ece0f38a60982
review_6824,class_1bc7e06ece0f38a60982
review_6825,class_1bc7e06ece0f38a60982
review_6826,class_1bc7e06ece0f38a60982
review_6827,class_b7f740446b63715473af
review_6828,class_f6efb94c9ae061247bed
review_6829,class_7d54e6ff154ad392b174
review_6830,class_c3ca5f787365eae0dea8
review_6831,class_1bc7e06ece0f38a60982
review_6832,class_1bc7e06ece0f38a60982
review_6833,class_1bc7e06ece0f38a60982
review_6834,class_1318693c237b7b97c0c0
review_6835,class_f6efb94c9ae061247bed
review_6836,class_7d54e6ff154ad392b174
review_6837,class_1bc7e06ece0f38a60982
review_6838,class_f6efb94c9ae061247bed
review_6839,class_1bc7e06ece0f38a60982
review_6840,class_1bc7e06ece0f38a60982
review_6841,class_1bc7e06ece0f38a60982
review_6842,class_52da9457fdf6740afd51
review_6843,class_1bc7e06ece0f38a60982
review_6844,class_1bc7e06ece0f38a60982
review_6845,class_1bc7e06ece0f38a60982
review_6846,class_1bc7e06ece0f38a60982
review_6847,class_1bc7e06ece0f38a60982
review_6848,class_1bc7e06ece0f38a60982
review_6849,class_f6efb94c9ae061247bed
review_6850,class_b7f740446b63715473af
review_6851,class_1bc7e06ece0f38a60982
review_6852,class_9deef4712756d30ffaa3
review_6853,class_f6efb94c9ae061247bed
review_6854,class_f6efb94c9ae061247bed
review_6855,class_f6efb94c9ae061247bed
review_6856,class_1bc7e06ece0f38a60982
review_6857,class_f6efb94c9ae061247bed
review_6858,class_1bc7e06ece0f38a60982
review_6859,class_7d54e6ff154ad392b174
review_6860,class_7d54e6ff154ad392b174
review_6861,class_52da9457fdf6740afd51
review_6862,class_52da9457fdf6740afd51
review_6863,class_e65aace9237833ec7752
review_6864,class_f6efb94c9ae061247bed
review_6865,class_7d54e6ff154ad392b174
review_6866,class_7d54e6ff154ad392b174
review_6867,class_52da9457fdf6740afd51
review_6868,class_f6efb94c9ae061247bed
review_6869,class_7d54e6ff154ad392b174
review_6870,class_f6efb94c9ae061247bed
review_6871,class_1bc7e06ece0f38a60982
review_6872,class_c3ca5f787365eae0dea8
review_6873,class_7d54e6ff154ad392b174
review_6874,class_f6efb94c9ae061247bed
review_6875,class_7d54e6ff154ad392b174
review_6876,class_c3ca5f787365eae0dea8
review_6877,class_7d54e6ff154ad392b174
review_6878,class_e65aace9237833ec7752
review_6879,class_e65aace9237833ec7752
review_6880,class_0eeaed02d1a961f133b4
review_6881,class_7d54e6ff154ad392b174
review_6882,class_e65aace9237833ec7752
review_6883,class_f6efb94c9ae061247bed
review_6884,class_f6efb94c9ae061247bed
review_6885,class_7d54e6ff154ad392b174
review_6886,class_7d54e6ff154ad392b174
review_6887,class_f6efb94c9ae061247bed
review_6888,class_7d54e6ff154ad392b174
review_6889,class_f6efb94c9ae061247bed
review_6890,class_9e32d15b246e504af33c
review_6891,class_7d54e6ff154ad392b174
review_6892,class_7d54e6ff154ad392b174
review_6893,class_7d54e6ff154ad392b174
review_6894,class_f6efb94c9ae061247bed
review_6895,class_7d54e6ff154ad392b174
review_6896,class_7d54e6ff154ad392b174
review_6897,class_7d54e6ff154ad392b174
review_6898,class_f6efb94c9ae061247bed
review_6899,class_0eeaed02d1a961f133b4
review_6900,class_7d54e6ff154ad392b174
review_6901,class_f6efb94c9ae061247bed
review_6902,class_9e32d15b246e504af33c
review_6903,class_f6efb94c9ae061247bed
review_6904,class_f6efb94c9ae061247bed
review_6905,class_52da9457fdf6740afd51
review_6906,class_1bc7e06ece0f38a60982
review_6907,class_1bc7e06ece0f38a60982
review_6908,class_1cf1396a0c9bc53f37da
review_6909,class_52438e68a549a636811e
review_6910,class_1cf1396a0c9bc53f37da
review_6911,class_7d54e6ff154ad392b174
review_6912,class_c3ca5f787365eae0dea8
review_6913,class_1bc7e06ece0f38a60982
review_6914,class_52da9457fdf6740afd51
review_6915,class_c3ca5f787365eae0dea8
review_6916,class_7d54e6ff154ad392b174
review_6917,class_e65aace9237833ec7752
review_6918,class_1318693c237b7b97c0c0
review_6919,class_f6efb94c9ae061247bed
review_6920,class_1bc7e06ece0f38a60982
review_6921,class_52da9457fdf6740afd51
review_6922,class_7d54e6ff154ad392b174
review_6923,class_f6efb94c9ae061247bed
review_6924,class_1bc7e06ece0f38a60982
review_6925,class_f6efb94c9ae061247bed
review_6926,class_1bc7e06ece0f38a60982
review_6927,class_1bc7e06ece0f38a60982
review_6928,class_f6efb94c9ae061247bed
review_6929,class_1bc7e06ece0f38a60982
review_6930,class_1bc7e06ece0f38a60982
review_6931,class_7d54e6ff154ad392b174
review_6932,class_c3ca5f787365eae0dea8
review_6933,class_52da9457fdf6740afd51
review_6934,class_1bc7e06ece0f38a60982
review_6935,class_52da9457fdf6740afd51
review_6936,class_1bc7e06ece0f38a60982
review_6937,class_1bc7e06ece0f38a60982
review_6938,class_7d54e6ff154ad392b174
review_6939,class_f6efb94c9ae061247bed
review_6940,class_7d54e6ff154ad392b174
review_6941,class_f6efb94c9ae061247bed
review_6942,class_52da9457fdf6740afd51
review_6943,class_7d54e6ff154ad392b174
review_6944,class_1bc7e06ece0f38a60982
review_6945,class_1bc7e06ece0f38a60982
review_6946,class_1bc7e06ece0f38a60982
review_6947,class_52da9457fdf6740afd51
review_6948,class_52da9457fdf6740afd51
review_6949,class_7d54e6ff154ad392b174
review_6950,class_1bc7e06ece0f38a60982
review_6951,class_7d54e6ff154ad392b174
review_6952,class_1bc7e06ece0f38a60982
review_6953,class_52438e68a549a636811e
review_6954,class_1bc7e06ece0f38a60982
review_6955,class_f6efb94c9ae061247bed
review_6956,class_1bc7e06ece0f38a60982
review_6957,class_1bc7e06ece0f38a60982
review_6958,class_1318693c237b7b97c0c0
review_6959,class_1bc7e06ece0f38a60982
review_6960,class_52da9457fdf6740afd51
review_6961,class_1cf1396a0c9bc53f37da
review_6962,class_1bc7e06ece0f38a60982
review_6963,class_52da9457fdf6740afd51
review_6964,class_f6efb94c9ae061247bed
review_6965,class_f6efb94c9ae061247bed
review_6966,class_f6efb94c9ae061247bed
review_6967,class_f6efb94c9ae061247bed
review_6968,class_5da3128be1ff7664a1b2
review_6969,class_f6efb94c9ae061247bed
review_6970,class_f6efb94c9ae061247bed
review_6971,class_f6efb94c9ae061247bed
review_6972,class_5da3128be1ff7664a1b2
review_6973,class_f6efb94c9ae061247bed
review_6974,class_f6efb94c9ae061247bed
review_6975,class_f6efb94c9ae061247bed
review_6976,class_f6efb94c9ae061247bed
review_6977,class_f6efb94c9ae061247bed
review_6978,class_f6efb94c9ae061247bed
review_6979,class_f6efb94c9ae061247bed
review_6980,class_f6efb94c9ae061247bed
review_6981,class_f6efb94c9ae061247bed
review_6982,class_1cf1396a0c9bc53f37da
review_6983,class_f6efb94c9ae061247bed
review_6984,class_f6efb94c9ae061247bed
review_6985,class_f6efb94c9ae061247bed
review_6986,class_f6efb94c9ae061247bed
review_6987,class_f6efb94c9ae061247bed
review_6988,class_f6efb94c9ae061247bed
review_6989,class_f6efb94c9ae061247bed
review_6990,class_7d54e6ff154ad392b174
review_6991,class_f6efb94c9ae061247bed
review_6992,class_f6efb94c9ae061247bed
review_6993,class_f6efb94c9ae061247bed
review_6994,class_9e32d15b246e504af33c
review_6995,class_f6efb94c9ae061247bed
review_6996,class_f6efb94c9ae061247bed
review_6997,class_f6efb94c9ae061247bed
review_6998,class_7d54e6ff154ad392b174
review_6999,class_f6efb94c9ae061247bed
review_7000,class_52da9457fdf6740afd51
review_7001,class_7d54e6ff154ad392b174
review_7002,class_1bc7e06ece0f38a60982
review_7003,class_1bc7e06ece0f38a60982
review_7004,class_1bc7e06ece0f38a60982
review_7005,class_7d54e6ff154ad392b174
review_7006,class_1cf1396a0c9bc53f37da
review_7007,class_7d54e6ff154ad392b174
review_7008,class_f6efb94c9ae061247bed
review_7009,class_9deef4712756d30ffaa3
review_7010,class_1bc7e06ece0f38a60982
review_7011,class_f6efb94c9ae061247bed
review_7012,class_7d54e6ff154ad392b174
review_7013,class_1bc7e06ece0f38a60982
review_7014,class_7d54e6ff154ad392b174
review_7015,class_f6efb94c9ae061247bed
review_7016,class_1318693c237b7b97c0c0
review_7017,class_7d54e6ff154ad392b174
review_7018,class_f6efb94c9ae061247bed
review_7019,class_7d54e6ff154ad392b174
review_7020,class_f6efb94c9ae061247bed
review_7021,class_1bc7e06ece0f38a60982
review_7022,class_1cf1396a0c9bc53f37da
review_7023,class_f6efb94c9ae061247bed
review_7024,class_1318693c237b7b97c0c0
review_7025,class_f6efb94c9ae061247bed
review_7026,class_1bc7e06ece0f38a60982
review_7027,class_1bc7e06ece0f38a60982
review_7028,class_7d54e6ff154ad392b174
review_7029,class_1bc7e06ece0f38a60982
review_7030,class_1cf1396a0c9bc53f37da
review_7031,class_7d54e6ff154ad392b174
review_7032,class_7d54e6ff154ad392b174
review_7033,class_7d54e6ff154ad392b174
review_7034,class_7d54e6ff154ad392b174
review_7035,class_7d54e6ff154ad392b174
review_7036,class_1bc7e06ece0f38a60982
review_7037,class_1bc7e06ece0f38a60982
review_7038,class_1cf1396a0c9bc53f37da
review_7039,class_1cf1396a0c9bc53f37da
review_7040,class_7d54e6ff154ad392b174
review_7041,class_f6efb94c9ae061247bed
review_7042,class_1318693c237b7b97c0c0
review_7043,class_1bc7e06ece0f38a60982
review_7044,class_7d54e6ff154ad392b174
review_7045,class_f6efb94c9ae061247bed
review_7046,class_7d54e6ff154ad392b174
review_7047,class_1bc7e06ece0f38a60982
review_7048,class_1318693c237b7b97c0c0
review_7049,class_7d54e6ff154ad392b174
review_7050,class_52da9457fdf6740afd51
review_7051,class_52da9457fdf6740afd51
review_7052,class_7d54e6ff154ad392b174
review_7053,class_c3ca5f787365eae0dea8
review_7054,class_1bc7e06ece0f38a60982
review_7055,class_7d54e6ff154ad392b174
review_7056,class_7d54e6ff154ad392b174
review_7057,class_7d54e6ff154ad392b174
review_7058,class_7d54e6ff154ad392b174
review_7059,class_1cf1396a0c9bc53f37da
review_7060,class_7d54e6ff154ad392b174
review_7061,class_f6efb94c9ae061247bed
review_7062,class_1cf1396a0c9bc53f37da
review_7063,class_52da9457fdf6740afd51
review_7064,class_7d54e6ff154ad392b174
review_7065,class_1bc7e06ece0f38a60982
review_7066,class_1cf1396a0c9bc53f37da
review_7067,class_1bc7e06ece0f38a60982
review_7068,class_7d54e6ff154ad392b174
review_7069,class_7d54e6ff154ad392b174
review_7070,class_7d54e6ff154ad392b174
review_7071,class_1bc7e06ece0f38a60982
review_7072,class_7d54e6ff154ad392b174
review_7073,class_1bc7e06ece0f38a60982
review_7074,class_1bc7e06ece0f38a60982
review_7075,class_1cf1396a0c9bc53f37da
review_7076,class_7d54e6ff154ad392b174
review_7077,class_7d54e6ff154ad392b174
review_7078,class_be68f8ed5877c11b8be4
review_7079,class_1bc7e06ece0f38a60982
review_7080,class_b7f740446b63715473af
review_7081,class_5da3128be1ff7664a1b2
review_7082,class_1bc7e06ece0f38a60982
review_7083,class_1cf1396a0c9bc53f37da
review_7084,class_1cf1396a0c9bc53f37da
review_7085,class_5da3128be1ff7664a1b2
review_7086,class_1bc7e06ece0f38a60982
review_7087,class_1bc7e06ece0f38a60982
review_7088,class_5da3128be1ff7664a1b2
review_7089,class_7d54e6ff154ad392b174
review_7090,class_7d54e6ff154ad392b174
review_7091,class_7d54e6ff154ad392b174
review_7092,class_1bc7e06ece0f38a60982
review_7093,class_be68f8ed5877c11b8be4
review_7094,class_1bc7e06ece0f38a60982
review_7095,class_e65aace9237833ec7752
review_7096,class_52da9457fdf6740afd51
review_7097,class_1bc7e06ece0f38a60982
review_7098,class_1318693c237b7b97c0c0
review_7099,class_be68f8ed5877c11b8be4
review_7100,class_7d54e6ff154ad392b174
review_7101,class_1cf1396a0c9bc53f37da
review_7102,class_7d54e6ff154ad392b174
review_7103,class_1bc7e06ece0f38a60982
review_7104,class_b7f740446b63715473af
review_7105,class_1cf1396a0c9bc53f37da
review_7106,class_b7f740446b63715473af
review_7107,class_1bc7e06ece0f38a60982
review_7108,class_1bc7e06ece0f38a60982
review_7109,class_1bc7e06ece0f38a60982
review_7110,class_7d54e6ff154ad392b174
review_7111,class_1cf1396a0c9bc53f37da
review_7112,class_7d54e6ff154ad392b174
review_7113,class_5da3128be1ff7664a1b2
review_7114,class_7d54e6ff154ad392b174
review_7115,class_1cf1396a0c9bc53f37da
review_7116,class_7d54e6ff154ad392b174
review_7117,class_1318693c237b7b97c0c0
review_7118,class_1cf1396a0c9bc53f37da
review_7119,class_1cf1396a0c9bc53f37da
review_7120,class_1bc7e06ece0f38a60982
review_7121,class_7d54e6ff154ad392b174
review_7122,class_f6efb94c9ae061247bed
review_7123,class_5da3128be1ff7664a1b2
review_7124,class_7d54e6ff154ad392b174
review_7125,class_5da3128be1ff7664a1b2
review_7126,class_e65aace9237833ec7752
review_7127,class_1318693c237b7b97c0c0
review_7128,class_5da3128be1ff7664a1b2
review_7129,class_1318693c237b7b97c0c0
review_7130,class_7d54e6ff154ad392b174
review_7131,class_f6efb94c9ae061247bed
review_7132,class_7d54e6ff154ad392b174
review_7133,class_e65aace9237833ec7752
review_7134,class_1bc7e06ece0f38a60982
review_7135,class_5da3128be1ff7664a1b2
review_7136,class_5da3128be1ff7664a1b2
review_7137,class_1bc7e06ece0f38a60982
review_7138,class_0eeaed02d1a961f133b4
review_7139,class_0eeaed02d1a961f133b4
review_7140,class_9deef4712756d30ffaa3
review_7141,class_0eeaed02d1a961f133b4
review_7142,class_1cf1396a0c9bc53f37da
review_7143,class_9deef4712756d30ffaa3
review_7144,class_0eeaed02d1a961f133b4
review_7145,class_0eeaed02d1a961f133b4
review_7146,class_7d54e6ff154ad392b174
review_7147,class_be68f8ed5877c11b8be4
review_7148,class_7d54e6ff154ad392b174
review_7149,class_1bc7e06ece0f38a60982
review_7150,class_1bc7e06ece0f38a60982
review_7151,class_1bc7e06ece0f38a60982
review_7152,class_7d54e6ff154ad392b174
review_7153,class_1bc7e06ece0f38a60982
review_7154,class_7d54e6ff154ad392b174
review_7155,class_7d54e6ff154ad392b174
review_7156,class_9deef4712756d30ffaa3
review_7157,class_7d54e6ff154ad392b174
review_7158,class_7d54e6ff154ad392b174
review_7159,class_7d54e6ff154ad392b174
review_7160,class_7d54e6ff154ad392b174
review_7161,class_7d54e6ff154ad392b174
review_7162,class_1bc7e06ece0f38a60982
review_7163,class_1bc7e06ece0f38a60982
review_7164,class_1bc7e06ece0f38a60982
review_7165,class_9deef4712756d30ffaa3
review_7166,class_7d54e6ff154ad392b174
review_7167,class_7d54e6ff154ad392b174
review_7168,class_1cf1396a0c9bc53f37da
review_7169,class_9deef4712756d30ffaa3
review_7170,class_7d54e6ff154ad392b174
review_7171,class_1bc7e06ece0f38a60982
review_7172,class_9deef4712756d30ffaa3
review_7173,class_7d54e6ff154ad392b174
review_7174,class_7d54e6ff154ad392b174
review_7175,class_52da9457fdf6740afd51
review_7176,class_52da9457fdf6740afd51
review_7177,class_1bc7e06ece0f38a60982
review_7178,class_b7f740446b63715473af
review_7179,class_7d54e6ff154ad392b174
review_7180,class_9deef4712756d30ffaa3
review_7181,class_1bc7e06ece0f38a60982
review_7182,class_7d54e6ff154ad392b174
review_7183,class_7d54e6ff154ad392b174
review_7184,class_7d54e6ff154ad392b174
review_7185,class_1bc7e06ece0f38a60982
review_7186,class_1bc7e06ece0f38a60982
review_7187,class_1bc7e06ece0f38a60982
review_7188,class_1bc7e06ece0f38a60982
review_7189,class_9deef4712756d30ffaa3
review_7190,class_52da9457fdf6740afd51
review_7191,class_1bc7e06ece0f38a60982
review_7192,class_52da9457fdf6740afd51
review_7193,class_5da3128be1ff7664a1b2
review_7194,class_9deef4712756d30ffaa3
review_7195,class_1bc7e06ece0f38a60982
review_7196,class_1bc7e06ece0f38a60982
review_7197,class_1bc7e06ece0f38a60982
review_7198,class_1318693c237b7b97c0c0
review_7199,class_9deef4712756d30ffaa3
review_7200,class_7d54e6ff154ad392b174
review_7201,class_9deef4712756d30ffaa3
review_7202,class_b7f740446b63715473af
review_7203,class_1bc7e06ece0f38a60982
review_7204,class_9deef4712756d30ffaa3
review_7205,class_7d54e6ff154ad392b174
review_7206,class_7d54e6ff154ad392b174
review_7207,class_7d54e6ff154ad392b174
review_7208,class_7d54e6ff154ad392b174
review_7209,class_9deef4712756d30ffaa3
review_7210,class_7d54e6ff154ad392b174
review_7211,class_7d54e6ff154ad392b174
review_7212,class_7d54e6ff154ad392b174
review_7213,class_1bc7e06ece0f38a60982
review_7214,class_7d54e6ff154ad392b174
review_7215,class_7d54e6ff154ad392b174
review_7216,class_9deef4712756d30ffaa3
review_7217,class_1bc7e06ece0f38a60982
review_7218,class_7d54e6ff154ad392b174
review_7219,class_1bc7e06ece0f38a60982
review_7220,class_7d54e6ff154ad392b174
review_7221,class_7d54e6ff154ad392b174
review_7222,class_7d54e6ff154ad392b174
review_7223,class_1bc7e06ece0f38a60982
review_7224,class_9deef4712756d30ffaa3
review_7225,class_7d54e6ff154ad392b174
review_7226,class_9deef4712756d30ffaa3
review_7227,class_9e32d15b246e504af33c
review_7228,class_9deef4712756d30ffaa3
review_7229,class_7d54e6ff154ad392b174
review_7230,class_1bc7e06ece0f38a60982
review_7231,class_4397d106b671d697b6e0
review_7232,class_9deef4712756d30ffaa3
review_7233,class_1bc7e06ece0f38a60982
review_7234,class_1bc7e06ece0f38a60982
review_7235,class_1bc7e06ece0f38a60982
review_7236,class_1bc7e06ece0f38a60982
review_7237,class_9deef4712756d30ffaa3
review_7238,class_1bc7e06ece0f38a60982
review_7239,class_9deef4712756d30ffaa3
review_7240,class_1bc7e06ece0f38a60982
review_7241,class_e65aace9237833ec7752
review_7242,class_1cf1396a0c9bc53f37da
review_7243,class_1bc7e06ece0f38a60982
review_7244,class_4397d106b671d697b6e0
review_7245,class_1bc7e06ece0f38a60982
review_7246,class_7d54e6ff154ad392b174
review_7247,class_1cf1396a0c9bc53f37da
review_7248,class_c3ca5f787365eae0dea8
review_7249,class_52da9457fdf6740afd51
review_7250,class_7d54e6ff154ad392b174
review_7251,class_1bc7e06ece0f38a60982
review_7252,class_1bc7e06ece0f38a60982
review_7253,class_1bc7e06ece0f38a60982
review_7254,class_4397d106b671d697b6e0
review_7255,class_9deef4712756d30ffaa3
review_7256,class_7d54e6ff154ad392b174
review_7257,class_7d54e6ff154ad392b174
review_7258,class_7d54e6ff154ad392b174
review_7259,class_7d54e6ff154ad392b174
review_7260,class_9deef4712756d30ffaa3
review_7261,class_4397d106b671d697b6e0
review_7262,class_7d54e6ff154ad392b174
review_7263,class_1bc7e06ece0f38a60982
review_7264,class_7d54e6ff154ad392b174
review_7265,class_1bc7e06ece0f38a60982
review_7266,class_7d54e6ff154ad392b174
review_7267,class_1bc7e06ece0f38a60982
review_7268,class_7d54e6ff154ad392b174
review_7269,class_7d54e6ff154ad392b174
review_7270,class_1bc7e06ece0f38a60982
review_7271,class_1bc7e06ece0f38a60982
review_7272,class_1bc7e06ece0f38a60982
review_7273,class_1cf1396a0c9bc53f37da
review_7274,class_1cf1396a0c9bc53f37da
review_7275,class_1bc7e06ece0f38a60982
review_7276,class_1bc7e06ece0f38a60982
review_7277,class_1bc7e06ece0f38a60982
review_7278,class_7d54e6ff154ad392b174
review_7279,class_1bc7e06ece0f38a60982
review_7280,class_1bc7e06ece0f38a60982
review_7281,class_7d54e6ff154ad392b174
review_7282,class_1bc7e06ece0f38a60982
review_7283,class_1bc7e06ece0f38a60982
review_7284,class_1bc7e06ece0f38a60982
review_7285,class_1bc7e06ece0f38a60982
review_7286,class_1bc7e06ece0f38a60982
review_7287,class_1cf1396a0c9bc53f37da
review_7288,class_7d54e6ff154ad392b174
review_7289,class_1bc7e06ece0f38a60982
review_7290,class_b89f90f328fa7e7781c0
review_7291,class_1bc7e06ece0f38a60982
review_7292,class_1bc7e06ece0f38a60982
review_7293,class_1bc7e06ece0f38a60982
review_7294,class_7d54e6ff154ad392b174
review_7295,class_7d54e6ff154ad392b174
review_7296,class_7d54e6ff154ad392b174
review_7297,class_7d54e6ff154ad392b174
review_7298,class_1bc7e06ece0f38a60982
review_7299,class_1cf1396a0c9bc53f37da
review_7300,class_1bc7e06ece0f38a60982
review_7301,class_1bc7e06ece0f38a60982
review_7302,class_1bc7e06ece0f38a60982
review_7303,class_7d54e6ff154ad392b174
review_7304,class_7d54e6ff154ad392b174
review_7305,class_1bc7e06ece0f38a60982
review_7306,class_7d54e6ff154ad392b174
review_7307,class_1bc7e06ece0f38a60982
review_7308,class_7d54e6ff154ad392b174
review_7309,class_1bc7e06ece0f38a60982
review_7310,class_1bc7e06ece0f38a60982
review_7311,class_1cf1396a0c9bc53f37da
review_7312,class_1bc7e06ece0f38a60982
review_7313,class_1bc7e06ece0f38a60982
review_7314,class_b89f90f328fa7e7781c0
review_7315,class_1bc7e06ece0f38a60982
review_7316,class_7d54e6ff154ad392b174
review_7317,class_1bc7e06ece0f38a60982
review_7318,class_7d54e6ff154ad392b174
review_7319,class_1bc7e06ece0f38a60982
review_7320,class_7d54e6ff154ad392b174
review_7321,class_7d54e6ff154ad392b174
review_7322,class_1bc7e06ece0f38a60982
review_7323,class_4397d106b671d697b6e0
review_7324,class_f6efb94c9ae061247bed
review_7325,class_1bc7e06ece0f38a60982
review_7326,class_1bc7e06ece0f38a60982
review_7327,class_1cf1396a0c9bc53f37da
review_7328,class_1bc7e06ece0f38a60982
review_7329,class_7d54e6ff154ad392b174
review_7330,class_7d54e6ff154ad392b174
review_7331,class_1318693c237b7b97c0c0
review_7332,class_7d54e6ff154ad392b174
review_7333,class_7d54e6ff154ad392b174
review_7334,class_1318693c237b7b97c0c0
review_7335,class_7d54e6ff154ad392b174
review_7336,class_7d54e6ff154ad392b174
review_7337,class_7d54e6ff154ad392b174
review_7338,class_7d54e6ff154ad392b174
review_7339,class_7d54e6ff154ad392b174
review_7340,class_1cf1396a0c9bc53f37da
review_7341,class_7d54e6ff154ad392b174
review_7342,class_1cf1396a0c9bc53f37da
review_7343,class_1bc7e06ece0f38a60982
review_7344,class_7d54e6ff154ad392b174
review_7345,class_1318693c237b7b97c0c0
review_7346,class_1318693c237b7b97c0c0
review_7347,class_1318693c237b7b97c0c0
review_7348,class_1cf1396a0c9bc53f37da
review_7349,class_1bc7e06ece0f38a60982
review_7350,class_1bc7e06ece0f38a60982
review_7351,class_7d54e6ff154ad392b174
review_7352,class_7d54e6ff154ad392b174
review_7353,class_7d54e6ff154ad392b174
review_7354,class_7d54e6ff154ad392b174
review_7355,class_7d54e6ff154ad392b174
review_7356,class_7d54e6ff154ad392b174
review_7357,class_7d54e6ff154ad392b174
review_7358,class_7d54e6ff154ad392b174
review_7359,class_7d54e6ff154ad392b174
review_7360,class_7d54e6ff154ad392b174
review_7361,class_7d54e6ff154ad392b174
review_7362,class_52da9457fdf6740afd51
review_7363,class_1bc7e06ece0f38a60982
review_7364,class_7d54e6ff154ad392b174
review_7365,class_f6efb94c9ae061247bed
review_7366,class_5da3128be1ff7664a1b2
review_7367,class_7d54e6ff154ad392b174
review_7368,class_1cf1396a0c9bc53f37da
review_7369,class_f6efb94c9ae061247bed
review_7370,class_7d54e6ff154ad392b174
review_7371,class_52da9457fdf6740afd51
review_7372,class_52da9457fdf6740afd51
review_7373,class_52da9457fdf6740afd51
review_7374,class_7d54e6ff154ad392b174
review_7375,class_9deef4712756d30ffaa3
review_7376,class_52da9457fdf6740afd51
review_7377,class_7d54e6ff154ad392b174
review_7378,class_52da9457fdf6740afd51
review_7379,class_f6efb94c9ae061247bed
review_7380,class_52da9457fdf6740afd51
review_7381,class_52da9457fdf6740afd51
review_7382,class_7d54e6ff154ad392b174
review_7383,class_7d54e6ff154ad392b174
review_7384,class_7d54e6ff154ad392b174
review_7385,class_52da9457fdf6740afd51
review_7386,class_7d54e6ff154ad392b174
review_7387,class_f6efb94c9ae061247bed
review_7388,class_e65aace9237833ec7752
review_7389,class_7d54e6ff154ad392b174
review_7390,class_f6efb94c9ae061247bed
review_7391,class_f6efb94c9ae061247bed
review_7392,class_52da9457fdf6740afd51
review_7393,class_7d54e6ff154ad392b174
review_7394,class_7d54e6ff154ad392b174
review_7395,class_52da9457fdf6740afd51
review_7396,class_52da9457fdf6740afd51
review_7397,class_52da9457fdf6740afd51
review_7398,class_7d54e6ff154ad392b174
review_7399,class_1bc7e06ece0f38a60982
review_7400,class_7d54e6ff154ad392b174
review_7401,class_7d54e6ff154ad392b174
review_7402,class_52da9457fdf6740afd51
review_7403,class_52da9457fdf6740afd51
review_7404,class_7d54e6ff154ad392b174
review_7405,class_52da9457fdf6740afd51
review_7406,class_e65aace9237833ec7752
review_7407,class_1cf1396a0c9bc53f37da
review_7408,class_1cf1396a0c9bc53f37da
review_7409,class_7d54e6ff154ad392b174
review_7410,class_7d54e6ff154ad392b174
review_7411,class_52da9457fdf6740afd51
review_7412,class_52da9457fdf6740afd51
review_7413,class_f6efb94c9ae061247bed
review_7414,class_7d54e6ff154ad392b174
review_7415,class_7d54e6ff154ad392b174
review_7416,class_7d54e6ff154ad392b174
review_7417,class_f6efb94c9ae061247bed
review_7418,class_52da9457fdf6740afd51
review_7419,class_7d54e6ff154ad392b174
review_7420,class_7d54e6ff154ad392b174
review_7421,class_7d54e6ff154ad392b174
review_7422,class_be68f8ed5877c11b8be4
review_7423,class_7d54e6ff154ad392b174
review_7424,class_52da9457fdf6740afd51
review_7425,class_52da9457fdf6740afd51
review_7426,class_52da9457fdf6740afd51
review_7427,class_52da9457fdf6740afd51
review_7428,class_7d54e6ff154ad392b174
review_7429,class_7d54e6ff154ad392b174
review_7430,class_7d54e6ff154ad392b174
review_7431,class_b89f90f328fa7e7781c0
review_7432,class_1318693c237b7b97c0c0
review_7433,class_52da9457fdf6740afd51
review_7434,class_1318693c237b7b97c0c0
review_7435,class_1318693c237b7b97c0c0
review_7436,class_f6efb94c9ae061247bed
review_7437,class_7d54e6ff154ad392b174
review_7438,class_1318693c237b7b97c0c0
review_7439,class_7d54e6ff154ad392b174
review_7440,class_7d54e6ff154ad392b174
review_7441,class_b89f90f328fa7e7781c0
review_7442,class_7d54e6ff154ad392b174
review_7443,class_1318693c237b7b97c0c0
review_7444,class_be68f8ed5877c11b8be4
review_7445,class_7d54e6ff154ad392b174
review_7446,class_9deef4712756d30ffaa3
review_7447,class_1bc7e06ece0f38a60982
review_7448,class_9deef4712756d30ffaa3
review_7449,class_52438e68a549a636811e
review_7450,class_9deef4712756d30ffaa3
review_7451,class_9deef4712756d30ffaa3
review_7452,class_1bc7e06ece0f38a60982
review_7453,class_1bc7e06ece0f38a60982
review_7454,class_52438e68a549a636811e
review_7455,class_9deef4712756d30ffaa3
review_7456,class_9deef4712756d30ffaa3
review_7457,class_9deef4712756d30ffaa3
review_7458,class_9deef4712756d30ffaa3
review_7459,class_1bc7e06ece0f38a60982
review_7460,class_9deef4712756d30ffaa3
review_7461,class_1bc7e06ece0f38a60982
review_7462,class_9deef4712756d30ffaa3
review_7463,class_52438e68a549a636811e
review_7464,class_9deef4712756d30ffaa3
review_7465,class_9deef4712756d30ffaa3
review_7466,class_1bc7e06ece0f38a60982
review_7467,class_1bc7e06ece0f38a60982
review_7468,class_52da9457fdf6740afd51
review_7469,class_1bc7e06ece0f38a60982
review_7470,class_9deef4712756d30ffaa3
review_7471,class_9deef4712756d30ffaa3
review_7472,class_52da9457fdf6740afd51
review_7473,class_c3ca5f787365eae0dea8
review_7474,class_7d54e6ff154ad392b174
review_7475,class_c3ca5f787365eae0dea8
review_7476,class_0eeaed02d1a961f133b4
review_7477,class_5da3128be1ff7664a1b2
review_7478,class_52da9457fdf6740afd51
review_7479,class_c3ca5f787365eae0dea8
review_7480,class_0eeaed02d1a961f133b4
review_7481,class_e65aace9237833ec7752
review_7482,class_5da3128be1ff7664a1b2
review_7483,class_0eeaed02d1a961f133b4
review_7484,class_c3ca5f787365eae0dea8
review_7485,class_e65aace9237833ec7752
review_7486,class_c3ca5f787365eae0dea8
review_7487,class_c3ca5f787365eae0dea8
review_7488,class_e65aace9237833ec7752
review_7489,class_52da9457fdf6740afd51
review_7490,class_0eeaed02d1a961f133b4
review_7491,class_5da3128be1ff7664a1b2
review_7492,class_52da9457fdf6740afd51
review_7493,class_e65aace9237833ec7752
review_7494,class_7d54e6ff154ad392b174
review_7495,class_5da3128be1ff7664a1b2
review_7496,class_5da3128be1ff7664a1b2
review_7497,class_0eeaed02d1a961f133b4
review_7498,class_7d54e6ff154ad392b174
review_7499,class_e65aace9237833ec7752
review_7500,class_7d54e6ff154ad392b174
review_7501,class_e65aace9237833ec7752
review_7502,class_0eeaed02d1a961f133b4
review_7503,class_0eeaed02d1a961f133b4
review_7504,class_7d54e6ff154ad392b174
review_7505,class_f6efb94c9ae061247bed
review_7506,class_0eeaed02d1a961f133b4
review_7507,class_52da9457fdf6740afd51
review_7508,class_0eeaed02d1a961f133b4
review_7509,class_52da9457fdf6740afd51
review_7510,class_52da9457fdf6740afd51
review_7511,class_5da3128be1ff7664a1b2
review_7512,class_7d54e6ff154ad392b174
review_7513,class_1318693c237b7b97c0c0
review_7514,class_1318693c237b7b97c0c0
review_7515,class_0eeaed02d1a961f133b4
review_7516,class_52da9457fdf6740afd51
review_7517,class_b7f740446b63715473af
review_7518,class_1318693c237b7b97c0c0
review_7519,class_1318693c237b7b97c0c0
review_7520,class_52da9457fdf6740afd51
review_7521,class_1318693c237b7b97c0c0
review_7522,class_1318693c237b7b97c0c0
review_7523,class_1318693c237b7b97c0c0
review_7524,class_1318693c237b7b97c0c0
review_7525,class_52da9457fdf6740afd51
review_7526,class_1318693c237b7b97c0c0
review_7527,class_1318693c237b7b97c0c0
review_7528,class_52da9457fdf6740afd51
review_7529,class_1318693c237b7b97c0c0
review_7530,class_1318693c237b7b97c0c0
review_7531,class_1bc7e06ece0f38a60982
review_7532,class_1bc7e06ece0f38a60982
review_7533,class_e65aace9237833ec7752
review_7534,class_1318693c237b7b97c0c0
review_7535,class_1318693c237b7b97c0c0
review_7536,class_1318693c237b7b97c0c0
review_7537,class_1318693c237b7b97c0c0
review_7538,class_52da9457fdf6740afd51
review_7539,class_1bc7e06ece0f38a60982
review_7540,class_1bc7e06ece0f38a60982
review_7541,class_52da9457fdf6740afd51
review_7542,class_52da9457fdf6740afd51
review_7543,class_1318693c237b7b97c0c0
review_7544,class_52da9457fdf6740afd51
review_7545,class_7d54e6ff154ad392b174
review_7546,class_1318693c237b7b97c0c0
review_7547,class_52438e68a549a636811e
review_7548,class_7d54e6ff154ad392b174
review_7549,class_1318693c237b7b97c0c0
review_7550,class_52da9457fdf6740afd51
review_7551,class_52da9457fdf6740afd51
review_7552,class_1bc7e06ece0f38a60982
review_7553,class_52da9457fdf6740afd51
review_7554,class_1318693c237b7b97c0c0
review_7555,class_1318693c237b7b97c0c0
review_7556,class_1318693c237b7b97c0c0
review_7557,class_52da9457fdf6740afd51
review_7558,class_7d54e6ff154ad392b174
review_7559,class_52da9457fdf6740afd51
review_7560,class_7d54e6ff154ad392b174
review_7561,class_1318693c237b7b97c0c0
review_7562,class_52da9457fdf6740afd51
review_7563,class_52438e68a549a636811e
review_7564,class_52da9457fdf6740afd51
review_7565,class_1318693c237b7b97c0c0
review_7566,class_52da9457fdf6740afd51
review_7567,class_1318693c237b7b97c0c0
review_7568,class_52da9457fdf6740afd51
review_7569,class_52da9457fdf6740afd51
review_7570,class_52da9457fdf6740afd51
review_7571,class_52da9457fdf6740afd51
review_7572,class_7d54e6ff154ad392b174
review_7573,class_52da9457fdf6740afd51
review_7574,class_1bc7e06ece0f38a60982
review_7575,class_7d54e6ff154ad392b174
review_7576,class_52da9457fdf6740afd51
review_7577,class_52da9457fdf6740afd51
review_7578,class_52da9457fdf6740afd51
review_7579,class_52da9457fdf6740afd51
review_7580,class_7d54e6ff154ad392b174
review_7581,class_1bc7e06ece0f38a60982
review_7582,class_1bc7e06ece0f38a60982
review_7583,class_52da9457fdf6740afd51
review_7584,class_f6efb94c9ae061247bed
review_7585,class_1bc7e06ece0f38a60982
review_7586,class_9deef4712756d30ffaa3
review_7587,class_9deef4712756d30ffaa3
review_7588,class_1bc7e06ece0f38a60982
review_7589,class_1bc7e06ece0f38a60982
review_7590,class_9deef4712756d30ffaa3
review_7591,class_52da9457fdf6740afd51
review_7592,class_7d54e6ff154ad392b174
review_7593,class_1bc7e06ece0f38a60982
review_7594,class_1cf1396a0c9bc53f37da
review_7595,class_1cf1396a0c9bc53f37da
review_7596,class_9deef4712756d30ffaa3
review_7597,class_1bc7e06ece0f38a60982
review_7598,class_1bc7e06ece0f38a60982
review_7599,class_9deef4712756d30ffaa3
review_7600,class_52da9457fdf6740afd51
review_7601,class_52da9457fdf6740afd51
review_7602,class_52da9457fdf6740afd51
review_7603,class_1bc7e06ece0f38a60982
review_7604,class_52da9457fdf6740afd51
review_7605,class_52da9457fdf6740afd51
review_7606,class_9deef4712756d30ffaa3
review_7607,class_52da9457fdf6740afd51
review_7608,class_1bc7e06ece0f38a60982
review_7609,class_52da9457fdf6740afd51
review_7610,class_52da9457fdf6740afd51
review_7611,class_1bc7e06ece0f38a60982
review_7612,class_1bc7e06ece0f38a60982
review_7613,class_1bc7e06ece0f38a60982
review_7614,class_1bc7e06ece0f38a60982
review_7615,class_9deef4712756d30ffaa3
review_7616,class_52da9457fdf6740afd51
review_7617,class_52da9457fdf6740afd51
review_7618,class_9deef4712756d30ffaa3
review_7619,class_1bc7e06ece0f38a60982
review_7620,class_1bc7e06ece0f38a60982
review_7621,class_52da9457fdf6740afd51
review_7622,class_52da9457fdf6740afd51
review_7623,class_0eeaed02d1a961f133b4
review_7624,class_52da9457fdf6740afd51
review_7625,class_9deef4712756d30ffaa3
review_7626,class_9deef4712756d30ffaa3
review_7627,class_52da9457fdf6740afd51
review_7628,class_52da9457fdf6740afd51
review_7629,class_1cf1396a0c9bc53f37da
review_7630,class_52da9457fdf6740afd51
review_7631,class_52da9457fdf6740afd51
review_7632,class_1bc7e06ece0f38a60982
review_7633,class_7d54e6ff154ad392b174
review_7634,class_1bc7e06ece0f38a60982
review_7635,class_5da3128be1ff7664a1b2
review_7636,class_b89f90f328fa7e7781c0
review_7637,class_5da3128be1ff7664a1b2
review_7638,class_52da9457fdf6740afd51
review_7639,class_b89f90f328fa7e7781c0
review_7640,class_1bc7e06ece0f38a60982
review_7641,class_1bc7e06ece0f38a60982
review_7642,class_52da9457fdf6740afd51
review_7643,class_b7f740446b63715473af
review_7644,class_0eeaed02d1a961f133b4
review_7645,class_7d54e6ff154ad392b174
review_7646,class_0eeaed02d1a961f133b4
review_7647,class_52da9457fdf6740afd51
review_7648,class_0eeaed02d1a961f133b4
review_7649,class_7d54e6ff154ad392b174
review_7650,class_7d54e6ff154ad392b174
review_7651,class_0eeaed02d1a961f133b4
review_7652,class_7d54e6ff154ad392b174
review_7653,class_7d54e6ff154ad392b174
review_7654,class_7d54e6ff154ad392b174
review_7655,class_0eeaed02d1a961f133b4
review_7656,class_1bc7e06ece0f38a60982
review_7657,class_52da9457fdf6740afd51
review_7658,class_1bc7e06ece0f38a60982
review_7659,class_52da9457fdf6740afd51
review_7660,class_0eeaed02d1a961f133b4
review_7661,class_9e32d15b246e504af33c
review_7662,class_52da9457fdf6740afd51
review_7663,class_1bc7e06ece0f38a60982
review_7664,class_7d54e6ff154ad392b174
review_7665,class_7d54e6ff154ad392b174
review_7666,class_0eeaed02d1a961f133b4
review_7667,class_0eeaed02d1a961f133b4
review_7668,class_0eeaed02d1a961f133b4
review_7669,class_0eeaed02d1a961f133b4
review_7670,class_1318693c237b7b97c0c0
review_7671,class_1bc7e06ece0f38a60982
review_7672,class_0eeaed02d1a961f133b4
review_7673,class_1318693c237b7b97c0c0
review_7674,class_4397d106b671d697b6e0
review_7675,class_1cf1396a0c9bc53f37da
review_7676,class_52da9457fdf6740afd51
review_7677,class_1bc7e06ece0f38a60982
review_7678,class_1bc7e06ece0f38a60982
review_7679,class_1318693c237b7b97c0c0
review_7680,class_1318693c237b7b97c0c0
review_7681,class_0eeaed02d1a961f133b4
review_7682,class_0eeaed02d1a961f133b4
review_7683,class_9deef4712756d30ffaa3
review_7684,class_0eeaed02d1a961f133b4
review_7685,class_0eeaed02d1a961f133b4
review_7686,class_0eeaed02d1a961f133b4
review_7687,class_be68f8ed5877c11b8be4
review_7688,class_0eeaed02d1a961f133b4
review_7689,class_1bc7e06ece0f38a60982
review_7690,class_1bc7e06ece0f38a60982
review_7691,class_9deef4712756d30ffaa3
review_7692,class_1318693c237b7b97c0c0
review_7693,class_1bc7e06ece0f38a60982
review_7694,class_1bc7e06ece0f38a60982
review_7695,class_0eeaed02d1a961f133b4
review_7696,class_1bc7e06ece0f38a60982
review_7697,class_1bc7e06ece0f38a60982
review_7698,class_4397d106b671d697b6e0
review_7699,class_0eeaed02d1a961f133b4
review_7700,class_1bc7e06ece0f38a60982
review_7701,class_5da3128be1ff7664a1b2
review_7702,class_0eeaed02d1a961f133b4
review_7703,class_1bc7e06ece0f38a60982
review_7704,class_0eeaed02d1a961f133b4
review_7705,class_0eeaed02d1a961f133b4
review_7706,class_1bc7e06ece0f38a60982
review_7707,class_1318693c237b7b97c0c0
review_7708,class_1bc7e06ece0f38a60982
review_7709,class_52da9457fdf6740afd51
review_7710,class_0eeaed02d1a961f133b4
review_7711,class_0eeaed02d1a961f133b4
review_7712,class_52da9457fdf6740afd51
review_7713,class_1318693c237b7b97c0c0
review_7714,class_0eeaed02d1a961f133b4
review_7715,class_0eeaed02d1a961f133b4
review_7716,class_1bc7e06ece0f38a60982
review_7717,class_1bc7e06ece0f38a60982
review_7718,class_5da3128be1ff7664a1b2
review_7719,class_1318693c237b7b97c0c0
review_7720,class_1318693c237b7b97c0c0
review_7721,class_1bc7e06ece0f38a60982
review_7722,class_1bc7e06ece0f38a60982
review_7723,class_1318693c237b7b97c0c0
review_7724,class_1318693c237b7b97c0c0
review_7725,class_52da9457fdf6740afd51
review_7726,class_1bc7e06ece0f38a60982
review_7727,class_0eeaed02d1a961f133b4
review_7728,class_0eeaed02d1a961f133b4
review_7729,class_52da9457fdf6740afd51
review_7730,class_f6efb94c9ae061247bed
review_7731,class_7d54e6ff154ad392b174
review_7732,class_0eeaed02d1a961f133b4
review_7733,class_52da9457fdf6740afd51
review_7734,class_7d54e6ff154ad392b174
review_7735,class_1bc7e06ece0f38a60982
review_7736,class_52da9457fdf6740afd51
review_7737,class_52da9457fdf6740afd51
review_7738,class_1bc7e06ece0f38a60982
review_7739,class_52da9457fdf6740afd51
review_7740,class_1bc7e06ece0f38a60982
review_7741,class_52da9457fdf6740afd51
review_7742,class_1bc7e06ece0f38a60982
review_7743,class_1bc7e06ece0f38a60982
review_7744,class_52da9457fdf6740afd51
review_7745,class_1bc7e06ece0f38a60982
review_7746,class_f6efb94c9ae061247bed
review_7747,class_52da9457fdf6740afd51
review_7748,class_52da9457fdf6740afd51
review_7749,class_52da9457fdf6740afd51
review_7750,class_f6efb94c9ae061247bed
review_7751,class_0eeaed02d1a961f133b4
review_7752,class_f6efb94c9ae061247bed
review_7753,class_1bc7e06ece0f38a60982
review_7754,class_52da9457fdf6740afd51
review_7755,class_f6efb94c9ae061247bed
review_7756,class_52da9457fdf6740afd51
review_7757,class_52da9457fdf6740afd51
review_7758,class_1bc7e06ece0f38a60982
review_7759,class_b89f90f328fa7e7781c0
review_7760,class_5da3128be1ff7664a1b2
review_7761,class_0eeaed02d1a961f133b4
review_7762,class_5da3128be1ff7664a1b2
review_7763,class_7d54e6ff154ad392b174
review_7764,class_52da9457fdf6740afd51
review_7765,class_5da3128be1ff7664a1b2
review_7766,class_0eeaed02d1a961f133b4
review_7767,class_5da3128be1ff7664a1b2
review_7768,class_5da3128be1ff7664a1b2
review_7769,class_0eeaed02d1a961f133b4
review_7770,class_5da3128be1ff7664a1b2
review_7771,class_b7f740446b63715473af
review_7772,class_7d54e6ff154ad392b174
review_7773,class_5da3128be1ff7664a1b2
review_7774,class_5da3128be1ff7664a1b2
review_7775,class_5da3128be1ff7664a1b2
review_7776,class_b89f90f328fa7e7781c0
review_7777,class_1bc7e06ece0f38a60982
review_7778,class_1bc7e06ece0f38a60982
review_7779,class_1318693c237b7b97c0c0
review_7780,class_1bc7e06ece0f38a60982
review_7781,class_1bc7e06ece0f38a60982
review_7782,class_52da9457fdf6740afd51
review_7783,class_1bc7e06ece0f38a60982
review_7784,class_52da9457fdf6740afd51
review_7785,class_52da9457fdf6740afd51
review_7786,class_1bc7e06ece0f38a60982
review_7787,class_1bc7e06ece0f38a60982
review_7788,class_1bc7e06ece0f38a60982
review_7789,class_1bc7e06ece0f38a60982
review_7790,class_e65aace9237833ec7752
review_7791,class_1bc7e06ece0f38a60982
review_7792,class_52da9457fdf6740afd51
review_7793,class_1bc7e06ece0f38a60982
review_7794,class_1bc7e06ece0f38a60982
review_7795,class_1318693c237b7b97c0c0
review_7796,class_1bc7e06ece0f38a60982
review_7797,class_e65aace9237833ec7752
review_7798,class_1bc7e06ece0f38a60982
review_7799,class_b89f90f328fa7e7781c0
review_7800,class_1bc7e06ece0f38a60982
review_7801,class_1bc7e06ece0f38a60982
review_7802,class_1bc7e06ece0f38a60982
review_7803,class_e65aace9237833ec7752
review_7804,class_0eeaed02d1a961f133b4
review_7805,class_1318693c237b7b97c0c0
review_7806,class_e65aace9237833ec7752
review_7807,class_0eeaed02d1a961f133b4
review_7808,class_1bc7e06ece0f38a60982
review_7809,class_1bc7e06ece0f38a60982
review_7810,class_e65aace9237833ec7752
review_7811,class_1318693c237b7b97c0c0
review_7812,class_52da9457fdf6740afd51
review_7813,class_1bc7e06ece0f38a60982
review_7814,class_e65aace9237833ec7752
review_7815,class_e65aace9237833ec7752
review_7816,class_e65aace9237833ec7752
review_7817,class_1bc7e06ece0f38a60982
review_7818,class_1bc7e06ece0f38a60982
review_7819,class_1bc7e06ece0f38a60982
review_7820,class_1bc7e06ece0f38a60982
review_7821,class_e65aace9237833ec7752
review_7822,class_e65aace9237833ec7752
review_7823,class_7d54e6ff154ad392b174
review_7824,class_4397d106b671d697b6e0
review_7825,class_7d54e6ff154ad392b174
review_7826,class_5da3128be1ff7664a1b2
review_7827,class_7d54e6ff154ad392b174
review_7828,class_7d54e6ff154ad392b174
review_7829,class_7d54e6ff154ad392b174
review_7830,class_52da9457fdf6740afd51
review_7831,class_7d54e6ff154ad392b174
review_7832,class_7d54e6ff154ad392b174
review_7833,class_7d54e6ff154ad392b174
review_7834,class_7d54e6ff154ad392b174
review_7835,class_7d54e6ff154ad392b174
review_7836,class_7d54e6ff154ad392b174
review_7837,class_e65aace9237833ec7752
review_7838,class_e65aace9237833ec7752
review_7839,class_7d54e6ff154ad392b174
review_7840,class_5da3128be1ff7664a1b2
review_7841,class_9e32d15b246e504af33c
review_7842,class_7d54e6ff154ad392b174
review_7843,class_7d54e6ff154ad392b174
review_7844,class_9e32d15b246e504af33c
review_7845,class_e65aace9237833ec7752
review_7846,class_7d54e6ff154ad392b174
review_7847,class_e65aace9237833ec7752
review_7848,class_7d54e6ff154ad392b174
review_7849,class_7d54e6ff154ad392b174
review_7850,class_5da3128be1ff7664a1b2
review_7851,class_52da9457fdf6740afd51
review_7852,class_52da9457fdf6740afd51
review_7853,class_7d54e6ff154ad392b174
review_7854,class_7d54e6ff154ad392b174
review_7855,class_9e32d15b246e504af33c
review_7856,class_1bc7e06ece0f38a60982
review_7857,class_7d54e6ff154ad392b174
review_7858,class_e65aace9237833ec7752
review_7859,class_5da3128be1ff7664a1b2
review_7860,class_7d54e6ff154ad392b174
review_7861,class_7d54e6ff154ad392b174
review_7862,class_7d54e6ff154ad392b174
review_7863,class_52da9457fdf6740afd51
review_7864,class_e65aace9237833ec7752
review_7865,class_7d54e6ff154ad392b174
review_7866,class_7d54e6ff154ad392b174
review_7867,class_7d54e6ff154ad392b174
review_7868,class_1bc7e06ece0f38a60982
review_7869,class_9e32d15b246e504af33c
review_7870,class_7d54e6ff154ad392b174
review_7871,class_7d54e6ff154ad392b174
review_7872,class_1bc7e06ece0f38a60982
review_7873,class_7d54e6ff154ad392b174
review_7874,class_e65aace9237833ec7752
review_7875,class_52da9457fdf6740afd51
review_7876,class_be68f8ed5877c11b8be4
review_7877,class_7d54e6ff154ad392b174
review_7878,class_7d54e6ff154ad392b174
review_7879,class_7d54e6ff154ad392b174
review_7880,class_7d54e6ff154ad392b174
review_7881,class_7d54e6ff154ad392b174
review_7882,class_7d54e6ff154ad392b174
review_7883,class_7d54e6ff154ad392b174
review_7884,class_7d54e6ff154ad392b174
review_7885,class_7d54e6ff154ad392b174
review_7886,class_7d54e6ff154ad392b174
review_7887,class_1bc7e06ece0f38a60982
review_7888,class_1bc7e06ece0f38a60982
review_7889,class_1bc7e06ece0f38a60982
review_7890,class_1318693c237b7b97c0c0
review_7891,class_1bc7e06ece0f38a60982
review_7892,class_1bc7e06ece0f38a60982
review_7893,class_1bc7e06ece0f38a60982
review_7894,class_1bc7e06ece0f38a60982
review_7895,class_1bc7e06ece0f38a60982
review_7896,class_1bc7e06ece0f38a60982
review_7897,class_1bc7e06ece0f38a60982
review_7898,class_1bc7e06ece0f38a60982
review_7899,class_1bc7e06ece0f38a60982
review_7900,class_1bc7e06ece0f38a60982
review_7901,class_1bc7e06ece0f38a60982
review_7902,class_1bc7e06ece0f38a60982
review_7903,class_1bc7e06ece0f38a60982
review_7904,class_1bc7e06ece0f38a60982
review_7905,class_1bc7e06ece0f38a60982
review_7906,class_1bc7e06ece0f38a60982
review_7907,class_1bc7e06ece0f38a60982
review_7908,class_1bc7e06ece0f38a60982
review_7909,class_1bc7e06ece0f38a60982
review_7910,class_1bc7e06ece0f38a60982
review_7911,class_1bc7e06ece0f38a60982
review_7912,class_1bc7e06ece0f38a60982
review_7913,class_1bc7e06ece0f38a60982
review_7914,class_1bc7e06ece0f38a60982
review_7915,class_1bc7e06ece0f38a60982
review_7916,class_1bc7e06ece0f38a60982
review_7917,class_1bc7e06ece0f38a60982
review_7918,class_1bc7e06ece0f38a60982
review_7919,class_1bc7e06ece0f38a60982
review_7920,class_1bc7e06ece0f38a60982
review_7921,class_1bc7e06ece0f38a60982
review_7922,class_1bc7e06ece0f38a60982
review_7923,class_1bc7e06ece0f38a60982
review_7924,class_1bc7e06ece0f38a60982
review_7925,class_1bc7e06ece0f38a60982
review_7926,class_1bc7e06ece0f38a60982
review_7927,class_1bc7e06ece0f38a60982
review_7928,class_1bc7e06ece0f38a60982
review_7929,class_1bc7e06ece0f38a60982
review_7930,class_1bc7e06ece0f38a60982
review_7931,class_1bc7e06ece0f38a60982
review_7932,class_1bc7e06ece0f38a60982
review_7933,class_1bc7e06ece0f38a60982
review_7934,class_1bc7e06ece0f38a60982
review_7935,class_1bc7e06ece0f38a60982
review_7936,class_1bc7e06ece0f38a60982
review_7937,class_1bc7e06ece0f38a60982
review_7938,class_1bc7e06ece0f38a60982
review_7939,class_1bc7e06ece0f38a60982
review_7940,class_1bc7e06ece0f38a60982
review_7941,class_1bc7e06ece0f38a60982
review_7942,class_1bc7e06ece0f38a60982
review_7943,class_1bc7e06ece0f38a60982
review_7944,class_1bc7e06ece0f38a60982
review_7945,class_1bc7e06ece0f38a60982
review_7946,class_1bc7e06ece0f38a60982
review_7947,class_7d54e6ff154ad392b174
review_7948,class_1bc7e06ece0f38a60982
review_7949,class_7d54e6ff154ad392b174
review_7950,class_1bc7e06ece0f38a60982
review_7951,class_1bc7e06ece0f38a60982
review_7952,class_1318693c237b7b97c0c0
review_7953,class_1318693c237b7b97c0c0
review_7954,class_7d54e6ff154ad392b174
review_7955,class_52da9457fdf6740afd51
review_7956,class_7d54e6ff154ad392b174
review_7957,class_52da9457fdf6740afd51
review_7958,class_1318693c237b7b97c0c0
review_7959,class_7d54e6ff154ad392b174
review_7960,class_1cf1396a0c9bc53f37da
review_7961,class_7d54e6ff154ad392b174
review_7962,class_1bc7e06ece0f38a60982
review_7963,class_0eeaed02d1a961f133b4
review_7964,class_1318693c237b7b97c0c0
review_7965,class_7d54e6ff154ad392b174
review_7966,class_1bc7e06ece0f38a60982
review_7967,class_7d54e6ff154ad392b174
review_7968,class_1bc7e06ece0f38a60982
review_7969,class_7d54e6ff154ad392b174
review_7970,class_1cf1396a0c9bc53f37da
review_7971,class_1bc7e06ece0f38a60982
review_7972,class_7d54e6ff154ad392b174
review_7973,class_1bc7e06ece0f38a60982
review_7974,class_1bc7e06ece0f38a60982
review_7975,class_1bc7e06ece0f38a60982
review_7976,class_52da9457fdf6740afd51
review_7977,class_1318693c237b7b97c0c0
review_7978,class_1318693c237b7b97c0c0
review_7979,class_7d54e6ff154ad392b174
review_7980,class_7d54e6ff154ad392b174
review_7981,class_1318693c237b7b97c0c0
review_7982,class_1bc7e06ece0f38a60982
review_7983,class_52da9457fdf6740afd51
review_7984,class_1bc7e06ece0f38a60982
review_7985,class_1bc7e06ece0f38a60982
review_7986,class_7d54e6ff154ad392b174
review_7987,class_7d54e6ff154ad392b174
review_7988,class_1318693c237b7b97c0c0
review_7989,class_1318693c237b7b97c0c0
review_7990,class_7d54e6ff154ad392b174
review_7991,class_7d54e6ff154ad392b174
review_7992,class_1318693c237b7b97c0c0
review_7993,class_1318693c237b7b97c0c0
review_7994,class_b89f90f328fa7e7781c0
review_7995,class_7d54e6ff154ad392b174
review_7996,class_7d54e6ff154ad392b174
review_7997,class_1318693c237b7b97c0c0
review_7998,class_1bc7e06ece0f38a60982
review_7999,class_7d54e6ff154ad392b174
review_8000,class_7d54e6ff154ad392b174
review_8001,class_7d54e6ff154ad392b174
review_8002,class_b89f90f328fa7e7781c0
review_8003,class_7d54e6ff154ad392b174
review_8004,class_1bc7e06ece0f38a60982
review_8005,class_0eeaed02d1a961f133b4
review_8006,class_1318693c237b7b97c0c0
review_8007,class_1bc7e06ece0f38a60982
review_8008,class_7d54e6ff154ad392b174
review_8009,class_7d54e6ff154ad392b174
review_8010,class_7d54e6ff154ad392b174
review_8011,class_1cf1396a0c9bc53f37da
review_8012,class_7d54e6ff154ad392b174
review_8013,class_7d54e6ff154ad392b174
review_8014,class_1318693c237b7b97c0c0
review_8015,class_1bc7e06ece0f38a60982
review_8016,class_7d54e6ff154ad392b174
review_8017,class_7d54e6ff154ad392b174
review_8018,class_7d54e6ff154ad392b174
review_8019,class_7d54e6ff154ad392b174
review_8020,class_7d54e6ff154ad392b174
review_8021,class_7d54e6ff154ad392b174
review_8022,class_7d54e6ff154ad392b174
review_8023,class_1bc7e06ece0f38a60982
review_8024,class_1bc7e06ece0f38a60982
review_8025,class_1bc7e06ece0f38a60982
review_8026,class_1bc7e06ece0f38a60982
review_8027,class_1bc7e06ece0f38a60982
review_8028,class_1318693c237b7b97c0c0
review_8029,class_b89f90f328fa7e7781c0
review_8030,class_1bc7e06ece0f38a60982
review_8031,class_1bc7e06ece0f38a60982
review_8032,class_7d54e6ff154ad392b174
review_8033,class_0eeaed02d1a961f133b4
review_8034,class_1318693c237b7b97c0c0
review_8035,class_1318693c237b7b97c0c0
review_8036,class_1bc7e06ece0f38a60982
review_8037,class_7d54e6ff154ad392b174
review_8038,class_1318693c237b7b97c0c0
review_8039,class_1318693c237b7b97c0c0
review_8040,class_1318693c237b7b97c0c0
review_8041,class_7d54e6ff154ad392b174
review_8042,class_1318693c237b7b97c0c0
review_8043,class_1318693c237b7b97c0c0
review_8044,class_1318693c237b7b97c0c0
review_8045,class_9e32d15b246e504af33c
review_8046,class_1318693c237b7b97c0c0
review_8047,class_7d54e6ff154ad392b174
review_8048,class_0eeaed02d1a961f133b4
review_8049,class_7d54e6ff154ad392b174
review_8050,class_7d54e6ff154ad392b174
review_8051,class_1318693c237b7b97c0c0
review_8052,class_1318693c237b7b97c0c0
review_8053,class_7d54e6ff154ad392b174
review_8054,class_0eeaed02d1a961f133b4
review_8055,class_7d54e6ff154ad392b174
review_8056,class_b89f90f328fa7e7781c0
review_8057,class_7d54e6ff154ad392b174
review_8058,class_1318693c237b7b97c0c0
review_8059,class_7d54e6ff154ad392b174
review_8060,class_1318693c237b7b97c0c0
review_8061,class_1bc7e06ece0f38a60982
review_8062,class_1318693c237b7b97c0c0
review_8063,class_7d54e6ff154ad392b174
review_8064,class_7d54e6ff154ad392b174
review_8065,class_7d54e6ff154ad392b174
review_8066,class_1318693c237b7b97c0c0
review_8067,class_7d54e6ff154ad392b174
review_8068,class_7d54e6ff154ad392b174
review_8069,class_7d54e6ff154ad392b174
review_8070,class_0eeaed02d1a961f133b4
review_8071,class_7d54e6ff154ad392b174
review_8072,class_1bc7e06ece0f38a60982
review_8073,class_1318693c237b7b97c0c0
review_8074,class_7d54e6ff154ad392b174
review_8075,class_1bc7e06ece0f38a60982
review_8076,class_1318693c237b7b97c0c0
review_8077,class_7d54e6ff154ad392b174
review_8078,class_1318693c237b7b97c0c0
review_8079,class_0eeaed02d1a961f133b4
review_8080,class_7d54e6ff154ad392b174
review_8081,class_7d54e6ff154ad392b174
review_8082,class_be68f8ed5877c11b8be4
review_8083,class_1318693c237b7b97c0c0
review_8084,class_7d54e6ff154ad392b174
review_8085,class_1318693c237b7b97c0c0
review_8086,class_1318693c237b7b97c0c0
review_8087,class_0eeaed02d1a961f133b4
review_8088,class_1318693c237b7b97c0c0
review_8089,class_1318693c237b7b97c0c0
review_8090,class_1bc7e06ece0f38a60982
review_8091,class_1318693c237b7b97c0c0
review_8092,class_1318693c237b7b97c0c0
review_8093,class_1318693c237b7b97c0c0
review_8094,class_b89f90f328fa7e7781c0
review_8095,class_1bc7e06ece0f38a60982
review_8096,class_0eeaed02d1a961f133b4
review_8097,class_1bc7e06ece0f38a60982
review_8098,class_1318693c237b7b97c0c0
review_8099,class_7d54e6ff154ad392b174
review_8100,class_7d54e6ff154ad392b174
review_8101,class_7d54e6ff154ad392b174
review_8102,class_0eeaed02d1a961f133b4
review_8103,class_1bc7e06ece0f38a60982
review_8104,class_1318693c237b7b97c0c0
review_8105,class_1318693c237b7b97c0c0
review_8106,class_1318693c237b7b97c0c0
review_8107,class_7d54e6ff154ad392b174
review_8108,class_1318693c237b7b97c0c0
review_8109,class_7d54e6ff154ad392b174
review_8110,class_b89f90f328fa7e7781c0
review_8111,class_7d54e6ff154ad392b174
review_8112,class_7d54e6ff154ad392b174
review_8113,class_b89f90f328fa7e7781c0
review_8114,class_7d54e6ff154ad392b174
review_8115,class_1318693c237b7b97c0c0
review_8116,class_7d54e6ff154ad392b174
review_8117,class_1bc7e06ece0f38a60982
review_8118,class_7d54e6ff154ad392b174
review_8119,class_9deef4712756d30ffaa3
review_8120,class_52da9457fdf6740afd51
review_8121,class_52da9457fdf6740afd51
review_8122,class_e65aace9237833ec7752
review_8123,class_52da9457fdf6740afd51
review_8124,class_52da9457fdf6740afd51
review_8125,class_e65aace9237833ec7752
review_8126,class_1bc7e06ece0f38a60982
review_8127,class_9deef4712756d30ffaa3
review_8128,class_9deef4712756d30ffaa3
review_8129,class_52da9457fdf6740afd51
review_8130,class_52da9457fdf6740afd51
review_8131,class_1bc7e06ece0f38a60982
review_8132,class_52da9457fdf6740afd51
review_8133,class_e65aace9237833ec7752
review_8134,class_1bc7e06ece0f38a60982
review_8135,class_b89f90f328fa7e7781c0
review_8136,class_52da9457fdf6740afd51
review_8137,class_9e32d15b246e504af33c
review_8138,class_1bc7e06ece0f38a60982
review_8139,class_0eeaed02d1a961f133b4
review_8140,class_1bc7e06ece0f38a60982
review_8141,class_52da9457fdf6740afd51
review_8142,class_e65aace9237833ec7752
review_8143,class_1318693c237b7b97c0c0
review_8144,class_1318693c237b7b97c0c0
review_8145,class_52da9457fdf6740afd51
review_8146,class_52da9457fdf6740afd51
review_8147,class_1318693c237b7b97c0c0
review_8148,class_52da9457fdf6740afd51
review_8149,class_1bc7e06ece0f38a60982
review_8150,class_e65aace9237833ec7752
review_8151,class_e65aace9237833ec7752
review_8152,class_7d54e6ff154ad392b174
review_8153,class_1bc7e06ece0f38a60982
review_8154,class_4397d106b671d697b6e0
review_8155,class_52da9457fdf6740afd51
review_8156,class_52da9457fdf6740afd51
review_8157,class_7d54e6ff154ad392b174
review_8158,class_7d54e6ff154ad392b174
review_8159,class_52da9457fdf6740afd51
review_8160,class_52da9457fdf6740afd51
review_8161,class_52da9457fdf6740afd51
review_8162,class_f6efb94c9ae061247bed
review_8163,class_7d54e6ff154ad392b174
review_8164,class_52da9457fdf6740afd51
review_8165,class_52da9457fdf6740afd51
review_8166,class_52da9457fdf6740afd51
review_8167,class_7d54e6ff154ad392b174
review_8168,class_52da9457fdf6740afd51
review_8169,class_7d54e6ff154ad392b174
review_8170,class_52da9457fdf6740afd51
review_8171,class_e65aace9237833ec7752
review_8172,class_7d54e6ff154ad392b174
review_8173,class_e65aace9237833ec7752
review_8174,class_0eeaed02d1a961f133b4
review_8175,class_52da9457fdf6740afd51
review_8176,class_7d54e6ff154ad392b174
review_8177,class_1bc7e06ece0f38a60982
review_8178,class_52da9457fdf6740afd51
review_8179,class_7d54e6ff154ad392b174
review_8180,class_1bc7e06ece0f38a60982
review_8181,class_52da9457fdf6740afd51
review_8182,class_5da3128be1ff7664a1b2
review_8183,class_52da9457fdf6740afd51
review_8184,class_52da9457fdf6740afd51
review_8185,class_52da9457fdf6740afd51
review_8186,class_52da9457fdf6740afd51
review_8187,class_52da9457fdf6740afd51
review_8188,class_52da9457fdf6740afd51
review_8189,class_7d54e6ff154ad392b174
review_8190,class_52da9457fdf6740afd51
review_8191,class_52da9457fdf6740afd51
review_8192,class_5da3128be1ff7664a1b2
review_8193,class_52da9457fdf6740afd51
review_8194,class_52da9457fdf6740afd51
review_8195,class_0eeaed02d1a961f133b4
review_8196,class_7d54e6ff154ad392b174
review_8197,class_52da9457fdf6740afd51
review_8198,class_e65aace9237833ec7752
review_8199,class_52da9457fdf6740afd51
review_8200,class_e65aace9237833ec7752
review_8201,class_52da9457fdf6740afd51
review_8202,class_e65aace9237833ec7752
review_8203,class_52da9457fdf6740afd51
review_8204,class_52da9457fdf6740afd51
review_8205,class_52da9457fdf6740afd51
review_8206,class_f6efb94c9ae061247bed
review_8207,class_7d54e6ff154ad392b174
review_8208,class_be68f8ed5877c11b8be4
review_8209,class_9e32d15b246e504af33c
review_8210,class_1bc7e06ece0f38a60982
review_8211,class_1bc7e06ece0f38a60982
review_8212,class_9e32d15b246e504af33c
review_8213,class_b89f90f328fa7e7781c0
review_8214,class_1bc7e06ece0f38a60982
review_8215,class_1bc7e06ece0f38a60982
review_8216,class_7d54e6ff154ad392b174
review_8217,class_1bc7e06ece0f38a60982
review_8218,class_0eeaed02d1a961f133b4
review_8219,class_e65aace9237833ec7752
review_8220,class_52da9457fdf6740afd51
review_8221,class_f6efb94c9ae061247bed
review_8222,class_f6efb94c9ae061247bed
review_8223,class_1bc7e06ece0f38a60982
review_8224,class_1bc7e06ece0f38a60982
review_8225,class_1bc7e06ece0f38a60982
review_8226,class_9e32d15b246e504af33c
review_8227,class_1bc7e06ece0f38a60982
review_8228,class_9e32d15b246e504af33c
review_8229,class_1bc7e06ece0f38a60982
review_8230,class_52da9457fdf6740afd51
review_8231,class_e65aace9237833ec7752
review_8232,class_1bc7e06ece0f38a60982
review_8233,class_7d54e6ff154ad392b174
review_8234,class_1318693c237b7b97c0c0
review_8235,class_1bc7e06ece0f38a60982
review_8236,class_f6efb94c9ae061247bed
review_8237,class_9e32d15b246e504af33c
review_8238,class_7d54e6ff154ad392b174
review_8239,class_f6efb94c9ae061247bed
review_8240,class_1bc7e06ece0f38a60982
review_8241,class_9deef4712756d30ffaa3
review_8242,class_1bc7e06ece0f38a60982
review_8243,class_e65aace9237833ec7752
review_8244,class_1bc7e06ece0f38a60982
review_8245,class_be68f8ed5877c11b8be4
review_8246,class_9deef4712756d30ffaa3
review_8247,class_f6efb94c9ae061247bed
review_8248,class_1bc7e06ece0f38a60982
review_8249,class_be68f8ed5877c11b8be4
review_8250,class_1bc7e06ece0f38a60982
review_8251,class_0eeaed02d1a961f133b4
review_8252,class_1bc7e06ece0f38a60982
review_8253,class_52da9457fdf6740afd51
review_8254,class_1bc7e06ece0f38a60982
review_8255,class_7d54e6ff154ad392b174
review_8256,class_1bc7e06ece0f38a60982
review_8257,class_e65aace9237833ec7752
review_8258,class_1bc7e06ece0f38a60982
review_8259,class_1bc7e06ece0f38a60982
review_8260,class_9deef4712756d30ffaa3
review_8261,class_1bc7e06ece0f38a60982
review_8262,class_7d54e6ff154ad392b174
review_8263,class_1bc7e06ece0f38a60982
review_8264,class_1bc7e06ece0f38a60982
review_8265,class_52da9457fdf6740afd51
review_8266,class_52da9457fdf6740afd51
review_8267,class_1318693c237b7b97c0c0
review_8268,class_e65aace9237833ec7752
review_8269,class_1bc7e06ece0f38a60982
review_8270,class_1bc7e06ece0f38a60982
review_8271,class_52da9457fdf6740afd51
review_8272,class_52da9457fdf6740afd51
review_8273,class_52da9457fdf6740afd51
review_8274,class_1318693c237b7b97c0c0
review_8275,class_1bc7e06ece0f38a60982
review_8276,class_1bc7e06ece0f38a60982
review_8277,class_7d54e6ff154ad392b174
review_8278,class_1bc7e06ece0f38a60982
review_8279,class_e65aace9237833ec7752
review_8280,class_be68f8ed5877c11b8be4
review_8281,class_be68f8ed5877c11b8be4
review_8282,class_e65aace9237833ec7752
review_8283,class_e65aace9237833ec7752
review_8284,class_1bc7e06ece0f38a60982
review_8285,class_e65aace9237833ec7752
review_8286,class_1bc7e06ece0f38a60982
review_8287,class_1bc7e06ece0f38a60982
review_8288,class_0eeaed02d1a961f133b4
review_8289,class_52da9457fdf6740afd51
review_8290,class_be68f8ed5877c11b8be4
review_8291,class_1bc7e06ece0f38a60982
review_8292,class_c3ca5f787365eae0dea8
review_8293,class_7d54e6ff154ad392b174
review_8294,class_7d54e6ff154ad392b174
review_8295,class_7d54e6ff154ad392b174
review_8296,class_1bc7e06ece0f38a60982
review_8297,class_7d54e6ff154ad392b174
review_8298,class_7d54e6ff154ad392b174
review_8299,class_7d54e6ff154ad392b174
review_8300,class_e65aace9237833ec7752
review_8301,class_7d54e6ff154ad392b174
review_8302,class_9deef4712756d30ffaa3
review_8303,class_7d54e6ff154ad392b174
review_8304,class_7d54e6ff154ad392b174
review_8305,class_7d54e6ff154ad392b174
review_8306,class_7d54e6ff154ad392b174
review_8307,class_7d54e6ff154ad392b174
review_8308,class_1bc7e06ece0f38a60982
review_8309,class_7d54e6ff154ad392b174
review_8310,class_1318693c237b7b97c0c0
review_8311,class_1318693c237b7b97c0c0
review_8312,class_7d54e6ff154ad392b174
review_8313,class_1bc7e06ece0f38a60982
review_8314,class_e65aace9237833ec7752
review_8315,class_e65aace9237833ec7752
review_8316,class_e65aace9237833ec7752
review_8317,class_1bc7e06ece0f38a60982
review_8318,class_7d54e6ff154ad392b174
review_8319,class_7d54e6ff154ad392b174
review_8320,class_7d54e6ff154ad392b174
review_8321,class_7d54e6ff154ad392b174
review_8322,class_1bc7e06ece0f38a60982
review_8323,class_9deef4712756d30ffaa3
review_8324,class_e65aace9237833ec7752
review_8325,class_be68f8ed5877c11b8be4
review_8326,class_7d54e6ff154ad392b174
review_8327,class_7d54e6ff154ad392b174
review_8328,class_7d54e6ff154ad392b174
review_8329,class_7d54e6ff154ad392b174
review_8330,class_7d54e6ff154ad392b174
review_8331,class_1cf1396a0c9bc53f37da
review_8332,class_7d54e6ff154ad392b174
review_8333,class_1318693c237b7b97c0c0
review_8334,class_e65aace9237833ec7752
review_8335,class_7d54e6ff154ad392b174
review_8336,class_7d54e6ff154ad392b174
review_8337,class_7d54e6ff154ad392b174
review_8338,class_7d54e6ff154ad392b174
review_8339,class_7d54e6ff154ad392b174
review_8340,class_7d54e6ff154ad392b174
review_8341,class_be68f8ed5877c11b8be4
review_8342,class_7d54e6ff154ad392b174
review_8343,class_7d54e6ff154ad392b174
review_8344,class_7d54e6ff154ad392b174
review_8345,class_e65aace9237833ec7752
review_8346,class_7d54e6ff154ad392b174
review_8347,class_7d54e6ff154ad392b174
review_8348,class_7d54e6ff154ad392b174
review_8349,class_7d54e6ff154ad392b174
review_8350,class_1318693c237b7b97c0c0
review_8351,class_e65aace9237833ec7752
review_8352,class_7d54e6ff154ad392b174
review_8353,class_1bc7e06ece0f38a60982
review_8354,class_7d54e6ff154ad392b174
review_8355,class_9deef4712756d30ffaa3
review_8356,class_7d54e6ff154ad392b174
review_8357,class_be68f8ed5877c11b8be4
review_8358,class_e65aace9237833ec7752
review_8359,class_7d54e6ff154ad392b174
review_8360,class_7d54e6ff154ad392b174
review_8361,class_1318693c237b7b97c0c0
review_8362,class_7d54e6ff154ad392b174
review_8363,class_7d54e6ff154ad392b174
review_8364,class_7d54e6ff154ad392b174
review_8365,class_1318693c237b7b97c0c0
review_8366,class_7d54e6ff154ad392b174
review_8367,class_1bc7e06ece0f38a60982
review_8368,class_7d54e6ff154ad392b174
review_8369,class_7d54e6ff154ad392b174
review_8370,class_7d54e6ff154ad392b174
review_8371,class_e65aace9237833ec7752
review_8372,class_e65aace9237833ec7752
review_8373,class_1bc7e06ece0f38a60982
review_8374,class_7d54e6ff154ad392b174
review_8375,class_7d54e6ff154ad392b174
review_8376,class_7d54e6ff154ad392b174
review_8377,class_7d54e6ff154ad392b174
review_8378,class_7d54e6ff154ad392b174
review_8379,class_7d54e6ff154ad392b174
review_8380,class_7d54e6ff154ad392b174
review_8381,class_7d54e6ff154ad392b174
review_8382,class_7d54e6ff154ad392b174
review_8383,class_7d54e6ff154ad392b174
review_8384,class_7d54e6ff154ad392b174
review_8385,class_e65aace9237833ec7752
review_8386,class_7d54e6ff154ad392b174
review_8387,class_7d54e6ff154ad392b174
review_8388,class_e65aace9237833ec7752
review_8389,class_52da9457fdf6740afd51
review_8390,class_e65aace9237833ec7752
review_8391,class_52da9457fdf6740afd51
review_8392,class_7d54e6ff154ad392b174
review_8393,class_e65aace9237833ec7752
review_8394,class_e65aace9237833ec7752
review_8395,class_7d54e6ff154ad392b174
review_8396,class_7d54e6ff154ad392b174
review_8397,class_f6efb94c9ae061247bed
review_8398,class_1cf1396a0c9bc53f37da
review_8399,class_1cf1396a0c9bc53f37da
review_8400,class_7d54e6ff154ad392b174
review_8401,class_e65aace9237833ec7752
review_8402,class_e65aace9237833ec7752
review_8403,class_7d54e6ff154ad392b174
review_8404,class_7d54e6ff154ad392b174
review_8405,class_7d54e6ff154ad392b174
review_8406,class_1bc7e06ece0f38a60982
review_8407,class_1bc7e06ece0f38a60982
review_8408,class_f6efb94c9ae061247bed
review_8409,class_e65aace9237833ec7752
review_8410,class_e65aace9237833ec7752
review_8411,class_7d54e6ff154ad392b174
review_8412,class_7d54e6ff154ad392b174
review_8413,class_7d54e6ff154ad392b174
review_8414,class_7d54e6ff154ad392b174
review_8415,class_7d54e6ff154ad392b174
review_8416,class_7d54e6ff154ad392b174
review_8417,class_e65aace9237833ec7752
review_8418,class_7d54e6ff154ad392b174
review_8419,class_7d54e6ff154ad392b174
review_8420,class_0eeaed02d1a961f133b4
review_8421,class_e65aace9237833ec7752
review_8422,class_f6efb94c9ae061247bed
review_8423,class_1cf1396a0c9bc53f37da
review_8424,class_e65aace9237833ec7752
review_8425,class_7d54e6ff154ad392b174
review_8426,class_7d54e6ff154ad392b174
review_8427,class_1bc7e06ece0f38a60982
review_8428,class_e65aace9237833ec7752
review_8429,class_e65aace9237833ec7752
review_8430,class_0eeaed02d1a961f133b4
review_8431,class_7d54e6ff154ad392b174
review_8432,class_7d54e6ff154ad392b174
review_8433,class_e65aace9237833ec7752
review_8434,class_7d54e6ff154ad392b174
review_8435,class_7d54e6ff154ad392b174
review_8436,class_7d54e6ff154ad392b174
review_8437,class_7d54e6ff154ad392b174
review_8438,class_7d54e6ff154ad392b174
review_8439,class_52da9457fdf6740afd51
review_8440,class_e65aace9237833ec7752
review_8441,class_7d54e6ff154ad392b174
review_8442,class_e65aace9237833ec7752
review_8443,class_52da9457fdf6740afd51
review_8444,class_1bc7e06ece0f38a60982
review_8445,class_52438e68a549a636811e
review_8446,class_1bc7e06ece0f38a60982
review_8447,class_1bc7e06ece0f38a60982
review_8448,class_52438e68a549a636811e
review_8449,class_1bc7e06ece0f38a60982
review_8450,class_7d54e6ff154ad392b174
review_8451,class_9deef4712756d30ffaa3
review_8452,class_9deef4712756d30ffaa3
review_8453,class_f6efb94c9ae061247bed
review_8454,class_1bc7e06ece0f38a60982
review_8455,class_9deef4712756d30ffaa3
review_8456,class_1bc7e06ece0f38a60982
review_8457,class_f6efb94c9ae061247bed
review_8458,class_1bc7e06ece0f38a60982
review_8459,class_1bc7e06ece0f38a60982
review_8460,class_52438e68a549a636811e
review_8461,class_1bc7e06ece0f38a60982
review_8462,class_1bc7e06ece0f38a60982
review_8463,class_1bc7e06ece0f38a60982
review_8464,class_1bc7e06ece0f38a60982
review_8465,class_9deef4712756d30ffaa3
review_8466,class_7d54e6ff154ad392b174
review_8467,class_f6efb94c9ae061247bed
review_8468,class_1bc7e06ece0f38a60982
review_8469,class_1bc7e06ece0f38a60982
review_8470,class_1bc7e06ece0f38a60982
review_8471,class_7d54e6ff154ad392b174
review_8472,class_1bc7e06ece0f38a60982
review_8473,class_7d54e6ff154ad392b174
review_8474,class_1bc7e06ece0f38a60982
review_8475,class_1bc7e06ece0f38a60982
review_8476,class_9deef4712756d30ffaa3
review_8477,class_1bc7e06ece0f38a60982
review_8478,class_1bc7e06ece0f38a60982
review_8479,class_9deef4712756d30ffaa3
review_8480,class_1bc7e06ece0f38a60982
review_8481,class_1bc7e06ece0f38a60982
review_8482,class_1bc7e06ece0f38a60982
review_8483,class_1bc7e06ece0f38a60982
review_8484,class_1bc7e06ece0f38a60982
review_8485,class_1bc7e06ece0f38a60982
review_8486,class_9deef4712756d30ffaa3
review_8487,class_e65aace9237833ec7752
review_8488,class_1bc7e06ece0f38a60982
review_8489,class_1bc7e06ece0f38a60982
review_8490,class_1bc7e06ece0f38a60982
review_8491,class_1bc7e06ece0f38a60982
review_8492,class_7d54e6ff154ad392b174
review_8493,class_1bc7e06ece0f38a60982
review_8494,class_b89f90f328fa7e7781c0
review_8495,class_1bc7e06ece0f38a60982
review_8496,class_1bc7e06ece0f38a60982
review_8497,class_1bc7e06ece0f38a60982
review_8498,class_1bc7e06ece0f38a60982
review_8499,class_f6efb94c9ae061247bed
review_8500,class_9deef4712756d30ffaa3
review_8501,class_1bc7e06ece0f38a60982
review_8502,class_f6efb94c9ae061247bed
review_8503,class_1bc7e06ece0f38a60982
review_8504,class_1bc7e06ece0f38a60982
review_8505,class_1bc7e06ece0f38a60982
review_8506,class_b89f90f328fa7e7781c0
review_8507,class_1cf1396a0c9bc53f37da
review_8508,class_9deef4712756d30ffaa3
review_8509,class_1bc7e06ece0f38a60982
review_8510,class_b89f90f328fa7e7781c0
review_8511,class_9deef4712756d30ffaa3
review_8512,class_e65aace9237833ec7752
review_8513,class_1bc7e06ece0f38a60982
review_8514,class_0eeaed02d1a961f133b4
review_8515,class_9deef4712756d30ffaa3
review_8516,class_1cf1396a0c9bc53f37da
review_8517,class_1cf1396a0c9bc53f37da
review_8518,class_b7f740446b63715473af
review_8519,class_7d54e6ff154ad392b174
review_8520,class_7d54e6ff154ad392b174
review_8521,class_9deef4712756d30ffaa3
review_8522,class_0eeaed02d1a961f133b4
review_8523,class_7d54e6ff154ad392b174
review_8524,class_0eeaed02d1a961f133b4
review_8525,class_f6efb94c9ae061247bed
review_8526,class_0eeaed02d1a961f133b4
review_8527,class_7d54e6ff154ad392b174
review_8528,class_9deef4712756d30ffaa3
review_8529,class_52da9457fdf6740afd51
review_8530,class_5da3128be1ff7664a1b2
review_8531,class_1bc7e06ece0f38a60982
review_8532,class_52da9457fdf6740afd51
review_8533,class_5da3128be1ff7664a1b2
review_8534,class_5da3128be1ff7664a1b2
review_8535,class_5da3128be1ff7664a1b2
review_8536,class_5da3128be1ff7664a1b2
review_8537,class_5da3128be1ff7664a1b2
review_8538,class_5da3128be1ff7664a1b2
review_8539,class_52da9457fdf6740afd51
review_8540,class_1bc7e06ece0f38a60982
review_8541,class_5da3128be1ff7664a1b2
review_8542,class_e65aace9237833ec7752
review_8543,class_1318693c237b7b97c0c0
review_8544,class_1bc7e06ece0f38a60982
review_8545,class_1bc7e06ece0f38a60982
review_8546,class_1318693c237b7b97c0c0
review_8547,class_b7f740446b63715473af
review_8548,class_1318693c237b7b97c0c0
review_8549,class_5da3128be1ff7664a1b2
review_8550,class_5da3128be1ff7664a1b2
review_8551,class_5da3128be1ff7664a1b2
review_8552,class_1318693c237b7b97c0c0
review_8553,class_1318693c237b7b97c0c0
review_8554,class_1bc7e06ece0f38a60982
review_8555,class_52da9457fdf6740afd51
review_8556,class_5da3128be1ff7664a1b2
review_8557,class_5da3128be1ff7664a1b2
review_8558,class_1bc7e06ece0f38a60982
review_8559,class_e65aace9237833ec7752
review_8560,class_1318693c237b7b97c0c0
review_8561,class_5da3128be1ff7664a1b2
review_8562,class_1bc7e06ece0f38a60982
review_8563,class_1318693c237b7b97c0c0
review_8564,class_52da9457fdf6740afd51
review_8565,class_e65aace9237833ec7752
review_8566,class_5da3128be1ff7664a1b2
review_8567,class_5da3128be1ff7664a1b2
review_8568,class_1bc7e06ece0f38a60982
review_8569,class_1318693c237b7b97c0c0
review_8570,class_1318693c237b7b97c0c0
review_8571,class_1318693c237b7b97c0c0
review_8572,class_1bc7e06ece0f38a60982
review_8573,class_7d54e6ff154ad392b174
review_8574,class_7d54e6ff154ad392b174
review_8575,class_7d54e6ff154ad392b174
review_8576,class_7d54e6ff154ad392b174
review_8577,class_f6efb94c9ae061247bed
review_8578,class_7d54e6ff154ad392b174
review_8579,class_f6efb94c9ae061247bed
review_8580,class_7d54e6ff154ad392b174
review_8581,class_f6efb94c9ae061247bed
review_8582,class_9e32d15b246e504af33c
review_8583,class_c3ca5f787365eae0dea8
review_8584,class_f6efb94c9ae061247bed
review_8585,class_f6efb94c9ae061247bed
review_8586,class_f6efb94c9ae061247bed
review_8587,class_52da9457fdf6740afd51
review_8588,class_52da9457fdf6740afd51
review_8589,class_7d54e6ff154ad392b174
review_8590,class_7d54e6ff154ad392b174
review_8591,class_c3ca5f787365eae0dea8
review_8592,class_1318693c237b7b97c0c0
review_8593,class_7d54e6ff154ad392b174
review_8594,class_b89f90f328fa7e7781c0
review_8595,class_f6efb94c9ae061247bed
review_8596,class_7d54e6ff154ad392b174
review_8597,class_7d54e6ff154ad392b174
review_8598,class_c3ca5f787365eae0dea8
review_8599,class_f6efb94c9ae061247bed
review_8600,class_f6efb94c9ae061247bed
review_8601,class_7d54e6ff154ad392b174
review_8602,class_7d54e6ff154ad392b174
review_8603,class_f6efb94c9ae061247bed
review_8604,class_b89f90f328fa7e7781c0
review_8605,class_f6efb94c9ae061247bed
review_8606,class_7d54e6ff154ad392b174
review_8607,class_f6efb94c9ae061247bed
review_8608,class_7d54e6ff154ad392b174
review_8609,class_f6efb94c9ae061247bed
review_8610,class_c3ca5f787365eae0dea8
review_8611,class_9deef4712756d30ffaa3
review_8612,class_f6efb94c9ae061247bed
review_8613,class_7d54e6ff154ad392b174
review_8614,class_f6efb94c9ae061247bed
review_8615,class_f6efb94c9ae061247bed
review_8616,class_7d54e6ff154ad392b174
review_8617,class_f6efb94c9ae061247bed
review_8618,class_7d54e6ff154ad392b174
review_8619,class_7d54e6ff154ad392b174
review_8620,class_7d54e6ff154ad392b174
review_8621,class_f6efb94c9ae061247bed
review_8622,class_52da9457fdf6740afd51
review_8623,class_f6efb94c9ae061247bed
review_8624,class_7d54e6ff154ad392b174
review_8625,class_7d54e6ff154ad392b174
review_8626,class_f6efb94c9ae061247bed
review_8627,class_f6efb94c9ae061247bed
review_8628,class_52da9457fdf6740afd51
review_8629,class_7d54e6ff154ad392b174
review_8630,class_f6efb94c9ae061247bed
review_8631,class_52da9457fdf6740afd51
review_8632,class_7d54e6ff154ad392b174
review_8633,class_52da9457fdf6740afd51
review_8634,class_7d54e6ff154ad392b174
review_8635,class_f6efb94c9ae061247bed
review_8636,class_f6efb94c9ae061247bed
review_8637,class_52da9457fdf6740afd51
review_8638,class_7d54e6ff154ad392b174
review_8639,class_7d54e6ff154ad392b174
review_8640,class_7d54e6ff154ad392b174
review_8641,class_52da9457fdf6740afd51
review_8642,class_52da9457fdf6740afd51
review_8643,class_7d54e6ff154ad392b174
review_8644,class_7d54e6ff154ad392b174
review_8645,class_f6efb94c9ae061247bed
review_8646,class_f6efb94c9ae061247bed
review_8647,class_f6efb94c9ae061247bed
review_8648,class_52da9457fdf6740afd51
review_8649,class_7d54e6ff154ad392b174
review_8650,class_1318693c237b7b97c0c0
review_8651,class_7d54e6ff154ad392b174
review_8652,class_f6efb94c9ae061247bed
review_8653,class_1bc7e06ece0f38a60982
review_8654,class_f6efb94c9ae061247bed
review_8655,class_7d54e6ff154ad392b174
review_8656,class_7d54e6ff154ad392b174
review_8657,class_7d54e6ff154ad392b174
review_8658,class_7d54e6ff154ad392b174
review_8659,class_f6efb94c9ae061247bed
review_8660,class_7d54e6ff154ad392b174
review_8661,class_7d54e6ff154ad392b174
review_8662,class_f6efb94c9ae061247bed
review_8663,class_1bc7e06ece0f38a60982
review_8664,class_7d54e6ff154ad392b174
review_8665,class_7d54e6ff154ad392b174
review_8666,class_7d54e6ff154ad392b174
review_8667,class_7d54e6ff154ad392b174
review_8668,class_7d54e6ff154ad392b174
review_8669,class_7d54e6ff154ad392b174
review_8670,class_f6efb94c9ae061247bed
review_8671,class_7d54e6ff154ad392b174
review_8672,class_f6efb94c9ae061247bed
review_8673,class_52da9457fdf6740afd51
review_8674,class_f6efb94c9ae061247bed
review_8675,class_7d54e6ff154ad392b174
review_8676,class_7d54e6ff154ad392b174
review_8677,class_52da9457fdf6740afd51
review_8678,class_f6efb94c9ae061247bed
review_8679,class_f6efb94c9ae061247bed
review_8680,class_f6efb94c9ae061247bed
review_8681,class_52da9457fdf6740afd51
review_8682,class_7d54e6ff154ad392b174
review_8683,class_7d54e6ff154ad392b174
review_8684,class_52da9457fdf6740afd51
review_8685,class_7d54e6ff154ad392b174
review_8686,class_7d54e6ff154ad392b174
review_8687,class_f6efb94c9ae061247bed
review_8688,class_7d54e6ff154ad392b174
review_8689,class_7d54e6ff154ad392b174
review_8690,class_7d54e6ff154ad392b174
review_8691,class_7d54e6ff154ad392b174
review_8692,class_7d54e6ff154ad392b174
review_8693,class_f6efb94c9ae061247bed
review_8694,class_f6efb94c9ae061247bed
review_8695,class_52da9457fdf6740afd51
review_8696,class_52da9457fdf6740afd51
review_8697,class_52da9457fdf6740afd51
review_8698,class_52da9457fdf6740afd51
review_8699,class_52da9457fdf6740afd51
review_8700,class_52da9457fdf6740afd51
review_8701,class_52da9457fdf6740afd51
review_8702,class_52da9457fdf6740afd51
review_8703,class_52da9457fdf6740afd51
review_8704,class_52da9457fdf6740afd51
review_8705,class_be68f8ed5877c11b8be4
review_8706,class_52da9457fdf6740afd51
review_8707,class_52da9457fdf6740afd51
review_8708,class_be68f8ed5877c11b8be4
review_8709,class_52da9457fdf6740afd51
review_8710,class_52da9457fdf6740afd51
review_8711,class_52da9457fdf6740afd51
review_8712,class_52da9457fdf6740afd51
review_8713,class_52da9457fdf6740afd51
review_8714,class_52da9457fdf6740afd51
review_8715,class_52da9457fdf6740afd51
review_8716,class_be68f8ed5877c11b8be4
review_8717,class_1318693c237b7b97c0c0
review_8718,class_52da9457fdf6740afd51
review_8719,class_52da9457fdf6740afd51
review_8720,class_52da9457fdf6740afd51
review_8721,class_52da9457fdf6740afd51
review_8722,class_52da9457fdf6740afd51
review_8723,class_52da9457fdf6740afd51
review_8724,class_52da9457fdf6740afd51
review_8725,class_52da9457fdf6740afd51
review_8726,class_52da9457fdf6740afd51
review_8727,class_52da9457fdf6740afd51
review_8728,class_1318693c237b7b97c0c0
review_8729,class_52da9457fdf6740afd51
review_8730,class_52da9457fdf6740afd51
review_8731,class_52da9457fdf6740afd51
review_8732,class_1318693c237b7b97c0c0
review_8733,class_e65aace9237833ec7752
review_8734,class_1318693c237b7b97c0c0
review_8735,class_1318693c237b7b97c0c0
review_8736,class_0eeaed02d1a961f133b4
review_8737,class_0eeaed02d1a961f133b4
review_8738,class_1318693c237b7b97c0c0
review_8739,class_1318693c237b7b97c0c0
review_8740,class_1318693c237b7b97c0c0
review_8741,class_1318693c237b7b97c0c0
review_8742,class_1318693c237b7b97c0c0
review_8743,class_1318693c237b7b97c0c0
review_8744,class_1318693c237b7b97c0c0
review_8745,class_0eeaed02d1a961f133b4
review_8746,class_7d54e6ff154ad392b174
review_8747,class_9deef4712756d30ffaa3
review_8748,class_1318693c237b7b97c0c0
review_8749,class_1318693c237b7b97c0c0
review_8750,class_7d54e6ff154ad392b174
review_8751,class_0eeaed02d1a961f133b4
review_8752,class_0eeaed02d1a961f133b4
review_8753,class_1318693c237b7b97c0c0
review_8754,class_9deef4712756d30ffaa3
review_8755,class_1318693c237b7b97c0c0
review_8756,class_1318693c237b7b97c0c0
review_8757,class_7d54e6ff154ad392b174
review_8758,class_e65aace9237833ec7752
review_8759,class_1cf1396a0c9bc53f37da
review_8760,class_7d54e6ff154ad392b174
review_8761,class_7d54e6ff154ad392b174
review_8762,class_e65aace9237833ec7752
review_8763,class_1cf1396a0c9bc53f37da
review_8764,class_7d54e6ff154ad392b174
review_8765,class_7d54e6ff154ad392b174
review_8766,class_7d54e6ff154ad392b174
review_8767,class_7d54e6ff154ad392b174
review_8768,class_7d54e6ff154ad392b174
review_8769,class_7d54e6ff154ad392b174
review_8770,class_7d54e6ff154ad392b174
review_8771,class_7d54e6ff154ad392b174
review_8772,class_e65aace9237833ec7752
review_8773,class_7d54e6ff154ad392b174
review_8774,class_1cf1396a0c9bc53f37da
review_8775,class_e65aace9237833ec7752
review_8776,class_7d54e6ff154ad392b174
review_8777,class_1cf1396a0c9bc53f37da
review_8778,class_7d54e6ff154ad392b174
review_8779,class_c3ca5f787365eae0dea8
review_8780,class_1318693c237b7b97c0c0
review_8781,class_1318693c237b7b97c0c0
review_8782,class_b89f90f328fa7e7781c0
review_8783,class_1bc7e06ece0f38a60982
review_8784,class_1318693c237b7b97c0c0
review_8785,class_1bc7e06ece0f38a60982
review_8786,class_1318693c237b7b97c0c0
review_8787,class_1bc7e06ece0f38a60982
review_8788,class_9deef4712756d30ffaa3
review_8789,class_9deef4712756d30ffaa3
review_8790,class_1318693c237b7b97c0c0
review_8791,class_1318693c237b7b97c0c0
review_8792,class_1bc7e06ece0f38a60982
review_8793,class_1318693c237b7b97c0c0
review_8794,class_1318693c237b7b97c0c0
review_8795,class_1bc7e06ece0f38a60982
review_8796,class_1bc7e06ece0f38a60982
review_8797,class_1318693c237b7b97c0c0
review_8798,class_1cf1396a0c9bc53f37da
review_8799,class_1bc7e06ece0f38a60982
review_8800,class_1cf1396a0c9bc53f37da
review_8801,class_1bc7e06ece0f38a60982
review_8802,class_1318693c237b7b97c0c0
review_8803,class_1318693c237b7b97c0c0
review_8804,class_1318693c237b7b97c0c0
review_8805,class_1bc7e06ece0f38a60982
review_8806,class_1bc7e06ece0f38a60982
review_8807,class_9deef4712756d30ffaa3
review_8808,class_7d54e6ff154ad392b174
review_8809,class_1bc7e06ece0f38a60982
review_8810,class_1bc7e06ece0f38a60982
review_8811,class_1bc7e06ece0f38a60982
review_8812,class_1bc7e06ece0f38a60982
review_8813,class_1318693c237b7b97c0c0
review_8814,class_1cf1396a0c9bc53f37da
review_8815,class_1bc7e06ece0f38a60982
review_8816,class_1bc7e06ece0f38a60982
review_8817,class_1318693c237b7b97c0c0
review_8818,class_1318693c237b7b97c0c0
review_8819,class_1bc7e06ece0f38a60982
review_8820,class_1318693c237b7b97c0c0
review_8821,class_1318693c237b7b97c0c0
review_8822,class_1318693c237b7b97c0c0
review_8823,class_1318693c237b7b97c0c0
review_8824,class_52438e68a549a636811e
review_8825,class_7d54e6ff154ad392b174
review_8826,class_5da3128be1ff7664a1b2
review_8827,class_52da9457fdf6740afd51
review_8828,class_f6efb94c9ae061247bed
review_8829,class_7d54e6ff154ad392b174
review_8830,class_52da9457fdf6740afd51
review_8831,class_7d54e6ff154ad392b174
review_8832,class_7d54e6ff154ad392b174
review_8833,class_0eeaed02d1a961f133b4
review_8834,class_7d54e6ff154ad392b174
review_8835,class_f6efb94c9ae061247bed
review_8836,class_7d54e6ff154ad392b174
review_8837,class_7d54e6ff154ad392b174
review_8838,class_7d54e6ff154ad392b174
review_8839,class_7d54e6ff154ad392b174
review_8840,class_7d54e6ff154ad392b174
review_8841,class_1cf1396a0c9bc53f37da
review_8842,class_52da9457fdf6740afd51
review_8843,class_7d54e6ff154ad392b174
review_8844,class_7d54e6ff154ad392b174
review_8845,class_f6efb94c9ae061247bed
review_8846,class_7d54e6ff154ad392b174
review_8847,class_7d54e6ff154ad392b174
review_8848,class_7d54e6ff154ad392b174
review_8849,class_f6efb94c9ae061247bed
review_8850,class_7d54e6ff154ad392b174
review_8851,class_7d54e6ff154ad392b174
review_8852,class_7d54e6ff154ad392b174
review_8853,class_f6efb94c9ae061247bed
review_8854,class_7d54e6ff154ad392b174
review_8855,class_7d54e6ff154ad392b174
review_8856,class_7d54e6ff154ad392b174
review_8857,class_7d54e6ff154ad392b174
review_8858,class_7d54e6ff154ad392b174
review_8859,class_1bc7e06ece0f38a60982
review_8860,class_7d54e6ff154ad392b174
review_8861,class_7d54e6ff154ad392b174
review_8862,class_7d54e6ff154ad392b174
review_8863,class_1bc7e06ece0f38a60982
review_8864,class_0eeaed02d1a961f133b4
review_8865,class_7d54e6ff154ad392b174
review_8866,class_1cf1396a0c9bc53f37da
review_8867,class_7d54e6ff154ad392b174
review_8868,class_5da3128be1ff7664a1b2
review_8869,class_7d54e6ff154ad392b174
review_8870,class_1bc7e06ece0f38a60982
review_8871,class_b7f740446b63715473af
review_8872,class_1bc7e06ece0f38a60982
review_8873,class_1bc7e06ece0f38a60982
review_8874,class_0eeaed02d1a961f133b4
review_8875,class_0eeaed02d1a961f133b4
review_8876,class_e65aace9237833ec7752
review_8877,class_1bc7e06ece0f38a60982
review_8878,class_0eeaed02d1a961f133b4
review_8879,class_0eeaed02d1a961f133b4
review_8880,class_1bc7e06ece0f38a60982
review_8881,class_1bc7e06ece0f38a60982
review_8882,class_c3ca5f787365eae0dea8
review_8883,class_1bc7e06ece0f38a60982
review_8884,class_1bc7e06ece0f38a60982
review_8885,class_e65aace9237833ec7752
review_8886,class_1bc7e06ece0f38a60982
review_8887,class_1bc7e06ece0f38a60982
review_8888,class_0eeaed02d1a961f133b4
review_8889,class_0eeaed02d1a961f133b4
review_8890,class_0eeaed02d1a961f133b4
review_8891,class_1bc7e06ece0f38a60982
review_8892,class_0eeaed02d1a961f133b4
review_8893,class_0eeaed02d1a961f133b4
review_8894,class_0eeaed02d1a961f133b4
review_8895,class_1bc7e06ece0f38a60982
review_8896,class_0eeaed02d1a961f133b4
review_8897,class_52da9457fdf6740afd51
review_8898,class_1bc7e06ece0f38a60982
review_8899,class_1bc7e06ece0f38a60982
review_8900,class_0eeaed02d1a961f133b4
review_8901,class_7d54e6ff154ad392b174
review_8902,class_52da9457fdf6740afd51
review_8903,class_52da9457fdf6740afd51
review_8904,class_0eeaed02d1a961f133b4
review_8905,class_52da9457fdf6740afd51
review_8906,class_1bc7e06ece0f38a60982
review_8907,class_7d54e6ff154ad392b174
review_8908,class_1bc7e06ece0f38a60982
review_8909,class_1bc7e06ece0f38a60982
review_8910,class_1cf1396a0c9bc53f37da
review_8911,class_0eeaed02d1a961f133b4
review_8912,class_1bc7e06ece0f38a60982
review_8913,class_1bc7e06ece0f38a60982
review_8914,class_1bc7e06ece0f38a60982
review_8915,class_1bc7e06ece0f38a60982
review_8916,class_52da9457fdf6740afd51
review_8917,class_f6efb94c9ae061247bed
review_8918,class_1cf1396a0c9bc53f37da
review_8919,class_7d54e6ff154ad392b174
review_8920,class_0eeaed02d1a961f133b4
review_8921,class_7d54e6ff154ad392b174
review_8922,class_52da9457fdf6740afd51
review_8923,class_b7f740446b63715473af
review_8924,class_1bc7e06ece0f38a60982
review_8925,class_7d54e6ff154ad392b174
review_8926,class_1cf1396a0c9bc53f37da
review_8927,class_1cf1396a0c9bc53f37da
review_8928,class_52da9457fdf6740afd51
review_8929,class_52da9457fdf6740afd51
review_8930,class_1bc7e06ece0f38a60982
review_8931,class_1bc7e06ece0f38a60982
review_8932,class_7d54e6ff154ad392b174
review_8933,class_0eeaed02d1a961f133b4
review_8934,class_7d54e6ff154ad392b174
review_8935,class_52da9457fdf6740afd51
review_8936,class_52da9457fdf6740afd51
review_8937,class_52da9457fdf6740afd51
review_8938,class_1bc7e06ece0f38a60982
review_8939,class_1bc7e06ece0f38a60982
review_8940,class_1bc7e06ece0f38a60982
review_8941,class_52da9457fdf6740afd51
review_8942,class_1bc7e06ece0f38a60982
review_8943,class_0eeaed02d1a961f133b4
review_8944,class_1bc7e06ece0f38a60982
review_8945,class_0eeaed02d1a961f133b4
review_8946,class_1cf1396a0c9bc53f37da
review_8947,class_1318693c237b7b97c0c0
review_8948,class_7d54e6ff154ad392b174
review_8949,class_1318693c237b7b97c0c0
review_8950,class_7d54e6ff154ad392b174
review_8951,class_7d54e6ff154ad392b174
review_8952,class_b7f740446b63715473af
review_8953,class_e65aace9237833ec7752
review_8954,class_7d54e6ff154ad392b174
review_8955,class_b7f740446b63715473af
review_8956,class_7d54e6ff154ad392b174
review_8957,class_1318693c237b7b97c0c0
review_8958,class_1318693c237b7b97c0c0
review_8959,class_52da9457fdf6740afd51
review_8960,class_1318693c237b7b97c0c0
review_8961,class_1cf1396a0c9bc53f37da
review_8962,class_e65aace9237833ec7752
review_8963,class_52da9457fdf6740afd51
review_8964,class_1318693c237b7b97c0c0
review_8965,class_1318693c237b7b97c0c0
review_8966,class_52da9457fdf6740afd51
review_8967,class_7d54e6ff154ad392b174
review_8968,class_1318693c237b7b97c0c0
review_8969,class_1318693c237b7b97c0c0
review_8970,class_52da9457fdf6740afd51
review_8971,class_e65aace9237833ec7752
review_8972,class_e65aace9237833ec7752
review_8973,class_1318693c237b7b97c0c0
review_8974,class_52da9457fdf6740afd51
review_8975,class_52da9457fdf6740afd51
review_8976,class_1318693c237b7b97c0c0
review_8977,class_1318693c237b7b97c0c0
review_8978,class_1318693c237b7b97c0c0
review_8979,class_52da9457fdf6740afd51
review_8980,class_1318693c237b7b97c0c0
review_8981,class_1318693c237b7b97c0c0
review_8982,class_e65aace9237833ec7752
review_8983,class_1318693c237b7b97c0c0
review_8984,class_1318693c237b7b97c0c0
review_8985,class_1318693c237b7b97c0c0
review_8986,class_52da9457fdf6740afd51
review_8987,class_52da9457fdf6740afd51
review_8988,class_1318693c237b7b97c0c0
review_8989,class_7d54e6ff154ad392b174
review_8990,class_e65aace9237833ec7752
review_8991,class_1318693c237b7b97c0c0
review_8992,class_be68f8ed5877c11b8be4
review_8993,class_1cf1396a0c9bc53f37da
review_8994,class_1bc7e06ece0f38a60982
review_8995,class_1bc7e06ece0f38a60982
review_8996,class_52438e68a549a636811e
review_8997,class_52da9457fdf6740afd51
review_8998,class_1bc7e06ece0f38a60982
review_8999,class_52da9457fdf6740afd51
review_9000,class_9deef4712756d30ffaa3
review_9001,class_52da9457fdf6740afd51
review_9002,class_be68f8ed5877c11b8be4
review_9003,class_1cf1396a0c9bc53f37da
review_9004,class_5da3128be1ff7664a1b2
review_9005,class_1bc7e06ece0f38a60982
review_9006,class_1cf1396a0c9bc53f37da
review_9007,class_1bc7e06ece0f38a60982
review_9008,class_1bc7e06ece0f38a60982
review_9009,class_52da9457fdf6740afd51
review_9010,class_e65aace9237833ec7752
review_9011,class_1bc7e06ece0f38a60982
review_9012,class_52438e68a549a636811e
review_9013,class_52438e68a549a636811e
review_9014,class_1cf1396a0c9bc53f37da
review_9015,class_52da9457fdf6740afd51
review_9016,class_1bc7e06ece0f38a60982
review_9017,class_1bc7e06ece0f38a60982
review_9018,class_1bc7e06ece0f38a60982
review_9019,class_b7f740446b63715473af
review_9020,class_52438e68a549a636811e
review_9021,class_1bc7e06ece0f38a60982
review_9022,class_1bc7e06ece0f38a60982
review_9023,class_1bc7e06ece0f38a60982
review_9024,class_52da9457fdf6740afd51
review_9025,class_1cf1396a0c9bc53f37da
review_9026,class_52da9457fdf6740afd51
review_9027,class_1bc7e06ece0f38a60982
review_9028,class_1bc7e06ece0f38a60982
review_9029,class_52da9457fdf6740afd51
review_9030,class_52da9457fdf6740afd51
review_9031,class_1bc7e06ece0f38a60982
review_9032,class_1bc7e06ece0f38a60982
review_9033,class_1bc7e06ece0f38a60982
review_9034,class_1bc7e06ece0f38a60982
review_9035,class_1bc7e06ece0f38a60982
review_9036,class_1bc7e06ece0f38a60982
review_9037,class_0eeaed02d1a961f133b4
review_9038,class_1bc7e06ece0f38a60982
review_9039,class_52da9457fdf6740afd51
review_9040,class_1cf1396a0c9bc53f37da
review_9041,class_5da3128be1ff7664a1b2
review_9042,class_1bc7e06ece0f38a60982
review_9043,class_52da9457fdf6740afd51
review_9044,class_52da9457fdf6740afd51
review_9045,class_9deef4712756d30ffaa3
review_9046,class_1bc7e06ece0f38a60982
review_9047,class_52da9457fdf6740afd51
review_9048,class_1cf1396a0c9bc53f37da
review_9049,class_52da9457fdf6740afd51
review_9050,class_1cf1396a0c9bc53f37da
review_9051,class_1bc7e06ece0f38a60982
review_9052,class_be68f8ed5877c11b8be4
review_9053,class_1bc7e06ece0f38a60982
review_9054,class_7d54e6ff154ad392b174
review_9055,class_5da3128be1ff7664a1b2
review_9056,class_1bc7e06ece0f38a60982
review_9057,class_b7f740446b63715473af
review_9058,class_1cf1396a0c9bc53f37da
review_9059,class_52da9457fdf6740afd51
review_9060,class_b7f740446b63715473af
review_9061,class_1bc7e06ece0f38a60982
review_9062,class_be68f8ed5877c11b8be4
review_9063,class_52da9457fdf6740afd51
review_9064,class_be68f8ed5877c11b8be4
review_9065,class_7d54e6ff154ad392b174
review_9066,class_52da9457fdf6740afd51
review_9067,class_be68f8ed5877c11b8be4
review_9068,class_be68f8ed5877c11b8be4
review_9069,class_1cf1396a0c9bc53f37da
review_9070,class_be68f8ed5877c11b8be4
review_9071,class_7d54e6ff154ad392b174
review_9072,class_1cf1396a0c9bc53f37da
review_9073,class_be68f8ed5877c11b8be4
review_9074,class_7d54e6ff154ad392b174
review_9075,class_7d54e6ff154ad392b174
review_9076,class_c3ca5f787365eae0dea8
review_9077,class_be68f8ed5877c11b8be4
review_9078,class_1bc7e06ece0f38a60982
review_9079,class_be68f8ed5877c11b8be4
review_9080,class_1bc7e06ece0f38a60982
review_9081,class_be68f8ed5877c11b8be4
review_9082,class_52da9457fdf6740afd51
review_9083,class_7d54e6ff154ad392b174
review_9084,class_52da9457fdf6740afd51
review_9085,class_be68f8ed5877c11b8be4
review_9086,class_1cf1396a0c9bc53f37da
review_9087,class_52da9457fdf6740afd51
review_9088,class_1cf1396a0c9bc53f37da
review_9089,class_be68f8ed5877c11b8be4
review_9090,class_be68f8ed5877c11b8be4
review_9091,class_52da9457fdf6740afd51
review_9092,class_be68f8ed5877c11b8be4
review_9093,class_be68f8ed5877c11b8be4
review_9094,class_7d54e6ff154ad392b174
review_9095,class_7d54e6ff154ad392b174
review_9096,class_1bc7e06ece0f38a60982
review_9097,class_1bc7e06ece0f38a60982
review_9098,class_7d54e6ff154ad392b174
review_9099,class_7d54e6ff154ad392b174
review_9100,class_7d54e6ff154ad392b174
review_9101,class_1bc7e06ece0f38a60982
review_9102,class_7d54e6ff154ad392b174
review_9103,class_1cf1396a0c9bc53f37da
review_9104,class_1cf1396a0c9bc53f37da
review_9105,class_52da9457fdf6740afd51
review_9106,class_be68f8ed5877c11b8be4
review_9107,class_7d54e6ff154ad392b174
review_9108,class_be68f8ed5877c11b8be4
review_9109,class_1cf1396a0c9bc53f37da
review_9110,class_b7f740446b63715473af
review_9111,class_be68f8ed5877c11b8be4
review_9112,class_7d54e6ff154ad392b174
review_9113,class_be68f8ed5877c11b8be4
review_9114,class_c3ca5f787365eae0dea8
review_9115,class_7d54e6ff154ad392b174
review_9116,class_f6efb94c9ae061247bed
review_9117,class_9deef4712756d30ffaa3
review_9118,class_f6efb94c9ae061247bed
review_9119,class_1bc7e06ece0f38a60982
review_9120,class_1bc7e06ece0f38a60982
review_9121,class_c3ca5f787365eae0dea8
review_9122,class_52da9457fdf6740afd51
review_9123,class_52da9457fdf6740afd51
review_9124,class_9deef4712756d30ffaa3
review_9125,class_1bc7e06ece0f38a60982
review_9126,class_5da3128be1ff7664a1b2
review_9127,class_1bc7e06ece0f38a60982
review_9128,class_f6efb94c9ae061247bed
review_9129,class_5da3128be1ff7664a1b2
review_9130,class_5da3128be1ff7664a1b2
review_9131,class_5da3128be1ff7664a1b2
review_9132,class_f6efb94c9ae061247bed
review_9133,class_f6efb94c9ae061247bed
review_9134,class_f6efb94c9ae061247bed
review_9135,class_52da9457fdf6740afd51
review_9136,class_1bc7e06ece0f38a60982
review_9137,class_f6efb94c9ae061247bed
review_9138,class_5da3128be1ff7664a1b2
review_9139,class_0eeaed02d1a961f133b4
review_9140,class_5da3128be1ff7664a1b2
review_9141,class_9deef4712756d30ffaa3
review_9142,class_f6efb94c9ae061247bed
review_9143,class_9deef4712756d30ffaa3
review_9144,class_1cf1396a0c9bc53f37da
review_9145,class_5da3128be1ff7664a1b2
review_9146,class_1318693c237b7b97c0c0
review_9147,class_f6efb94c9ae061247bed
review_9148,class_1bc7e06ece0f38a60982
review_9149,class_9deef4712756d30ffaa3
review_9150,class_9deef4712756d30ffaa3
review_9151,class_1cf1396a0c9bc53f37da
review_9152,class_1bc7e06ece0f38a60982
review_9153,class_1cf1396a0c9bc53f37da
review_9154,class_1bc7e06ece0f38a60982
review_9155,class_5da3128be1ff7664a1b2
review_9156,class_f6efb94c9ae061247bed
review_9157,class_9deef4712756d30ffaa3
review_9158,class_f6efb94c9ae061247bed
review_9159,class_0eeaed02d1a961f133b4
review_9160,class_1bc7e06ece0f38a60982
review_9161,class_be68f8ed5877c11b8be4
review_9162,class_1bc7e06ece0f38a60982
review_9163,class_1bc7e06ece0f38a60982
review_9164,class_0eeaed02d1a961f133b4
review_9165,class_be68f8ed5877c11b8be4
review_9166,class_be68f8ed5877c11b8be4
review_9167,class_1bc7e06ece0f38a60982
review_9168,class_7d54e6ff154ad392b174
review_9169,class_1bc7e06ece0f38a60982
review_9170,class_1bc7e06ece0f38a60982
review_9171,class_52da9457fdf6740afd51
review_9172,class_0eeaed02d1a961f133b4
review_9173,class_1bc7e06ece0f38a60982
review_9174,class_7d54e6ff154ad392b174
review_9175,class_1bc7e06ece0f38a60982
review_9176,class_1bc7e06ece0f38a60982
review_9177,class_7d54e6ff154ad392b174
review_9178,class_7d54e6ff154ad392b174
review_9179,class_52da9457fdf6740afd51
review_9180,class_1bc7e06ece0f38a60982
review_9181,class_48075864b2596de25a65
review_9182,class_7d54e6ff154ad392b174
review_9183,class_be68f8ed5877c11b8be4
review_9184,class_1bc7e06ece0f38a60982
review_9185,class_7d54e6ff154ad392b174
review_9186,class_1bc7e06ece0f38a60982
review_9187,class_1bc7e06ece0f38a60982
review_9188,class_1bc7e06ece0f38a60982
review_9189,class_1bc7e06ece0f38a60982
review_9190,class_1bc7e06ece0f38a60982
review_9191,class_1bc7e06ece0f38a60982
review_9192,class_1bc7e06ece0f38a60982
review_9193,class_be68f8ed5877c11b8be4
review_9194,class_7d54e6ff154ad392b174
review_9195,class_be68f8ed5877c11b8be4
review_9196,class_1bc7e06ece0f38a60982
review_9197,class_1bc7e06ece0f38a60982
review_9198,class_be68f8ed5877c11b8be4
review_9199,class_1bc7e06ece0f38a60982
review_9200,class_1bc7e06ece0f38a60982
review_9201,class_1bc7e06ece0f38a60982
review_9202,class_7d54e6ff154ad392b174
review_9203,class_1bc7e06ece0f38a60982
review_9204,class_1bc7e06ece0f38a60982
review_9205,class_1bc7e06ece0f38a60982
review_9206,class_1bc7e06ece0f38a60982
review_9207,class_1bc7e06ece0f38a60982
review_9208,class_1bc7e06ece0f38a60982
review_9209,class_1bc7e06ece0f38a60982
review_9210,class_9e32d15b246e504af33c
review_9211,class_1bc7e06ece0f38a60982
review_9212,class_52da9457fdf6740afd51
review_9213,class_1bc7e06ece0f38a60982
review_9214,class_1bc7e06ece0f38a60982
review_9215,class_9e32d15b246e504af33c
review_9216,class_7d54e6ff154ad392b174
review_9217,class_7d54e6ff154ad392b174
review_9218,class_1bc7e06ece0f38a60982
review_9219,class_1bc7e06ece0f38a60982
review_9220,class_e65aace9237833ec7752
review_9221,class_9e32d15b246e504af33c
review_9222,class_52da9457fdf6740afd51
review_9223,class_7d54e6ff154ad392b174
review_9224,class_9deef4712756d30ffaa3
review_9225,class_9deef4712756d30ffaa3
review_9226,class_7d54e6ff154ad392b174
review_9227,class_1318693c237b7b97c0c0
review_9228,class_1bc7e06ece0f38a60982
review_9229,class_52da9457fdf6740afd51
review_9230,class_7d54e6ff154ad392b174
review_9231,class_1cf1396a0c9bc53f37da
review_9232,class_7d54e6ff154ad392b174
review_9233,class_7d54e6ff154ad392b174
review_9234,class_7d54e6ff154ad392b174
review_9235,class_52da9457fdf6740afd51
review_9236,class_9deef4712756d30ffaa3
review_9237,class_1318693c237b7b97c0c0
review_9238,class_7d54e6ff154ad392b174
review_9239,class_52da9457fdf6740afd51
review_9240,class_52da9457fdf6740afd51
review_9241,class_1bc7e06ece0f38a60982
review_9242,class_7d54e6ff154ad392b174
review_9243,class_1cf1396a0c9bc53f37da
review_9244,class_7d54e6ff154ad392b174
review_9245,class_7d54e6ff154ad392b174
review_9246,class_1cf1396a0c9bc53f37da
review_9247,class_7d54e6ff154ad392b174
review_9248,class_1318693c237b7b97c0c0
review_9249,class_7d54e6ff154ad392b174
review_9250,class_7d54e6ff154ad392b174
review_9251,class_1bc7e06ece0f38a60982
review_9252,class_1318693c237b7b97c0c0
review_9253,class_52da9457fdf6740afd51
review_9254,class_52da9457fdf6740afd51
review_9255,class_9deef4712756d30ffaa3
review_9256,class_52da9457fdf6740afd51
review_9257,class_52da9457fdf6740afd51
review_9258,class_52da9457fdf6740afd51
review_9259,class_7d54e6ff154ad392b174
review_9260,class_7d54e6ff154ad392b174
review_9261,class_7d54e6ff154ad392b174
review_9262,class_7d54e6ff154ad392b174
review_9263,class_52da9457fdf6740afd51
review_9264,class_7d54e6ff154ad392b174
review_9265,class_52da9457fdf6740afd51
review_9266,class_1318693c237b7b97c0c0
review_9267,class_1318693c237b7b97c0c0
review_9268,class_1bc7e06ece0f38a60982
review_9269,class_52da9457fdf6740afd51
review_9270,class_7d54e6ff154ad392b174
review_9271,class_1bc7e06ece0f38a60982
review_9272,class_7d54e6ff154ad392b174
review_9273,class_7d54e6ff154ad392b174
review_9274,class_b89f90f328fa7e7781c0
review_9275,class_52da9457fdf6740afd51
review_9276,class_1318693c237b7b97c0c0
review_9277,class_7d54e6ff154ad392b174
review_9278,class_7d54e6ff154ad392b174
review_9279,class_1cf1396a0c9bc53f37da
review_9280,class_7d54e6ff154ad392b174
review_9281,class_1318693c237b7b97c0c0
review_9282,class_7d54e6ff154ad392b174
review_9283,class_7d54e6ff154ad392b174
review_9284,class_1318693c237b7b97c0c0
review_9285,class_7d54e6ff154ad392b174
review_9286,class_7d54e6ff154ad392b174
review_9287,class_7d54e6ff154ad392b174
review_9288,class_9deef4712756d30ffaa3
review_9289,class_9deef4712756d30ffaa3
review_9290,class_7d54e6ff154ad392b174
review_9291,class_52da9457fdf6740afd51
review_9292,class_7d54e6ff154ad392b174
review_9293,class_1cf1396a0c9bc53f37da
review_9294,class_7d54e6ff154ad392b174
review_9295,class_7d54e6ff154ad392b174
review_9296,class_1318693c237b7b97c0c0
review_9297,class_7d54e6ff154ad392b174
review_9298,class_1cf1396a0c9bc53f37da
review_9299,class_7d54e6ff154ad392b174
review_9300,class_1bc7e06ece0f38a60982
review_9301,class_5da3128be1ff7664a1b2
review_9302,class_52da9457fdf6740afd51
review_9303,class_52da9457fdf6740afd51
review_9304,class_1318693c237b7b97c0c0
review_9305,class_52da9457fdf6740afd51
review_9306,class_52da9457fdf6740afd51
review_9307,class_52da9457fdf6740afd51
review_9308,class_52da9457fdf6740afd51
review_9309,class_52da9457fdf6740afd51
review_9310,class_52da9457fdf6740afd51
review_9311,class_52da9457fdf6740afd51
review_9312,class_0eeaed02d1a961f133b4
review_9313,class_7d54e6ff154ad392b174
review_9314,class_52da9457fdf6740afd51
review_9315,class_5da3128be1ff7664a1b2
review_9316,class_52da9457fdf6740afd51
review_9317,class_52da9457fdf6740afd51
review_9318,class_1cf1396a0c9bc53f37da
review_9319,class_52da9457fdf6740afd51
review_9320,class_52da9457fdf6740afd51
review_9321,class_7d54e6ff154ad392b174
review_9322,class_0eeaed02d1a961f133b4
review_9323,class_52da9457fdf6740afd51
review_9324,class_52da9457fdf6740afd51
review_9325,class_52da9457fdf6740afd51
review_9326,class_5da3128be1ff7664a1b2
review_9327,class_52da9457fdf6740afd51
review_9328,class_1318693c237b7b97c0c0
review_9329,class_7d54e6ff154ad392b174
review_9330,class_52da9457fdf6740afd51
review_9331,class_52da9457fdf6740afd51
review_9332,class_52da9457fdf6740afd51
review_9333,class_52da9457fdf6740afd51
review_9334,class_1bc7e06ece0f38a60982
review_9335,class_e65aace9237833ec7752
review_9336,class_9deef4712756d30ffaa3
review_9337,class_1bc7e06ece0f38a60982
review_9338,class_1bc7e06ece0f38a60982
review_9339,class_5da3128be1ff7664a1b2
review_9340,class_1bc7e06ece0f38a60982
review_9341,class_e65aace9237833ec7752
review_9342,class_9deef4712756d30ffaa3
review_9343,class_e65aace9237833ec7752
review_9344,class_9deef4712756d30ffaa3
review_9345,class_5da3128be1ff7664a1b2
review_9346,class_9deef4712756d30ffaa3
review_9347,class_1bc7e06ece0f38a60982
review_9348,class_9deef4712756d30ffaa3
review_9349,class_1bc7e06ece0f38a60982
review_9350,class_1bc7e06ece0f38a60982
review_9351,class_1bc7e06ece0f38a60982
review_9352,class_e65aace9237833ec7752
review_9353,class_1bc7e06ece0f38a60982
review_9354,class_9deef4712756d30ffaa3
review_9355,class_7d54e6ff154ad392b174
review_9356,class_e65aace9237833ec7752
review_9357,class_1bc7e06ece0f38a60982
review_9358,class_1bc7e06ece0f38a60982
review_9359,class_1bc7e06ece0f38a60982
review_9360,class_1bc7e06ece0f38a60982
review_9361,class_e65aace9237833ec7752
review_9362,class_1bc7e06ece0f38a60982
review_9363,class_0eeaed02d1a961f133b4
review_9364,class_1bc7e06ece0f38a60982
review_9365,class_1bc7e06ece0f38a60982
review_9366,class_1bc7e06ece0f38a60982
review_9367,class_1bc7e06ece0f38a60982
review_9368,class_1bc7e06ece0f38a60982
review_9369,class_e65aace9237833ec7752
review_9370,class_7d54e6ff154ad392b174
review_9371,class_5da3128be1ff7664a1b2
review_9372,class_1bc7e06ece0f38a60982
review_9373,class_1bc7e06ece0f38a60982
review_9374,class_1bc7e06ece0f38a60982
review_9375,class_1bc7e06ece0f38a60982
review_9376,class_1bc7e06ece0f38a60982
review_9377,class_1bc7e06ece0f38a60982
review_9378,class_5da3128be1ff7664a1b2
review_9379,class_9deef4712756d30ffaa3
review_9380,class_1bc7e06ece0f38a60982
review_9381,class_9deef4712756d30ffaa3
review_9382,class_7d54e6ff154ad392b174
review_9383,class_1bc7e06ece0f38a60982
review_9384,class_e65aace9237833ec7752
review_9385,class_9deef4712756d30ffaa3
review_9386,class_9deef4712756d30ffaa3
review_9387,class_1bc7e06ece0f38a60982
review_9388,class_9deef4712756d30ffaa3
review_9389,class_e65aace9237833ec7752
review_9390,class_b89f90f328fa7e7781c0
review_9391,class_1bc7e06ece0f38a60982
review_9392,class_1bc7e06ece0f38a60982
review_9393,class_1bc7e06ece0f38a60982
review_9394,class_1bc7e06ece0f38a60982
review_9395,class_1bc7e06ece0f38a60982
review_9396,class_b89f90f328fa7e7781c0
review_9397,class_1bc7e06ece0f38a60982
review_9398,class_52da9457fdf6740afd51
review_9399,class_52da9457fdf6740afd51
review_9400,class_7d54e6ff154ad392b174
review_9401,class_1bc7e06ece0f38a60982
review_9402,class_1bc7e06ece0f38a60982
review_9403,class_1bc7e06ece0f38a60982
review_9404,class_7d54e6ff154ad392b174
review_9405,class_1cf1396a0c9bc53f37da
review_9406,class_1cf1396a0c9bc53f37da
review_9407,class_7d54e6ff154ad392b174
review_9408,class_7d54e6ff154ad392b174
review_9409,class_1cf1396a0c9bc53f37da
review_9410,class_1bc7e06ece0f38a60982
review_9411,class_7d54e6ff154ad392b174
review_9412,class_7d54e6ff154ad392b174
review_9413,class_7d54e6ff154ad392b174
review_9414,class_7d54e6ff154ad392b174
review_9415,class_7d54e6ff154ad392b174
review_9416,class_7d54e6ff154ad392b174
review_9417,class_7d54e6ff154ad392b174
review_9418,class_52da9457fdf6740afd51
review_9419,class_7d54e6ff154ad392b174
review_9420,class_7d54e6ff154ad392b174
review_9421,class_52da9457fdf6740afd51
review_9422,class_7d54e6ff154ad392b174
review_9423,class_7d54e6ff154ad392b174
review_9424,class_7d54e6ff154ad392b174
review_9425,class_52da9457fdf6740afd51
review_9426,class_7d54e6ff154ad392b174
review_9427,class_7d54e6ff154ad392b174
review_9428,class_1bc7e06ece0f38a60982
review_9429,class_7d54e6ff154ad392b174
review_9430,class_7d54e6ff154ad392b174
review_9431,class_7d54e6ff154ad392b174
review_9432,class_1bc7e06ece0f38a60982
review_9433,class_b7f740446b63715473af
review_9434,class_7d54e6ff154ad392b174
review_9435,class_1cf1396a0c9bc53f37da
review_9436,class_7d54e6ff154ad392b174
review_9437,class_7d54e6ff154ad392b174
review_9438,class_9deef4712756d30ffaa3
review_9439,class_52da9457fdf6740afd51
review_9440,class_52da9457fdf6740afd51
review_9441,class_9deef4712756d30ffaa3
review_9442,class_1bc7e06ece0f38a60982
review_9443,class_52da9457fdf6740afd51
review_9445,class_5da3128be1ff7664a1b2
review_9446,class_1cf1396a0c9bc53f37da
review_9447,class_1cf1396a0c9bc53f37da
review_9448,class_52da9457fdf6740afd51
review_9449,class_5da3128be1ff7664a1b2
review_9450,class_1bc7e06ece0f38a60982
review_9451,class_52da9457fdf6740afd51
review_9452,class_5da3128be1ff7664a1b2
review_9453,class_1bc7e06ece0f38a60982
review_9454,class_1bc7e06ece0f38a60982
review_9455,class_1bc7e06ece0f38a60982
review_9456,class_9deef4712756d30ffaa3
review_9457,class_1bc7e06ece0f38a60982
review_9458,class_4397d106b671d697b6e0
review_9459,class_1bc7e06ece0f38a60982
review_9460,class_1bc7e06ece0f38a60982
review_9461,class_1bc7e06ece0f38a60982
review_9462,class_1bc7e06ece0f38a60982
review_9463,class_4397d106b671d697b6e0
review_9464,class_1bc7e06ece0f38a60982
review_9465,class_1bc7e06ece0f38a60982
review_9466,class_7d54e6ff154ad392b174
review_9467,class_1bc7e06ece0f38a60982
review_9468,class_1bc7e06ece0f38a60982
review_9469,class_e65aace9237833ec7752
review_9470,class_1bc7e06ece0f38a60982
review_9471,class_52da9457fdf6740afd51
review_9472,class_1bc7e06ece0f38a60982
review_9473,class_7d54e6ff154ad392b174
review_9474,class_1bc7e06ece0f38a60982
review_9475,class_7d54e6ff154ad392b174
review_9476,class_1bc7e06ece0f38a60982
review_9477,class_1bc7e06ece0f38a60982
review_9478,class_1bc7e06ece0f38a60982
review_9479,class_52da9457fdf6740afd51
review_9480,class_52da9457fdf6740afd51
review_9481,class_1bc7e06ece0f38a60982
review_9482,class_1bc7e06ece0f38a60982
review_9483,class_e65aace9237833ec7752
review_9484,class_52da9457fdf6740afd51
review_9485,class_1bc7e06ece0f38a60982
review_9486,class_52da9457fdf6740afd51
review_9487,class_52da9457fdf6740afd51
review_9488,class_52da9457fdf6740afd51
review_9489,class_e65aace9237833ec7752
review_9490,class_1bc7e06ece0f38a60982
review_9491,class_1bc7e06ece0f38a60982
review_9492,class_52da9457fdf6740afd51
review_9493,class_7d54e6ff154ad392b174
review_9494,class_7d54e6ff154ad392b174
review_9495,class_7d54e6ff154ad392b174
review_9496,class_7d54e6ff154ad392b174
review_9497,class_7d54e6ff154ad392b174
review_9498,class_9deef4712756d30ffaa3
review_9499,class_7d54e6ff154ad392b174
review_9500,class_1bc7e06ece0f38a60982
review_9501,class_52da9457fdf6740afd51
review_9502,class_9deef4712756d30ffaa3
review_9503,class_7d54e6ff154ad392b174
review_9504,class_7d54e6ff154ad392b174
review_9505,class_7d54e6ff154ad392b174
review_9506,class_9deef4712756d30ffaa3
review_9507,class_1bc7e06ece0f38a60982
review_9508,class_7d54e6ff154ad392b174
review_9509,class_1bc7e06ece0f38a60982
review_9510,class_1bc7e06ece0f38a60982
review_9511,class_7d54e6ff154ad392b174
review_9512,class_9deef4712756d30ffaa3
review_9513,class_1bc7e06ece0f38a60982
review_9514,class_9deef4712756d30ffaa3
review_9515,class_7d54e6ff154ad392b174
review_9516,class_7d54e6ff154ad392b174
review_9517,class_1bc7e06ece0f38a60982
review_9518,class_7d54e6ff154ad392b174
review_9519,class_1bc7e06ece0f38a60982
review_9520,class_9deef4712756d30ffaa3
review_9521,class_9deef4712756d30ffaa3
review_9522,class_7d54e6ff154ad392b174
review_9523,class_7d54e6ff154ad392b174
review_9524,class_9deef4712756d30ffaa3
review_9525,class_7d54e6ff154ad392b174
review_9526,class_7d54e6ff154ad392b174
review_9527,class_7d54e6ff154ad392b174
review_9528,class_7d54e6ff154ad392b174
review_9529,class_9deef4712756d30ffaa3
review_9530,class_9deef4712756d30ffaa3
review_9531,class_7d54e6ff154ad392b174
review_9532,class_9deef4712756d30ffaa3
review_9533,class_52da9457fdf6740afd51
review_9534,class_52da9457fdf6740afd51
review_9535,class_1bc7e06ece0f38a60982
review_9536,class_52da9457fdf6740afd51
review_9537,class_1bc7e06ece0f38a60982
review_9538,class_1bc7e06ece0f38a60982
review_9539,class_1bc7e06ece0f38a60982
review_9540,class_1bc7e06ece0f38a60982
review_9541,class_7d54e6ff154ad392b174
review_9542,class_9deef4712756d30ffaa3
review_9543,class_52da9457fdf6740afd51
review_9544,class_52da9457fdf6740afd51
review_9545,class_0eeaed02d1a961f133b4
review_9546,class_0eeaed02d1a961f133b4
review_9547,class_52da9457fdf6740afd51
review_9548,class_1bc7e06ece0f38a60982
review_9549,class_52da9457fdf6740afd51
review_9550,class_7d54e6ff154ad392b174
review_9551,class_1bc7e06ece0f38a60982
review_9552,class_1bc7e06ece0f38a60982
review_9553,class_7d54e6ff154ad392b174
review_9554,class_7d54e6ff154ad392b174
review_9555,class_7d54e6ff154ad392b174
review_9556,class_7d54e6ff154ad392b174
review_9557,class_52da9457fdf6740afd51
review_9558,class_7d54e6ff154ad392b174
review_9559,class_52da9457fdf6740afd51
review_9560,class_1bc7e06ece0f38a60982
review_9561,class_7d54e6ff154ad392b174
review_9562,class_7d54e6ff154ad392b174
review_9563,class_52da9457fdf6740afd51
review_9564,class_52da9457fdf6740afd51
review_9565,class_1bc7e06ece0f38a60982
review_9566,class_1bc7e06ece0f38a60982
review_9567,class_7d54e6ff154ad392b174
review_9568,class_7d54e6ff154ad392b174
review_9569,class_f6efb94c9ae061247bed
review_9570,class_e65aace9237833ec7752
review_9571,class_1bc7e06ece0f38a60982
review_9572,class_7d54e6ff154ad392b174
review_9573,class_e65aace9237833ec7752
review_9574,class_52da9457fdf6740afd51
review_9575,class_1cf1396a0c9bc53f37da
review_9576,class_52da9457fdf6740afd51
review_9577,class_e65aace9237833ec7752
review_9578,class_1bc7e06ece0f38a60982
review_9579,class_52da9457fdf6740afd51
review_9580,class_7d54e6ff154ad392b174
review_9581,class_5da3128be1ff7664a1b2
review_9582,class_7d54e6ff154ad392b174
review_9583,class_7d54e6ff154ad392b174
review_9584,class_1cf1396a0c9bc53f37da
review_9585,class_1cf1396a0c9bc53f37da
review_9586,class_52da9457fdf6740afd51
review_9587,class_1318693c237b7b97c0c0
review_9588,class_e65aace9237833ec7752
review_9589,class_7d54e6ff154ad392b174
review_9590,class_7d54e6ff154ad392b174
review_9591,class_1bc7e06ece0f38a60982
review_9592,class_7d54e6ff154ad392b174
review_9593,class_7d54e6ff154ad392b174
review_9594,class_1318693c237b7b97c0c0
review_9595,class_1bc7e06ece0f38a60982
review_9596,class_1bc7e06ece0f38a60982
review_9597,class_7d54e6ff154ad392b174
review_9598,class_e65aace9237833ec7752
review_9599,class_52da9457fdf6740afd51
review_9600,class_e65aace9237833ec7752
review_9601,class_1318693c237b7b97c0c0
review_9602,class_1bc7e06ece0f38a60982
review_9603,class_52da9457fdf6740afd51
review_9604,class_52da9457fdf6740afd51
review_9605,class_1bc7e06ece0f38a60982
review_9606,class_1bc7e06ece0f38a60982
review_9607,class_1bc7e06ece0f38a60982
review_9608,class_52da9457fdf6740afd51
review_9609,class_1bc7e06ece0f38a60982
review_9610,class_52da9457fdf6740afd51
review_9611,class_1bc7e06ece0f38a60982
review_9612,class_1bc7e06ece0f38a60982
review_9613,class_1bc7e06ece0f38a60982
review_9614,class_1bc7e06ece0f38a60982
review_9615,class_1bc7e06ece0f38a60982
review_9616,class_1bc7e06ece0f38a60982
review_9617,class_1bc7e06ece0f38a60982
review_9618,class_1bc7e06ece0f38a60982
review_9619,class_52da9457fdf6740afd51
review_9620,class_1bc7e06ece0f38a60982
review_9621,class_1bc7e06ece0f38a60982
review_9622,class_f6efb94c9ae061247bed
review_9623,class_1bc7e06ece0f38a60982
review_9624,class_1bc7e06ece0f38a60982
review_9625,class_1bc7e06ece0f38a60982
review_9626,class_1bc7e06ece0f38a60982
review_9627,class_1bc7e06ece0f38a60982
review_9628,class_1bc7e06ece0f38a60982
review_9629,class_1bc7e06ece0f38a60982
review_9630,class_1bc7e06ece0f38a60982
review_9631,class_1bc7e06ece0f38a60982
review_9632,class_1bc7e06ece0f38a60982
review_9633,class_1bc7e06ece0f38a60982
review_9634,class_52da9457fdf6740afd51
review_9635,class_1bc7e06ece0f38a60982
review_9636,class_52da9457fdf6740afd51
review_9637,class_1bc7e06ece0f38a60982
review_9638,class_1bc7e06ece0f38a60982
review_9639,class_1bc7e06ece0f38a60982
review_9640,class_1bc7e06ece0f38a60982
review_9641,class_1bc7e06ece0f38a60982
review_9642,class_1318693c237b7b97c0c0
review_9643,class_1bc7e06ece0f38a60982
review_9644,class_1bc7e06ece0f38a60982
review_9645,class_52da9457fdf6740afd51
review_9646,class_7d54e6ff154ad392b174
review_9647,class_52da9457fdf6740afd51
review_9648,class_52da9457fdf6740afd51
review_9649,class_b89f90f328fa7e7781c0
review_9650,class_52da9457fdf6740afd51
review_9651,class_e65aace9237833ec7752
review_9652,class_e65aace9237833ec7752
review_9653,class_7d54e6ff154ad392b174
review_9654,class_52da9457fdf6740afd51
review_9655,class_52da9457fdf6740afd51
review_9656,class_52da9457fdf6740afd51
review_9657,class_7d54e6ff154ad392b174
review_9658,class_52da9457fdf6740afd51
review_9659,class_52da9457fdf6740afd51
review_9660,class_52da9457fdf6740afd51
review_9661,class_e65aace9237833ec7752
review_9662,class_52da9457fdf6740afd51
review_9663,class_52da9457fdf6740afd51
review_9664,class_1bc7e06ece0f38a60982
review_9665,class_52da9457fdf6740afd51
review_9666,class_52da9457fdf6740afd51
review_9667,class_52da9457fdf6740afd51
review_9668,class_52da9457fdf6740afd51
review_9669,class_52da9457fdf6740afd51
review_9670,class_1bc7e06ece0f38a60982
review_9671,class_52da9457fdf6740afd51
review_9672,class_52da9457fdf6740afd51
review_9673,class_1bc7e06ece0f38a60982
review_9674,class_52da9457fdf6740afd51
review_9675,class_1bc7e06ece0f38a60982
review_9676,class_0eeaed02d1a961f133b4
review_9677,class_52da9457fdf6740afd51
review_9678,class_e65aace9237833ec7752
review_9679,class_7d54e6ff154ad392b174
review_9680,class_52da9457fdf6740afd51
review_9681,class_1bc7e06ece0f38a60982
review_9682,class_e65aace9237833ec7752
review_9683,class_1cf1396a0c9bc53f37da
review_9684,class_1bc7e06ece0f38a60982
review_9685,class_52da9457fdf6740afd51
review_9686,class_52da9457fdf6740afd51
review_9687,class_52da9457fdf6740afd51
review_9688,class_1bc7e06ece0f38a60982
review_9689,class_52da9457fdf6740afd51
review_9690,class_52da9457fdf6740afd51
review_9691,class_52da9457fdf6740afd51
review_9692,class_1bc7e06ece0f38a60982
review_9693,class_1bc7e06ece0f38a60982
review_9694,class_52da9457fdf6740afd51
review_9695,class_7d54e6ff154ad392b174
review_9696,class_7d54e6ff154ad392b174
review_9697,class_7d54e6ff154ad392b174
review_9698,class_52da9457fdf6740afd51
review_9699,class_1bc7e06ece0f38a60982
review_9700,class_1cf1396a0c9bc53f37da
review_9701,class_52da9457fdf6740afd51
review_9702,class_52da9457fdf6740afd51
review_9703,class_7d54e6ff154ad392b174
review_9704,class_52da9457fdf6740afd51
review_9705,class_52da9457fdf6740afd51
review_9706,class_52da9457fdf6740afd51
review_9707,class_52da9457fdf6740afd51
review_9708,class_7d54e6ff154ad392b174
review_9709,class_52da9457fdf6740afd51
review_9710,class_1bc7e06ece0f38a60982
review_9711,class_52da9457fdf6740afd51
review_9712,class_1bc7e06ece0f38a60982
review_9713,class_1cf1396a0c9bc53f37da
review_9714,class_7d54e6ff154ad392b174
review_9715,class_52da9457fdf6740afd51
review_9716,class_52da9457fdf6740afd51
review_9717,class_e65aace9237833ec7752
review_9718,class_52da9457fdf6740afd51
review_9719,class_7d54e6ff154ad392b174
review_9720,class_e65aace9237833ec7752
review_9721,class_52438e68a549a636811e
review_9722,class_1cf1396a0c9bc53f37da
review_9723,class_e65aace9237833ec7752
review_9724,class_1cf1396a0c9bc53f37da
review_9725,class_e65aace9237833ec7752
review_9726,class_1cf1396a0c9bc53f37da
review_9727,class_e65aace9237833ec7752
review_9728,class_7d54e6ff154ad392b174
review_9729,class_e65aace9237833ec7752
review_9730,class_1bc7e06ece0f38a60982
review_9731,class_e65aace9237833ec7752
review_9732,class_e65aace9237833ec7752
review_9733,class_e65aace9237833ec7752
review_9734,class_e65aace9237833ec7752
review_9735,class_0eeaed02d1a961f133b4
review_9736,class_e65aace9237833ec7752
review_9737,class_e65aace9237833ec7752
review_9738,class_e65aace9237833ec7752
review_9739,class_e65aace9237833ec7752
review_9740,class_e65aace9237833ec7752
review_9741,class_1cf1396a0c9bc53f37da
review_9742,class_e65aace9237833ec7752
review_9743,class_e65aace9237833ec7752
review_9744,class_7d54e6ff154ad392b174
review_9745,class_1cf1396a0c9bc53f37da
review_9746,class_52da9457fdf6740afd51
review_9747,class_7d54e6ff154ad392b174
review_9748,class_1318693c237b7b97c0c0
review_9749,class_9deef4712756d30ffaa3
review_9750,class_9deef4712756d30ffaa3
review_9751,class_48075864b2596de25a65
review_9752,class_9deef4712756d30ffaa3
review_9753,class_9deef4712756d30ffaa3
review_9754,class_9deef4712756d30ffaa3
review_9755,class_7d54e6ff154ad392b174
review_9756,class_7d54e6ff154ad392b174
review_9757,class_7d54e6ff154ad392b174
review_9758,class_52da9457fdf6740afd51
review_9759,class_7d54e6ff154ad392b174
review_9760,class_52da9457fdf6740afd51
review_9761,class_52438e68a549a636811e
review_9762,class_52da9457fdf6740afd51
review_9763,class_9deef4712756d30ffaa3
review_9764,class_52da9457fdf6740afd51
review_9765,class_7d54e6ff154ad392b174
review_9766,class_52da9457fdf6740afd51
review_9767,class_52da9457fdf6740afd51
review_9768,class_7d54e6ff154ad392b174
review_9769,class_9deef4712756d30ffaa3
review_9770,class_52da9457fdf6740afd51
review_9771,class_7d54e6ff154ad392b174
review_9772,class_9deef4712756d30ffaa3
review_9773,class_7d54e6ff154ad392b174
review_9774,class_52da9457fdf6740afd51
review_9775,class_52da9457fdf6740afd51
review_9776,class_52da9457fdf6740afd51
review_9777,class_9deef4712756d30ffaa3
review_9778,class_7d54e6ff154ad392b174
review_9779,class_1318693c237b7b97c0c0
review_9780,class_b89f90f328fa7e7781c0
review_9781,class_1318693c237b7b97c0c0
review_9782,class_1318693c237b7b97c0c0
review_9783,class_52da9457fdf6740afd51
review_9784,class_1318693c237b7b97c0c0
review_9785,class_1318693c237b7b97c0c0
review_9786,class_1318693c237b7b97c0c0
review_9787,class_1318693c237b7b97c0c0
review_9788,class_1318693c237b7b97c0c0
review_9789,class_1318693c237b7b97c0c0
review_9790,class_1318693c237b7b97c0c0
review_9791,class_1318693c237b7b97c0c0
review_9792,class_1318693c237b7b97c0c0
review_9793,class_b89f90f328fa7e7781c0
review_9794,class_1318693c237b7b97c0c0
review_9795,class_f6efb94c9ae061247bed
review_9796,class_b89f90f328fa7e7781c0
review_9797,class_1318693c237b7b97c0c0
review_9798,class_1318693c237b7b97c0c0
review_9799,class_1318693c237b7b97c0c0
review_9800,class_f6efb94c9ae061247bed
review_9801,class_1318693c237b7b97c0c0
review_9802,class_f6efb94c9ae061247bed
review_9803,class_1318693c237b7b97c0c0
review_9804,class_1318693c237b7b97c0c0
review_9805,class_f6efb94c9ae061247bed
review_9806,class_1318693c237b7b97c0c0
review_9807,class_e65aace9237833ec7752
review_9808,class_f6efb94c9ae061247bed
review_9809,class_e65aace9237833ec7752
review_9810,class_1318693c237b7b97c0c0
review_9811,class_1318693c237b7b97c0c0
review_9812,class_1318693c237b7b97c0c0
review_9813,class_52da9457fdf6740afd51
review_9814,class_1318693c237b7b97c0c0
review_9815,class_1318693c237b7b97c0c0
review_9816,class_1318693c237b7b97c0c0
review_9817,class_1318693c237b7b97c0c0
review_9818,class_1318693c237b7b97c0c0
review_9819,class_52da9457fdf6740afd51
review_9820,class_1318693c237b7b97c0c0
review_9821,class_1318693c237b7b97c0c0
review_9822,class_1318693c237b7b97c0c0
review_9823,class_7d54e6ff154ad392b174
review_9824,class_1318693c237b7b97c0c0
review_9825,class_7d54e6ff154ad392b174
review_9826,class_7d54e6ff154ad392b174
review_9827,class_1bc7e06ece0f38a60982
review_9828,class_1bc7e06ece0f38a60982
review_9829,class_7d54e6ff154ad392b174
review_9830,class_48075864b2596de25a65
review_9831,class_e65aace9237833ec7752
review_9832,class_7d54e6ff154ad392b174
review_9833,class_7d54e6ff154ad392b174
review_9834,class_7d54e6ff154ad392b174
review_9835,class_7d54e6ff154ad392b174
review_9836,class_7d54e6ff154ad392b174
review_9837,class_7d54e6ff154ad392b174
review_9838,class_7d54e6ff154ad392b174
review_9839,class_7d54e6ff154ad392b174
review_9840,class_7d54e6ff154ad392b174
review_9841,class_9deef4712756d30ffaa3
review_9842,class_7d54e6ff154ad392b174
review_9843,class_7d54e6ff154ad392b174
review_9844,class_9deef4712756d30ffaa3
review_9845,class_7d54e6ff154ad392b174
review_9846,class_1318693c237b7b97c0c0
review_9847,class_e65aace9237833ec7752
review_9848,class_e65aace9237833ec7752
review_9849,class_7d54e6ff154ad392b174
review_9850,class_e65aace9237833ec7752
review_9851,class_7d54e6ff154ad392b174
review_9852,class_7d54e6ff154ad392b174
review_9853,class_7d54e6ff154ad392b174
review_9854,class_7d54e6ff154ad392b174
review_9855,class_7d54e6ff154ad392b174
review_9856,class_48075864b2596de25a65
review_9857,class_e65aace9237833ec7752
review_9858,class_1318693c237b7b97c0c0
review_9859,class_7d54e6ff154ad392b174
review_9860,class_7d54e6ff154ad392b174
review_9861,class_e65aace9237833ec7752
review_9862,class_e65aace9237833ec7752
review_9863,class_7d54e6ff154ad392b174
review_9864,class_e65aace9237833ec7752
review_9865,class_7d54e6ff154ad392b174
review_9866,class_7d54e6ff154ad392b174
review_9867,class_e65aace9237833ec7752
review_9868,class_7d54e6ff154ad392b174
review_9869,class_1bc7e06ece0f38a60982
review_9870,class_e65aace9237833ec7752
review_9871,class_7d54e6ff154ad392b174
review_9872,class_7d54e6ff154ad392b174
review_9873,class_52da9457fdf6740afd51
review_9874,class_e65aace9237833ec7752
review_9875,class_be68f8ed5877c11b8be4
review_9876,class_1bc7e06ece0f38a60982
review_9877,class_7d54e6ff154ad392b174
review_9878,class_1bc7e06ece0f38a60982
review_9879,class_0eeaed02d1a961f133b4
review_9880,class_1bc7e06ece0f38a60982
review_9881,class_be68f8ed5877c11b8be4
review_9882,class_5da3128be1ff7664a1b2
review_9883,class_9deef4712756d30ffaa3
review_9884,class_be68f8ed5877c11b8be4
review_9885,class_be68f8ed5877c11b8be4
review_9886,class_1bc7e06ece0f38a60982
review_9887,class_f6efb94c9ae061247bed
review_9888,class_9e32d15b246e504af33c
review_9889,class_9e32d15b246e504af33c
review_9890,class_1bc7e06ece0f38a60982
review_9891,class_9deef4712756d30ffaa3
review_9892,class_1bc7e06ece0f38a60982
review_9893,class_7d54e6ff154ad392b174
review_9894,class_1bc7e06ece0f38a60982
review_9895,class_be68f8ed5877c11b8be4
review_9896,class_0eeaed02d1a961f133b4
review_9897,class_1318693c237b7b97c0c0
review_9898,class_be68f8ed5877c11b8be4
review_9899,class_1bc7e06ece0f38a60982
review_9900,class_9e32d15b246e504af33c
review_9901,class_1bc7e06ece0f38a60982
review_9902,class_be68f8ed5877c11b8be4
review_9903,class_7d54e6ff154ad392b174
review_9904,class_1bc7e06ece0f38a60982
review_9905,class_1bc7e06ece0f38a60982
review_9906,class_be68f8ed5877c11b8be4
review_9907,class_be68f8ed5877c11b8be4
review_9908,class_9deef4712756d30ffaa3
review_9909,class_5da3128be1ff7664a1b2
review_9910,class_1bc7e06ece0f38a60982
review_9911,class_1bc7e06ece0f38a60982
review_9912,class_7d54e6ff154ad392b174
review_9913,class_1bc7e06ece0f38a60982
review_9914,class_1bc7e06ece0f38a60982
review_9915,class_9deef4712756d30ffaa3
review_9916,class_be68f8ed5877c11b8be4
review_9917,class_be68f8ed5877c11b8be4
review_9918,class_9e32d15b246e504af33c
review_9919,class_7d54e6ff154ad392b174
review_9920,class_1bc7e06ece0f38a60982
review_9921,class_5da3128be1ff7664a1b2
review_9922,class_be68f8ed5877c11b8be4
review_9923,class_1bc7e06ece0f38a60982
review_9924,class_7d54e6ff154ad392b174
review_9925,class_9deef4712756d30ffaa3
review_9926,class_be68f8ed5877c11b8be4
review_9927,class_5da3128be1ff7664a1b2
review_9928,class_1bc7e06ece0f38a60982
review_9929,class_be68f8ed5877c11b8be4
review_9930,class_be68f8ed5877c11b8be4
review_9931,class_1bc7e06ece0f38a60982
review_9932,class_1bc7e06ece0f38a60982
review_9933,class_1bc7e06ece0f38a60982
review_9934,class_f6efb94c9ae061247bed
review_9935,class_1bc7e06ece0f38a60982
review_9936,class_5da3128be1ff7664a1b2
review_9937,class_1bc7e06ece0f38a60982
review_9938,class_1bc7e06ece0f38a60982
review_9939,class_be68f8ed5877c11b8be4
review_9940,class_1bc7e06ece0f38a60982
review_9941,class_be68f8ed5877c11b8be4
review_9942,class_9deef4712756d30ffaa3
review_9943,class_1cf1396a0c9bc53f37da
review_9944,class_1cf1396a0c9bc53f37da
review_9945,class_7d54e6ff154ad392b174
review_9946,class_1cf1396a0c9bc53f37da
review_9947,class_1bc7e06ece0f38a60982
review_9948,class_1cf1396a0c9bc53f37da
review_9949,class_1cf1396a0c9bc53f37da
review_9950,class_1cf1396a0c9bc53f37da
review_9951,class_9deef4712756d30ffaa3
review_9952,class_1cf1396a0c9bc53f37da
review_9953,class_1cf1396a0c9bc53f37da
review_9954,class_1cf1396a0c9bc53f37da
review_9955,class_1cf1396a0c9bc53f37da
review_9956,class_1cf1396a0c9bc53f37da
review_9957,class_1cf1396a0c9bc53f37da
review_9958,class_7d54e6ff154ad392b174
review_9959,class_1cf1396a0c9bc53f37da
review_9960,class_1cf1396a0c9bc53f37da
review_9961,class_1cf1396a0c9bc53f37da
review_9962,class_7d54e6ff154ad392b174
review_9963,class_1bc7e06ece0f38a60982
review_9964,class_9deef4712756d30ffaa3
review_9965,class_7d54e6ff154ad392b174
review_9966,class_7d54e6ff154ad392b174
review_9967,class_9deef4712756d30ffaa3
review_9968,class_e65aace9237833ec7752
review_9969,class_1cf1396a0c9bc53f37da
review_9970,class_1cf1396a0c9bc53f37da
review_9971,class_7d54e6ff154ad392b174
review_9972,class_0eeaed02d1a961f133b4
review_9973,class_7d54e6ff154ad392b174
review_9974,class_1cf1396a0c9bc53f37da
review_9975,class_1cf1396a0c9bc53f37da
review_9976,class_1bc7e06ece0f38a60982
review_9977,class_5da3128be1ff7664a1b2
review_9978,class_7d54e6ff154ad392b174
review_9979,class_7d54e6ff154ad392b174
review_9980,class_7d54e6ff154ad392b174
review_9981,class_7d54e6ff154ad392b174
review_9982,class_7d54e6ff154ad392b174
review_9983,class_7d54e6ff154ad392b174
review_9984,class_7d54e6ff154ad392b174
review_9985,class_7d54e6ff154ad392b174
review_9986,class_7d54e6ff154ad392b174
review_9987,class_1bc7e06ece0f38a60982
review_9988,class_7d54e6ff154ad392b174
review_9989,class_7d54e6ff154ad392b174
review_9990,class_5da3128be1ff7664a1b2
review_9991,class_7d54e6ff154ad392b174
review_9992,class_7d54e6ff154ad392b174
review_9993,class_7d54e6ff154ad392b174
review_9994,class_7d54e6ff154ad392b174
review_9995,class_7d54e6ff154ad392b174
review_9996,class_7d54e6ff154ad392b174
review_9997,class_1bc7e06ece0f38a60982
review_9998,class_1bc7e06ece0f38a60982
review_9999,class_52da9457fdf6740afd51
review_10000,class_1bc7e06ece0f38a60982
review_10001,class_7d54e6ff154ad392b174
review_10002,class_1cf1396a0c9bc53f37da
review_10003,class_e65aace9237833ec7752
review_10004,class_7d54e6ff154ad392b174
review_10005,class_7d54e6ff154ad392b174
review_10006,class_1bc7e06ece0f38a60982
review_10007,class_7d54e6ff154ad392b174
review_10008,class_7d54e6ff154ad392b174
review_10009,class_52da9457fdf6740afd51
review_10010,class_7d54e6ff154ad392b174
review_10011,class_7d54e6ff154ad392b174
review_10012,class_7d54e6ff154ad392b174
review_10013,class_7d54e6ff154ad392b174
review_10014,class_7d54e6ff154ad392b174
review_10015,class_7d54e6ff154ad392b174
review_10016,class_7d54e6ff154ad392b174
review_10017,class_7d54e6ff154ad392b174
review_10018,class_7d54e6ff154ad392b174
review_10019,class_5da3128be1ff7664a1b2
review_10020,class_7d54e6ff154ad392b174
review_10021,class_5da3128be1ff7664a1b2
review_10022,class_1cf1396a0c9bc53f37da
review_10023,class_7d54e6ff154ad392b174
review_10024,class_7d54e6ff154ad392b174
review_10025,class_52da9457fdf6740afd51
review_10026,class_7d54e6ff154ad392b174
review_10027,class_7d54e6ff154ad392b174
review_10028,class_1cf1396a0c9bc53f37da
review_10029,class_1cf1396a0c9bc53f37da
review_10030,class_52da9457fdf6740afd51
review_10031,class_7d54e6ff154ad392b174
review_10032,class_7d54e6ff154ad392b174
review_10033,class_1cf1396a0c9bc53f37da
review_10034,class_1cf1396a0c9bc53f37da
review_10035,class_1cf1396a0c9bc53f37da
review_10036,class_52da9457fdf6740afd51
review_10037,class_7d54e6ff154ad392b174
review_10038,class_7d54e6ff154ad392b174
review_10039,class_1cf1396a0c9bc53f37da
review_10040,class_7d54e6ff154ad392b174
review_10041,class_52da9457fdf6740afd51
review_10042,class_1cf1396a0c9bc53f37da
review_10043,class_1cf1396a0c9bc53f37da
review_10044,class_7d54e6ff154ad392b174
review_10045,class_1cf1396a0c9bc53f37da
review_10046,class_7d54e6ff154ad392b174
review_10047,class_7d54e6ff154ad392b174
review_10048,class_7d54e6ff154ad392b174
review_10049,class_7d54e6ff154ad392b174
review_10050,class_7d54e6ff154ad392b174
review_10051,class_1cf1396a0c9bc53f37da
review_10052,class_1cf1396a0c9bc53f37da
review_10053,class_7d54e6ff154ad392b174
review_10054,class_7d54e6ff154ad392b174
review_10055,class_1cf1396a0c9bc53f37da
review_10056,class_7d54e6ff154ad392b174
review_10057,class_7d54e6ff154ad392b174
review_10058,class_1cf1396a0c9bc53f37da
review_10059,class_7d54e6ff154ad392b174
review_10060,class_1cf1396a0c9bc53f37da
review_10061,class_b89f90f328fa7e7781c0
review_10062,class_52da9457fdf6740afd51
review_10063,class_7d54e6ff154ad392b174
review_10064,class_1cf1396a0c9bc53f37da
review_10065,class_7d54e6ff154ad392b174
review_10066,class_1cf1396a0c9bc53f37da
review_10067,class_b89f90f328fa7e7781c0
review_10068,class_7d54e6ff154ad392b174
review_10069,class_1bc7e06ece0f38a60982
review_10070,class_7d54e6ff154ad392b174
review_10071,class_f6efb94c9ae061247bed
review_10072,class_1bc7e06ece0f38a60982
review_10073,class_7d54e6ff154ad392b174
review_10074,class_1cf1396a0c9bc53f37da
review_10075,class_1bc7e06ece0f38a60982
review_10076,class_7d54e6ff154ad392b174
review_10077,class_1bc7e06ece0f38a60982
review_10078,class_f6efb94c9ae061247bed
review_10079,class_f6efb94c9ae061247bed
review_10080,class_1bc7e06ece0f38a60982
review_10081,class_5da3128be1ff7664a1b2
review_10082,class_52da9457fdf6740afd51
review_10083,class_7d54e6ff154ad392b174
review_10084,class_1bc7e06ece0f38a60982
review_10085,class_7d54e6ff154ad392b174
review_10086,class_1bc7e06ece0f38a60982
review_10087,class_f6efb94c9ae061247bed
review_10088,class_1bc7e06ece0f38a60982
review_10089,class_1bc7e06ece0f38a60982
review_10090,class_7d54e6ff154ad392b174
review_10091,class_1bc7e06ece0f38a60982
review_10092,class_f6efb94c9ae061247bed
review_10093,class_7d54e6ff154ad392b174
review_10094,class_1bc7e06ece0f38a60982
review_10095,class_7d54e6ff154ad392b174
review_10096,class_1318693c237b7b97c0c0
review_10097,class_7d54e6ff154ad392b174
review_10098,class_1bc7e06ece0f38a60982
review_10099,class_5da3128be1ff7664a1b2
review_10100,class_1bc7e06ece0f38a60982
review_10101,class_1bc7e06ece0f38a60982
review_10102,class_1bc7e06ece0f38a60982
review_10103,class_1bc7e06ece0f38a60982
review_10104,class_1bc7e06ece0f38a60982
review_10105,class_f6efb94c9ae061247bed
review_10106,class_1bc7e06ece0f38a60982
review_10107,class_1318693c237b7b97c0c0
review_10108,class_7d54e6ff154ad392b174
review_10109,class_1bc7e06ece0f38a60982
review_10110,class_1bc7e06ece0f38a60982
review_10111,class_5da3128be1ff7664a1b2
review_10112,class_1bc7e06ece0f38a60982
review_10113,class_0eeaed02d1a961f133b4
review_10114,class_1bc7e06ece0f38a60982
review_10115,class_1cf1396a0c9bc53f37da
review_10116,class_1bc7e06ece0f38a60982
review_10117,class_5da3128be1ff7664a1b2
review_10118,class_52da9457fdf6740afd51
review_10119,class_1318693c237b7b97c0c0
review_10120,class_7d54e6ff154ad392b174
review_10121,class_48075864b2596de25a65
review_10122,class_52da9457fdf6740afd51
review_10123,class_52da9457fdf6740afd51
review_10124,class_52da9457fdf6740afd51
review_10125,class_7d54e6ff154ad392b174
review_10126,class_52da9457fdf6740afd51
review_10127,class_52da9457fdf6740afd51
review_10128,class_52da9457fdf6740afd51
review_10129,class_1bc7e06ece0f38a60982
review_10130,class_52da9457fdf6740afd51
review_10131,class_52da9457fdf6740afd51
review_10132,class_1bc7e06ece0f38a60982
review_10133,class_52da9457fdf6740afd51
review_10134,class_e65aace9237833ec7752
review_10135,class_e65aace9237833ec7752
review_10136,class_52da9457fdf6740afd51
review_10137,class_1bc7e06ece0f38a60982
review_10138,class_1bc7e06ece0f38a60982
review_10139,class_52da9457fdf6740afd51
review_10140,class_52da9457fdf6740afd51
review_10141,class_0eeaed02d1a961f133b4
review_10142,class_52da9457fdf6740afd51
review_10143,class_52da9457fdf6740afd51
review_10144,class_1bc7e06ece0f38a60982
review_10145,class_1bc7e06ece0f38a60982
review_10146,class_52da9457fdf6740afd51
review_10147,class_52da9457fdf6740afd51
review_10148,class_1bc7e06ece0f38a60982
review_10149,class_52da9457fdf6740afd51
review_10150,class_1bc7e06ece0f38a60982
review_10151,class_52da9457fdf6740afd51
review_10152,class_1bc7e06ece0f38a60982
review_10153,class_52da9457fdf6740afd51
review_10154,class_52da9457fdf6740afd51
review_10155,class_1bc7e06ece0f38a60982
review_10156,class_52da9457fdf6740afd51
review_10157,class_1bc7e06ece0f38a60982
review_10158,class_52da9457fdf6740afd51
review_10159,class_1bc7e06ece0f38a60982
review_10160,class_0eeaed02d1a961f133b4
review_10161,class_1bc7e06ece0f38a60982
review_10162,class_f6efb94c9ae061247bed
review_10163,class_7d54e6ff154ad392b174
review_10164,class_1bc7e06ece0f38a60982
review_10165,class_1318693c237b7b97c0c0
review_10166,class_1318693c237b7b97c0c0
review_10167,class_7d54e6ff154ad392b174
review_10168,class_1bc7e06ece0f38a60982
review_10169,class_c3ca5f787365eae0dea8
review_10170,class_be68f8ed5877c11b8be4
review_10171,class_1bc7e06ece0f38a60982
review_10172,class_7d54e6ff154ad392b174
review_10173,class_7d54e6ff154ad392b174
review_10174,class_be68f8ed5877c11b8be4
review_10175,class_f6efb94c9ae061247bed
review_10176,class_7d54e6ff154ad392b174
review_10177,class_7d54e6ff154ad392b174
review_10178,class_b7f740446b63715473af
review_10179,class_1bc7e06ece0f38a60982
review_10180,class_be68f8ed5877c11b8be4
review_10181,class_1bc7e06ece0f38a60982
review_10182,class_7d54e6ff154ad392b174
review_10183,class_1bc7e06ece0f38a60982
review_10184,class_f6efb94c9ae061247bed
review_10185,class_4397d106b671d697b6e0
review_10186,class_7d54e6ff154ad392b174
review_10187,class_7d54e6ff154ad392b174
review_10188,class_52da9457fdf6740afd51
review_10189,class_7d54e6ff154ad392b174
review_10190,class_c3ca5f787365eae0dea8
review_10191,class_7d54e6ff154ad392b174
review_10192,class_9deef4712756d30ffaa3
review_10193,class_7d54e6ff154ad392b174
review_10194,class_7d54e6ff154ad392b174
review_10195,class_7d54e6ff154ad392b174
review_10196,class_48075864b2596de25a65
review_10197,class_1bc7e06ece0f38a60982
review_10198,class_7d54e6ff154ad392b174
review_10199,class_1318693c237b7b97c0c0
review_10200,class_e65aace9237833ec7752
review_10201,class_c3ca5f787365eae0dea8
review_10202,class_9deef4712756d30ffaa3
review_10203,class_7d54e6ff154ad392b174
review_10204,class_7d54e6ff154ad392b174
review_10205,class_7d54e6ff154ad392b174
review_10206,class_1bc7e06ece0f38a60982
review_10207,class_7d54e6ff154ad392b174
review_10208,class_1318693c237b7b97c0c0
review_10209,class_1318693c237b7b97c0c0
review_10210,class_1318693c237b7b97c0c0
review_10211,class_1318693c237b7b97c0c0
review_10212,class_7d54e6ff154ad392b174
review_10213,class_7d54e6ff154ad392b174
review_10214,class_1318693c237b7b97c0c0
review_10215,class_1318693c237b7b97c0c0
review_10216,class_be68f8ed5877c11b8be4
review_10217,class_1bc7e06ece0f38a60982
review_10218,class_48075864b2596de25a65
review_10219,class_7d54e6ff154ad392b174
review_10220,class_7d54e6ff154ad392b174
review_10221,class_7d54e6ff154ad392b174
review_10222,class_1bc7e06ece0f38a60982
review_10223,class_7d54e6ff154ad392b174
review_10224,class_c3ca5f787365eae0dea8
review_10225,class_be68f8ed5877c11b8be4
review_10226,class_be68f8ed5877c11b8be4
review_10227,class_1318693c237b7b97c0c0
review_10228,class_1bc7e06ece0f38a60982
review_10229,class_1318693c237b7b97c0c0
review_10230,class_7d54e6ff154ad392b174
review_10231,class_7d54e6ff154ad392b174
review_10232,class_1bc7e06ece0f38a60982
review_10233,class_7d54e6ff154ad392b174
review_10234,class_5da3128be1ff7664a1b2
review_10235,class_9e32d15b246e504af33c
review_10236,class_9e32d15b246e504af33c
review_10237,class_1bc7e06ece0f38a60982
review_10238,class_1bc7e06ece0f38a60982
review_10239,class_9deef4712756d30ffaa3
review_10240,class_9deef4712756d30ffaa3
review_10241,class_9e32d15b246e504af33c
review_10242,class_9e32d15b246e504af33c
review_10243,class_9deef4712756d30ffaa3
review_10244,class_9deef4712756d30ffaa3
review_10245,class_1bc7e06ece0f38a60982
review_10246,class_52da9457fdf6740afd51
review_10247,class_1bc7e06ece0f38a60982
review_10248,class_9deef4712756d30ffaa3
review_10249,class_9e32d15b246e504af33c
review_10250,class_9e32d15b246e504af33c
review_10251,class_9e32d15b246e504af33c
review_10252,class_1bc7e06ece0f38a60982
review_10253,class_1bc7e06ece0f38a60982
review_10254,class_9e32d15b246e504af33c
review_10255,class_5da3128be1ff7664a1b2
review_10256,class_9deef4712756d30ffaa3
review_10257,class_9deef4712756d30ffaa3
review_10258,class_9e32d15b246e504af33c
review_10259,class_1cf1396a0c9bc53f37da
review_10260,class_1bc7e06ece0f38a60982
review_10261,class_e65aace9237833ec7752
review_10262,class_7d54e6ff154ad392b174
review_10263,class_be68f8ed5877c11b8be4
review_10264,class_1bc7e06ece0f38a60982
review_10265,class_7d54e6ff154ad392b174
review_10266,class_1bc7e06ece0f38a60982
review_10267,class_1cf1396a0c9bc53f37da
review_10268,class_7d54e6ff154ad392b174
review_10269,class_1318693c237b7b97c0c0
review_10270,class_7d54e6ff154ad392b174
review_10271,class_9deef4712756d30ffaa3
review_10272,class_9e32d15b246e504af33c
review_10273,class_e65aace9237833ec7752
review_10274,class_1cf1396a0c9bc53f37da
review_10275,class_9deef4712756d30ffaa3
review_10276,class_1bc7e06ece0f38a60982
review_10277,class_5da3128be1ff7664a1b2
review_10278,class_e65aace9237833ec7752
review_10279,class_e65aace9237833ec7752
review_10280,class_1bc7e06ece0f38a60982
review_10281,class_e65aace9237833ec7752
review_10282,class_7d54e6ff154ad392b174
review_10283,class_1bc7e06ece0f38a60982
review_10284,class_1cf1396a0c9bc53f37da
review_10285,class_5da3128be1ff7664a1b2
review_10286,class_1cf1396a0c9bc53f37da
review_10287,class_7d54e6ff154ad392b174
review_10288,class_1318693c237b7b97c0c0
review_10289,class_1cf1396a0c9bc53f37da
review_10290,class_be68f8ed5877c11b8be4
review_10291,class_9deef4712756d30ffaa3
review_10292,class_1bc7e06ece0f38a60982
review_10293,class_e65aace9237833ec7752
review_10294,class_1bc7e06ece0f38a60982
review_10295,class_1bc7e06ece0f38a60982
review_10296,class_7d54e6ff154ad392b174
review_10297,class_c3ca5f787365eae0dea8
review_10298,class_1bc7e06ece0f38a60982
review_10299,class_7d54e6ff154ad392b174
review_10300,class_1cf1396a0c9bc53f37da
review_10301,class_be68f8ed5877c11b8be4
review_10302,class_5da3128be1ff7664a1b2
review_10303,class_7d54e6ff154ad392b174
review_10304,class_9e32d15b246e504af33c
review_10305,class_1cf1396a0c9bc53f37da
review_10306,class_1bc7e06ece0f38a60982
review_10307,class_1bc7e06ece0f38a60982
review_10308,class_1cf1396a0c9bc53f37da
review_10309,class_7d54e6ff154ad392b174
review_10310,class_e65aace9237833ec7752
review_10311,class_7d54e6ff154ad392b174
review_10312,class_1bc7e06ece0f38a60982
review_10313,class_1cf1396a0c9bc53f37da
review_10314,class_7d54e6ff154ad392b174
review_10315,class_1bc7e06ece0f38a60982
review_10316,class_7d54e6ff154ad392b174
review_10317,class_1cf1396a0c9bc53f37da
review_10318,class_e65aace9237833ec7752
review_10319,class_7d54e6ff154ad392b174
review_10320,class_7d54e6ff154ad392b174
review_10321,class_1cf1396a0c9bc53f37da
review_10322,class_7d54e6ff154ad392b174
review_10323,class_1cf1396a0c9bc53f37da
review_10324,class_9e32d15b246e504af33c
review_10325,class_e65aace9237833ec7752
review_10326,class_1cf1396a0c9bc53f37da
review_10327,class_e65aace9237833ec7752
review_10328,class_7d54e6ff154ad392b174
review_10329,class_c3ca5f787365eae0dea8
review_10330,class_9e32d15b246e504af33c
review_10331,class_7d54e6ff154ad392b174
review_10332,class_9e32d15b246e504af33c
review_10333,class_7d54e6ff154ad392b174
review_10334,class_e65aace9237833ec7752
review_10335,class_1bc7e06ece0f38a60982
review_10336,class_c3ca5f787365eae0dea8
review_10337,class_7d54e6ff154ad392b174
review_10338,class_9e32d15b246e504af33c
review_10339,class_1cf1396a0c9bc53f37da
review_10340,class_7d54e6ff154ad392b174
review_10341,class_9e32d15b246e504af33c
review_10342,class_52da9457fdf6740afd51
review_10343,class_7d54e6ff154ad392b174
review_10344,class_7d54e6ff154ad392b174
review_10345,class_1318693c237b7b97c0c0
review_10346,class_e65aace9237833ec7752
review_10347,class_e65aace9237833ec7752
review_10348,class_7d54e6ff154ad392b174
review_10349,class_be68f8ed5877c11b8be4
review_10350,class_1cf1396a0c9bc53f37da
review_10351,class_7d54e6ff154ad392b174
review_10352,class_7d54e6ff154ad392b174
review_10353,class_7d54e6ff154ad392b174
review_10354,class_7d54e6ff154ad392b174
review_10355,class_1bc7e06ece0f38a60982
review_10356,class_7d54e6ff154ad392b174
review_10357,class_1cf1396a0c9bc53f37da
review_10358,class_1cf1396a0c9bc53f37da
review_10359,class_5da3128be1ff7664a1b2
review_10360,class_1cf1396a0c9bc53f37da
review_10361,class_7d54e6ff154ad392b174
review_10362,class_0eeaed02d1a961f133b4
review_10363,class_0eeaed02d1a961f133b4
review_10364,class_1cf1396a0c9bc53f37da
review_10365,class_7d54e6ff154ad392b174
review_10366,class_7d54e6ff154ad392b174
review_10367,class_0eeaed02d1a961f133b4
review_10368,class_1cf1396a0c9bc53f37da
review_10369,class_7d54e6ff154ad392b174
review_10370,class_7d54e6ff154ad392b174
review_10371,class_e65aace9237833ec7752
review_10372,class_0eeaed02d1a961f133b4
review_10373,class_7d54e6ff154ad392b174
review_10374,class_7d54e6ff154ad392b174
review_10375,class_0eeaed02d1a961f133b4
review_10376,class_7d54e6ff154ad392b174
review_10377,class_7d54e6ff154ad392b174
review_10378,class_7d54e6ff154ad392b174
review_10379,class_0eeaed02d1a961f133b4
review_10380,class_7d54e6ff154ad392b174
review_10381,class_1318693c237b7b97c0c0
review_10382,class_0eeaed02d1a961f133b4
review_10383,class_1cf1396a0c9bc53f37da
review_10384,class_52da9457fdf6740afd51
review_10385,class_7d54e6ff154ad392b174
review_10386,class_0eeaed02d1a961f133b4
review_10387,class_7d54e6ff154ad392b174
review_10388,class_7d54e6ff154ad392b174
review_10389,class_7d54e6ff154ad392b174
review_10390,class_7d54e6ff154ad392b174
review_10391,class_0eeaed02d1a961f133b4
review_10392,class_1cf1396a0c9bc53f37da
review_10393,class_7d54e6ff154ad392b174
review_10394,class_1318693c237b7b97c0c0
review_10395,class_7d54e6ff154ad392b174
review_10396,class_0eeaed02d1a961f133b4
review_10397,class_1cf1396a0c9bc53f37da
review_10398,class_7d54e6ff154ad392b174
review_10399,class_0eeaed02d1a961f133b4
review_10400,class_7d54e6ff154ad392b174
review_10401,class_0eeaed02d1a961f133b4
review_10402,class_1318693c237b7b97c0c0
review_10403,class_7d54e6ff154ad392b174
review_10404,class_1318693c237b7b97c0c0
review_10405,class_0eeaed02d1a961f133b4
review_10406,class_1cf1396a0c9bc53f37da
review_10407,class_7d54e6ff154ad392b174
review_10408,class_7d54e6ff154ad392b174
review_10409,class_1318693c237b7b97c0c0
review_10410,class_1318693c237b7b97c0c0
review_10411,class_0eeaed02d1a961f133b4
review_10412,class_1cf1396a0c9bc53f37da
review_10413,class_0eeaed02d1a961f133b4
review_10414,class_7d54e6ff154ad392b174
review_10415,class_0eeaed02d1a961f133b4
review_10416,class_7d54e6ff154ad392b174
review_10417,class_e65aace9237833ec7752
review_10418,class_7d54e6ff154ad392b174
review_10419,class_0eeaed02d1a961f133b4
review_10420,class_0eeaed02d1a961f133b4
review_10421,class_7d54e6ff154ad392b174
review_10422,class_7d54e6ff154ad392b174
review_10423,class_7d54e6ff154ad392b174
review_10424,class_7d54e6ff154ad392b174
review_10425,class_7d54e6ff154ad392b174
review_10426,class_7d54e6ff154ad392b174
review_10427,class_1cf1396a0c9bc53f37da
review_10428,class_52da9457fdf6740afd51
review_10429,class_7d54e6ff154ad392b174
review_10430,class_be68f8ed5877c11b8be4
review_10431,class_1bc7e06ece0f38a60982
review_10432,class_7d54e6ff154ad392b174
review_10433,class_52da9457fdf6740afd51
review_10434,class_7d54e6ff154ad392b174
review_10435,class_1cf1396a0c9bc53f37da
review_10436,class_7d54e6ff154ad392b174
review_10437,class_7d54e6ff154ad392b174
review_10438,class_52da9457fdf6740afd51
review_10439,class_be68f8ed5877c11b8be4
review_10440,class_7d54e6ff154ad392b174
review_10441,class_52da9457fdf6740afd51
review_10442,class_be68f8ed5877c11b8be4
review_10443,class_7d54e6ff154ad392b174
review_10444,class_1bc7e06ece0f38a60982
review_10445,class_be68f8ed5877c11b8be4
review_10446,class_1bc7e06ece0f38a60982
review_10447,class_1bc7e06ece0f38a60982
review_10448,class_52da9457fdf6740afd51
review_10449,class_1bc7e06ece0f38a60982
review_10450,class_1bc7e06ece0f38a60982
review_10451,class_7d54e6ff154ad392b174
review_10452,class_1cf1396a0c9bc53f37da
review_10453,class_52da9457fdf6740afd51
review_10454,class_be68f8ed5877c11b8be4
review_10455,class_be68f8ed5877c11b8be4
review_10456,class_be68f8ed5877c11b8be4
review_10457,class_be68f8ed5877c11b8be4
review_10458,class_52da9457fdf6740afd51
review_10459,class_7d54e6ff154ad392b174
review_10460,class_1cf1396a0c9bc53f37da
review_10461,class_be68f8ed5877c11b8be4
review_10462,class_1bc7e06ece0f38a60982
review_10463,class_1cf1396a0c9bc53f37da
review_10464,class_7d54e6ff154ad392b174
review_10465,class_1bc7e06ece0f38a60982
review_10466,class_7d54e6ff154ad392b174
review_10467,class_be68f8ed5877c11b8be4
review_10468,class_7d54e6ff154ad392b174
review_10469,class_1cf1396a0c9bc53f37da
review_10470,class_52da9457fdf6740afd51
review_10471,class_1bc7e06ece0f38a60982
review_10472,class_7d54e6ff154ad392b174
review_10473,class_7d54e6ff154ad392b174
review_10474,class_1cf1396a0c9bc53f37da
review_10475,class_7d54e6ff154ad392b174
review_10476,class_7d54e6ff154ad392b174
review_10477,class_7d54e6ff154ad392b174
review_10478,class_1bc7e06ece0f38a60982
review_10479,class_1bc7e06ece0f38a60982
review_10480,class_1bc7e06ece0f38a60982
review_10481,class_7d54e6ff154ad392b174
review_10482,class_7d54e6ff154ad392b174
review_10483,class_52438e68a549a636811e
review_10484,class_7d54e6ff154ad392b174
review_10485,class_1318693c237b7b97c0c0
review_10486,class_7d54e6ff154ad392b174
review_10487,class_7d54e6ff154ad392b174
review_10488,class_1bc7e06ece0f38a60982
review_10489,class_9deef4712756d30ffaa3
review_10490,class_b89f90f328fa7e7781c0
review_10491,class_52da9457fdf6740afd51
review_10492,class_7d54e6ff154ad392b174
review_10493,class_7d54e6ff154ad392b174
review_10494,class_7d54e6ff154ad392b174
review_10495,class_1cf1396a0c9bc53f37da
review_10496,class_b89f90f328fa7e7781c0
review_10497,class_7d54e6ff154ad392b174
review_10498,class_7d54e6ff154ad392b174
review_10499,class_7d54e6ff154ad392b174
review_10500,class_b89f90f328fa7e7781c0
review_10501,class_b89f90f328fa7e7781c0
review_10502,class_7d54e6ff154ad392b174
review_10503,class_1cf1396a0c9bc53f37da
review_10504,class_7d54e6ff154ad392b174
review_10505,class_7d54e6ff154ad392b174
review_10506,class_1318693c237b7b97c0c0
review_10507,class_7d54e6ff154ad392b174
review_10508,class_52da9457fdf6740afd51
review_10509,class_7d54e6ff154ad392b174
review_10510,class_7d54e6ff154ad392b174
review_10511,class_7d54e6ff154ad392b174
review_10512,class_7d54e6ff154ad392b174
review_10513,class_1bc7e06ece0f38a60982
review_10514,class_7d54e6ff154ad392b174
review_10515,class_b89f90f328fa7e7781c0
review_10516,class_52438e68a549a636811e
review_10517,class_7d54e6ff154ad392b174
review_10518,class_1bc7e06ece0f38a60982
review_10519,class_b89f90f328fa7e7781c0
review_10520,class_9deef4712756d30ffaa3
review_10521,class_1bc7e06ece0f38a60982
review_10522,class_7d54e6ff154ad392b174
review_10523,class_7d54e6ff154ad392b174
review_10524,class_1cf1396a0c9bc53f37da
review_10525,class_7d54e6ff154ad392b174
review_10526,class_7d54e6ff154ad392b174
review_10527,class_7d54e6ff154ad392b174
review_10528,class_1bc7e06ece0f38a60982
review_10529,class_1318693c237b7b97c0c0
review_10530,class_7d54e6ff154ad392b174
review_10531,class_1318693c237b7b97c0c0
review_10532,class_52da9457fdf6740afd51
review_10533,class_52da9457fdf6740afd51
review_10534,class_1318693c237b7b97c0c0
review_10535,class_7d54e6ff154ad392b174
review_10536,class_1cf1396a0c9bc53f37da
review_10537,class_7d54e6ff154ad392b174
review_10538,class_7d54e6ff154ad392b174
review_10539,class_1bc7e06ece0f38a60982
review_10540,class_7d54e6ff154ad392b174
review_10541,class_7d54e6ff154ad392b174
review_10542,class_7d54e6ff154ad392b174
review_10543,class_52da9457fdf6740afd51
review_10544,class_1bc7e06ece0f38a60982
review_10545,class_48075864b2596de25a65
review_10546,class_7d54e6ff154ad392b174
review_10547,class_52da9457fdf6740afd51
review_10548,class_1cf1396a0c9bc53f37da
review_10549,class_1bc7e06ece0f38a60982
review_10550,class_1bc7e06ece0f38a60982
review_10551,class_b89f90f328fa7e7781c0
review_10552,class_1cf1396a0c9bc53f37da
review_10553,class_52da9457fdf6740afd51
review_10554,class_7d54e6ff154ad392b174
review_10555,class_1cf1396a0c9bc53f37da
review_10556,class_b89f90f328fa7e7781c0
review_10557,class_52438e68a549a636811e
review_10558,class_1bc7e06ece0f38a60982
review_10559,class_7d54e6ff154ad392b174
review_10560,class_7d54e6ff154ad392b174
review_10561,class_1cf1396a0c9bc53f37da
review_10562,class_9deef4712756d30ffaa3
review_10563,class_7d54e6ff154ad392b174
review_10564,class_1318693c237b7b97c0c0
review_10565,class_7d54e6ff154ad392b174
review_10566,class_1bc7e06ece0f38a60982
review_10567,class_1bc7e06ece0f38a60982
review_10568,class_7d54e6ff154ad392b174
review_10569,class_1318693c237b7b97c0c0
review_10570,class_7d54e6ff154ad392b174
review_10571,class_7d54e6ff154ad392b174
review_10572,class_1bc7e06ece0f38a60982
review_10573,class_1318693c237b7b97c0c0
review_10574,class_1bc7e06ece0f38a60982
review_10575,class_1318693c237b7b97c0c0
review_10576,class_7d54e6ff154ad392b174
review_10577,class_7d54e6ff154ad392b174
review_10578,class_b89f90f328fa7e7781c0
review_10579,class_7d54e6ff154ad392b174
review_10580,class_7d54e6ff154ad392b174
review_10581,class_7d54e6ff154ad392b174
review_10582,class_1cf1396a0c9bc53f37da
review_10583,class_7d54e6ff154ad392b174
review_10584,class_b89f90f328fa7e7781c0
review_10585,class_9deef4712756d30ffaa3
review_10586,class_7d54e6ff154ad392b174
review_10587,class_7d54e6ff154ad392b174
review_10588,class_1cf1396a0c9bc53f37da
review_10589,class_1318693c237b7b97c0c0
review_10590,class_7d54e6ff154ad392b174
review_10591,class_7d54e6ff154ad392b174
review_10592,class_1bc7e06ece0f38a60982
review_10593,class_7d54e6ff154ad392b174
review_10594,class_1bc7e06ece0f38a60982
review_10595,class_0eeaed02d1a961f133b4
review_10596,class_e65aace9237833ec7752
review_10597,class_1bc7e06ece0f38a60982
review_10598,class_1cf1396a0c9bc53f37da
review_10599,class_b7f740446b63715473af
review_10600,class_1bc7e06ece0f38a60982
review_10601,class_0eeaed02d1a961f133b4
review_10602,class_7d54e6ff154ad392b174
review_10603,class_52da9457fdf6740afd51
review_10604,class_52da9457fdf6740afd51
review_10605,class_7d54e6ff154ad392b174
review_10606,class_1bc7e06ece0f38a60982
review_10607,class_4397d106b671d697b6e0
review_10608,class_e65aace9237833ec7752
review_10609,class_1bc7e06ece0f38a60982
review_10610,class_1bc7e06ece0f38a60982
review_10611,class_4397d106b671d697b6e0
review_10612,class_52da9457fdf6740afd51
review_10613,class_1cf1396a0c9bc53f37da
review_10614,class_1cf1396a0c9bc53f37da
review_10615,class_4397d106b671d697b6e0
review_10616,class_e65aace9237833ec7752
review_10617,class_1cf1396a0c9bc53f37da
review_10618,class_1bc7e06ece0f38a60982
review_10619,class_e65aace9237833ec7752
review_10620,class_52da9457fdf6740afd51
review_10621,class_52da9457fdf6740afd51
review_10622,class_7d54e6ff154ad392b174
review_10623,class_1bc7e06ece0f38a60982
review_10624,class_1bc7e06ece0f38a60982
review_10625,class_1bc7e06ece0f38a60982
review_10626,class_e65aace9237833ec7752
review_10627,class_1cf1396a0c9bc53f37da
review_10628,class_1bc7e06ece0f38a60982
review_10629,class_52da9457fdf6740afd51
review_10630,class_1cf1396a0c9bc53f37da
review_10631,class_e65aace9237833ec7752
review_10632,class_1bc7e06ece0f38a60982
review_10633,class_1bc7e06ece0f38a60982
review_10634,class_e65aace9237833ec7752
review_10635,class_e65aace9237833ec7752
review_10636,class_1bc7e06ece0f38a60982
review_10637,class_52da9457fdf6740afd51
review_10638,class_1bc7e06ece0f38a60982
review_10639,class_e65aace9237833ec7752
review_10640,class_1bc7e06ece0f38a60982
review_10641,class_e65aace9237833ec7752
review_10642,class_52da9457fdf6740afd51
review_10643,class_1bc7e06ece0f38a60982
review_10644,class_e65aace9237833ec7752
review_10645,class_1bc7e06ece0f38a60982
review_10646,class_1cf1396a0c9bc53f37da
review_10647,class_1bc7e06ece0f38a60982
review_10648,class_1cf1396a0c9bc53f37da
review_10649,class_e65aace9237833ec7752
review_10650,class_1bc7e06ece0f38a60982
review_10651,class_7d54e6ff154ad392b174
review_10652,class_7d54e6ff154ad392b174
review_10653,class_7d54e6ff154ad392b174
review_10654,class_7d54e6ff154ad392b174
review_10655,class_7d54e6ff154ad392b174
review_10656,class_7d54e6ff154ad392b174
review_10657,class_7d54e6ff154ad392b174
review_10658,class_7d54e6ff154ad392b174
review_10659,class_7d54e6ff154ad392b174
review_10660,class_7d54e6ff154ad392b174
review_10661,class_7d54e6ff154ad392b174
review_10662,class_7d54e6ff154ad392b174
review_10663,class_7d54e6ff154ad392b174
review_10664,class_7d54e6ff154ad392b174
review_10665,class_7d54e6ff154ad392b174
review_10666,class_7d54e6ff154ad392b174
review_10667,class_7d54e6ff154ad392b174
review_10668,class_7d54e6ff154ad392b174
review_10669,class_7d54e6ff154ad392b174
review_10670,class_7d54e6ff154ad392b174
review_10671,class_7d54e6ff154ad392b174
review_10672,class_7d54e6ff154ad392b174
review_10673,class_7d54e6ff154ad392b174
review_10674,class_0eeaed02d1a961f133b4
review_10675,class_7d54e6ff154ad392b174
review_10676,class_7d54e6ff154ad392b174
review_10677,class_7d54e6ff154ad392b174
review_10678,class_f6efb94c9ae061247bed
review_10679,class_7d54e6ff154ad392b174
review_10680,class_7d54e6ff154ad392b174
review_10681,class_1cf1396a0c9bc53f37da
review_10682,class_7d54e6ff154ad392b174
review_10683,class_7d54e6ff154ad392b174
review_10684,class_9deef4712756d30ffaa3
review_10685,class_7d54e6ff154ad392b174
review_10686,class_0eeaed02d1a961f133b4
review_10687,class_7d54e6ff154ad392b174
review_10688,class_7d54e6ff154ad392b174
review_10689,class_7d54e6ff154ad392b174
review_10690,class_7d54e6ff154ad392b174
review_10691,class_7d54e6ff154ad392b174
review_10692,class_7d54e6ff154ad392b174
review_10693,class_7d54e6ff154ad392b174
review_10694,class_7d54e6ff154ad392b174
review_10695,class_7d54e6ff154ad392b174
review_10696,class_7d54e6ff154ad392b174
review_10697,class_7d54e6ff154ad392b174
review_10698,class_7d54e6ff154ad392b174
review_10699,class_7d54e6ff154ad392b174
review_10700,class_9deef4712756d30ffaa3
review_10701,class_7d54e6ff154ad392b174
review_10702,class_1bc7e06ece0f38a60982
review_10703,class_7d54e6ff154ad392b174
review_10704,class_1cf1396a0c9bc53f37da
review_10705,class_7d54e6ff154ad392b174
review_10706,class_1318693c237b7b97c0c0
review_10707,class_7d54e6ff154ad392b174
review_10708,class_f6efb94c9ae061247bed
review_10709,class_7d54e6ff154ad392b174
review_10710,class_7d54e6ff154ad392b174
review_10711,class_1cf1396a0c9bc53f37da
review_10712,class_1cf1396a0c9bc53f37da
review_10713,class_7d54e6ff154ad392b174
review_10714,class_7d54e6ff154ad392b174
review_10715,class_7d54e6ff154ad392b174
review_10716,class_1bc7e06ece0f38a60982
review_10717,class_1bc7e06ece0f38a60982
review_10718,class_e65aace9237833ec7752
review_10719,class_1bc7e06ece0f38a60982
review_10720,class_b7f740446b63715473af
review_10721,class_1bc7e06ece0f38a60982
review_10722,class_9e32d15b246e504af33c
review_10723,class_1bc7e06ece0f38a60982
review_10724,class_1cf1396a0c9bc53f37da
review_10725,class_1cf1396a0c9bc53f37da
review_10726,class_9e32d15b246e504af33c
review_10727,class_0eeaed02d1a961f133b4
review_10728,class_1bc7e06ece0f38a60982
review_10729,class_e65aace9237833ec7752
review_10730,class_9e32d15b246e504af33c
review_10731,class_1cf1396a0c9bc53f37da
review_10732,class_e65aace9237833ec7752
review_10733,class_1bc7e06ece0f38a60982
review_10734,class_1bc7e06ece0f38a60982
review_10735,class_1bc7e06ece0f38a60982
review_10736,class_1cf1396a0c9bc53f37da
review_10737,class_1cf1396a0c9bc53f37da
review_10738,class_1bc7e06ece0f38a60982
review_10739,class_1cf1396a0c9bc53f37da
review_10740,class_e65aace9237833ec7752
review_10741,class_c3ca5f787365eae0dea8
review_10742,class_52da9457fdf6740afd51
review_10743,class_1bc7e06ece0f38a60982
review_10744,class_e65aace9237833ec7752
review_10745,class_e65aace9237833ec7752
review_10746,class_1cf1396a0c9bc53f37da
review_10747,class_e65aace9237833ec7752
review_10748,class_0eeaed02d1a961f133b4
review_10749,class_1cf1396a0c9bc53f37da
review_10750,class_1bc7e06ece0f38a60982
review_10751,class_b7f740446b63715473af
review_10752,class_9e32d15b246e504af33c
review_10753,class_1bc7e06ece0f38a60982
review_10754,class_1cf1396a0c9bc53f37da
review_10755,class_1318693c237b7b97c0c0
review_10756,class_5da3128be1ff7664a1b2
review_10757,class_1bc7e06ece0f38a60982
review_10758,class_1cf1396a0c9bc53f37da
review_10759,class_1cf1396a0c9bc53f37da
review_10760,class_1cf1396a0c9bc53f37da
review_10761,class_1bc7e06ece0f38a60982
review_10762,class_7d54e6ff154ad392b174
review_10763,class_1bc7e06ece0f38a60982
review_10764,class_7d54e6ff154ad392b174
review_10765,class_1bc7e06ece0f38a60982
review_10766,class_1bc7e06ece0f38a60982
review_10767,class_1cf1396a0c9bc53f37da
review_10768,class_1bc7e06ece0f38a60982
review_10769,class_1cf1396a0c9bc53f37da
review_10770,class_5da3128be1ff7664a1b2
review_10771,class_5da3128be1ff7664a1b2
review_10772,class_b7f740446b63715473af
review_10773,class_1bc7e06ece0f38a60982
review_10774,class_1bc7e06ece0f38a60982
review_10775,class_7d54e6ff154ad392b174
review_10776,class_5da3128be1ff7664a1b2
review_10777,class_1cf1396a0c9bc53f37da
review_10778,class_1cf1396a0c9bc53f37da
review_10779,class_1bc7e06ece0f38a60982
review_10780,class_5da3128be1ff7664a1b2
review_10781,class_1bc7e06ece0f38a60982
review_10782,class_7d54e6ff154ad392b174
review_10783,class_9deef4712756d30ffaa3
review_10784,class_7d54e6ff154ad392b174
review_10785,class_7d54e6ff154ad392b174
review_10786,class_1cf1396a0c9bc53f37da
review_10787,class_7d54e6ff154ad392b174
review_10788,class_9deef4712756d30ffaa3
review_10789,class_0eeaed02d1a961f133b4
review_10790,class_9deef4712756d30ffaa3
review_10791,class_0eeaed02d1a961f133b4
review_10792,class_9deef4712756d30ffaa3
review_10793,class_7d54e6ff154ad392b174
review_10794,class_7d54e6ff154ad392b174
review_10795,class_1bc7e06ece0f38a60982
review_10796,class_b89f90f328fa7e7781c0
review_10797,class_b89f90f328fa7e7781c0
review_10798,class_0eeaed02d1a961f133b4
review_10799,class_7d54e6ff154ad392b174
review_10800,class_7d54e6ff154ad392b174
review_10801,class_1bc7e06ece0f38a60982
review_10802,class_52438e68a549a636811e
review_10803,class_1bc7e06ece0f38a60982
review_10804,class_9deef4712756d30ffaa3
review_10805,class_7d54e6ff154ad392b174
review_10806,class_9deef4712756d30ffaa3
review_10807,class_9deef4712756d30ffaa3
review_10808,class_9deef4712756d30ffaa3
review_10809,class_7d54e6ff154ad392b174
review_10810,class_e65aace9237833ec7752
review_10811,class_7d54e6ff154ad392b174
review_10812,class_9deef4712756d30ffaa3
review_10813,class_e65aace9237833ec7752
review_10814,class_7d54e6ff154ad392b174
review_10815,class_9deef4712756d30ffaa3
review_10816,class_7d54e6ff154ad392b174
review_10817,class_9deef4712756d30ffaa3
review_10818,class_b89f90f328fa7e7781c0
review_10819,class_0eeaed02d1a961f133b4
review_10820,class_9deef4712756d30ffaa3
review_10821,class_7d54e6ff154ad392b174
review_10822,class_7d54e6ff154ad392b174
review_10823,class_0eeaed02d1a961f133b4
review_10824,class_9deef4712756d30ffaa3
review_10825,class_7d54e6ff154ad392b174
review_10826,class_9deef4712756d30ffaa3
review_10827,class_0eeaed02d1a961f133b4
review_10828,class_1cf1396a0c9bc53f37da
review_10829,class_7d54e6ff154ad392b174
review_10830,class_9deef4712756d30ffaa3
review_10831,class_7d54e6ff154ad392b174
review_10832,class_7d54e6ff154ad392b174
review_10833,class_7d54e6ff154ad392b174
review_10834,class_1cf1396a0c9bc53f37da
review_10835,class_1cf1396a0c9bc53f37da
review_10836,class_7d54e6ff154ad392b174
review_10837,class_7d54e6ff154ad392b174
review_10838,class_7d54e6ff154ad392b174
review_10839,class_7d54e6ff154ad392b174
review_10840,class_7d54e6ff154ad392b174
review_10841,class_7d54e6ff154ad392b174
review_10842,class_7d54e6ff154ad392b174
review_10843,class_7d54e6ff154ad392b174
review_10844,class_7d54e6ff154ad392b174
review_10845,class_7d54e6ff154ad392b174
review_10846,class_9deef4712756d30ffaa3
review_10847,class_7d54e6ff154ad392b174
review_10848,class_52438e68a549a636811e
review_10849,class_e65aace9237833ec7752
review_10850,class_1bc7e06ece0f38a60982
review_10851,class_1bc7e06ece0f38a60982
review_10852,class_7d54e6ff154ad392b174
review_10853,class_7d54e6ff154ad392b174
review_10854,class_1318693c237b7b97c0c0
review_10855,class_1bc7e06ece0f38a60982
review_10856,class_7d54e6ff154ad392b174
review_10857,class_1cf1396a0c9bc53f37da
review_10858,class_b7f740446b63715473af
review_10859,class_1cf1396a0c9bc53f37da
review_10860,class_1bc7e06ece0f38a60982
review_10861,class_7d54e6ff154ad392b174
review_10862,class_7d54e6ff154ad392b174
review_10863,class_1bc7e06ece0f38a60982
review_10864,class_0eeaed02d1a961f133b4
review_10865,class_7d54e6ff154ad392b174
review_10866,class_7d54e6ff154ad392b174
review_10867,class_1bc7e06ece0f38a60982
review_10868,class_7d54e6ff154ad392b174
review_10869,class_1bc7e06ece0f38a60982
review_10870,class_7d54e6ff154ad392b174
review_10871,class_1bc7e06ece0f38a60982
review_10872,class_7d54e6ff154ad392b174
review_10873,class_7d54e6ff154ad392b174
review_10874,class_1bc7e06ece0f38a60982
review_10875,class_b89f90f328fa7e7781c0
review_10876,class_b89f90f328fa7e7781c0
review_10877,class_7d54e6ff154ad392b174
review_10878,class_1bc7e06ece0f38a60982
review_10879,class_7d54e6ff154ad392b174
review_10880,class_1bc7e06ece0f38a60982
review_10881,class_7d54e6ff154ad392b174
review_10882,class_1bc7e06ece0f38a60982
review_10883,class_1bc7e06ece0f38a60982
review_10884,class_7d54e6ff154ad392b174
review_10885,class_5da3128be1ff7664a1b2
review_10886,class_7d54e6ff154ad392b174
review_10887,class_7d54e6ff154ad392b174
review_10888,class_7d54e6ff154ad392b174
review_10889,class_1bc7e06ece0f38a60982
review_10890,class_1cf1396a0c9bc53f37da
review_10891,class_7d54e6ff154ad392b174
review_10892,class_1bc7e06ece0f38a60982
review_10893,class_7d54e6ff154ad392b174
review_10894,class_7d54e6ff154ad392b174
review_10895,class_1bc7e06ece0f38a60982
review_10896,class_1bc7e06ece0f38a60982
review_10897,class_b89f90f328fa7e7781c0
review_10898,class_1bc7e06ece0f38a60982
review_10899,class_7d54e6ff154ad392b174
review_10900,class_7d54e6ff154ad392b174
review_10901,class_1cf1396a0c9bc53f37da
review_10902,class_f6efb94c9ae061247bed
review_10903,class_7d54e6ff154ad392b174
review_10904,class_52da9457fdf6740afd51
review_10905,class_7d54e6ff154ad392b174
review_10906,class_1cf1396a0c9bc53f37da
review_10907,class_7d54e6ff154ad392b174
review_10908,class_7d54e6ff154ad392b174
review_10909,class_0eeaed02d1a961f133b4
review_10910,class_7d54e6ff154ad392b174
review_10911,class_7d54e6ff154ad392b174
review_10912,class_7d54e6ff154ad392b174
review_10913,class_1cf1396a0c9bc53f37da
review_10914,class_1bc7e06ece0f38a60982
review_10915,class_1bc7e06ece0f38a60982
review_10916,class_52da9457fdf6740afd51
review_10917,class_1bc7e06ece0f38a60982
review_10918,class_5da3128be1ff7664a1b2
review_10919,class_7d54e6ff154ad392b174
review_10920,class_7d54e6ff154ad392b174
review_10921,class_7d54e6ff154ad392b174
review_10922,class_7d54e6ff154ad392b174
review_10923,class_7d54e6ff154ad392b174
review_10924,class_7d54e6ff154ad392b174
review_10925,class_7d54e6ff154ad392b174
review_10926,class_7d54e6ff154ad392b174
review_10927,class_7d54e6ff154ad392b174
review_10928,class_7d54e6ff154ad392b174
review_10929,class_7d54e6ff154ad392b174
review_10930,class_7d54e6ff154ad392b174
review_10931,class_7d54e6ff154ad392b174
review_10932,class_7d54e6ff154ad392b174
review_10933,class_7d54e6ff154ad392b174
review_10934,class_7d54e6ff154ad392b174
review_10935,class_7d54e6ff154ad392b174
review_10936,class_7d54e6ff154ad392b174
review_10937,class_7d54e6ff154ad392b174
review_10938,class_7d54e6ff154ad392b174
review_10939,class_7d54e6ff154ad392b174
review_10940,class_7d54e6ff154ad392b174
review_10941,class_7d54e6ff154ad392b174
review_10942,class_7d54e6ff154ad392b174
review_10943,class_c3ca5f787365eae0dea8
review_10944,class_7d54e6ff154ad392b174
review_10945,class_c3ca5f787365eae0dea8
review_10946,class_c3ca5f787365eae0dea8
review_10947,class_7d54e6ff154ad392b174
review_10948,class_7d54e6ff154ad392b174
review_10949,class_7d54e6ff154ad392b174
review_10950,class_7d54e6ff154ad392b174
review_10951,class_7d54e6ff154ad392b174
review_10952,class_7d54e6ff154ad392b174
review_10953,class_7d54e6ff154ad392b174
review_10954,class_7d54e6ff154ad392b174
review_10955,class_7d54e6ff154ad392b174
review_10956,class_7d54e6ff154ad392b174
review_10957,class_5da3128be1ff7664a1b2
review_10958,class_7d54e6ff154ad392b174
review_10959,class_7d54e6ff154ad392b174
review_10960,class_e65aace9237833ec7752
review_10961,class_7d54e6ff154ad392b174
review_10962,class_7d54e6ff154ad392b174
review_10963,class_7d54e6ff154ad392b174
review_10964,class_7d54e6ff154ad392b174
review_10965,class_7d54e6ff154ad392b174
review_10966,class_7d54e6ff154ad392b174
review_10967,class_7d54e6ff154ad392b174
review_10968,class_7d54e6ff154ad392b174
review_10969,class_0eeaed02d1a961f133b4
review_10970,class_7d54e6ff154ad392b174
review_10971,class_7d54e6ff154ad392b174
review_10972,class_1318693c237b7b97c0c0
review_10973,class_c3ca5f787365eae0dea8
review_10974,class_7d54e6ff154ad392b174
review_10975,class_7d54e6ff154ad392b174
review_10976,class_7d54e6ff154ad392b174
review_10977,class_7d54e6ff154ad392b174
review_10978,class_0eeaed02d1a961f133b4
review_10979,class_7d54e6ff154ad392b174
review_10980,class_7d54e6ff154ad392b174
review_10981,class_7d54e6ff154ad392b174
review_10982,class_c3ca5f787365eae0dea8
review_10983,class_7d54e6ff154ad392b174
review_10984,class_7d54e6ff154ad392b174
review_10985,class_7d54e6ff154ad392b174
review_10986,class_7d54e6ff154ad392b174
review_10987,class_7d54e6ff154ad392b174
review_10988,class_7d54e6ff154ad392b174
review_10989,class_7d54e6ff154ad392b174
review_10990,class_7d54e6ff154ad392b174
review_10991,class_7d54e6ff154ad392b174
review_10992,class_7d54e6ff154ad392b174
review_10993,class_7d54e6ff154ad392b174
review_10994,class_7d54e6ff154ad392b174
review_10995,class_c3ca5f787365eae0dea8
review_10996,class_7d54e6ff154ad392b174
review_10997,class_c3ca5f787365eae0dea8
review_10998,class_0eeaed02d1a961f133b4
review_10999,class_7d54e6ff154ad392b174
review_11000,class_7d54e6ff154ad392b174
review_11001,class_7d54e6ff154ad392b174
review_11002,class_5da3128be1ff7664a1b2
review_11003,class_7d54e6ff154ad392b174
review_11004,class_7d54e6ff154ad392b174
review_11005,class_0eeaed02d1a961f133b4
review_11006,class_7d54e6ff154ad392b174
review_11007,class_7d54e6ff154ad392b174
review_11008,class_7d54e6ff154ad392b174
review_11009,class_c3ca5f787365eae0dea8
review_11010,class_e65aace9237833ec7752
review_11011,class_7d54e6ff154ad392b174
review_11012,class_1318693c237b7b97c0c0
review_11013,class_7d54e6ff154ad392b174
review_11014,class_52da9457fdf6740afd51
review_11015,class_7d54e6ff154ad392b174
review_11016,class_7d54e6ff154ad392b174
review_11017,class_7d54e6ff154ad392b174
review_11018,class_7d54e6ff154ad392b174
review_11019,class_1cf1396a0c9bc53f37da
review_11020,class_1bc7e06ece0f38a60982
review_11021,class_1cf1396a0c9bc53f37da
review_11022,class_7d54e6ff154ad392b174
review_11023,class_1318693c237b7b97c0c0
review_11024,class_1cf1396a0c9bc53f37da
review_11025,class_e65aace9237833ec7752
review_11026,class_52da9457fdf6740afd51
review_11027,class_52da9457fdf6740afd51
review_11028,class_52438e68a549a636811e
review_11029,class_1bc7e06ece0f38a60982
review_11030,class_1bc7e06ece0f38a60982
review_11031,class_52da9457fdf6740afd51
review_11032,class_1bc7e06ece0f38a60982
review_11033,class_7d54e6ff154ad392b174
review_11034,class_1bc7e06ece0f38a60982
review_11035,class_7d54e6ff154ad392b174
review_11036,class_7d54e6ff154ad392b174
review_11037,class_e65aace9237833ec7752
review_11038,class_52da9457fdf6740afd51
review_11039,class_7d54e6ff154ad392b174
review_11040,class_e65aace9237833ec7752
review_11041,class_e65aace9237833ec7752
review_11042,class_7d54e6ff154ad392b174
review_11043,class_1bc7e06ece0f38a60982
review_11044,class_1bc7e06ece0f38a60982
review_11045,class_7d54e6ff154ad392b174
review_11046,class_7d54e6ff154ad392b174
review_11047,class_7d54e6ff154ad392b174
review_11048,class_f6efb94c9ae061247bed
review_11049,class_7d54e6ff154ad392b174
review_11050,class_e65aace9237833ec7752
review_11051,class_7d54e6ff154ad392b174
review_11052,class_e65aace9237833ec7752
review_11053,class_7d54e6ff154ad392b174
review_11054,class_1bc7e06ece0f38a60982
review_11055,class_7d54e6ff154ad392b174
review_11056,class_1bc7e06ece0f38a60982
review_11057,class_c3ca5f787365eae0dea8
review_11058,class_7d54e6ff154ad392b174
review_11059,class_1bc7e06ece0f38a60982
review_11060,class_b89f90f328fa7e7781c0
review_11061,class_7d54e6ff154ad392b174
review_11062,class_52da9457fdf6740afd51
review_11063,class_1bc7e06ece0f38a60982
review_11064,class_f6efb94c9ae061247bed
review_11065,class_7d54e6ff154ad392b174
review_11066,class_1bc7e06ece0f38a60982
review_11067,class_1bc7e06ece0f38a60982
review_11068,class_b89f90f328fa7e7781c0
review_11069,class_7d54e6ff154ad392b174
review_11070,class_7d54e6ff154ad392b174
review_11071,class_7d54e6ff154ad392b174
review_11072,class_7d54e6ff154ad392b174
review_11073,class_7d54e6ff154ad392b174
review_11074,class_f6efb94c9ae061247bed
review_11075,class_c3ca5f787365eae0dea8
review_11076,class_1bc7e06ece0f38a60982
review_11077,class_52da9457fdf6740afd51
review_11078,class_4397d106b671d697b6e0
review_11079,class_1bc7e06ece0f38a60982
review_11080,class_1bc7e06ece0f38a60982
review_11081,class_1cf1396a0c9bc53f37da
review_11082,class_4397d106b671d697b6e0
review_11083,class_4397d106b671d697b6e0
review_11084,class_4397d106b671d697b6e0
review_11085,class_4397d106b671d697b6e0
review_11086,class_52438e68a549a636811e
review_11087,class_1bc7e06ece0f38a60982
review_11088,class_4397d106b671d697b6e0
review_11089,class_52da9457fdf6740afd51
review_11090,class_1bc7e06ece0f38a60982
review_11091,class_4397d106b671d697b6e0
review_11092,class_52da9457fdf6740afd51
review_11093,class_1bc7e06ece0f38a60982
review_11094,class_1bc7e06ece0f38a60982
review_11095,class_1cf1396a0c9bc53f37da
review_11096,class_1bc7e06ece0f38a60982
review_11097,class_52da9457fdf6740afd51
review_11098,class_1bc7e06ece0f38a60982
review_11099,class_1bc7e06ece0f38a60982
review_11100,class_4397d106b671d697b6e0
review_11101,class_7d54e6ff154ad392b174
review_11102,class_4397d106b671d697b6e0
review_11103,class_1bc7e06ece0f38a60982
review_11104,class_1bc7e06ece0f38a60982
review_11105,class_52da9457fdf6740afd51
review_11106,class_52da9457fdf6740afd51
review_11107,class_4397d106b671d697b6e0
review_11108,class_1bc7e06ece0f38a60982
review_11109,class_4397d106b671d697b6e0
review_11110,class_4397d106b671d697b6e0
review_11111,class_1bc7e06ece0f38a60982
review_11112,class_52da9457fdf6740afd51
review_11113,class_4397d106b671d697b6e0
review_11114,class_52da9457fdf6740afd51
review_11115,class_1bc7e06ece0f38a60982
review_11116,class_1bc7e06ece0f38a60982
review_11117,class_52da9457fdf6740afd51
review_11118,class_52da9457fdf6740afd51
review_11119,class_4397d106b671d697b6e0
review_11120,class_7d54e6ff154ad392b174
review_11121,class_52da9457fdf6740afd51
review_11122,class_1bc7e06ece0f38a60982
review_11123,class_9deef4712756d30ffaa3
review_11124,class_9deef4712756d30ffaa3
review_11125,class_0eeaed02d1a961f133b4
review_11126,class_1bc7e06ece0f38a60982
review_11127,class_7d54e6ff154ad392b174
review_11128,class_1cf1396a0c9bc53f37da
review_11129,class_7d54e6ff154ad392b174
review_11130,class_1bc7e06ece0f38a60982
review_11131,class_1bc7e06ece0f38a60982
review_11132,class_1cf1396a0c9bc53f37da
review_11133,class_0eeaed02d1a961f133b4
review_11134,class_7d54e6ff154ad392b174
review_11135,class_1cf1396a0c9bc53f37da
review_11136,class_1bc7e06ece0f38a60982
review_11137,class_48075864b2596de25a65
review_11138,class_7d54e6ff154ad392b174
review_11139,class_1bc7e06ece0f38a60982
review_11140,class_7d54e6ff154ad392b174
review_11141,class_be68f8ed5877c11b8be4
review_11142,class_1cf1396a0c9bc53f37da
review_11143,class_7d54e6ff154ad392b174
review_11144,class_7d54e6ff154ad392b174
review_11145,class_1cf1396a0c9bc53f37da
review_11146,class_1bc7e06ece0f38a60982
review_11147,class_7d54e6ff154ad392b174
review_11148,class_1bc7e06ece0f38a60982
review_11149,class_1bc7e06ece0f38a60982
review_11150,class_1bc7e06ece0f38a60982
review_11151,class_9deef4712756d30ffaa3
review_11152,class_be68f8ed5877c11b8be4
review_11153,class_7d54e6ff154ad392b174
review_11154,class_7d54e6ff154ad392b174
review_11155,class_0eeaed02d1a961f133b4
review_11156,class_1bc7e06ece0f38a60982
review_11157,class_1bc7e06ece0f38a60982
review_11158,class_1bc7e06ece0f38a60982
review_11159,class_1cf1396a0c9bc53f37da
review_11160,class_7d54e6ff154ad392b174
review_11161,class_9deef4712756d30ffaa3
review_11162,class_0eeaed02d1a961f133b4
review_11163,class_0eeaed02d1a961f133b4
review_11164,class_0eeaed02d1a961f133b4
review_11165,class_1bc7e06ece0f38a60982
review_11166,class_7d54e6ff154ad392b174
review_11167,class_9deef4712756d30ffaa3
review_11168,class_1bc7e06ece0f38a60982
review_11169,class_1bc7e06ece0f38a60982
review_11170,class_7d54e6ff154ad392b174
review_11171,class_1cf1396a0c9bc53f37da
review_11172,class_1bc7e06ece0f38a60982
review_11173,class_0eeaed02d1a961f133b4
review_11174,class_1cf1396a0c9bc53f37da
review_11175,class_7d54e6ff154ad392b174
review_11176,class_9deef4712756d30ffaa3
review_11177,class_7d54e6ff154ad392b174
review_11178,class_0eeaed02d1a961f133b4
review_11179,class_7d54e6ff154ad392b174
review_11180,class_7d54e6ff154ad392b174
review_11181,class_1cf1396a0c9bc53f37da
review_11182,class_52da9457fdf6740afd51
review_11183,class_0eeaed02d1a961f133b4
review_11184,class_1cf1396a0c9bc53f37da
review_11185,class_1bc7e06ece0f38a60982
review_11186,class_52da9457fdf6740afd51
review_11187,class_7d54e6ff154ad392b174
review_11188,class_1cf1396a0c9bc53f37da
review_11189,class_f6efb94c9ae061247bed
review_11190,class_f6efb94c9ae061247bed
review_11191,class_f6efb94c9ae061247bed
review_11192,class_1bc7e06ece0f38a60982
review_11193,class_f6efb94c9ae061247bed
review_11194,class_1bc7e06ece0f38a60982
review_11195,class_1bc7e06ece0f38a60982
review_11196,class_f6efb94c9ae061247bed
review_11197,class_f6efb94c9ae061247bed
review_11198,class_1318693c237b7b97c0c0
review_11199,class_1bc7e06ece0f38a60982
review_11200,class_1bc7e06ece0f38a60982
review_11201,class_52438e68a549a636811e
review_11202,class_7d54e6ff154ad392b174
review_11203,class_52da9457fdf6740afd51
review_11204,class_f6efb94c9ae061247bed
review_11205,class_1bc7e06ece0f38a60982
review_11206,class_1bc7e06ece0f38a60982
review_11207,class_f6efb94c9ae061247bed
review_11208,class_f6efb94c9ae061247bed
review_11209,class_1bc7e06ece0f38a60982
review_11210,class_1bc7e06ece0f38a60982
review_11211,class_52da9457fdf6740afd51
review_11212,class_1bc7e06ece0f38a60982
review_11213,class_1bc7e06ece0f38a60982
review_11214,class_e65aace9237833ec7752
review_11215,class_be68f8ed5877c11b8be4
review_11216,class_f6efb94c9ae061247bed
review_11217,class_1bc7e06ece0f38a60982
review_11218,class_e65aace9237833ec7752
review_11219,class_52438e68a549a636811e
review_11220,class_f6efb94c9ae061247bed
review_11221,class_f6efb94c9ae061247bed
review_11222,class_1bc7e06ece0f38a60982
review_11223,class_1bc7e06ece0f38a60982
review_11224,class_1bc7e06ece0f38a60982
review_11225,class_f6efb94c9ae061247bed
review_11226,class_f6efb94c9ae061247bed
review_11227,class_be68f8ed5877c11b8be4
review_11228,class_1bc7e06ece0f38a60982
review_11229,class_1318693c237b7b97c0c0
review_11230,class_e65aace9237833ec7752
review_11231,class_1bc7e06ece0f38a60982
review_11232,class_1bc7e06ece0f38a60982
review_11233,class_1bc7e06ece0f38a60982
review_11234,class_1bc7e06ece0f38a60982
review_11235,class_1bc7e06ece0f38a60982
review_11236,class_52438e68a549a636811e
review_11237,class_1bc7e06ece0f38a60982
review_11238,class_f6efb94c9ae061247bed
review_11239,class_1bc7e06ece0f38a60982
review_11240,class_52438e68a549a636811e
review_11241,class_e65aace9237833ec7752
review_11242,class_f6efb94c9ae061247bed
review_11243,class_1bc7e06ece0f38a60982
review_11244,class_52da9457fdf6740afd51
review_11245,class_1bc7e06ece0f38a60982
review_11246,class_f6efb94c9ae061247bed
review_11247,class_7d54e6ff154ad392b174
review_11248,class_0eeaed02d1a961f133b4
review_11249,class_f6efb94c9ae061247bed
review_11250,class_1bc7e06ece0f38a60982
review_11251,class_1bc7e06ece0f38a60982
review_11252,class_1bc7e06ece0f38a60982
review_11253,class_1bc7e06ece0f38a60982
review_11254,class_1bc7e06ece0f38a60982
review_11255,class_1bc7e06ece0f38a60982
review_11256,class_1bc7e06ece0f38a60982
review_11257,class_1bc7e06ece0f38a60982
review_11258,class_f6efb94c9ae061247bed
review_11259,class_52da9457fdf6740afd51
review_11260,class_1bc7e06ece0f38a60982
review_11261,class_1cf1396a0c9bc53f37da
review_11262,class_1bc7e06ece0f38a60982
review_11263,class_f6efb94c9ae061247bed
review_11264,class_1bc7e06ece0f38a60982
review_11265,class_e65aace9237833ec7752
review_11266,class_7d54e6ff154ad392b174
review_11267,class_7d54e6ff154ad392b174
review_11268,class_52da9457fdf6740afd51
review_11269,class_7d54e6ff154ad392b174
review_11270,class_7d54e6ff154ad392b174
review_11271,class_7d54e6ff154ad392b174
review_11272,class_52da9457fdf6740afd51
review_11273,class_52da9457fdf6740afd51
review_11274,class_52da9457fdf6740afd51
review_11275,class_52da9457fdf6740afd51
review_11276,class_52da9457fdf6740afd51
review_11277,class_52da9457fdf6740afd51
review_11278,class_1bc7e06ece0f38a60982
review_11279,class_7d54e6ff154ad392b174
review_11280,class_7d54e6ff154ad392b174
review_11281,class_52da9457fdf6740afd51
review_11282,class_7d54e6ff154ad392b174
review_11283,class_52da9457fdf6740afd51
review_11284,class_52da9457fdf6740afd51
review_11285,class_7d54e6ff154ad392b174
review_11286,class_7d54e6ff154ad392b174
review_11287,class_52da9457fdf6740afd51
review_11288,class_52da9457fdf6740afd51
review_11289,class_7d54e6ff154ad392b174
review_11290,class_7d54e6ff154ad392b174
review_11291,class_1bc7e06ece0f38a60982
review_11292,class_7d54e6ff154ad392b174
review_11293,class_52da9457fdf6740afd51
review_11294,class_52da9457fdf6740afd51
review_11295,class_1bc7e06ece0f38a60982
review_11296,class_1bc7e06ece0f38a60982
review_11297,class_7d54e6ff154ad392b174
review_11298,class_52da9457fdf6740afd51
review_11299,class_52da9457fdf6740afd51
review_11300,class_52da9457fdf6740afd51
review_11301,class_7d54e6ff154ad392b174
review_11302,class_52da9457fdf6740afd51
review_11303,class_52da9457fdf6740afd51
review_11304,class_52da9457fdf6740afd51
review_11305,class_1bc7e06ece0f38a60982
review_11306,class_7d54e6ff154ad392b174
review_11307,class_1bc7e06ece0f38a60982
review_11308,class_52da9457fdf6740afd51
review_11309,class_5da3128be1ff7664a1b2
review_11310,class_7d54e6ff154ad392b174
review_11311,class_5da3128be1ff7664a1b2
review_11312,class_1bc7e06ece0f38a60982
review_11313,class_52da9457fdf6740afd51
review_11314,class_52da9457fdf6740afd51
review_11315,class_52da9457fdf6740afd51
review_11316,class_1bc7e06ece0f38a60982
review_11317,class_52da9457fdf6740afd51
review_11318,class_7d54e6ff154ad392b174
review_11319,class_52da9457fdf6740afd51
review_11320,class_52da9457fdf6740afd51
review_11321,class_7d54e6ff154ad392b174
review_11322,class_52da9457fdf6740afd51
review_11323,class_1bc7e06ece0f38a60982
review_11324,class_7d54e6ff154ad392b174
review_11325,class_1bc7e06ece0f38a60982
review_11326,class_52da9457fdf6740afd51
review_11327,class_52da9457fdf6740afd51
review_11328,class_7d54e6ff154ad392b174
review_11329,class_7d54e6ff154ad392b174
review_11330,class_7d54e6ff154ad392b174
review_11331,class_52da9457fdf6740afd51
review_11332,class_7d54e6ff154ad392b174
review_11333,class_52da9457fdf6740afd51
review_11334,class_52da9457fdf6740afd51
review_11335,class_1bc7e06ece0f38a60982
review_11336,class_7d54e6ff154ad392b174
review_11337,class_52da9457fdf6740afd51
review_11338,class_52da9457fdf6740afd51
review_11339,class_7d54e6ff154ad392b174
review_11340,class_52da9457fdf6740afd51
review_11341,class_52da9457fdf6740afd51
review_11342,class_52da9457fdf6740afd51
review_11343,class_52da9457fdf6740afd51
review_11344,class_52da9457fdf6740afd51
review_11345,class_7d54e6ff154ad392b174
review_11346,class_5da3128be1ff7664a1b2
review_11347,class_7d54e6ff154ad392b174
review_11348,class_7d54e6ff154ad392b174
review_11349,class_48075864b2596de25a65
review_11350,class_1cf1396a0c9bc53f37da
review_11351,class_5da3128be1ff7664a1b2
review_11352,class_1cf1396a0c9bc53f37da
review_11353,class_1cf1396a0c9bc53f37da
review_11354,class_1cf1396a0c9bc53f37da
review_11355,class_f6efb94c9ae061247bed
review_11356,class_7d54e6ff154ad392b174
review_11357,class_7d54e6ff154ad392b174
review_11358,class_0eeaed02d1a961f133b4
review_11359,class_5da3128be1ff7664a1b2
review_11360,class_1cf1396a0c9bc53f37da
review_11361,class_1cf1396a0c9bc53f37da
review_11362,class_7d54e6ff154ad392b174
review_11363,class_7d54e6ff154ad392b174
review_11364,class_5da3128be1ff7664a1b2
review_11365,class_5da3128be1ff7664a1b2
review_11366,class_7d54e6ff154ad392b174
review_11367,class_1cf1396a0c9bc53f37da
review_11368,class_0eeaed02d1a961f133b4
review_11369,class_1318693c237b7b97c0c0
review_11370,class_7d54e6ff154ad392b174
review_11371,class_7d54e6ff154ad392b174
review_11372,class_7d54e6ff154ad392b174
review_11373,class_7d54e6ff154ad392b174
review_11374,class_f6efb94c9ae061247bed
review_11375,class_1cf1396a0c9bc53f37da
review_11376,class_1cf1396a0c9bc53f37da
review_11377,class_1cf1396a0c9bc53f37da
review_11378,class_0eeaed02d1a961f133b4
review_11379,class_1cf1396a0c9bc53f37da
review_11380,class_7d54e6ff154ad392b174
review_11381,class_1318693c237b7b97c0c0
review_11382,class_1cf1396a0c9bc53f37da
review_11383,class_7d54e6ff154ad392b174
review_11384,class_9deef4712756d30ffaa3
review_11385,class_1cf1396a0c9bc53f37da
review_11386,class_7d54e6ff154ad392b174
review_11387,class_1cf1396a0c9bc53f37da
review_11388,class_1cf1396a0c9bc53f37da
review_11389,class_7d54e6ff154ad392b174
review_11390,class_5da3128be1ff7664a1b2
review_11391,class_7d54e6ff154ad392b174
review_11392,class_7d54e6ff154ad392b174
review_11393,class_7d54e6ff154ad392b174
review_11394,class_7d54e6ff154ad392b174
review_11395,class_1cf1396a0c9bc53f37da
review_11396,class_52da9457fdf6740afd51
review_11397,class_7d54e6ff154ad392b174
review_11398,class_7d54e6ff154ad392b174
review_11399,class_e65aace9237833ec7752
review_11400,class_7d54e6ff154ad392b174
review_11401,class_7d54e6ff154ad392b174
review_11402,class_52da9457fdf6740afd51
review_11403,class_1cf1396a0c9bc53f37da
review_11404,class_7d54e6ff154ad392b174
review_11405,class_9deef4712756d30ffaa3
review_11406,class_48075864b2596de25a65
review_11407,class_52da9457fdf6740afd51
review_11408,class_52da9457fdf6740afd51
review_11409,class_5da3128be1ff7664a1b2
review_11410,class_7d54e6ff154ad392b174
review_11411,class_7d54e6ff154ad392b174
review_11412,class_1cf1396a0c9bc53f37da
review_11413,class_7d54e6ff154ad392b174
review_11414,class_e65aace9237833ec7752
review_11415,class_1cf1396a0c9bc53f37da
review_11416,class_7d54e6ff154ad392b174
review_11417,class_9deef4712756d30ffaa3
review_11418,class_7d54e6ff154ad392b174
review_11419,class_48075864b2596de25a65
review_11420,class_1cf1396a0c9bc53f37da
review_11421,class_1bc7e06ece0f38a60982
review_11422,class_1bc7e06ece0f38a60982
review_11423,class_7d54e6ff154ad392b174
review_11424,class_7d54e6ff154ad392b174
review_11425,class_7d54e6ff154ad392b174
review_11426,class_1bc7e06ece0f38a60982
review_11427,class_52da9457fdf6740afd51
review_11428,class_7d54e6ff154ad392b174
review_11429,class_1cf1396a0c9bc53f37da
review_11430,class_7d54e6ff154ad392b174
review_11431,class_9deef4712756d30ffaa3
review_11432,class_7d54e6ff154ad392b174
review_11433,class_1bc7e06ece0f38a60982
review_11434,class_1bc7e06ece0f38a60982
review_11435,class_1bc7e06ece0f38a60982
review_11436,class_7d54e6ff154ad392b174
review_11437,class_1bc7e06ece0f38a60982
review_11438,class_1bc7e06ece0f38a60982
review_11439,class_1bc7e06ece0f38a60982
review_11440,class_1bc7e06ece0f38a60982
review_11441,class_7d54e6ff154ad392b174
review_11442,class_52da9457fdf6740afd51
review_11443,class_7d54e6ff154ad392b174
review_11444,class_1bc7e06ece0f38a60982
review_11445,class_1bc7e06ece0f38a60982
review_11446,class_1bc7e06ece0f38a60982
review_11447,class_1cf1396a0c9bc53f37da
review_11448,class_1bc7e06ece0f38a60982
review_11449,class_1bc7e06ece0f38a60982
review_11450,class_1bc7e06ece0f38a60982
review_11451,class_7d54e6ff154ad392b174
review_11452,class_1cf1396a0c9bc53f37da
review_11453,class_1bc7e06ece0f38a60982
review_11454,class_1bc7e06ece0f38a60982
review_11455,class_1bc7e06ece0f38a60982
review_11456,class_b89f90f328fa7e7781c0
review_11457,class_e65aace9237833ec7752
review_11458,class_1bc7e06ece0f38a60982
review_11459,class_1bc7e06ece0f38a60982
review_11460,class_1bc7e06ece0f38a60982
review_11461,class_7d54e6ff154ad392b174
review_11462,class_7d54e6ff154ad392b174
review_11463,class_7d54e6ff154ad392b174
review_11464,class_1bc7e06ece0f38a60982
review_11465,class_7d54e6ff154ad392b174
review_11466,class_1cf1396a0c9bc53f37da
review_11467,class_9deef4712756d30ffaa3
review_11468,class_7d54e6ff154ad392b174
review_11469,class_1cf1396a0c9bc53f37da
review_11470,class_1cf1396a0c9bc53f37da
review_11471,class_1cf1396a0c9bc53f37da
review_11472,class_9deef4712756d30ffaa3
review_11473,class_1cf1396a0c9bc53f37da
review_11474,class_52da9457fdf6740afd51
review_11475,class_1bc7e06ece0f38a60982
review_11476,class_1cf1396a0c9bc53f37da
review_11477,class_1bc7e06ece0f38a60982
review_11478,class_1bc7e06ece0f38a60982
review_11479,class_1bc7e06ece0f38a60982
review_11480,class_1cf1396a0c9bc53f37da
review_11481,class_1bc7e06ece0f38a60982
review_11482,class_1bc7e06ece0f38a60982
review_11483,class_1bc7e06ece0f38a60982
review_11484,class_1bc7e06ece0f38a60982
review_11485,class_52da9457fdf6740afd51
review_11486,class_1318693c237b7b97c0c0
review_11487,class_1bc7e06ece0f38a60982
review_11488,class_1cf1396a0c9bc53f37da
review_11489,class_1bc7e06ece0f38a60982
review_11490,class_1bc7e06ece0f38a60982
review_11491,class_1bc7e06ece0f38a60982
review_11492,class_1bc7e06ece0f38a60982
review_11493,class_7d54e6ff154ad392b174
review_11494,class_1bc7e06ece0f38a60982
review_11495,class_7d54e6ff154ad392b174
review_11496,class_1bc7e06ece0f38a60982
review_11497,class_1318693c237b7b97c0c0
review_11498,class_1bc7e06ece0f38a60982
review_11499,class_1318693c237b7b97c0c0
review_11500,class_7d54e6ff154ad392b174
review_11501,class_1318693c237b7b97c0c0
review_11502,class_1318693c237b7b97c0c0
review_11503,class_7d54e6ff154ad392b174
review_11504,class_1bc7e06ece0f38a60982
review_11505,class_1318693c237b7b97c0c0
review_11506,class_1318693c237b7b97c0c0
review_11507,class_1318693c237b7b97c0c0
review_11508,class_7d54e6ff154ad392b174
review_11509,class_1318693c237b7b97c0c0
review_11510,class_1318693c237b7b97c0c0
review_11511,class_7d54e6ff154ad392b174
review_11512,class_7d54e6ff154ad392b174
review_11513,class_7d54e6ff154ad392b174
review_11514,class_e65aace9237833ec7752
review_11515,class_7d54e6ff154ad392b174
review_11516,class_1318693c237b7b97c0c0
review_11517,class_1bc7e06ece0f38a60982
review_11518,class_e65aace9237833ec7752
review_11519,class_be68f8ed5877c11b8be4
review_11520,class_1318693c237b7b97c0c0
review_11521,class_4397d106b671d697b6e0
review_11522,class_1318693c237b7b97c0c0
review_11523,class_5da3128be1ff7664a1b2
review_11524,class_1318693c237b7b97c0c0
review_11525,class_1318693c237b7b97c0c0
review_11526,class_7d54e6ff154ad392b174
review_11527,class_1318693c237b7b97c0c0
review_11528,class_be68f8ed5877c11b8be4
review_11529,class_1bc7e06ece0f38a60982
review_11530,class_1bc7e06ece0f38a60982
review_11531,class_1318693c237b7b97c0c0
review_11532,class_1318693c237b7b97c0c0
review_11533,class_be68f8ed5877c11b8be4
review_11534,class_1bc7e06ece0f38a60982
review_11535,class_1bc7e06ece0f38a60982
review_11536,class_1318693c237b7b97c0c0
review_11537,class_1bc7e06ece0f38a60982
review_11538,class_f6efb94c9ae061247bed
review_11539,class_1bc7e06ece0f38a60982
review_11540,class_1bc7e06ece0f38a60982
review_11541,class_1bc7e06ece0f38a60982
review_11542,class_0eeaed02d1a961f133b4
review_11543,class_0eeaed02d1a961f133b4
review_11544,class_1bc7e06ece0f38a60982
review_11545,class_1318693c237b7b97c0c0
review_11546,class_0eeaed02d1a961f133b4
review_11547,class_f6efb94c9ae061247bed
review_11548,class_1318693c237b7b97c0c0
review_11549,class_1bc7e06ece0f38a60982
review_11550,class_1bc7e06ece0f38a60982
review_11551,class_1bc7e06ece0f38a60982
review_11552,class_be68f8ed5877c11b8be4
review_11553,class_1bc7e06ece0f38a60982
review_11554,class_f6efb94c9ae061247bed
review_11555,class_1bc7e06ece0f38a60982
review_11556,class_1bc7e06ece0f38a60982
review_11557,class_f6efb94c9ae061247bed
review_11558,class_1bc7e06ece0f38a60982
review_11559,class_1bc7e06ece0f38a60982
review_11560,class_1318693c237b7b97c0c0
review_11561,class_1bc7e06ece0f38a60982
review_11562,class_be68f8ed5877c11b8be4
review_11563,class_1bc7e06ece0f38a60982
review_11564,class_1bc7e06ece0f38a60982
review_11565,class_1bc7e06ece0f38a60982
review_11566,class_1bc7e06ece0f38a60982
review_11567,class_be68f8ed5877c11b8be4
review_11568,class_f6efb94c9ae061247bed
review_11569,class_f6efb94c9ae061247bed
review_11570,class_1bc7e06ece0f38a60982
review_11571,class_52da9457fdf6740afd51
review_11572,class_5da3128be1ff7664a1b2
review_11573,class_52da9457fdf6740afd51
review_11574,class_52da9457fdf6740afd51
review_11575,class_1bc7e06ece0f38a60982
review_11576,class_52da9457fdf6740afd51
review_11577,class_52da9457fdf6740afd51
review_11578,class_7d54e6ff154ad392b174
review_11579,class_1bc7e06ece0f38a60982
review_11580,class_1bc7e06ece0f38a60982
review_11581,class_52da9457fdf6740afd51
review_11582,class_7d54e6ff154ad392b174
review_11583,class_9deef4712756d30ffaa3
review_11584,class_7d54e6ff154ad392b174
review_11585,class_52da9457fdf6740afd51
review_11586,class_1bc7e06ece0f38a60982
review_11587,class_1bc7e06ece0f38a60982
review_11588,class_52da9457fdf6740afd51
review_11589,class_52da9457fdf6740afd51
review_11590,class_9deef4712756d30ffaa3
review_11591,class_52da9457fdf6740afd51
review_11592,class_9deef4712756d30ffaa3
review_11593,class_7d54e6ff154ad392b174
review_11594,class_1318693c237b7b97c0c0
review_11595,class_7d54e6ff154ad392b174
review_11596,class_1318693c237b7b97c0c0
review_11597,class_1318693c237b7b97c0c0
review_11598,class_7d54e6ff154ad392b174
review_11599,class_52da9457fdf6740afd51
review_11600,class_1bc7e06ece0f38a60982
review_11601,class_1bc7e06ece0f38a60982
review_11602,class_52da9457fdf6740afd51
review_11603,class_1bc7e06ece0f38a60982
review_11604,class_1bc7e06ece0f38a60982
review_11605,class_52da9457fdf6740afd51
review_11606,class_5da3128be1ff7664a1b2
review_11607,class_52da9457fdf6740afd51
review_11608,class_7d54e6ff154ad392b174
review_11609,class_52da9457fdf6740afd51
review_11610,class_1318693c237b7b97c0c0
review_11611,class_52da9457fdf6740afd51
review_11612,class_52da9457fdf6740afd51
review_11613,class_5da3128be1ff7664a1b2
review_11614,class_7d54e6ff154ad392b174
review_11615,class_1bc7e06ece0f38a60982
review_11616,class_7d54e6ff154ad392b174
review_11617,class_1318693c237b7b97c0c0
review_11618,class_52da9457fdf6740afd51
review_11619,class_1bc7e06ece0f38a60982
review_11620,class_1bc7e06ece0f38a60982
review_11621,class_7d54e6ff154ad392b174
review_11622,class_1bc7e06ece0f38a60982
review_11623,class_1bc7e06ece0f38a60982
review_11624,class_5da3128be1ff7664a1b2
review_11625,class_52da9457fdf6740afd51
review_11626,class_52da9457fdf6740afd51
review_11627,class_5da3128be1ff7664a1b2
review_11628,class_1318693c237b7b97c0c0
review_11629,class_52da9457fdf6740afd51
review_11630,class_52da9457fdf6740afd51
review_11631,class_7d54e6ff154ad392b174
review_11632,class_5da3128be1ff7664a1b2
review_11633,class_7d54e6ff154ad392b174
review_11634,class_52da9457fdf6740afd51
review_11635,class_1bc7e06ece0f38a60982
review_11636,class_1318693c237b7b97c0c0
review_11637,class_52da9457fdf6740afd51
review_11638,class_7d54e6ff154ad392b174
review_11639,class_52da9457fdf6740afd51
review_11640,class_1bc7e06ece0f38a60982
review_11641,class_1318693c237b7b97c0c0
review_11642,class_52da9457fdf6740afd51
review_11643,class_1bc7e06ece0f38a60982
review_11644,class_52da9457fdf6740afd51
review_11645,class_52da9457fdf6740afd51
review_11646,class_52da9457fdf6740afd51
review_11647,class_52da9457fdf6740afd51
review_11648,class_1bc7e06ece0f38a60982
review_11649,class_7d54e6ff154ad392b174
review_11650,class_f6efb94c9ae061247bed
review_11651,class_52da9457fdf6740afd51
review_11652,class_1cf1396a0c9bc53f37da
review_11653,class_1cf1396a0c9bc53f37da
review_11654,class_1bc7e06ece0f38a60982
review_11655,class_52da9457fdf6740afd51
review_11656,class_1bc7e06ece0f38a60982
review_11657,class_7d54e6ff154ad392b174
review_11658,class_52da9457fdf6740afd51
review_11659,class_1bc7e06ece0f38a60982
review_11660,class_1cf1396a0c9bc53f37da
review_11661,class_5da3128be1ff7664a1b2
review_11662,class_7d54e6ff154ad392b174
review_11663,class_1bc7e06ece0f38a60982
review_11664,class_1cf1396a0c9bc53f37da
review_11665,class_7d54e6ff154ad392b174
review_11666,class_9deef4712756d30ffaa3
review_11667,class_7d54e6ff154ad392b174
review_11668,class_1cf1396a0c9bc53f37da
review_11669,class_1bc7e06ece0f38a60982
review_11670,class_f6efb94c9ae061247bed
review_11671,class_52da9457fdf6740afd51
review_11672,class_f6efb94c9ae061247bed
review_11673,class_f6efb94c9ae061247bed
review_11674,class_7d54e6ff154ad392b174
review_11675,class_7d54e6ff154ad392b174
review_11676,class_52da9457fdf6740afd51
review_11677,class_52da9457fdf6740afd51
review_11678,class_52da9457fdf6740afd51
review_11679,class_52da9457fdf6740afd51
review_11680,class_7d54e6ff154ad392b174
review_11681,class_52da9457fdf6740afd51
review_11682,class_52da9457fdf6740afd51
review_11683,class_52da9457fdf6740afd51
review_11684,class_52da9457fdf6740afd51
review_11685,class_52da9457fdf6740afd51
review_11686,class_4397d106b671d697b6e0
review_11687,class_7d54e6ff154ad392b174
review_11688,class_52da9457fdf6740afd51
review_11689,class_52da9457fdf6740afd51
review_11690,class_7d54e6ff154ad392b174
review_11691,class_7d54e6ff154ad392b174
review_11692,class_7d54e6ff154ad392b174
review_11693,class_1cf1396a0c9bc53f37da
review_11694,class_1cf1396a0c9bc53f37da
review_11695,class_52da9457fdf6740afd51
review_11696,class_7d54e6ff154ad392b174
review_11697,class_1cf1396a0c9bc53f37da
review_11698,class_7d54e6ff154ad392b174
review_11699,class_7d54e6ff154ad392b174
review_11700,class_1cf1396a0c9bc53f37da
review_11701,class_52da9457fdf6740afd51
review_11702,class_7d54e6ff154ad392b174
review_11703,class_1cf1396a0c9bc53f37da
review_11704,class_1cf1396a0c9bc53f37da
review_11705,class_7d54e6ff154ad392b174
review_11706,class_7d54e6ff154ad392b174
review_11707,class_1bc7e06ece0f38a60982
review_11708,class_1cf1396a0c9bc53f37da
review_11709,class_7d54e6ff154ad392b174
review_11710,class_1bc7e06ece0f38a60982
review_11711,class_1bc7e06ece0f38a60982
review_11712,class_7d54e6ff154ad392b174
review_11713,class_52da9457fdf6740afd51
review_11714,class_1bc7e06ece0f38a60982
review_11715,class_5da3128be1ff7664a1b2
review_11716,class_1318693c237b7b97c0c0
review_11717,class_52da9457fdf6740afd51
review_11718,class_1bc7e06ece0f38a60982
review_11719,class_52da9457fdf6740afd51
review_11720,class_7d54e6ff154ad392b174
review_11721,class_1318693c237b7b97c0c0
review_11722,class_5da3128be1ff7664a1b2
review_11723,class_7d54e6ff154ad392b174
review_11724,class_1bc7e06ece0f38a60982
review_11725,class_52da9457fdf6740afd51
review_11726,class_be68f8ed5877c11b8be4
review_11727,class_1bc7e06ece0f38a60982
review_11728,class_5da3128be1ff7664a1b2
review_11729,class_1318693c237b7b97c0c0
review_11730,class_7d54e6ff154ad392b174
review_11731,class_52da9457fdf6740afd51
review_11732,class_5da3128be1ff7664a1b2
review_11733,class_52da9457fdf6740afd51
review_11734,class_52da9457fdf6740afd51
review_11735,class_1bc7e06ece0f38a60982
review_11736,class_7d54e6ff154ad392b174
review_11737,class_52da9457fdf6740afd51
review_11738,class_1bc7e06ece0f38a60982
review_11739,class_5da3128be1ff7664a1b2
review_11740,class_7d54e6ff154ad392b174
review_11741,class_7d54e6ff154ad392b174
review_11742,class_5da3128be1ff7664a1b2
review_11743,class_5da3128be1ff7664a1b2
review_11744,class_1cf1396a0c9bc53f37da
review_11745,class_7d54e6ff154ad392b174
review_11746,class_1bc7e06ece0f38a60982
review_11747,class_1318693c237b7b97c0c0
review_11748,class_1bc7e06ece0f38a60982
review_11749,class_7d54e6ff154ad392b174
review_11750,class_7d54e6ff154ad392b174
review_11751,class_1bc7e06ece0f38a60982
review_11752,class_7d54e6ff154ad392b174
review_11753,class_52da9457fdf6740afd51
review_11754,class_5da3128be1ff7664a1b2
review_11755,class_52da9457fdf6740afd51
review_11756,class_1bc7e06ece0f38a60982
review_11757,class_1cf1396a0c9bc53f37da
review_11758,class_f6efb94c9ae061247bed
review_11759,class_7d54e6ff154ad392b174
review_11760,class_1cf1396a0c9bc53f37da
review_11761,class_9deef4712756d30ffaa3
review_11762,class_7d54e6ff154ad392b174
review_11763,class_1cf1396a0c9bc53f37da
review_11764,class_1bc7e06ece0f38a60982
review_11765,class_7d54e6ff154ad392b174
review_11766,class_5da3128be1ff7664a1b2
review_11767,class_7d54e6ff154ad392b174
review_11768,class_7d54e6ff154ad392b174
review_11769,class_1cf1396a0c9bc53f37da
review_11770,class_52da9457fdf6740afd51
review_11771,class_e65aace9237833ec7752
review_11772,class_1bc7e06ece0f38a60982
review_11773,class_5da3128be1ff7664a1b2
review_11774,class_1cf1396a0c9bc53f37da
review_11775,class_52da9457fdf6740afd51
review_11776,class_52da9457fdf6740afd51
review_11777,class_e65aace9237833ec7752
review_11778,class_1cf1396a0c9bc53f37da
review_11779,class_e65aace9237833ec7752
review_11780,class_7d54e6ff154ad392b174
review_11781,class_1bc7e06ece0f38a60982
review_11782,class_e65aace9237833ec7752
review_11783,class_1bc7e06ece0f38a60982
review_11784,class_e65aace9237833ec7752
review_11785,class_52da9457fdf6740afd51
review_11786,class_7d54e6ff154ad392b174
review_11787,class_e65aace9237833ec7752
review_11788,class_b7f740446b63715473af
review_11789,class_7d54e6ff154ad392b174
review_11790,class_1bc7e06ece0f38a60982
review_11791,class_7d54e6ff154ad392b174
review_11792,class_e65aace9237833ec7752
review_11793,class_52da9457fdf6740afd51
review_11794,class_9deef4712756d30ffaa3
review_11795,class_9deef4712756d30ffaa3
review_11796,class_e65aace9237833ec7752
review_11797,class_1cf1396a0c9bc53f37da
review_11798,class_52da9457fdf6740afd51
review_11799,class_e65aace9237833ec7752
review_11800,class_e65aace9237833ec7752
review_11801,class_7d54e6ff154ad392b174
review_11802,class_9deef4712756d30ffaa3
review_11803,class_7d54e6ff154ad392b174
review_11804,class_9deef4712756d30ffaa3
review_11805,class_7d54e6ff154ad392b174
review_11806,class_7d54e6ff154ad392b174
review_11807,class_1bc7e06ece0f38a60982
review_11808,class_7d54e6ff154ad392b174
review_11809,class_1bc7e06ece0f38a60982
review_11810,class_b7f740446b63715473af
review_11811,class_52da9457fdf6740afd51
review_11812,class_7d54e6ff154ad392b174
review_11813,class_1bc7e06ece0f38a60982
review_11814,class_f6efb94c9ae061247bed
review_11815,class_7d54e6ff154ad392b174
review_11816,class_52da9457fdf6740afd51
review_11817,class_7d54e6ff154ad392b174
review_11818,class_52da9457fdf6740afd51
review_11819,class_1cf1396a0c9bc53f37da
review_11820,class_7d54e6ff154ad392b174
review_11821,class_48075864b2596de25a65
review_11822,class_e65aace9237833ec7752
review_11823,class_7d54e6ff154ad392b174
review_11824,class_7d54e6ff154ad392b174
review_11825,class_1bc7e06ece0f38a60982
review_11826,class_1cf1396a0c9bc53f37da
review_11827,class_52da9457fdf6740afd51
review_11828,class_7d54e6ff154ad392b174
review_11829,class_7d54e6ff154ad392b174
review_11830,class_7d54e6ff154ad392b174
review_11831,class_7d54e6ff154ad392b174
review_11832,class_1cf1396a0c9bc53f37da
review_11833,class_1bc7e06ece0f38a60982
review_11834,class_7d54e6ff154ad392b174
review_11835,class_52da9457fdf6740afd51
review_11836,class_9deef4712756d30ffaa3
review_11837,class_7d54e6ff154ad392b174
review_11838,class_1bc7e06ece0f38a60982
review_11839,class_1bc7e06ece0f38a60982
review_11840,class_1bc7e06ece0f38a60982
review_11841,class_1bc7e06ece0f38a60982
review_11842,class_7d54e6ff154ad392b174
review_11843,class_9e32d15b246e504af33c
review_11844,class_e65aace9237833ec7752
review_11845,class_1bc7e06ece0f38a60982
review_11846,class_1bc7e06ece0f38a60982
review_11847,class_9e32d15b246e504af33c
review_11848,class_1bc7e06ece0f38a60982
review_11849,class_1bc7e06ece0f38a60982
review_11850,class_9e32d15b246e504af33c
review_11851,class_1bc7e06ece0f38a60982
review_11852,class_e65aace9237833ec7752
review_11853,class_e65aace9237833ec7752
review_11854,class_e65aace9237833ec7752
review_11855,class_1bc7e06ece0f38a60982
review_11856,class_9e32d15b246e504af33c
review_11857,class_1bc7e06ece0f38a60982
review_11858,class_1bc7e06ece0f38a60982
review_11859,class_1bc7e06ece0f38a60982
review_11860,class_1bc7e06ece0f38a60982
review_11861,class_1bc7e06ece0f38a60982
review_11862,class_1bc7e06ece0f38a60982
review_11863,class_e65aace9237833ec7752
review_11864,class_9e32d15b246e504af33c
review_11865,class_1bc7e06ece0f38a60982
review_11866,class_1bc7e06ece0f38a60982
review_11867,class_52da9457fdf6740afd51
review_11868,class_1bc7e06ece0f38a60982
review_11869,class_1cf1396a0c9bc53f37da
review_11870,class_1bc7e06ece0f38a60982
review_11871,class_1bc7e06ece0f38a60982
review_11872,class_be68f8ed5877c11b8be4
review_11873,class_1bc7e06ece0f38a60982
review_11874,class_e65aace9237833ec7752
review_11875,class_1318693c237b7b97c0c0
review_11876,class_e65aace9237833ec7752
review_11877,class_1bc7e06ece0f38a60982
review_11878,class_1bc7e06ece0f38a60982
review_11879,class_1bc7e06ece0f38a60982
review_11880,class_1bc7e06ece0f38a60982
review_11881,class_5da3128be1ff7664a1b2
review_11882,class_52da9457fdf6740afd51
review_11883,class_1bc7e06ece0f38a60982
review_11884,class_1bc7e06ece0f38a60982
review_11885,class_1bc7e06ece0f38a60982
review_11886,class_1bc7e06ece0f38a60982
review_11887,class_1bc7e06ece0f38a60982
review_11888,class_1bc7e06ece0f38a60982
review_11889,class_1bc7e06ece0f38a60982
review_11890,class_1bc7e06ece0f38a60982
review_11891,class_1bc7e06ece0f38a60982
review_11892,class_1bc7e06ece0f38a60982
review_11893,class_c3ca5f787365eae0dea8
review_11894,class_5da3128be1ff7664a1b2
review_11895,class_1bc7e06ece0f38a60982
review_11896,class_c3ca5f787365eae0dea8
review_11897,class_1bc7e06ece0f38a60982
review_11898,class_1bc7e06ece0f38a60982
review_11899,class_1bc7e06ece0f38a60982
review_11900,class_e65aace9237833ec7752
review_11901,class_1bc7e06ece0f38a60982
review_11902,class_1bc7e06ece0f38a60982
review_11903,class_1bc7e06ece0f38a60982
review_11904,class_5da3128be1ff7664a1b2
review_11905,class_c3ca5f787365eae0dea8
review_11906,class_7d54e6ff154ad392b174
review_11907,class_52da9457fdf6740afd51
review_11908,class_e65aace9237833ec7752
review_11909,class_1bc7e06ece0f38a60982
review_11910,class_1bc7e06ece0f38a60982
review_11911,class_1bc7e06ece0f38a60982
review_11912,class_b7f740446b63715473af
review_11913,class_7d54e6ff154ad392b174
review_11914,class_1bc7e06ece0f38a60982
review_11915,class_1bc7e06ece0f38a60982
review_11916,class_1bc7e06ece0f38a60982
review_11917,class_b89f90f328fa7e7781c0
review_11918,class_52da9457fdf6740afd51
review_11919,class_1bc7e06ece0f38a60982
review_11920,class_1bc7e06ece0f38a60982
review_11921,class_52da9457fdf6740afd51
review_11922,class_1bc7e06ece0f38a60982
review_11923,class_c3ca5f787365eae0dea8
review_11924,class_1bc7e06ece0f38a60982
review_11925,class_1bc7e06ece0f38a60982
review_11926,class_b89f90f328fa7e7781c0
review_11927,class_c3ca5f787365eae0dea8
review_11928,class_52da9457fdf6740afd51
review_11929,class_52da9457fdf6740afd51
review_11930,class_1bc7e06ece0f38a60982
review_11931,class_52da9457fdf6740afd51
review_11932,class_52da9457fdf6740afd51
review_11933,class_52da9457fdf6740afd51
review_11934,class_52da9457fdf6740afd51
review_11935,class_52da9457fdf6740afd51
review_11936,class_1bc7e06ece0f38a60982
review_11937,class_52da9457fdf6740afd51
review_11938,class_52da9457fdf6740afd51
review_11939,class_52da9457fdf6740afd51
review_11940,class_52da9457fdf6740afd51
review_11941,class_e65aace9237833ec7752
review_11942,class_52da9457fdf6740afd51
review_11943,class_52da9457fdf6740afd51
review_11944,class_52da9457fdf6740afd51
review_11945,class_52da9457fdf6740afd51
review_11946,class_52da9457fdf6740afd51
review_11947,class_1318693c237b7b97c0c0
review_11948,class_52da9457fdf6740afd51
review_11949,class_52da9457fdf6740afd51
review_11950,class_52da9457fdf6740afd51
review_11951,class_52da9457fdf6740afd51
review_11952,class_52da9457fdf6740afd51
review_11953,class_52da9457fdf6740afd51
review_11954,class_1bc7e06ece0f38a60982
review_11955,class_7d54e6ff154ad392b174
review_11956,class_52da9457fdf6740afd51
review_11957,class_52da9457fdf6740afd51
review_11958,class_7d54e6ff154ad392b174
review_11959,class_52da9457fdf6740afd51
review_11960,class_52da9457fdf6740afd51
review_11961,class_52da9457fdf6740afd51
review_11962,class_52da9457fdf6740afd51
review_11963,class_52da9457fdf6740afd51
review_11964,class_52da9457fdf6740afd51
review_11965,class_7d54e6ff154ad392b174
review_11966,class_52da9457fdf6740afd51
review_11967,class_1bc7e06ece0f38a60982
review_11968,class_52da9457fdf6740afd51
review_11969,class_52da9457fdf6740afd51
review_11970,class_52da9457fdf6740afd51
review_11971,class_1bc7e06ece0f38a60982
review_11972,class_52da9457fdf6740afd51
review_11973,class_1bc7e06ece0f38a60982
review_11974,class_52da9457fdf6740afd51
review_11975,class_7d54e6ff154ad392b174
review_11976,class_5da3128be1ff7664a1b2
review_11977,class_52da9457fdf6740afd51
review_11978,class_52da9457fdf6740afd51
review_11979,class_e65aace9237833ec7752
review_11980,class_52da9457fdf6740afd51
review_11981,class_52da9457fdf6740afd51
review_11982,class_52da9457fdf6740afd51
review_11983,class_52da9457fdf6740afd51
review_11984,class_52da9457fdf6740afd51
review_11985,class_1cf1396a0c9bc53f37da
review_11986,class_f6efb94c9ae061247bed
review_11987,class_7d54e6ff154ad392b174
review_11988,class_9e32d15b246e504af33c
review_11989,class_52da9457fdf6740afd51
review_11990,class_7d54e6ff154ad392b174
review_11991,class_f6efb94c9ae061247bed
review_11992,class_7d54e6ff154ad392b174
review_11993,class_7d54e6ff154ad392b174
review_11994,class_7d54e6ff154ad392b174
review_11995,class_0eeaed02d1a961f133b4
review_11996,class_e65aace9237833ec7752
review_11997,class_f6efb94c9ae061247bed
review_11998,class_9e32d15b246e504af33c
review_11999,class_52da9457fdf6740afd51
review_12000,class_9e32d15b246e504af33c
review_12001,class_7d54e6ff154ad392b174
review_12002,class_9e32d15b246e504af33c
review_12003,class_52da9457fdf6740afd51
review_12004,class_7d54e6ff154ad392b174
review_12005,class_1cf1396a0c9bc53f37da
review_12006,class_1cf1396a0c9bc53f37da
review_12007,class_9e32d15b246e504af33c
review_12008,class_0eeaed02d1a961f133b4
review_12009,class_7d54e6ff154ad392b174
review_12010,class_0eeaed02d1a961f133b4
review_12011,class_7d54e6ff154ad392b174
review_12012,class_52da9457fdf6740afd51
review_12013,class_52da9457fdf6740afd51
review_12014,class_7d54e6ff154ad392b174
review_12015,class_7d54e6ff154ad392b174
review_12016,class_9e32d15b246e504af33c
review_12017,class_e65aace9237833ec7752
review_12018,class_e65aace9237833ec7752
review_12019,class_0eeaed02d1a961f133b4
review_12020,class_9e32d15b246e504af33c
review_12021,class_0eeaed02d1a961f133b4
review_12022,class_0eeaed02d1a961f133b4
review_12023,class_52da9457fdf6740afd51
review_12024,class_9e32d15b246e504af33c
review_12025,class_0eeaed02d1a961f133b4
review_12026,class_7d54e6ff154ad392b174
review_12027,class_7d54e6ff154ad392b174
review_12028,class_7d54e6ff154ad392b174
review_12029,class_e65aace9237833ec7752
review_12030,class_52da9457fdf6740afd51
review_12031,class_9e32d15b246e504af33c
review_12032,class_4397d106b671d697b6e0
review_12033,class_7d54e6ff154ad392b174
review_12034,class_1bc7e06ece0f38a60982
review_12035,class_e65aace9237833ec7752
review_12036,class_1bc7e06ece0f38a60982
review_12037,class_1bc7e06ece0f38a60982
review_12038,class_1bc7e06ece0f38a60982
review_12039,class_1bc7e06ece0f38a60982
review_12040,class_7d54e6ff154ad392b174
review_12041,class_e65aace9237833ec7752
review_12042,class_7d54e6ff154ad392b174
review_12043,class_e65aace9237833ec7752
review_12044,class_1bc7e06ece0f38a60982
review_12045,class_1bc7e06ece0f38a60982
review_12046,class_7d54e6ff154ad392b174
review_12047,class_7d54e6ff154ad392b174
review_12048,class_7d54e6ff154ad392b174
review_12049,class_7d54e6ff154ad392b174
review_12050,class_1bc7e06ece0f38a60982
review_12051,class_7d54e6ff154ad392b174
review_12052,class_52da9457fdf6740afd51
review_12053,class_c3ca5f787365eae0dea8
review_12054,class_7d54e6ff154ad392b174
review_12055,class_1bc7e06ece0f38a60982
review_12056,class_1bc7e06ece0f38a60982
review_12057,class_1cf1396a0c9bc53f37da
review_12058,class_7d54e6ff154ad392b174
review_12059,class_e65aace9237833ec7752
review_12060,class_e65aace9237833ec7752
review_12061,class_1bc7e06ece0f38a60982
review_12062,class_1bc7e06ece0f38a60982
review_12063,class_7d54e6ff154ad392b174
review_12064,class_7d54e6ff154ad392b174
review_12065,class_e65aace9237833ec7752
review_12066,class_7d54e6ff154ad392b174
review_12067,class_e65aace9237833ec7752
review_12068,class_7d54e6ff154ad392b174
review_12069,class_7d54e6ff154ad392b174
review_12070,class_7d54e6ff154ad392b174
review_12071,class_e65aace9237833ec7752
review_12072,class_1cf1396a0c9bc53f37da
review_12073,class_9e32d15b246e504af33c
review_12074,class_e65aace9237833ec7752
review_12075,class_e65aace9237833ec7752
review_12076,class_7d54e6ff154ad392b174
review_12077,class_1bc7e06ece0f38a60982
review_12078,class_7d54e6ff154ad392b174
review_12079,class_5da3128be1ff7664a1b2
review_12080,class_f6efb94c9ae061247bed
review_12081,class_1318693c237b7b97c0c0
review_12082,class_e65aace9237833ec7752
review_12083,class_e65aace9237833ec7752
review_12084,class_7d54e6ff154ad392b174
review_12085,class_e65aace9237833ec7752
review_12086,class_7d54e6ff154ad392b174
review_12087,class_7d54e6ff154ad392b174
review_12088,class_5da3128be1ff7664a1b2
review_12089,class_5da3128be1ff7664a1b2
review_12090,class_c3ca5f787365eae0dea8
review_12091,class_1cf1396a0c9bc53f37da
review_12092,class_7d54e6ff154ad392b174
review_12093,class_c3ca5f787365eae0dea8
review_12094,class_7d54e6ff154ad392b174
review_12095,class_1318693c237b7b97c0c0
review_12096,class_e65aace9237833ec7752
review_12097,class_c3ca5f787365eae0dea8
review_12098,class_7d54e6ff154ad392b174
review_12099,class_5da3128be1ff7664a1b2
review_12100,class_7d54e6ff154ad392b174
review_12101,class_f6efb94c9ae061247bed
review_12102,class_1318693c237b7b97c0c0
review_12103,class_c3ca5f787365eae0dea8
review_12104,class_1cf1396a0c9bc53f37da
review_12105,class_9e32d15b246e504af33c
review_12106,class_7d54e6ff154ad392b174
review_12107,class_7d54e6ff154ad392b174
review_12108,class_7d54e6ff154ad392b174
review_12109,class_5da3128be1ff7664a1b2
review_12110,class_7d54e6ff154ad392b174
review_12111,class_1bc7e06ece0f38a60982
review_12112,class_1bc7e06ece0f38a60982
review_12113,class_1bc7e06ece0f38a60982
review_12114,class_1318693c237b7b97c0c0
review_12115,class_1bc7e06ece0f38a60982
review_12116,class_1bc7e06ece0f38a60982
review_12117,class_be68f8ed5877c11b8be4
review_12118,class_be68f8ed5877c11b8be4
review_12119,class_1bc7e06ece0f38a60982
review_12120,class_1bc7e06ece0f38a60982
review_12121,class_1bc7e06ece0f38a60982
review_12122,class_1bc7e06ece0f38a60982
review_12123,class_1bc7e06ece0f38a60982
review_12124,class_be68f8ed5877c11b8be4
review_12125,class_1bc7e06ece0f38a60982
review_12126,class_7d54e6ff154ad392b174
review_12127,class_1bc7e06ece0f38a60982
review_12128,class_0eeaed02d1a961f133b4
review_12129,class_5da3128be1ff7664a1b2
review_12130,class_f6efb94c9ae061247bed
review_12131,class_1bc7e06ece0f38a60982
review_12132,class_1bc7e06ece0f38a60982
review_12133,class_1bc7e06ece0f38a60982
review_12134,class_1bc7e06ece0f38a60982
review_12135,class_7d54e6ff154ad392b174
review_12136,class_52da9457fdf6740afd51
review_12137,class_52da9457fdf6740afd51
review_12138,class_1bc7e06ece0f38a60982
review_12139,class_e65aace9237833ec7752
review_12140,class_48075864b2596de25a65
review_12141,class_1bc7e06ece0f38a60982
review_12142,class_1bc7e06ece0f38a60982
review_12143,class_e65aace9237833ec7752
review_12144,class_1bc7e06ece0f38a60982
review_12145,class_1bc7e06ece0f38a60982
review_12146,class_1bc7e06ece0f38a60982
review_12147,class_1bc7e06ece0f38a60982
review_12148,class_1bc7e06ece0f38a60982
review_12149,class_f6efb94c9ae061247bed
review_12150,class_1bc7e06ece0f38a60982
review_12151,class_7d54e6ff154ad392b174
review_12152,class_e65aace9237833ec7752
review_12153,class_f6efb94c9ae061247bed
review_12154,class_e65aace9237833ec7752
review_12155,class_c3ca5f787365eae0dea8
review_12156,class_52da9457fdf6740afd51
review_12157,class_e65aace9237833ec7752
review_12158,class_7d54e6ff154ad392b174
review_12159,class_1bc7e06ece0f38a60982
review_12160,class_7d54e6ff154ad392b174
review_12161,class_48075864b2596de25a65
review_12162,class_7d54e6ff154ad392b174
review_12163,class_f6efb94c9ae061247bed
review_12164,class_7d54e6ff154ad392b174
review_12165,class_1bc7e06ece0f38a60982
review_12166,class_1bc7e06ece0f38a60982
review_12167,class_f6efb94c9ae061247bed
review_12168,class_1bc7e06ece0f38a60982
review_12169,class_7d54e6ff154ad392b174
review_12170,class_e65aace9237833ec7752
review_12171,class_1bc7e06ece0f38a60982
review_12172,class_7d54e6ff154ad392b174
review_12173,class_1bc7e06ece0f38a60982
review_12174,class_52da9457fdf6740afd51
review_12175,class_52da9457fdf6740afd51
review_12176,class_e65aace9237833ec7752
review_12177,class_7d54e6ff154ad392b174
review_12178,class_1bc7e06ece0f38a60982
review_12179,class_1bc7e06ece0f38a60982
review_12180,class_9deef4712756d30ffaa3
review_12181,class_7d54e6ff154ad392b174
review_12182,class_1bc7e06ece0f38a60982
review_12183,class_1bc7e06ece0f38a60982
review_12184,class_7d54e6ff154ad392b174
review_12185,class_9deef4712756d30ffaa3
review_12186,class_52da9457fdf6740afd51
review_12187,class_9deef4712756d30ffaa3
review_12188,class_4397d106b671d697b6e0
review_12189,class_7d54e6ff154ad392b174
review_12190,class_1bc7e06ece0f38a60982
review_12191,class_e65aace9237833ec7752
review_12192,class_9deef4712756d30ffaa3
review_12193,class_9deef4712756d30ffaa3
review_12194,class_1bc7e06ece0f38a60982
review_12195,class_7d54e6ff154ad392b174
review_12196,class_1bc7e06ece0f38a60982
review_12197,class_9deef4712756d30ffaa3
review_12198,class_5da3128be1ff7664a1b2
review_12199,class_52da9457fdf6740afd51
review_12200,class_9deef4712756d30ffaa3
review_12201,class_52da9457fdf6740afd51
review_12202,class_1bc7e06ece0f38a60982
review_12203,class_1bc7e06ece0f38a60982
review_12204,class_7d54e6ff154ad392b174
review_12205,class_52da9457fdf6740afd51
review_12206,class_1bc7e06ece0f38a60982
review_12207,class_7d54e6ff154ad392b174
review_12208,class_7d54e6ff154ad392b174
review_12209,class_7d54e6ff154ad392b174
review_12210,class_1318693c237b7b97c0c0
review_12211,class_7d54e6ff154ad392b174
review_12212,class_7d54e6ff154ad392b174
review_12213,class_b89f90f328fa7e7781c0
review_12214,class_7d54e6ff154ad392b174
review_12215,class_7d54e6ff154ad392b174
review_12216,class_1bc7e06ece0f38a60982
review_12217,class_7d54e6ff154ad392b174
review_12218,class_7d54e6ff154ad392b174
review_12219,class_1318693c237b7b97c0c0
review_12220,class_1318693c237b7b97c0c0
review_12221,class_7d54e6ff154ad392b174
review_12222,class_1318693c237b7b97c0c0
review_12223,class_b89f90f328fa7e7781c0
review_12224,class_1bc7e06ece0f38a60982
review_12225,class_7d54e6ff154ad392b174
review_12226,class_7d54e6ff154ad392b174
review_12227,class_7d54e6ff154ad392b174
review_12228,class_b89f90f328fa7e7781c0
review_12229,class_9deef4712756d30ffaa3
review_12230,class_9deef4712756d30ffaa3
review_12231,class_7d54e6ff154ad392b174
review_12232,class_1318693c237b7b97c0c0
review_12233,class_1bc7e06ece0f38a60982
review_12234,class_7d54e6ff154ad392b174
review_12235,class_7d54e6ff154ad392b174
review_12236,class_b89f90f328fa7e7781c0
review_12237,class_1bc7e06ece0f38a60982
review_12238,class_7d54e6ff154ad392b174
review_12239,class_7d54e6ff154ad392b174
review_12240,class_5da3128be1ff7664a1b2
review_12241,class_5da3128be1ff7664a1b2
review_12242,class_7d54e6ff154ad392b174
review_12243,class_7d54e6ff154ad392b174
review_12244,class_7d54e6ff154ad392b174
review_12245,class_7d54e6ff154ad392b174
review_12246,class_7d54e6ff154ad392b174
review_12247,class_f6efb94c9ae061247bed
review_12248,class_7d54e6ff154ad392b174
review_12249,class_e65aace9237833ec7752
review_12250,class_f6efb94c9ae061247bed
review_12251,class_7d54e6ff154ad392b174
review_12252,class_7d54e6ff154ad392b174
review_12253,class_7d54e6ff154ad392b174
review_12254,class_f6efb94c9ae061247bed
review_12255,class_7d54e6ff154ad392b174
review_12256,class_1bc7e06ece0f38a60982
review_12257,class_7d54e6ff154ad392b174
review_12258,class_7d54e6ff154ad392b174
review_12259,class_7d54e6ff154ad392b174
review_12260,class_f6efb94c9ae061247bed
review_12261,class_f6efb94c9ae061247bed
review_12262,class_e65aace9237833ec7752
review_12263,class_f6efb94c9ae061247bed
review_12264,class_1cf1396a0c9bc53f37da
review_12265,class_e65aace9237833ec7752
review_12266,class_7d54e6ff154ad392b174
review_12267,class_f6efb94c9ae061247bed
review_12268,class_f6efb94c9ae061247bed
review_12269,class_1cf1396a0c9bc53f37da
review_12270,class_7d54e6ff154ad392b174
review_12271,class_f6efb94c9ae061247bed
review_12272,class_7d54e6ff154ad392b174
review_12273,class_7d54e6ff154ad392b174
review_12274,class_f6efb94c9ae061247bed
review_12275,class_7d54e6ff154ad392b174
review_12276,class_7d54e6ff154ad392b174
review_12277,class_f6efb94c9ae061247bed
review_12278,class_7d54e6ff154ad392b174
review_12279,class_e65aace9237833ec7752
review_12280,class_4397d106b671d697b6e0
review_12281,class_7d54e6ff154ad392b174
review_12282,class_be68f8ed5877c11b8be4
review_12283,class_7d54e6ff154ad392b174
review_12284,class_1bc7e06ece0f38a60982
review_12285,class_1bc7e06ece0f38a60982
review_12286,class_7d54e6ff154ad392b174
review_12287,class_c3ca5f787365eae0dea8
review_12288,class_7d54e6ff154ad392b174
review_12289,class_1bc7e06ece0f38a60982
review_12290,class_1bc7e06ece0f38a60982
review_12291,class_7d54e6ff154ad392b174
review_12292,class_c3ca5f787365eae0dea8
review_12293,class_0eeaed02d1a961f133b4
review_12294,class_48075864b2596de25a65
review_12295,class_c3ca5f787365eae0dea8
review_12296,class_7d54e6ff154ad392b174
review_12297,class_c3ca5f787365eae0dea8
review_12298,class_48075864b2596de25a65
review_12299,class_1bc7e06ece0f38a60982
review_12300,class_48075864b2596de25a65
review_12301,class_9deef4712756d30ffaa3
review_12302,class_c3ca5f787365eae0dea8
review_12303,class_48075864b2596de25a65
review_12304,class_1cf1396a0c9bc53f37da
review_12305,class_7d54e6ff154ad392b174
review_12306,class_48075864b2596de25a65
review_12307,class_1bc7e06ece0f38a60982
review_12308,class_7d54e6ff154ad392b174
review_12309,class_7d54e6ff154ad392b174
review_12310,class_7d54e6ff154ad392b174
review_12311,class_be68f8ed5877c11b8be4
review_12312,class_0eeaed02d1a961f133b4
review_12313,class_c3ca5f787365eae0dea8
review_12314,class_1bc7e06ece0f38a60982
review_12315,class_b89f90f328fa7e7781c0
review_12316,class_7d54e6ff154ad392b174
review_12317,class_1bc7e06ece0f38a60982
review_12318,class_0eeaed02d1a961f133b4
review_12319,class_7d54e6ff154ad392b174
review_12320,class_1cf1396a0c9bc53f37da
review_12321,class_e65aace9237833ec7752
review_12322,class_1cf1396a0c9bc53f37da
review_12323,class_1cf1396a0c9bc53f37da
review_12324,class_e65aace9237833ec7752
review_12325,class_1bc7e06ece0f38a60982
review_12326,class_1cf1396a0c9bc53f37da
review_12327,class_1bc7e06ece0f38a60982
review_12328,class_e65aace9237833ec7752
review_12329,class_0eeaed02d1a961f133b4
review_12330,class_e65aace9237833ec7752
review_12331,class_1bc7e06ece0f38a60982
review_12332,class_1cf1396a0c9bc53f37da
review_12333,class_1cf1396a0c9bc53f37da
review_12334,class_1cf1396a0c9bc53f37da
review_12335,class_52da9457fdf6740afd51
review_12336,class_1cf1396a0c9bc53f37da
review_12337,class_1bc7e06ece0f38a60982
review_12338,class_7d54e6ff154ad392b174
review_12339,class_52da9457fdf6740afd51
review_12340,class_1bc7e06ece0f38a60982
review_12341,class_1cf1396a0c9bc53f37da
review_12342,class_1cf1396a0c9bc53f37da
review_12343,class_52da9457fdf6740afd51
review_12344,class_b89f90f328fa7e7781c0
review_12345,class_52da9457fdf6740afd51
review_12346,class_1bc7e06ece0f38a60982
review_12347,class_52da9457fdf6740afd51
review_12348,class_1bc7e06ece0f38a60982
review_12349,class_52da9457fdf6740afd51
review_12350,class_1bc7e06ece0f38a60982
review_12351,class_1bc7e06ece0f38a60982
review_12352,class_7d54e6ff154ad392b174
review_12353,class_1bc7e06ece0f38a60982
review_12354,class_1318693c237b7b97c0c0
review_12355,class_1bc7e06ece0f38a60982
review_12356,class_52da9457fdf6740afd51
review_12357,class_5da3128be1ff7664a1b2
review_12358,class_1bc7e06ece0f38a60982
review_12359,class_7d54e6ff154ad392b174
review_12360,class_52da9457fdf6740afd51
review_12361,class_52da9457fdf6740afd51
review_12362,class_1bc7e06ece0f38a60982
review_12363,class_1bc7e06ece0f38a60982
review_12364,class_52da9457fdf6740afd51
review_12365,class_1bc7e06ece0f38a60982
review_12366,class_9deef4712756d30ffaa3
review_12367,class_52da9457fdf6740afd51
review_12368,class_52da9457fdf6740afd51
review_12369,class_1bc7e06ece0f38a60982
review_12370,class_1bc7e06ece0f38a60982
review_12371,class_1bc7e06ece0f38a60982
review_12372,class_1318693c237b7b97c0c0
review_12373,class_5da3128be1ff7664a1b2
review_12374,class_1bc7e06ece0f38a60982
review_12375,class_7d54e6ff154ad392b174
review_12376,class_1bc7e06ece0f38a60982
review_12377,class_7d54e6ff154ad392b174
review_12378,class_7d54e6ff154ad392b174
review_12379,class_1bc7e06ece0f38a60982
review_12380,class_7d54e6ff154ad392b174
review_12381,class_1bc7e06ece0f38a60982
review_12382,class_52da9457fdf6740afd51
review_12383,class_7d54e6ff154ad392b174
review_12384,class_52da9457fdf6740afd51
review_12385,class_52da9457fdf6740afd51
review_12386,class_52da9457fdf6740afd51
review_12387,class_1bc7e06ece0f38a60982
review_12388,class_7d54e6ff154ad392b174
review_12389,class_1bc7e06ece0f38a60982
review_12390,class_1cf1396a0c9bc53f37da
review_12391,class_1318693c237b7b97c0c0
review_12392,class_1bc7e06ece0f38a60982
review_12393,class_52da9457fdf6740afd51
review_12394,class_52da9457fdf6740afd51
review_12395,class_52da9457fdf6740afd51
review_12396,class_1bc7e06ece0f38a60982
review_12397,class_43f6fe05e589fb76ff8a
review_12398,class_1bc7e06ece0f38a60982
review_12399,class_52da9457fdf6740afd51
review_12400,class_1bc7e06ece0f38a60982
review_12401,class_1bc7e06ece0f38a60982
review_12402,class_1bc7e06ece0f38a60982
review_12403,class_52da9457fdf6740afd51
review_12404,class_1bc7e06ece0f38a60982
review_12405,class_52da9457fdf6740afd51
review_12406,class_1bc7e06ece0f38a60982
review_12407,class_1bc7e06ece0f38a60982
review_12408,class_1bc7e06ece0f38a60982
review_12409,class_52da9457fdf6740afd51
review_12410,class_52da9457fdf6740afd51
review_12411,class_52da9457fdf6740afd51
review_12412,class_1bc7e06ece0f38a60982
review_12413,class_1bc7e06ece0f38a60982
review_12414,class_1bc7e06ece0f38a60982
review_12415,class_1bc7e06ece0f38a60982
review_12416,class_52da9457fdf6740afd51
review_12417,class_1318693c237b7b97c0c0
review_12418,class_1bc7e06ece0f38a60982
review_12419,class_52da9457fdf6740afd51
review_12420,class_52da9457fdf6740afd51
review_12421,class_c3ca5f787365eae0dea8
review_12422,class_52da9457fdf6740afd51
review_12423,class_52da9457fdf6740afd51
review_12424,class_1bc7e06ece0f38a60982
review_12425,class_1bc7e06ece0f38a60982
review_12426,class_52da9457fdf6740afd51
review_12427,class_52da9457fdf6740afd51
review_12428,class_1bc7e06ece0f38a60982
review_12429,class_52da9457fdf6740afd51
review_12430,class_c3ca5f787365eae0dea8
review_12431,class_1318693c237b7b97c0c0
review_12432,class_1bc7e06ece0f38a60982
review_12433,class_52da9457fdf6740afd51
review_12434,class_52da9457fdf6740afd51
review_12435,class_52da9457fdf6740afd51
review_12436,class_1bc7e06ece0f38a60982
review_12437,class_1318693c237b7b97c0c0
review_12438,class_1318693c237b7b97c0c0
review_12439,class_1318693c237b7b97c0c0
review_12440,class_1318693c237b7b97c0c0
review_12441,class_1318693c237b7b97c0c0
review_12442,class_1cf1396a0c9bc53f37da
review_12443,class_1318693c237b7b97c0c0
review_12444,class_1318693c237b7b97c0c0
review_12445,class_1318693c237b7b97c0c0
review_12446,class_1318693c237b7b97c0c0
review_12447,class_1cf1396a0c9bc53f37da
review_12448,class_52da9457fdf6740afd51
review_12449,class_1318693c237b7b97c0c0
review_12450,class_1bc7e06ece0f38a60982
review_12451,class_1bc7e06ece0f38a60982
review_12452,class_1318693c237b7b97c0c0
review_12453,class_1bc7e06ece0f38a60982
review_12454,class_1cf1396a0c9bc53f37da
review_12455,class_1318693c237b7b97c0c0
review_12456,class_1bc7e06ece0f38a60982
review_12457,class_1cf1396a0c9bc53f37da
review_12458,class_1bc7e06ece0f38a60982
review_12459,class_1318693c237b7b97c0c0
review_12460,class_1318693c237b7b97c0c0
review_12461,class_52da9457fdf6740afd51
review_12462,class_7d54e6ff154ad392b174
review_12463,class_7d54e6ff154ad392b174
review_12464,class_1bc7e06ece0f38a60982
review_12465,class_1318693c237b7b97c0c0
review_12466,class_1318693c237b7b97c0c0
review_12467,class_1318693c237b7b97c0c0
review_12468,class_1318693c237b7b97c0c0
review_12469,class_1cf1396a0c9bc53f37da
review_12470,class_1318693c237b7b97c0c0
review_12471,class_1cf1396a0c9bc53f37da
review_12472,class_1318693c237b7b97c0c0
review_12473,class_1318693c237b7b97c0c0
review_12474,class_b89f90f328fa7e7781c0
review_12475,class_1318693c237b7b97c0c0
review_12476,class_9e32d15b246e504af33c
review_12477,class_7d54e6ff154ad392b174
review_12478,class_1318693c237b7b97c0c0
review_12479,class_1318693c237b7b97c0c0
review_12480,class_1318693c237b7b97c0c0
review_12481,class_1318693c237b7b97c0c0
review_12482,class_1bc7e06ece0f38a60982
review_12483,class_1cf1396a0c9bc53f37da
review_12484,class_1318693c237b7b97c0c0
review_12485,class_1318693c237b7b97c0c0
review_12486,class_b7f740446b63715473af
review_12487,class_1318693c237b7b97c0c0
review_12488,class_9e32d15b246e504af33c
review_12489,class_1318693c237b7b97c0c0
review_12490,class_1318693c237b7b97c0c0
review_12491,class_1318693c237b7b97c0c0
review_12492,class_1bc7e06ece0f38a60982
review_12493,class_7d54e6ff154ad392b174
review_12494,class_1cf1396a0c9bc53f37da
review_12495,class_1318693c237b7b97c0c0
review_12496,class_1cf1396a0c9bc53f37da
review_12497,class_1cf1396a0c9bc53f37da
review_12498,class_1bc7e06ece0f38a60982
review_12499,class_1cf1396a0c9bc53f37da
review_12500,class_1318693c237b7b97c0c0
review_12501,class_1318693c237b7b97c0c0
review_12502,class_7d54e6ff154ad392b174
review_12503,class_1318693c237b7b97c0c0
review_12504,class_1318693c237b7b97c0c0
review_12505,class_52da9457fdf6740afd51
review_12506,class_1bc7e06ece0f38a60982
review_12507,class_7d54e6ff154ad392b174
review_12508,class_5da3128be1ff7664a1b2
review_12509,class_1cf1396a0c9bc53f37da
review_12510,class_1bc7e06ece0f38a60982
review_12511,class_7d54e6ff154ad392b174
review_12512,class_7d54e6ff154ad392b174
review_12513,class_1318693c237b7b97c0c0
review_12514,class_1318693c237b7b97c0c0
review_12515,class_1318693c237b7b97c0c0
review_12516,class_e65aace9237833ec7752
review_12517,class_b89f90f328fa7e7781c0
review_12518,class_e65aace9237833ec7752
review_12519,class_1bc7e06ece0f38a60982
review_12520,class_9deef4712756d30ffaa3
review_12521,class_e65aace9237833ec7752
review_12522,class_e65aace9237833ec7752
review_12523,class_e65aace9237833ec7752
review_12524,class_7d54e6ff154ad392b174
review_12525,class_1318693c237b7b97c0c0
review_12526,class_7d54e6ff154ad392b174
review_12527,class_1bc7e06ece0f38a60982
review_12528,class_1bc7e06ece0f38a60982
review_12529,class_52da9457fdf6740afd51
review_12530,class_e65aace9237833ec7752
review_12531,class_1bc7e06ece0f38a60982
review_12532,class_e65aace9237833ec7752
review_12533,class_e65aace9237833ec7752
review_12534,class_7d54e6ff154ad392b174
review_12535,class_e65aace9237833ec7752
review_12536,class_e65aace9237833ec7752
review_12537,class_1318693c237b7b97c0c0
review_12538,class_1bc7e06ece0f38a60982
review_12539,class_e65aace9237833ec7752
review_12540,class_1bc7e06ece0f38a60982
review_12541,class_e65aace9237833ec7752
review_12542,class_e65aace9237833ec7752
review_12543,class_7d54e6ff154ad392b174
review_12544,class_1bc7e06ece0f38a60982
review_12545,class_e65aace9237833ec7752
review_12546,class_1bc7e06ece0f38a60982
review_12547,class_1bc7e06ece0f38a60982
review_12548,class_1318693c237b7b97c0c0
review_12549,class_1cf1396a0c9bc53f37da
review_12550,class_e65aace9237833ec7752
review_12551,class_52da9457fdf6740afd51
review_12552,class_1318693c237b7b97c0c0
review_12553,class_1318693c237b7b97c0c0
review_12554,class_1bc7e06ece0f38a60982
review_12555,class_1318693c237b7b97c0c0
review_12556,class_e65aace9237833ec7752
review_12557,class_1318693c237b7b97c0c0
review_12558,class_1318693c237b7b97c0c0
review_12559,class_7d54e6ff154ad392b174
review_12560,class_1bc7e06ece0f38a60982
review_12561,class_52da9457fdf6740afd51
review_12562,class_e65aace9237833ec7752
review_12563,class_e65aace9237833ec7752
review_12564,class_e65aace9237833ec7752
review_12565,class_1318693c237b7b97c0c0
review_12566,class_e65aace9237833ec7752
review_12567,class_1cf1396a0c9bc53f37da
review_12568,class_1cf1396a0c9bc53f37da
review_12569,class_1318693c237b7b97c0c0
review_12570,class_1bc7e06ece0f38a60982
review_12571,class_e65aace9237833ec7752
review_12572,class_e65aace9237833ec7752
review_12573,class_e65aace9237833ec7752
review_12574,class_52da9457fdf6740afd51
review_12575,class_1318693c237b7b97c0c0
review_12576,class_1318693c237b7b97c0c0
review_12577,class_1bc7e06ece0f38a60982
review_12578,class_e65aace9237833ec7752
review_12579,class_e65aace9237833ec7752
review_12580,class_1bc7e06ece0f38a60982
review_12581,class_e65aace9237833ec7752
review_12582,class_e65aace9237833ec7752
review_12583,class_e65aace9237833ec7752
review_12584,class_1318693c237b7b97c0c0
review_12585,class_f6efb94c9ae061247bed
review_12586,class_52da9457fdf6740afd51
review_12587,class_52da9457fdf6740afd51
review_12588,class_1318693c237b7b97c0c0
review_12589,class_1bc7e06ece0f38a60982
review_12590,class_1bc7e06ece0f38a60982
review_12591,class_52da9457fdf6740afd51
review_12592,class_1318693c237b7b97c0c0
review_12593,class_5da3128be1ff7664a1b2
review_12594,class_52da9457fdf6740afd51
review_12595,class_52da9457fdf6740afd51
review_12596,class_f6efb94c9ae061247bed
review_12597,class_1cf1396a0c9bc53f37da
review_12598,class_48075864b2596de25a65
review_12599,class_5da3128be1ff7664a1b2
review_12600,class_1cf1396a0c9bc53f37da
review_12601,class_7d54e6ff154ad392b174
review_12602,class_7d54e6ff154ad392b174
review_12603,class_0eeaed02d1a961f133b4
review_12604,class_5da3128be1ff7664a1b2
review_12605,class_1bc7e06ece0f38a60982
review_12606,class_f6efb94c9ae061247bed
review_12607,class_1318693c237b7b97c0c0
review_12608,class_7d54e6ff154ad392b174
review_12609,class_52da9457fdf6740afd51
review_12610,class_1318693c237b7b97c0c0
review_12611,class_7d54e6ff154ad392b174
review_12612,class_1318693c237b7b97c0c0
review_12613,class_c3ca5f787365eae0dea8
review_12614,class_7d54e6ff154ad392b174
review_12615,class_4397d106b671d697b6e0
review_12616,class_7d54e6ff154ad392b174
review_12617,class_5da3128be1ff7664a1b2
review_12618,class_52da9457fdf6740afd51
review_12619,class_1bc7e06ece0f38a60982
review_12620,class_1cf1396a0c9bc53f37da
review_12621,class_52da9457fdf6740afd51
review_12622,class_52da9457fdf6740afd51
review_12623,class_7d54e6ff154ad392b174
review_12624,class_1cf1396a0c9bc53f37da
review_12625,class_52da9457fdf6740afd51
review_12626,class_1bc7e06ece0f38a60982
review_12627,class_f6efb94c9ae061247bed
review_12628,class_5da3128be1ff7664a1b2
review_12629,class_52da9457fdf6740afd51
review_12630,class_7d54e6ff154ad392b174
review_12631,class_7d54e6ff154ad392b174
review_12632,class_1bc7e06ece0f38a60982
review_12633,class_52da9457fdf6740afd51
review_12634,class_52da9457fdf6740afd51
review_12635,class_b89f90f328fa7e7781c0
review_12636,class_5da3128be1ff7664a1b2
review_12637,class_1bc7e06ece0f38a60982
review_12638,class_5da3128be1ff7664a1b2
review_12639,class_52da9457fdf6740afd51
review_12640,class_1bc7e06ece0f38a60982
review_12641,class_52da9457fdf6740afd51
review_12642,class_e65aace9237833ec7752
review_12643,class_5da3128be1ff7664a1b2
review_12644,class_f6efb94c9ae061247bed
review_12645,class_1bc7e06ece0f38a60982
review_12646,class_c3ca5f787365eae0dea8
review_12647,class_e65aace9237833ec7752
review_12648,class_52da9457fdf6740afd51
review_12649,class_1bc7e06ece0f38a60982
review_12650,class_1bc7e06ece0f38a60982
review_12651,class_1bc7e06ece0f38a60982
review_12652,class_1bc7e06ece0f38a60982
review_12653,class_1bc7e06ece0f38a60982
review_12654,class_1bc7e06ece0f38a60982
review_12655,class_1bc7e06ece0f38a60982
review_12656,class_1bc7e06ece0f38a60982
review_12657,class_f6efb94c9ae061247bed
review_12658,class_1bc7e06ece0f38a60982
review_12659,class_e65aace9237833ec7752
review_12660,class_7d54e6ff154ad392b174
review_12661,class_1bc7e06ece0f38a60982
review_12662,class_e65aace9237833ec7752
review_12663,class_0eeaed02d1a961f133b4
review_12664,class_e65aace9237833ec7752
review_12665,class_0eeaed02d1a961f133b4
review_12666,class_1cf1396a0c9bc53f37da
review_12667,class_1bc7e06ece0f38a60982
review_12668,class_e65aace9237833ec7752
review_12669,class_7d54e6ff154ad392b174
review_12670,class_7d54e6ff154ad392b174
review_12671,class_7d54e6ff154ad392b174
review_12672,class_e65aace9237833ec7752
review_12673,class_1bc7e06ece0f38a60982
review_12674,class_7d54e6ff154ad392b174
review_12675,class_1bc7e06ece0f38a60982
review_12676,class_7d54e6ff154ad392b174
review_12677,class_1318693c237b7b97c0c0
review_12678,class_1318693c237b7b97c0c0
review_12679,class_1bc7e06ece0f38a60982
review_12680,class_1bc7e06ece0f38a60982
review_12681,class_e65aace9237833ec7752
review_12682,class_1bc7e06ece0f38a60982
review_12683,class_b89f90f328fa7e7781c0
review_12684,class_1318693c237b7b97c0c0
review_12685,class_52438e68a549a636811e
review_12686,class_f6efb94c9ae061247bed
review_12687,class_1bc7e06ece0f38a60982
review_12688,class_1bc7e06ece0f38a60982
review_12689,class_1bc7e06ece0f38a60982
review_12690,class_1bc7e06ece0f38a60982
review_12691,class_1bc7e06ece0f38a60982
review_12692,class_7d54e6ff154ad392b174
review_12693,class_e65aace9237833ec7752
review_12694,class_7d54e6ff154ad392b174
review_12695,class_1bc7e06ece0f38a60982
review_12696,class_e65aace9237833ec7752
review_12697,class_7d54e6ff154ad392b174
review_12698,class_52da9457fdf6740afd51
review_12699,class_7d54e6ff154ad392b174
review_12700,class_1bc7e06ece0f38a60982
review_12701,class_7d54e6ff154ad392b174
review_12702,class_7d54e6ff154ad392b174
review_12703,class_e65aace9237833ec7752
review_12704,class_1bc7e06ece0f38a60982
review_12705,class_7d54e6ff154ad392b174
review_12706,class_7d54e6ff154ad392b174
review_12707,class_52da9457fdf6740afd51
review_12708,class_7d54e6ff154ad392b174
review_12709,class_1bc7e06ece0f38a60982
review_12710,class_7d54e6ff154ad392b174
review_12711,class_e65aace9237833ec7752
review_12712,class_1bc7e06ece0f38a60982
review_12713,class_7d54e6ff154ad392b174
review_12714,class_52da9457fdf6740afd51
review_12715,class_7d54e6ff154ad392b174
review_12716,class_1bc7e06ece0f38a60982
review_12717,class_7d54e6ff154ad392b174
review_12718,class_52da9457fdf6740afd51
review_12719,class_7d54e6ff154ad392b174
review_12720,class_7d54e6ff154ad392b174
review_12721,class_7d54e6ff154ad392b174
review_12722,class_7d54e6ff154ad392b174
review_12723,class_52da9457fdf6740afd51
review_12724,class_7d54e6ff154ad392b174
review_12725,class_7d54e6ff154ad392b174
review_12726,class_7d54e6ff154ad392b174
review_12727,class_7d54e6ff154ad392b174
review_12728,class_7d54e6ff154ad392b174
review_12729,class_7d54e6ff154ad392b174
review_12730,class_7d54e6ff154ad392b174
review_12731,class_7d54e6ff154ad392b174
review_12732,class_e65aace9237833ec7752
review_12733,class_7d54e6ff154ad392b174
review_12734,class_7d54e6ff154ad392b174
review_12735,class_7d54e6ff154ad392b174
review_12736,class_7d54e6ff154ad392b174
review_12737,class_7d54e6ff154ad392b174
review_12738,class_e65aace9237833ec7752
review_12739,class_7d54e6ff154ad392b174
review_12740,class_1bc7e06ece0f38a60982
review_12741,class_7d54e6ff154ad392b174
review_12742,class_7d54e6ff154ad392b174
review_12743,class_7d54e6ff154ad392b174
review_12744,class_7d54e6ff154ad392b174
review_12745,class_7d54e6ff154ad392b174
review_12746,class_e65aace9237833ec7752
review_12747,class_4397d106b671d697b6e0
review_12748,class_1bc7e06ece0f38a60982
review_12749,class_4397d106b671d697b6e0
review_12750,class_52da9457fdf6740afd51
review_12751,class_52da9457fdf6740afd51
review_12752,class_1bc7e06ece0f38a60982
review_12753,class_4397d106b671d697b6e0
review_12754,class_1bc7e06ece0f38a60982
review_12755,class_1cf1396a0c9bc53f37da
review_12756,class_7d54e6ff154ad392b174
review_12757,class_52da9457fdf6740afd51
review_12758,class_4397d106b671d697b6e0
review_12759,class_b89f90f328fa7e7781c0
review_12760,class_f6efb94c9ae061247bed
review_12761,class_1bc7e06ece0f38a60982
review_12762,class_1bc7e06ece0f38a60982
review_12763,class_1bc7e06ece0f38a60982
review_12764,class_52da9457fdf6740afd51
review_12765,class_1bc7e06ece0f38a60982
review_12766,class_4397d106b671d697b6e0
review_12767,class_1bc7e06ece0f38a60982
review_12768,class_52da9457fdf6740afd51
review_12769,class_1bc7e06ece0f38a60982
review_12770,class_1bc7e06ece0f38a60982
review_12771,class_1bc7e06ece0f38a60982
review_12772,class_52da9457fdf6740afd51
review_12773,class_1bc7e06ece0f38a60982
review_12774,class_4397d106b671d697b6e0
review_12775,class_1bc7e06ece0f38a60982
review_12776,class_1bc7e06ece0f38a60982
review_12777,class_4397d106b671d697b6e0
review_12778,class_4397d106b671d697b6e0
review_12779,class_1bc7e06ece0f38a60982
review_12780,class_1bc7e06ece0f38a60982
review_12781,class_4397d106b671d697b6e0
review_12782,class_52da9457fdf6740afd51
review_12783,class_1bc7e06ece0f38a60982
review_12784,class_52da9457fdf6740afd51
review_12785,class_0eeaed02d1a961f133b4
review_12786,class_7d54e6ff154ad392b174
review_12787,class_7d54e6ff154ad392b174
review_12788,class_0eeaed02d1a961f133b4
review_12789,class_0eeaed02d1a961f133b4
review_12790,class_7d54e6ff154ad392b174
review_12791,class_e65aace9237833ec7752
review_12792,class_52da9457fdf6740afd51
review_12793,class_1cf1396a0c9bc53f37da
review_12794,class_7d54e6ff154ad392b174
review_12795,class_7d54e6ff154ad392b174
review_12796,class_52da9457fdf6740afd51
review_12797,class_7d54e6ff154ad392b174
review_12798,class_52da9457fdf6740afd51
review_12799,class_52da9457fdf6740afd51
review_12800,class_1cf1396a0c9bc53f37da
review_12801,class_7d54e6ff154ad392b174
review_12802,class_48075864b2596de25a65
review_12803,class_b89f90f328fa7e7781c0
review_12804,class_7d54e6ff154ad392b174
review_12805,class_0eeaed02d1a961f133b4
review_12806,class_b89f90f328fa7e7781c0
review_12807,class_0eeaed02d1a961f133b4
review_12808,class_7d54e6ff154ad392b174
review_12809,class_7d54e6ff154ad392b174
review_12810,class_52da9457fdf6740afd51
review_12811,class_52da9457fdf6740afd51
review_12812,class_52da9457fdf6740afd51
review_12813,class_0eeaed02d1a961f133b4
review_12814,class_7d54e6ff154ad392b174
review_12815,class_48075864b2596de25a65
review_12816,class_7d54e6ff154ad392b174
review_12817,class_f6efb94c9ae061247bed
review_12818,class_f6efb94c9ae061247bed
review_12819,class_f6efb94c9ae061247bed
review_12820,class_9deef4712756d30ffaa3
review_12821,class_5da3128be1ff7664a1b2
review_12822,class_f6efb94c9ae061247bed
review_12823,class_5da3128be1ff7664a1b2
review_12824,class_0eeaed02d1a961f133b4
review_12825,class_5da3128be1ff7664a1b2
review_12826,class_f6efb94c9ae061247bed
review_12827,class_f6efb94c9ae061247bed
review_12828,class_5da3128be1ff7664a1b2
review_12829,class_7d54e6ff154ad392b174
review_12830,class_f6efb94c9ae061247bed
review_12831,class_0eeaed02d1a961f133b4
review_12832,class_0eeaed02d1a961f133b4
review_12833,class_e65aace9237833ec7752
review_12834,class_0eeaed02d1a961f133b4
review_12835,class_f6efb94c9ae061247bed
review_12836,class_f6efb94c9ae061247bed
review_12837,class_5da3128be1ff7664a1b2
review_12838,class_52da9457fdf6740afd51
review_12839,class_e65aace9237833ec7752
review_12840,class_5da3128be1ff7664a1b2
review_12841,class_5da3128be1ff7664a1b2
review_12842,class_e65aace9237833ec7752
review_12843,class_5da3128be1ff7664a1b2
review_12844,class_5da3128be1ff7664a1b2
review_12845,class_f6efb94c9ae061247bed
review_12846,class_5da3128be1ff7664a1b2
review_12847,class_5da3128be1ff7664a1b2
review_12848,class_5da3128be1ff7664a1b2
review_12849,class_5da3128be1ff7664a1b2
review_12850,class_0eeaed02d1a961f133b4
review_12851,class_f6efb94c9ae061247bed
review_12852,class_f6efb94c9ae061247bed
review_12853,class_5da3128be1ff7664a1b2
review_12854,class_e65aace9237833ec7752
review_12855,class_e65aace9237833ec7752
review_12856,class_5da3128be1ff7664a1b2
review_12857,class_0eeaed02d1a961f133b4
review_12858,class_5da3128be1ff7664a1b2
review_12859,class_0eeaed02d1a961f133b4
review_12860,class_0eeaed02d1a961f133b4
review_12861,class_f6efb94c9ae061247bed
review_12862,class_f6efb94c9ae061247bed
review_12863,class_b7f740446b63715473af
review_12864,class_e65aace9237833ec7752
review_12865,class_7d54e6ff154ad392b174
review_12866,class_f6efb94c9ae061247bed
review_12867,class_7d54e6ff154ad392b174
review_12868,class_7d54e6ff154ad392b174
review_12869,class_0eeaed02d1a961f133b4
review_12870,class_7d54e6ff154ad392b174
review_12871,class_7d54e6ff154ad392b174
review_12872,class_5da3128be1ff7664a1b2
review_12873,class_1cf1396a0c9bc53f37da
review_12874,class_1318693c237b7b97c0c0
review_12875,class_7d54e6ff154ad392b174
review_12876,class_7d54e6ff154ad392b174
review_12877,class_7d54e6ff154ad392b174
review_12878,class_7d54e6ff154ad392b174
review_12879,class_5da3128be1ff7664a1b2
review_12880,class_5da3128be1ff7664a1b2
review_12881,class_7d54e6ff154ad392b174
review_12882,class_f6efb94c9ae061247bed
review_12883,class_1318693c237b7b97c0c0
review_12884,class_7d54e6ff154ad392b174
review_12885,class_7d54e6ff154ad392b174
review_12886,class_5da3128be1ff7664a1b2
review_12887,class_7d54e6ff154ad392b174
review_12888,class_52da9457fdf6740afd51
review_12889,class_52da9457fdf6740afd51
review_12890,class_9e32d15b246e504af33c
review_12891,class_1cf1396a0c9bc53f37da
review_12892,class_7d54e6ff154ad392b174
review_12893,class_52da9457fdf6740afd51
review_12894,class_1bc7e06ece0f38a60982
review_12895,class_0eeaed02d1a961f133b4
review_12896,class_1318693c237b7b97c0c0
review_12897,class_1318693c237b7b97c0c0
review_12898,class_1318693c237b7b97c0c0
review_12899,class_7d54e6ff154ad392b174
review_12900,class_1bc7e06ece0f38a60982
review_12901,class_7d54e6ff154ad392b174
review_12902,class_7d54e6ff154ad392b174
review_12903,class_7d54e6ff154ad392b174
review_12904,class_7d54e6ff154ad392b174
review_12905,class_1318693c237b7b97c0c0
review_12906,class_5da3128be1ff7664a1b2
review_12907,class_7d54e6ff154ad392b174
review_12908,class_7d54e6ff154ad392b174
review_12909,class_7d54e6ff154ad392b174
review_12910,class_7d54e6ff154ad392b174
review_12911,class_52da9457fdf6740afd51
review_12912,class_1bc7e06ece0f38a60982
review_12913,class_7d54e6ff154ad392b174
review_12914,class_7d54e6ff154ad392b174
review_12915,class_1318693c237b7b97c0c0
review_12916,class_1318693c237b7b97c0c0
review_12917,class_7d54e6ff154ad392b174
review_12918,class_7d54e6ff154ad392b174
review_12919,class_1bc7e06ece0f38a60982
review_12920,class_be68f8ed5877c11b8be4
review_12921,class_7d54e6ff154ad392b174
review_12922,class_f6efb94c9ae061247bed
review_12923,class_7d54e6ff154ad392b174
review_12924,class_1318693c237b7b97c0c0
review_12925,class_7d54e6ff154ad392b174
review_12926,class_7d54e6ff154ad392b174
review_12927,class_f6efb94c9ae061247bed
review_12928,class_f6efb94c9ae061247bed
review_12929,class_1318693c237b7b97c0c0
review_12930,class_7d54e6ff154ad392b174
review_12931,class_1318693c237b7b97c0c0
review_12932,class_7d54e6ff154ad392b174
review_12933,class_1318693c237b7b97c0c0
review_12934,class_1318693c237b7b97c0c0
review_12935,class_7d54e6ff154ad392b174
review_12936,class_7d54e6ff154ad392b174
review_12937,class_7d54e6ff154ad392b174
review_12938,class_1318693c237b7b97c0c0
review_12939,class_1318693c237b7b97c0c0
review_12940,class_52da9457fdf6740afd51
review_12941,class_1318693c237b7b97c0c0
review_12942,class_1318693c237b7b97c0c0
review_12943,class_1bc7e06ece0f38a60982
review_12944,class_52da9457fdf6740afd51
review_12945,class_b89f90f328fa7e7781c0
review_12946,class_b89f90f328fa7e7781c0
review_12947,class_1318693c237b7b97c0c0
review_12948,class_b7f740446b63715473af
review_12949,class_1bc7e06ece0f38a60982
review_12950,class_b89f90f328fa7e7781c0
review_12951,class_b7f740446b63715473af
review_12952,class_1bc7e06ece0f38a60982
review_12953,class_1bc7e06ece0f38a60982
review_12954,class_52da9457fdf6740afd51
review_12955,class_52438e68a549a636811e
review_12956,class_52da9457fdf6740afd51
review_12957,class_1bc7e06ece0f38a60982
review_12958,class_7d54e6ff154ad392b174
review_12959,class_1318693c237b7b97c0c0
review_12960,class_7d54e6ff154ad392b174
review_12961,class_1318693c237b7b97c0c0
review_12962,class_52da9457fdf6740afd51
review_12963,class_1318693c237b7b97c0c0
review_12964,class_52da9457fdf6740afd51
review_12965,class_52da9457fdf6740afd51
review_12966,class_52da9457fdf6740afd51
review_12967,class_f6efb94c9ae061247bed
review_12968,class_52da9457fdf6740afd51
review_12969,class_7d54e6ff154ad392b174
review_12970,class_52da9457fdf6740afd51
review_12971,class_7d54e6ff154ad392b174
review_12972,class_f6efb94c9ae061247bed
review_12973,class_1bc7e06ece0f38a60982
review_12974,class_1bc7e06ece0f38a60982
review_12975,class_7d54e6ff154ad392b174
review_12976,class_52da9457fdf6740afd51
review_12977,class_7d54e6ff154ad392b174
review_12978,class_7d54e6ff154ad392b174
review_12979,class_52da9457fdf6740afd51
review_12980,class_52da9457fdf6740afd51
review_12981,class_52da9457fdf6740afd51
review_12982,class_7d54e6ff154ad392b174
review_12983,class_52da9457fdf6740afd51
review_12984,class_7d54e6ff154ad392b174
review_12985,class_7d54e6ff154ad392b174
review_12986,class_7d54e6ff154ad392b174
review_12987,class_7d54e6ff154ad392b174
review_12988,class_1318693c237b7b97c0c0
review_12989,class_1318693c237b7b97c0c0
review_12990,class_f6efb94c9ae061247bed
review_12991,class_52da9457fdf6740afd51
review_12992,class_7d54e6ff154ad392b174
review_12993,class_52da9457fdf6740afd51
review_12994,class_52da9457fdf6740afd51
review_12995,class_7d54e6ff154ad392b174
review_12996,class_52da9457fdf6740afd51
review_12997,class_1bc7e06ece0f38a60982
review_12998,class_f6efb94c9ae061247bed
review_12999,class_7d54e6ff154ad392b174
review_13000,class_f6efb94c9ae061247bed
review_13001,class_1318693c237b7b97c0c0
review_13002,class_52da9457fdf6740afd51
review_13003,class_7d54e6ff154ad392b174
review_13004,class_1318693c237b7b97c0c0
review_13005,class_7d54e6ff154ad392b174
review_13006,class_7d54e6ff154ad392b174
review_13007,class_52da9457fdf6740afd51
review_13008,class_7d54e6ff154ad392b174
review_13009,class_7d54e6ff154ad392b174
review_13010,class_7d54e6ff154ad392b174
review_13011,class_e65aace9237833ec7752
review_13012,class_7d54e6ff154ad392b174
review_13013,class_e65aace9237833ec7752
review_13014,class_1318693c237b7b97c0c0
review_13015,class_e65aace9237833ec7752
review_13016,class_7d54e6ff154ad392b174
review_13017,class_e65aace9237833ec7752
review_13018,class_7d54e6ff154ad392b174
review_13019,class_e65aace9237833ec7752
review_13020,class_c3ca5f787365eae0dea8
review_13021,class_b7f740446b63715473af
review_13022,class_5da3128be1ff7664a1b2
review_13023,class_7d54e6ff154ad392b174
review_13024,class_1318693c237b7b97c0c0
review_13025,class_e65aace9237833ec7752
review_13026,class_9deef4712756d30ffaa3
review_13027,class_7d54e6ff154ad392b174
review_13028,class_e65aace9237833ec7752
review_13029,class_9deef4712756d30ffaa3
review_13030,class_e65aace9237833ec7752
review_13031,class_1318693c237b7b97c0c0
review_13032,class_7d54e6ff154ad392b174
review_13033,class_7d54e6ff154ad392b174
review_13034,class_7d54e6ff154ad392b174
review_13035,class_e65aace9237833ec7752
review_13036,class_e65aace9237833ec7752
review_13037,class_1cf1396a0c9bc53f37da
review_13038,class_e65aace9237833ec7752
review_13039,class_e65aace9237833ec7752
review_13040,class_7d54e6ff154ad392b174
review_13041,class_e65aace9237833ec7752
review_13042,class_7d54e6ff154ad392b174
review_13043,class_1318693c237b7b97c0c0
review_13044,class_1318693c237b7b97c0c0
review_13045,class_7d54e6ff154ad392b174
review_13046,class_e65aace9237833ec7752
review_13047,class_5da3128be1ff7664a1b2
review_13048,class_0eeaed02d1a961f133b4
review_13049,class_7d54e6ff154ad392b174
review_13050,class_1cf1396a0c9bc53f37da
review_13051,class_7d54e6ff154ad392b174
review_13052,class_1318693c237b7b97c0c0
review_13053,class_5da3128be1ff7664a1b2
review_13054,class_b7f740446b63715473af
review_13055,class_1cf1396a0c9bc53f37da
review_13056,class_1318693c237b7b97c0c0
review_13057,class_1318693c237b7b97c0c0
review_13058,class_1318693c237b7b97c0c0
review_13059,class_7d54e6ff154ad392b174
review_13060,class_52da9457fdf6740afd51
review_13061,class_7d54e6ff154ad392b174
review_13062,class_7d54e6ff154ad392b174
review_13063,class_1318693c237b7b97c0c0
review_13064,class_1318693c237b7b97c0c0
review_13065,class_1cf1396a0c9bc53f37da
review_13066,class_7d54e6ff154ad392b174
review_13067,class_5da3128be1ff7664a1b2
review_13068,class_7d54e6ff154ad392b174
review_13069,class_7d54e6ff154ad392b174
review_13070,class_7d54e6ff154ad392b174
review_13071,class_7d54e6ff154ad392b174
review_13072,class_7d54e6ff154ad392b174
review_13073,class_0eeaed02d1a961f133b4
review_13074,class_0eeaed02d1a961f133b4
review_13075,class_e65aace9237833ec7752
review_13076,class_5da3128be1ff7664a1b2
review_13077,class_7d54e6ff154ad392b174
review_13078,class_7d54e6ff154ad392b174
review_13079,class_7d54e6ff154ad392b174
review_13080,class_7d54e6ff154ad392b174
review_13081,class_1318693c237b7b97c0c0
review_13082,class_7d54e6ff154ad392b174
review_13083,class_1318693c237b7b97c0c0
review_13084,class_1cf1396a0c9bc53f37da
review_13085,class_7d54e6ff154ad392b174
review_13086,class_7d54e6ff154ad392b174
review_13087,class_1cf1396a0c9bc53f37da
review_13088,class_1cf1396a0c9bc53f37da
review_13089,class_7d54e6ff154ad392b174
review_13090,class_5da3128be1ff7664a1b2
review_13091,class_7d54e6ff154ad392b174
review_13092,class_7d54e6ff154ad392b174
review_13093,class_1318693c237b7b97c0c0
review_13094,class_1cf1396a0c9bc53f37da
review_13095,class_52da9457fdf6740afd51
review_13096,class_7d54e6ff154ad392b174
review_13097,class_7d54e6ff154ad392b174
review_13098,class_0eeaed02d1a961f133b4
review_13099,class_e65aace9237833ec7752
review_13100,class_1318693c237b7b97c0c0
review_13101,class_5da3128be1ff7664a1b2
review_13102,class_5da3128be1ff7664a1b2
review_13103,class_0eeaed02d1a961f133b4
review_13104,class_7d54e6ff154ad392b174
review_13105,class_1cf1396a0c9bc53f37da
review_13106,class_0eeaed02d1a961f133b4
review_13107,class_7d54e6ff154ad392b174
review_13108,class_1cf1396a0c9bc53f37da
review_13109,class_7d54e6ff154ad392b174
review_13110,class_7d54e6ff154ad392b174
review_13111,class_7d54e6ff154ad392b174
review_13112,class_7d54e6ff154ad392b174
review_13113,class_0eeaed02d1a961f133b4
review_13114,class_7d54e6ff154ad392b174
review_13115,class_7d54e6ff154ad392b174
review_13116,class_7d54e6ff154ad392b174
review_13117,class_7d54e6ff154ad392b174
review_13118,class_7d54e6ff154ad392b174
review_13119,class_5da3128be1ff7664a1b2
review_13120,class_1318693c237b7b97c0c0
review_13121,class_7d54e6ff154ad392b174
review_13122,class_7d54e6ff154ad392b174
review_13123,class_7d54e6ff154ad392b174
review_13124,class_7d54e6ff154ad392b174
review_13125,class_1318693c237b7b97c0c0
review_13126,class_7d54e6ff154ad392b174
review_13127,class_7d54e6ff154ad392b174
review_13128,class_5da3128be1ff7664a1b2
review_13129,class_7d54e6ff154ad392b174
review_13130,class_5da3128be1ff7664a1b2
review_13131,class_1318693c237b7b97c0c0
review_13132,class_7d54e6ff154ad392b174
review_13133,class_7d54e6ff154ad392b174
review_13134,class_7d54e6ff154ad392b174
review_13135,class_1318693c237b7b97c0c0
review_13136,class_1318693c237b7b97c0c0
review_13137,class_0eeaed02d1a961f133b4
review_13138,class_7d54e6ff154ad392b174
review_13139,class_5da3128be1ff7664a1b2
review_13140,class_7d54e6ff154ad392b174
review_13141,class_7d54e6ff154ad392b174
review_13142,class_1cf1396a0c9bc53f37da
review_13143,class_7d54e6ff154ad392b174
review_13144,class_5da3128be1ff7664a1b2
review_13145,class_7d54e6ff154ad392b174
review_13146,class_0eeaed02d1a961f133b4
review_13147,class_1cf1396a0c9bc53f37da
review_13148,class_1318693c237b7b97c0c0
review_13149,class_1318693c237b7b97c0c0
review_13150,class_7d54e6ff154ad392b174
review_13151,class_1318693c237b7b97c0c0
review_13152,class_1cf1396a0c9bc53f37da
review_13153,class_5da3128be1ff7664a1b2
review_13154,class_7d54e6ff154ad392b174
review_13155,class_1cf1396a0c9bc53f37da
review_13156,class_1cf1396a0c9bc53f37da
review_13157,class_7d54e6ff154ad392b174
review_13158,class_1318693c237b7b97c0c0
review_13159,class_5da3128be1ff7664a1b2
review_13160,class_7d54e6ff154ad392b174
review_13161,class_5da3128be1ff7664a1b2
review_13162,class_7d54e6ff154ad392b174
review_13163,class_1318693c237b7b97c0c0
review_13164,class_7d54e6ff154ad392b174
review_13165,class_7d54e6ff154ad392b174
review_13166,class_7d54e6ff154ad392b174
review_13167,class_7d54e6ff154ad392b174
review_13168,class_7d54e6ff154ad392b174
review_13169,class_7d54e6ff154ad392b174
review_13170,class_7d54e6ff154ad392b174
review_13171,class_52da9457fdf6740afd51
review_13172,class_7d54e6ff154ad392b174
review_13173,class_7d54e6ff154ad392b174
review_13174,class_7d54e6ff154ad392b174
review_13175,class_7d54e6ff154ad392b174
review_13176,class_7d54e6ff154ad392b174
review_13177,class_1cf1396a0c9bc53f37da
review_13178,class_1cf1396a0c9bc53f37da
review_13179,class_9e32d15b246e504af33c
review_13180,class_7d54e6ff154ad392b174
review_13181,class_7d54e6ff154ad392b174
review_13182,class_7d54e6ff154ad392b174
review_13183,class_7d54e6ff154ad392b174
review_13184,class_7d54e6ff154ad392b174
review_13185,class_1318693c237b7b97c0c0
review_13186,class_7d54e6ff154ad392b174
review_13187,class_7d54e6ff154ad392b174
review_13188,class_7d54e6ff154ad392b174
review_13189,class_7d54e6ff154ad392b174
review_13190,class_7d54e6ff154ad392b174
review_13191,class_7d54e6ff154ad392b174
review_13192,class_1cf1396a0c9bc53f37da
review_13193,class_52438e68a549a636811e
review_13194,class_7d54e6ff154ad392b174
review_13195,class_7d54e6ff154ad392b174
review_13196,class_7d54e6ff154ad392b174
review_13197,class_52da9457fdf6740afd51
review_13198,class_7d54e6ff154ad392b174
review_13199,class_7d54e6ff154ad392b174
review_13200,class_7d54e6ff154ad392b174
review_13201,class_52da9457fdf6740afd51
review_13202,class_7d54e6ff154ad392b174
review_13203,class_1cf1396a0c9bc53f37da
review_13204,class_7d54e6ff154ad392b174
review_13205,class_1cf1396a0c9bc53f37da
review_13206,class_52da9457fdf6740afd51
review_13207,class_7d54e6ff154ad392b174
review_13208,class_7d54e6ff154ad392b174
review_13209,class_7d54e6ff154ad392b174
review_13210,class_7d54e6ff154ad392b174
review_13211,class_7d54e6ff154ad392b174
review_13212,class_7d54e6ff154ad392b174
review_13213,class_7d54e6ff154ad392b174
review_13214,class_7d54e6ff154ad392b174
review_13215,class_52da9457fdf6740afd51
review_13216,class_7d54e6ff154ad392b174
review_13217,class_7d54e6ff154ad392b174
review_13218,class_7d54e6ff154ad392b174
review_13219,class_7d54e6ff154ad392b174
review_13220,class_7d54e6ff154ad392b174
review_13221,class_7d54e6ff154ad392b174
review_13222,class_7d54e6ff154ad392b174
review_13223,class_9e32d15b246e504af33c
review_13224,class_7d54e6ff154ad392b174
review_13225,class_7d54e6ff154ad392b174
review_13226,class_7d54e6ff154ad392b174
review_13227,class_1318693c237b7b97c0c0
review_13228,class_7d54e6ff154ad392b174
review_13229,class_e65aace9237833ec7752
review_13230,class_7d54e6ff154ad392b174
review_13231,class_7d54e6ff154ad392b174
review_13232,class_7d54e6ff154ad392b174
review_13233,class_7d54e6ff154ad392b174
review_13234,class_7d54e6ff154ad392b174
review_13235,class_7d54e6ff154ad392b174
review_13236,class_52da9457fdf6740afd51
review_13237,class_9e32d15b246e504af33c
review_13238,class_7d54e6ff154ad392b174
review_13239,class_1cf1396a0c9bc53f37da
review_13240,class_7d54e6ff154ad392b174
review_13241,class_9e32d15b246e504af33c
review_13242,class_7d54e6ff154ad392b174
review_13243,class_7d54e6ff154ad392b174
review_13244,class_7d54e6ff154ad392b174
review_13245,class_7d54e6ff154ad392b174
review_13246,class_7d54e6ff154ad392b174
review_13247,class_7d54e6ff154ad392b174
review_13248,class_7d54e6ff154ad392b174
review_13249,class_7d54e6ff154ad392b174
review_13250,class_9e32d15b246e504af33c
review_13251,class_9e32d15b246e504af33c
review_13252,class_7d54e6ff154ad392b174
review_13253,class_9e32d15b246e504af33c
review_13254,class_7d54e6ff154ad392b174
review_13255,class_7d54e6ff154ad392b174
review_13256,class_1bc7e06ece0f38a60982
review_13257,class_1318693c237b7b97c0c0
review_13258,class_1cf1396a0c9bc53f37da
review_13259,class_1bc7e06ece0f38a60982
review_13260,class_9deef4712756d30ffaa3
review_13261,class_52da9457fdf6740afd51
review_13262,class_9deef4712756d30ffaa3
review_13263,class_9deef4712756d30ffaa3
review_13264,class_1318693c237b7b97c0c0
review_13265,class_1bc7e06ece0f38a60982
review_13266,class_9deef4712756d30ffaa3
review_13267,class_1318693c237b7b97c0c0
review_13268,class_1318693c237b7b97c0c0
review_13269,class_1bc7e06ece0f38a60982
review_13270,class_9deef4712756d30ffaa3
review_13271,class_1318693c237b7b97c0c0
review_13272,class_9deef4712756d30ffaa3
review_13273,class_1318693c237b7b97c0c0
review_13274,class_0eeaed02d1a961f133b4
review_13275,class_9deef4712756d30ffaa3
review_13276,class_1318693c237b7b97c0c0
review_13277,class_1cf1396a0c9bc53f37da
review_13278,class_1318693c237b7b97c0c0
review_13279,class_1318693c237b7b97c0c0
review_13280,class_9deef4712756d30ffaa3
review_13281,class_1318693c237b7b97c0c0
review_13282,class_1318693c237b7b97c0c0
review_13283,class_1318693c237b7b97c0c0
review_13284,class_1318693c237b7b97c0c0
review_13285,class_9deef4712756d30ffaa3
review_13286,class_1bc7e06ece0f38a60982
review_13287,class_f6efb94c9ae061247bed
review_13288,class_1318693c237b7b97c0c0
review_13289,class_f6efb94c9ae061247bed
review_13290,class_1318693c237b7b97c0c0
review_13291,class_0eeaed02d1a961f133b4
review_13292,class_52da9457fdf6740afd51
review_13293,class_1318693c237b7b97c0c0
review_13294,class_1318693c237b7b97c0c0
review_13295,class_1318693c237b7b97c0c0
review_13296,class_1bc7e06ece0f38a60982
review_13297,class_1318693c237b7b97c0c0
review_13298,class_1bc7e06ece0f38a60982
review_13299,class_52da9457fdf6740afd51
review_13300,class_1cf1396a0c9bc53f37da
review_13301,class_52da9457fdf6740afd51
review_13302,class_52da9457fdf6740afd51
review_13303,class_1cf1396a0c9bc53f37da
review_13304,class_1bc7e06ece0f38a60982
review_13305,class_f6efb94c9ae061247bed
review_13306,class_1cf1396a0c9bc53f37da
review_13307,class_52da9457fdf6740afd51
review_13308,class_1cf1396a0c9bc53f37da
review_13309,class_1bc7e06ece0f38a60982
review_13310,class_1bc7e06ece0f38a60982
review_13311,class_1cf1396a0c9bc53f37da
review_13312,class_e65aace9237833ec7752
review_13313,class_52da9457fdf6740afd51
review_13314,class_7d54e6ff154ad392b174
review_13315,class_1cf1396a0c9bc53f37da
review_13316,class_1cf1396a0c9bc53f37da
review_13317,class_52da9457fdf6740afd51
review_13318,class_7d54e6ff154ad392b174
review_13319,class_1cf1396a0c9bc53f37da
review_13320,class_7d54e6ff154ad392b174
review_13321,class_1318693c237b7b97c0c0
review_13322,class_7d54e6ff154ad392b174
review_13323,class_1cf1396a0c9bc53f37da
review_13324,class_1cf1396a0c9bc53f37da
review_13325,class_e65aace9237833ec7752
review_13326,class_1cf1396a0c9bc53f37da
review_13327,class_1cf1396a0c9bc53f37da
review_13328,class_5da3128be1ff7664a1b2
review_13329,class_1cf1396a0c9bc53f37da
review_13330,class_1bc7e06ece0f38a60982
review_13331,class_1bc7e06ece0f38a60982
review_13332,class_52da9457fdf6740afd51
review_13333,class_5da3128be1ff7664a1b2
review_13334,class_52da9457fdf6740afd51
review_13335,class_1cf1396a0c9bc53f37da
review_13336,class_1cf1396a0c9bc53f37da
review_13337,class_1cf1396a0c9bc53f37da
review_13338,class_0eeaed02d1a961f133b4
review_13339,class_52da9457fdf6740afd51
review_13340,class_52da9457fdf6740afd51
review_13341,class_52da9457fdf6740afd51
review_13342,class_7d54e6ff154ad392b174
review_13343,class_1cf1396a0c9bc53f37da
review_13344,class_52da9457fdf6740afd51
review_13345,class_1bc7e06ece0f38a60982
review_13346,class_f6efb94c9ae061247bed
review_13347,class_1cf1396a0c9bc53f37da
review_13348,class_1cf1396a0c9bc53f37da
review_13349,class_1cf1396a0c9bc53f37da
review_13350,class_1cf1396a0c9bc53f37da
review_13351,class_1cf1396a0c9bc53f37da
review_13352,class_f6efb94c9ae061247bed
review_13353,class_1cf1396a0c9bc53f37da
review_13354,class_b89f90f328fa7e7781c0
review_13355,class_1bc7e06ece0f38a60982
review_13356,class_1cf1396a0c9bc53f37da
review_13357,class_7d54e6ff154ad392b174
review_13358,class_1bc7e06ece0f38a60982
review_13359,class_1bc7e06ece0f38a60982
review_13360,class_1bc7e06ece0f38a60982
review_13361,class_5da3128be1ff7664a1b2
review_13362,class_1bc7e06ece0f38a60982
review_13363,class_1bc7e06ece0f38a60982
review_13364,class_1bc7e06ece0f38a60982
review_13365,class_1318693c237b7b97c0c0
review_13366,class_1bc7e06ece0f38a60982
review_13367,class_7d54e6ff154ad392b174
review_13368,class_7d54e6ff154ad392b174
review_13369,class_7d54e6ff154ad392b174
review_13370,class_7d54e6ff154ad392b174
review_13371,class_9deef4712756d30ffaa3
review_13372,class_9deef4712756d30ffaa3
review_13373,class_7d54e6ff154ad392b174
review_13374,class_7d54e6ff154ad392b174
review_13375,class_1318693c237b7b97c0c0
review_13376,class_1318693c237b7b97c0c0
review_13377,class_9deef4712756d30ffaa3
review_13378,class_7d54e6ff154ad392b174
review_13379,class_e65aace9237833ec7752
review_13380,class_7d54e6ff154ad392b174
review_13381,class_7d54e6ff154ad392b174
review_13382,class_7d54e6ff154ad392b174
review_13383,class_7d54e6ff154ad392b174
review_13384,class_7d54e6ff154ad392b174
review_13385,class_7d54e6ff154ad392b174
review_13386,class_f6efb94c9ae061247bed
review_13387,class_5da3128be1ff7664a1b2
review_13388,class_1318693c237b7b97c0c0
review_13389,class_7d54e6ff154ad392b174
review_13390,class_1318693c237b7b97c0c0
review_13391,class_f6efb94c9ae061247bed
review_13392,class_7d54e6ff154ad392b174
review_13393,class_7d54e6ff154ad392b174
review_13394,class_7d54e6ff154ad392b174
review_13395,class_7d54e6ff154ad392b174
review_13396,class_5da3128be1ff7664a1b2
review_13397,class_7d54e6ff154ad392b174
review_13398,class_7d54e6ff154ad392b174
review_13399,class_1318693c237b7b97c0c0
review_13400,class_1318693c237b7b97c0c0
review_13401,class_e65aace9237833ec7752
review_13402,class_1318693c237b7b97c0c0
review_13403,class_1bc7e06ece0f38a60982
review_13404,class_7d54e6ff154ad392b174
review_13405,class_1bc7e06ece0f38a60982
review_13406,class_1318693c237b7b97c0c0
review_13407,class_7d54e6ff154ad392b174
review_13408,class_1318693c237b7b97c0c0
review_13409,class_1bc7e06ece0f38a60982
review_13410,class_7d54e6ff154ad392b174
review_13411,class_7d54e6ff154ad392b174
review_13412,class_7d54e6ff154ad392b174
review_13413,class_7d54e6ff154ad392b174
review_13414,class_1318693c237b7b97c0c0
review_13415,class_1318693c237b7b97c0c0
review_13416,class_7d54e6ff154ad392b174
review_13417,class_48075864b2596de25a65
review_13418,class_1bc7e06ece0f38a60982
review_13419,class_1bc7e06ece0f38a60982
review_13420,class_7d54e6ff154ad392b174
review_13421,class_7d54e6ff154ad392b174
review_13422,class_7d54e6ff154ad392b174
review_13423,class_7d54e6ff154ad392b174
review_13424,class_7d54e6ff154ad392b174
review_13425,class_7d54e6ff154ad392b174
review_13426,class_1318693c237b7b97c0c0
review_13427,class_7d54e6ff154ad392b174
review_13428,class_7d54e6ff154ad392b174
review_13429,class_e65aace9237833ec7752
review_13430,class_4e1ff09fdbe6a9fc478f
review_13431,class_7d54e6ff154ad392b174
review_13432,class_c3ca5f787365eae0dea8
review_13433,class_1318693c237b7b97c0c0
review_13434,class_7d54e6ff154ad392b174
review_13435,class_1cf1396a0c9bc53f37da
review_13436,class_1cf1396a0c9bc53f37da
review_13437,class_be68f8ed5877c11b8be4
review_13438,class_be68f8ed5877c11b8be4
review_13439,class_1bc7e06ece0f38a60982
review_13440,class_be68f8ed5877c11b8be4
review_13441,class_1cf1396a0c9bc53f37da
review_13442,class_1bc7e06ece0f38a60982
review_13443,class_1cf1396a0c9bc53f37da
review_13444,class_1cf1396a0c9bc53f37da
review_13445,class_1cf1396a0c9bc53f37da
review_13446,class_1bc7e06ece0f38a60982
review_13447,class_be68f8ed5877c11b8be4
review_13448,class_7d54e6ff154ad392b174
review_13449,class_be68f8ed5877c11b8be4
review_13450,class_7d54e6ff154ad392b174
review_13451,class_be68f8ed5877c11b8be4
review_13452,class_7d54e6ff154ad392b174
review_13453,class_be68f8ed5877c11b8be4
review_13454,class_1bc7e06ece0f38a60982
review_13455,class_be68f8ed5877c11b8be4
review_13456,class_7d54e6ff154ad392b174
review_13457,class_be68f8ed5877c11b8be4
review_13458,class_1bc7e06ece0f38a60982
review_13459,class_b89f90f328fa7e7781c0
review_13460,class_1cf1396a0c9bc53f37da
review_13461,class_e65aace9237833ec7752
review_13462,class_be68f8ed5877c11b8be4
review_13463,class_1cf1396a0c9bc53f37da
review_13464,class_1bc7e06ece0f38a60982
review_13465,class_e65aace9237833ec7752
review_13466,class_1318693c237b7b97c0c0
review_13467,class_b89f90f328fa7e7781c0
review_13468,class_7d54e6ff154ad392b174
review_13469,class_b89f90f328fa7e7781c0
review_13470,class_1cf1396a0c9bc53f37da
review_13471,class_7d54e6ff154ad392b174
review_13472,class_be68f8ed5877c11b8be4
review_13473,class_1cf1396a0c9bc53f37da
review_13474,class_1bc7e06ece0f38a60982
review_13475,class_7d54e6ff154ad392b174
review_13476,class_b89f90f328fa7e7781c0
review_13477,class_1bc7e06ece0f38a60982
review_13478,class_7d54e6ff154ad392b174
review_13479,class_7d54e6ff154ad392b174
review_13480,class_1bc7e06ece0f38a60982
review_13481,class_7d54e6ff154ad392b174
review_13482,class_7d54e6ff154ad392b174
review_13483,class_7d54e6ff154ad392b174
review_13484,class_7d54e6ff154ad392b174
review_13485,class_1318693c237b7b97c0c0
review_13486,class_1318693c237b7b97c0c0
review_13487,class_1318693c237b7b97c0c0
review_13488,class_9deef4712756d30ffaa3
review_13489,class_1318693c237b7b97c0c0
review_13490,class_7d54e6ff154ad392b174
review_13491,class_9deef4712756d30ffaa3
review_13492,class_7d54e6ff154ad392b174
review_13493,class_9deef4712756d30ffaa3
review_13494,class_1318693c237b7b97c0c0
review_13495,class_7d54e6ff154ad392b174
review_13496,class_1318693c237b7b97c0c0
review_13497,class_1318693c237b7b97c0c0
review_13498,class_7d54e6ff154ad392b174
review_13499,class_1318693c237b7b97c0c0
review_13500,class_1318693c237b7b97c0c0
review_13501,class_9deef4712756d30ffaa3
review_13502,class_1bc7e06ece0f38a60982
review_13503,class_7d54e6ff154ad392b174
review_13504,class_e65aace9237833ec7752
review_13505,class_7d54e6ff154ad392b174
review_13506,class_e65aace9237833ec7752
review_13507,class_7d54e6ff154ad392b174
review_13508,class_e65aace9237833ec7752
review_13509,class_e65aace9237833ec7752
review_13510,class_1318693c237b7b97c0c0
review_13511,class_1318693c237b7b97c0c0
review_13512,class_e65aace9237833ec7752
review_13513,class_7d54e6ff154ad392b174
review_13514,class_9deef4712756d30ffaa3
review_13515,class_9deef4712756d30ffaa3
review_13516,class_1318693c237b7b97c0c0
review_13517,class_e65aace9237833ec7752
review_13518,class_1318693c237b7b97c0c0
review_13519,class_7d54e6ff154ad392b174
review_13520,class_7d54e6ff154ad392b174
review_13521,class_e65aace9237833ec7752
review_13522,class_7d54e6ff154ad392b174
review_13523,class_9deef4712756d30ffaa3
review_13524,class_1318693c237b7b97c0c0
review_13525,class_1318693c237b7b97c0c0
review_13526,class_9deef4712756d30ffaa3
review_13527,class_e65aace9237833ec7752
review_13528,class_e65aace9237833ec7752
review_13529,class_7d54e6ff154ad392b174
review_13530,class_9deef4712756d30ffaa3
review_13531,class_e65aace9237833ec7752
review_13532,class_0eeaed02d1a961f133b4
review_13533,class_1bc7e06ece0f38a60982
review_13534,class_1318693c237b7b97c0c0
review_13535,class_7d54e6ff154ad392b174
review_13536,class_1318693c237b7b97c0c0
review_13537,class_e65aace9237833ec7752
review_13538,class_7d54e6ff154ad392b174
review_13539,class_9deef4712756d30ffaa3
review_13540,class_e65aace9237833ec7752
review_13541,class_9deef4712756d30ffaa3
review_13542,class_7d54e6ff154ad392b174
review_13543,class_1318693c237b7b97c0c0
review_13544,class_7d54e6ff154ad392b174
review_13545,class_1318693c237b7b97c0c0
review_13546,class_7d54e6ff154ad392b174
review_13547,class_7d54e6ff154ad392b174
review_13548,class_1bc7e06ece0f38a60982
review_13549,class_7d54e6ff154ad392b174
review_13550,class_1318693c237b7b97c0c0
review_13551,class_e65aace9237833ec7752
review_13552,class_1bc7e06ece0f38a60982
review_13553,class_1318693c237b7b97c0c0
review_13554,class_e65aace9237833ec7752
review_13555,class_e65aace9237833ec7752
review_13556,class_7d54e6ff154ad392b174
review_13557,class_7d54e6ff154ad392b174
review_13558,class_7d54e6ff154ad392b174
review_13559,class_1bc7e06ece0f38a60982
review_13560,class_1bc7e06ece0f38a60982
review_13561,class_7d54e6ff154ad392b174
review_13562,class_7d54e6ff154ad392b174
review_13563,class_7d54e6ff154ad392b174
review_13564,class_7d54e6ff154ad392b174
review_13565,class_7d54e6ff154ad392b174
review_13566,class_52da9457fdf6740afd51
review_13567,class_7d54e6ff154ad392b174
review_13568,class_7d54e6ff154ad392b174
review_13569,class_7d54e6ff154ad392b174
review_13570,class_7d54e6ff154ad392b174
review_13571,class_7d54e6ff154ad392b174
review_13572,class_7d54e6ff154ad392b174
review_13573,class_7d54e6ff154ad392b174
review_13574,class_7d54e6ff154ad392b174
review_13575,class_7d54e6ff154ad392b174
review_13576,class_7d54e6ff154ad392b174
review_13577,class_7d54e6ff154ad392b174
review_13578,class_7d54e6ff154ad392b174
review_13579,class_7d54e6ff154ad392b174
review_13580,class_52da9457fdf6740afd51
review_13581,class_7d54e6ff154ad392b174
review_13582,class_0eeaed02d1a961f133b4
review_13583,class_7d54e6ff154ad392b174
review_13584,class_7d54e6ff154ad392b174
review_13585,class_7d54e6ff154ad392b174
review_13586,class_1bc7e06ece0f38a60982
review_13587,class_1bc7e06ece0f38a60982
review_13588,class_f6efb94c9ae061247bed
review_13589,class_7d54e6ff154ad392b174
review_13590,class_1bc7e06ece0f38a60982
review_13591,class_1bc7e06ece0f38a60982
review_13592,class_1bc7e06ece0f38a60982
review_13593,class_7d54e6ff154ad392b174
review_13594,class_1bc7e06ece0f38a60982
review_13595,class_52da9457fdf6740afd51
review_13596,class_7d54e6ff154ad392b174
review_13597,class_1bc7e06ece0f38a60982
review_13598,class_7d54e6ff154ad392b174
review_13599,class_7d54e6ff154ad392b174
review_13600,class_7d54e6ff154ad392b174
review_13601,class_7d54e6ff154ad392b174
review_13602,class_1bc7e06ece0f38a60982
review_13603,class_7d54e6ff154ad392b174
review_13604,class_7d54e6ff154ad392b174
review_13605,class_7d54e6ff154ad392b174
review_13606,class_52da9457fdf6740afd51
review_13607,class_7d54e6ff154ad392b174
review_13608,class_be68f8ed5877c11b8be4
review_13609,class_7d54e6ff154ad392b174
review_13610,class_7d54e6ff154ad392b174
review_13611,class_7d54e6ff154ad392b174
review_13612,class_7d54e6ff154ad392b174
review_13613,class_1bc7e06ece0f38a60982
review_13614,class_7d54e6ff154ad392b174
review_13615,class_7d54e6ff154ad392b174
review_13616,class_7d54e6ff154ad392b174
review_13617,class_7d54e6ff154ad392b174
review_13618,class_7d54e6ff154ad392b174
review_13619,class_7d54e6ff154ad392b174
review_13620,class_1bc7e06ece0f38a60982
review_13621,class_7d54e6ff154ad392b174
review_13622,class_7d54e6ff154ad392b174
review_13623,class_7d54e6ff154ad392b174
review_13624,class_7d54e6ff154ad392b174
review_13625,class_7d54e6ff154ad392b174
review_13626,class_7d54e6ff154ad392b174
review_13627,class_7d54e6ff154ad392b174
review_13628,class_7d54e6ff154ad392b174
review_13629,class_7d54e6ff154ad392b174
review_13630,class_7d54e6ff154ad392b174
review_13631,class_7d54e6ff154ad392b174
review_13632,class_7d54e6ff154ad392b174
review_13633,class_7d54e6ff154ad392b174
review_13634,class_7d54e6ff154ad392b174
review_13635,class_7d54e6ff154ad392b174
review_13636,class_7d54e6ff154ad392b174
review_13637,class_7d54e6ff154ad392b174
review_13638,class_7d54e6ff154ad392b174
review_13639,class_7d54e6ff154ad392b174
review_13640,class_f6efb94c9ae061247bed
review_13641,class_7d54e6ff154ad392b174
review_13642,class_7d54e6ff154ad392b174
review_13643,class_7d54e6ff154ad392b174
review_13644,class_7d54e6ff154ad392b174
review_13645,class_7d54e6ff154ad392b174
review_13646,class_7d54e6ff154ad392b174
review_13647,class_1318693c237b7b97c0c0
review_13648,class_7d54e6ff154ad392b174
review_13649,class_7d54e6ff154ad392b174
review_13650,class_7d54e6ff154ad392b174
review_13651,class_7d54e6ff154ad392b174
review_13652,class_9deef4712756d30ffaa3
review_13653,class_7d54e6ff154ad392b174
review_13654,class_7d54e6ff154ad392b174
review_13655,class_b89f90f328fa7e7781c0
review_13656,class_7d54e6ff154ad392b174
review_13657,class_7d54e6ff154ad392b174
review_13658,class_7d54e6ff154ad392b174
review_13659,class_1bc7e06ece0f38a60982
review_13660,class_7d54e6ff154ad392b174
review_13661,class_7d54e6ff154ad392b174
review_13662,class_0eeaed02d1a961f133b4
review_13663,class_7d54e6ff154ad392b174
review_13664,class_52da9457fdf6740afd51
review_13665,class_0eeaed02d1a961f133b4
review_13666,class_1cf1396a0c9bc53f37da
review_13667,class_f6efb94c9ae061247bed
review_13668,class_52da9457fdf6740afd51
review_13669,class_e65aace9237833ec7752
review_13670,class_5da3128be1ff7664a1b2
review_13671,class_7d54e6ff154ad392b174
review_13672,class_0eeaed02d1a961f133b4
review_13673,class_0eeaed02d1a961f133b4
review_13674,class_7d54e6ff154ad392b174
review_13675,class_b89f90f328fa7e7781c0
review_13676,class_1bc7e06ece0f38a60982
review_13677,class_0eeaed02d1a961f133b4
review_13678,class_f6efb94c9ae061247bed
review_13679,class_1bc7e06ece0f38a60982
review_13680,class_7d54e6ff154ad392b174
review_13681,class_1bc7e06ece0f38a60982
review_13682,class_1bc7e06ece0f38a60982
review_13683,class_1cf1396a0c9bc53f37da
review_13684,class_f6efb94c9ae061247bed
review_13685,class_0eeaed02d1a961f133b4
review_13686,class_0eeaed02d1a961f133b4
review_13687,class_52da9457fdf6740afd51
review_13688,class_7d54e6ff154ad392b174
review_13689,class_52da9457fdf6740afd51
review_13690,class_0eeaed02d1a961f133b4
review_13691,class_1bc7e06ece0f38a60982
review_13692,class_1bc7e06ece0f38a60982
review_13693,class_52da9457fdf6740afd51
review_13694,class_5da3128be1ff7664a1b2
review_13695,class_7d54e6ff154ad392b174
review_13696,class_0eeaed02d1a961f133b4
review_13697,class_1bc7e06ece0f38a60982
review_13698,class_52da9457fdf6740afd51
review_13699,class_0eeaed02d1a961f133b4
review_13700,class_1318693c237b7b97c0c0
review_13701,class_0eeaed02d1a961f133b4
review_13702,class_1bc7e06ece0f38a60982
review_13703,class_1bc7e06ece0f38a60982
review_13704,class_1bc7e06ece0f38a60982
review_13705,class_5da3128be1ff7664a1b2
review_13706,class_1bc7e06ece0f38a60982
review_13707,class_0eeaed02d1a961f133b4
review_13708,class_1318693c237b7b97c0c0
review_13709,class_0eeaed02d1a961f133b4
review_13710,class_1bc7e06ece0f38a60982
review_13711,class_1bc7e06ece0f38a60982
review_13712,class_1bc7e06ece0f38a60982
review_13713,class_1bc7e06ece0f38a60982
review_13714,class_7d54e6ff154ad392b174
review_13715,class_7d54e6ff154ad392b174
review_13716,class_1bc7e06ece0f38a60982
review_13717,class_1bc7e06ece0f38a60982
review_13718,class_1bc7e06ece0f38a60982
review_13719,class_7d54e6ff154ad392b174
review_13720,class_1bc7e06ece0f38a60982
review_13721,class_7d54e6ff154ad392b174
review_13722,class_1bc7e06ece0f38a60982
review_13723,class_7d54e6ff154ad392b174
review_13724,class_7d54e6ff154ad392b174
review_13725,class_1bc7e06ece0f38a60982
review_13726,class_7d54e6ff154ad392b174
review_13727,class_1bc7e06ece0f38a60982
review_13728,class_1cf1396a0c9bc53f37da
review_13729,class_1bc7e06ece0f38a60982
review_13730,class_1bc7e06ece0f38a60982
review_13731,class_1bc7e06ece0f38a60982
review_13732,class_1bc7e06ece0f38a60982
review_13733,class_7d54e6ff154ad392b174
review_13734,class_7d54e6ff154ad392b174
review_13735,class_1bc7e06ece0f38a60982
review_13736,class_7d54e6ff154ad392b174
review_13737,class_7d54e6ff154ad392b174
review_13738,class_1cf1396a0c9bc53f37da
review_13739,class_1bc7e06ece0f38a60982
review_13740,class_52da9457fdf6740afd51
review_13741,class_7d54e6ff154ad392b174
review_13742,class_1bc7e06ece0f38a60982
review_13743,class_7d54e6ff154ad392b174
review_13744,class_7d54e6ff154ad392b174
review_13745,class_7d54e6ff154ad392b174
review_13746,class_7d54e6ff154ad392b174
review_13747,class_7d54e6ff154ad392b174
review_13748,class_52da9457fdf6740afd51
review_13749,class_7d54e6ff154ad392b174
review_13750,class_1bc7e06ece0f38a60982
review_13751,class_9deef4712756d30ffaa3
review_13752,class_1bc7e06ece0f38a60982
review_13753,class_9deef4712756d30ffaa3
review_13754,class_1bc7e06ece0f38a60982
review_13755,class_1bc7e06ece0f38a60982
review_13756,class_7d54e6ff154ad392b174
review_13757,class_7d54e6ff154ad392b174
review_13758,class_7d54e6ff154ad392b174
review_13759,class_7d54e6ff154ad392b174
review_13760,class_1bc7e06ece0f38a60982
review_13761,class_1bc7e06ece0f38a60982
review_13762,class_1bc7e06ece0f38a60982
review_13763,class_7d54e6ff154ad392b174
review_13764,class_7d54e6ff154ad392b174
review_13765,class_1bc7e06ece0f38a60982
review_13766,class_7d54e6ff154ad392b174
review_13769,class_7d54e6ff154ad392b174
review_13770,class_1bc7e06ece0f38a60982
review_13771,class_7d54e6ff154ad392b174
review_13772,class_7d54e6ff154ad392b174
review_13773,class_e65aace9237833ec7752
review_13774,class_7d54e6ff154ad392b174
review_13775,class_7d54e6ff154ad392b174
review_13776,class_7d54e6ff154ad392b174
review_13777,class_7d54e6ff154ad392b174
review_13778,class_7d54e6ff154ad392b174
review_13779,class_e65aace9237833ec7752
review_13780,class_7d54e6ff154ad392b174
review_13781,class_7d54e6ff154ad392b174
review_13782,class_7d54e6ff154ad392b174
review_13783,class_5da3128be1ff7664a1b2
review_13784,class_7d54e6ff154ad392b174
review_13785,class_e65aace9237833ec7752
review_13786,class_e65aace9237833ec7752
review_13788,class_52da9457fdf6740afd51
review_13789,class_7d54e6ff154ad392b174
review_13790,class_7d54e6ff154ad392b174
review_13791,class_52da9457fdf6740afd51
review_13792,class_7d54e6ff154ad392b174
review_13793,class_1bc7e06ece0f38a60982
review_13794,class_7d54e6ff154ad392b174
review_13795,class_1bc7e06ece0f38a60982
review_13796,class_1bc7e06ece0f38a60982
review_13797,class_1bc7e06ece0f38a60982
review_13798,class_7d54e6ff154ad392b174
review_13799,class_7d54e6ff154ad392b174
review_13800,class_1bc7e06ece0f38a60982
review_13801,class_1bc7e06ece0f38a60982
review_13802,class_7d54e6ff154ad392b174
review_13803,class_7d54e6ff154ad392b174
review_13804,class_7d54e6ff154ad392b174
review_13805,class_7d54e6ff154ad392b174
review_13806,class_7d54e6ff154ad392b174
review_13807,class_7d54e6ff154ad392b174
review_13808,class_1bc7e06ece0f38a60982
review_13809,class_7d54e6ff154ad392b174
review_13810,class_7d54e6ff154ad392b174
review_13811,class_52da9457fdf6740afd51
review_13812,class_9deef4712756d30ffaa3
review_13813,class_7d54e6ff154ad392b174
review_13814,class_7d54e6ff154ad392b174
review_13815,class_7d54e6ff154ad392b174
review_13816,class_1cf1396a0c9bc53f37da
review_13817,class_52da9457fdf6740afd51
review_13818,class_52da9457fdf6740afd51
review_13819,class_1bc7e06ece0f38a60982
review_13820,class_7d54e6ff154ad392b174
review_13821,class_9deef4712756d30ffaa3
review_13822,class_5da3128be1ff7664a1b2
review_13823,class_7d54e6ff154ad392b174
review_13824,class_9deef4712756d30ffaa3
review_13825,class_7d54e6ff154ad392b174
review_13826,class_7d54e6ff154ad392b174
review_13827,class_7d54e6ff154ad392b174
review_13828,class_e65aace9237833ec7752
review_13829,class_e65aace9237833ec7752
review_13830,class_1bc7e06ece0f38a60982
review_13831,class_52da9457fdf6740afd51
review_13832,class_7d54e6ff154ad392b174
review_13833,class_9deef4712756d30ffaa3
review_13834,class_7d54e6ff154ad392b174
review_13835,class_7d54e6ff154ad392b174
review_13836,class_1bc7e06ece0f38a60982
review_13837,class_7d54e6ff154ad392b174
review_13838,class_7d54e6ff154ad392b174
review_13839,class_7d54e6ff154ad392b174
review_13840,class_1bc7e06ece0f38a60982
review_13841,class_7d54e6ff154ad392b174
review_13842,class_7d54e6ff154ad392b174
review_13843,class_1bc7e06ece0f38a60982
review_13844,class_e65aace9237833ec7752
review_13845,class_52da9457fdf6740afd51
review_13846,class_7d54e6ff154ad392b174
review_13847,class_52da9457fdf6740afd51
review_13848,class_1bc7e06ece0f38a60982
review_13849,class_1cf1396a0c9bc53f37da
review_13850,class_1cf1396a0c9bc53f37da
review_13851,class_7d54e6ff154ad392b174
review_13852,class_7d54e6ff154ad392b174
review_13853,class_e65aace9237833ec7752
review_13854,class_e65aace9237833ec7752
review_13855,class_7d54e6ff154ad392b174
review_13856,class_1bc7e06ece0f38a60982
review_13857,class_e65aace9237833ec7752
review_13858,class_1bc7e06ece0f38a60982
review_13859,class_e65aace9237833ec7752
review_13860,class_e65aace9237833ec7752
review_13861,class_1bc7e06ece0f38a60982
review_13862,class_52da9457fdf6740afd51
review_13863,class_7d54e6ff154ad392b174
review_13864,class_7d54e6ff154ad392b174
review_13865,class_7d54e6ff154ad392b174
review_13866,class_1bc7e06ece0f38a60982
review_13867,class_52da9457fdf6740afd51
review_13868,class_7d54e6ff154ad392b174
review_13869,class_7d54e6ff154ad392b174
review_13870,class_7d54e6ff154ad392b174
review_13871,class_1bc7e06ece0f38a60982
review_13872,class_52da9457fdf6740afd51
review_13873,class_1bc7e06ece0f38a60982
review_13874,class_7d54e6ff154ad392b174
review_13875,class_7d54e6ff154ad392b174
review_13876,class_7d54e6ff154ad392b174
review_13877,class_1bc7e06ece0f38a60982
review_13878,class_52da9457fdf6740afd51
review_13879,class_52da9457fdf6740afd51
review_13880,class_7d54e6ff154ad392b174
review_13881,class_7d54e6ff154ad392b174
review_13882,class_7d54e6ff154ad392b174
review_13883,class_1bc7e06ece0f38a60982
review_13884,class_1cf1396a0c9bc53f37da
review_13885,class_7d54e6ff154ad392b174
review_13886,class_1bc7e06ece0f38a60982
review_13887,class_1bc7e06ece0f38a60982
review_13888,class_7d54e6ff154ad392b174
review_13889,class_5da3128be1ff7664a1b2
review_13890,class_b89f90f328fa7e7781c0
review_13891,class_52da9457fdf6740afd51
review_13892,class_b89f90f328fa7e7781c0
review_13893,class_52da9457fdf6740afd51
review_13894,class_b89f90f328fa7e7781c0
review_13895,class_1cf1396a0c9bc53f37da
review_13896,class_7d54e6ff154ad392b174
review_13897,class_7d54e6ff154ad392b174
review_13898,class_e65aace9237833ec7752
review_13899,class_7d54e6ff154ad392b174
review_13900,class_7d54e6ff154ad392b174
review_13901,class_e65aace9237833ec7752
review_13902,class_e65aace9237833ec7752
review_13903,class_e65aace9237833ec7752
review_13904,class_7d54e6ff154ad392b174
review_13905,class_0eeaed02d1a961f133b4
review_13906,class_1bc7e06ece0f38a60982
review_13907,class_52da9457fdf6740afd51
review_13908,class_1bc7e06ece0f38a60982
review_13909,class_1bc7e06ece0f38a60982
review_13910,class_f6efb94c9ae061247bed
review_13911,class_0eeaed02d1a961f133b4
review_13912,class_52da9457fdf6740afd51
review_13913,class_0eeaed02d1a961f133b4
review_13914,class_e65aace9237833ec7752
review_13915,class_0eeaed02d1a961f133b4
review_13916,class_1bc7e06ece0f38a60982
review_13917,class_1bc7e06ece0f38a60982
review_13918,class_52da9457fdf6740afd51
review_13919,class_e65aace9237833ec7752
review_13920,class_0eeaed02d1a961f133b4
review_13921,class_7d54e6ff154ad392b174
review_13922,class_e65aace9237833ec7752
review_13923,class_f6efb94c9ae061247bed
review_13924,class_0eeaed02d1a961f133b4
review_13925,class_0eeaed02d1a961f133b4
review_13926,class_48075864b2596de25a65
review_13927,class_e65aace9237833ec7752
review_13928,class_1bc7e06ece0f38a60982
review_13929,class_e65aace9237833ec7752
review_13930,class_52da9457fdf6740afd51
review_13931,class_f6efb94c9ae061247bed
review_13932,class_7d54e6ff154ad392b174
review_13933,class_e65aace9237833ec7752
review_13934,class_0eeaed02d1a961f133b4
review_13935,class_1bc7e06ece0f38a60982
review_13936,class_7d54e6ff154ad392b174
review_13937,class_7d54e6ff154ad392b174
review_13938,class_7d54e6ff154ad392b174
review_13939,class_7d54e6ff154ad392b174
review_13940,class_0eeaed02d1a961f133b4
review_13941,class_7d54e6ff154ad392b174
review_13942,class_7d54e6ff154ad392b174
review_13943,class_f6efb94c9ae061247bed
review_13944,class_52da9457fdf6740afd51
review_13945,class_7d54e6ff154ad392b174
review_13946,class_7d54e6ff154ad392b174
review_13947,class_7d54e6ff154ad392b174
review_13948,class_1bc7e06ece0f38a60982
review_13949,class_e65aace9237833ec7752
review_13950,class_e65aace9237833ec7752
review_13951,class_0eeaed02d1a961f133b4
review_13952,class_f6efb94c9ae061247bed
review_13953,class_52da9457fdf6740afd51
review_13954,class_f6efb94c9ae061247bed
review_13955,class_52da9457fdf6740afd51
review_13956,class_1bc7e06ece0f38a60982
review_13957,class_52438e68a549a636811e
review_13958,class_1bc7e06ece0f38a60982
review_13959,class_7d54e6ff154ad392b174
review_13960,class_52da9457fdf6740afd51
review_13961,class_7d54e6ff154ad392b174
review_13962,class_7d54e6ff154ad392b174
review_13963,class_52da9457fdf6740afd51
review_13964,class_f6efb94c9ae061247bed
review_13965,class_1bc7e06ece0f38a60982
review_13966,class_1bc7e06ece0f38a60982
review_13967,class_f6efb94c9ae061247bed
review_13968,class_1bc7e06ece0f38a60982
review_13969,class_7d54e6ff154ad392b174
review_13970,class_b7f740446b63715473af
review_13971,class_1bc7e06ece0f38a60982
review_13972,class_1bc7e06ece0f38a60982
review_13973,class_52438e68a549a636811e
review_13974,class_52438e68a549a636811e
review_13975,class_b7f740446b63715473af
review_13976,class_52da9457fdf6740afd51
review_13977,class_1bc7e06ece0f38a60982
review_13978,class_b7f740446b63715473af
review_13979,class_f6efb94c9ae061247bed
review_13980,class_7d54e6ff154ad392b174
review_13981,class_1bc7e06ece0f38a60982
review_13982,class_1bc7e06ece0f38a60982
review_13983,class_52da9457fdf6740afd51
review_13984,class_7d54e6ff154ad392b174
review_13985,class_52da9457fdf6740afd51
review_13986,class_52438e68a549a636811e
review_13987,class_1bc7e06ece0f38a60982
review_13988,class_1bc7e06ece0f38a60982
review_13989,class_1bc7e06ece0f38a60982
review_13990,class_1bc7e06ece0f38a60982
review_13991,class_7d54e6ff154ad392b174
review_13992,class_1bc7e06ece0f38a60982
review_13993,class_1bc7e06ece0f38a60982
review_13994,class_7d54e6ff154ad392b174
review_13995,class_1bc7e06ece0f38a60982
review_13996,class_52438e68a549a636811e
review_13997,class_52da9457fdf6740afd51
review_13998,class_f6efb94c9ae061247bed
review_13999,class_1bc7e06ece0f38a60982
review_14000,class_1bc7e06ece0f38a60982
review_14001,class_52da9457fdf6740afd51
review_14002,class_b7f740446b63715473af
review_14003,class_0eeaed02d1a961f133b4
review_14004,class_1318693c237b7b97c0c0
review_14005,class_1318693c237b7b97c0c0
review_14006,class_1318693c237b7b97c0c0
review_14007,class_9deef4712756d30ffaa3
review_14008,class_7d54e6ff154ad392b174
review_14009,class_1318693c237b7b97c0c0
review_14010,class_7d54e6ff154ad392b174
review_14011,class_7d54e6ff154ad392b174
review_14012,class_1318693c237b7b97c0c0
review_14013,class_1318693c237b7b97c0c0
review_14014,class_1318693c237b7b97c0c0
review_14015,class_9deef4712756d30ffaa3
review_14016,class_7d54e6ff154ad392b174
review_14017,class_7d54e6ff154ad392b174
review_14018,class_7d54e6ff154ad392b174
review_14019,class_0eeaed02d1a961f133b4
review_14020,class_1318693c237b7b97c0c0
review_14021,class_1318693c237b7b97c0c0
review_14022,class_7d54e6ff154ad392b174
review_14023,class_f6efb94c9ae061247bed
review_14024,class_52da9457fdf6740afd51
review_14025,class_1bc7e06ece0f38a60982
review_14026,class_1318693c237b7b97c0c0
review_14027,class_1318693c237b7b97c0c0
review_14028,class_f6efb94c9ae061247bed
review_14029,class_f6efb94c9ae061247bed
review_14030,class_f6efb94c9ae061247bed
review_14031,class_1318693c237b7b97c0c0
review_14032,class_f6efb94c9ae061247bed
review_14033,class_f6efb94c9ae061247bed
review_14034,class_7d54e6ff154ad392b174
review_14035,class_1318693c237b7b97c0c0
review_14036,class_7d54e6ff154ad392b174
review_14037,class_1318693c237b7b97c0c0
review_14038,class_f6efb94c9ae061247bed
review_14039,class_f6efb94c9ae061247bed
review_14040,class_7d54e6ff154ad392b174
review_14041,class_9deef4712756d30ffaa3
review_14042,class_7d54e6ff154ad392b174
review_14043,class_1318693c237b7b97c0c0
review_14044,class_9deef4712756d30ffaa3
review_14045,class_9deef4712756d30ffaa3
review_14046,class_0eeaed02d1a961f133b4
review_14047,class_7d54e6ff154ad392b174
review_14048,class_f6efb94c9ae061247bed
review_14049,class_1bc7e06ece0f38a60982
review_14050,class_1318693c237b7b97c0c0
review_14051,class_f6efb94c9ae061247bed
review_14052,class_9deef4712756d30ffaa3
review_14053,class_1bc7e06ece0f38a60982
review_14054,class_7d54e6ff154ad392b174
review_14055,class_f6efb94c9ae061247bed
review_14056,class_f6efb94c9ae061247bed
review_14057,class_7d54e6ff154ad392b174
review_14058,class_1bc7e06ece0f38a60982
review_14059,class_0eeaed02d1a961f133b4
review_14060,class_f6efb94c9ae061247bed
review_14061,class_1318693c237b7b97c0c0
review_14062,class_1bc7e06ece0f38a60982
review_14063,class_7d54e6ff154ad392b174
review_14064,class_1318693c237b7b97c0c0
review_14065,class_52da9457fdf6740afd51
review_14066,class_b89f90f328fa7e7781c0
review_14067,class_1318693c237b7b97c0c0
review_14068,class_0eeaed02d1a961f133b4
review_14069,class_7d54e6ff154ad392b174
review_14070,class_7d54e6ff154ad392b174
review_14071,class_1318693c237b7b97c0c0
review_14072,class_1bc7e06ece0f38a60982
review_14073,class_1318693c237b7b97c0c0
review_14074,class_7d54e6ff154ad392b174
review_14075,class_7d54e6ff154ad392b174
review_14076,class_7d54e6ff154ad392b174
review_14077,class_7d54e6ff154ad392b174
review_14078,class_52da9457fdf6740afd51
review_14079,class_1318693c237b7b97c0c0
review_14080,class_7d54e6ff154ad392b174
review_14081,class_0eeaed02d1a961f133b4
review_14082,class_7d54e6ff154ad392b174
review_14083,class_5da3128be1ff7664a1b2
review_14084,class_1318693c237b7b97c0c0
review_14085,class_7d54e6ff154ad392b174
review_14086,class_52da9457fdf6740afd51
review_14087,class_52da9457fdf6740afd51
review_14088,class_c3ca5f787365eae0dea8
review_14089,class_7d54e6ff154ad392b174
review_14090,class_0eeaed02d1a961f133b4
review_14091,class_52da9457fdf6740afd51
review_14092,class_1318693c237b7b97c0c0
review_14093,class_52da9457fdf6740afd51
review_14094,class_52da9457fdf6740afd51
review_14095,class_7d54e6ff154ad392b174
review_14096,class_52da9457fdf6740afd51
review_14097,class_5da3128be1ff7664a1b2
review_14098,class_7d54e6ff154ad392b174
review_14099,class_c3ca5f787365eae0dea8
review_14100,class_52da9457fdf6740afd51
review_14101,class_7d54e6ff154ad392b174
review_14102,class_7d54e6ff154ad392b174
review_14103,class_7d54e6ff154ad392b174
review_14104,class_7d54e6ff154ad392b174
review_14105,class_52da9457fdf6740afd51
review_14106,class_1318693c237b7b97c0c0
review_14107,class_52da9457fdf6740afd51
review_14108,class_52da9457fdf6740afd51
review_14109,class_52da9457fdf6740afd51
review_14110,class_52da9457fdf6740afd51
review_14111,class_c3ca5f787365eae0dea8
review_14112,class_52da9457fdf6740afd51
review_14113,class_52da9457fdf6740afd51
review_14114,class_7d54e6ff154ad392b174
review_14115,class_1cf1396a0c9bc53f37da
review_14116,class_1318693c237b7b97c0c0
review_14117,class_52da9457fdf6740afd51
review_14118,class_7d54e6ff154ad392b174
review_14119,class_7d54e6ff154ad392b174
review_14120,class_1cf1396a0c9bc53f37da
review_14121,class_5da3128be1ff7664a1b2
review_14122,class_5da3128be1ff7664a1b2
review_14123,class_1318693c237b7b97c0c0
review_14124,class_9deef4712756d30ffaa3
review_14125,class_7d54e6ff154ad392b174
review_14126,class_1318693c237b7b97c0c0
review_14127,class_5da3128be1ff7664a1b2
review_14128,class_5da3128be1ff7664a1b2
review_14129,class_1bc7e06ece0f38a60982
review_14130,class_c3ca5f787365eae0dea8
review_14131,class_c3ca5f787365eae0dea8
review_14132,class_5da3128be1ff7664a1b2
review_14133,class_1bc7e06ece0f38a60982
review_14134,class_9e32d15b246e504af33c
review_14135,class_1bc7e06ece0f38a60982
review_14136,class_1bc7e06ece0f38a60982
review_14137,class_e65aace9237833ec7752
review_14138,class_b89f90f328fa7e7781c0
review_14139,class_1bc7e06ece0f38a60982
review_14140,class_c3ca5f787365eae0dea8
review_14141,class_e65aace9237833ec7752
review_14142,class_1bc7e06ece0f38a60982
review_14143,class_e65aace9237833ec7752
review_14144,class_b89f90f328fa7e7781c0
review_14145,class_1bc7e06ece0f38a60982
review_14146,class_1bc7e06ece0f38a60982
review_14147,class_9e32d15b246e504af33c
review_14148,class_9e32d15b246e504af33c
review_14149,class_52da9457fdf6740afd51
review_14150,class_1cf1396a0c9bc53f37da
review_14151,class_1cf1396a0c9bc53f37da
review_14152,class_7d54e6ff154ad392b174
review_14153,class_7d54e6ff154ad392b174
review_14154,class_be68f8ed5877c11b8be4
review_14155,class_7d54e6ff154ad392b174
review_14156,class_7d54e6ff154ad392b174
review_14157,class_1bc7e06ece0f38a60982
review_14158,class_1bc7e06ece0f38a60982
review_14159,class_be68f8ed5877c11b8be4
review_14160,class_1bc7e06ece0f38a60982
review_14161,class_1bc7e06ece0f38a60982
review_14162,class_be68f8ed5877c11b8be4
review_14163,class_1cf1396a0c9bc53f37da
review_14164,class_1bc7e06ece0f38a60982
review_14165,class_1bc7e06ece0f38a60982
review_14166,class_f6efb94c9ae061247bed
review_14167,class_1bc7e06ece0f38a60982
review_14168,class_1cf1396a0c9bc53f37da
review_14169,class_52da9457fdf6740afd51
review_14170,class_1bc7e06ece0f38a60982
review_14171,class_f6efb94c9ae061247bed
review_14172,class_1bc7e06ece0f38a60982
review_14173,class_1bc7e06ece0f38a60982
review_14174,class_7d54e6ff154ad392b174
review_14175,class_7d54e6ff154ad392b174
review_14176,class_1bc7e06ece0f38a60982
review_14177,class_1bc7e06ece0f38a60982
review_14178,class_7d54e6ff154ad392b174
review_14179,class_1bc7e06ece0f38a60982
review_14180,class_1bc7e06ece0f38a60982
review_14181,class_1cf1396a0c9bc53f37da
review_14182,class_f6efb94c9ae061247bed
review_14183,class_1bc7e06ece0f38a60982
review_14184,class_0eeaed02d1a961f133b4
review_14185,class_7d54e6ff154ad392b174
review_14186,class_7d54e6ff154ad392b174
review_14187,class_1bc7e06ece0f38a60982
review_14188,class_9e32d15b246e504af33c
review_14189,class_be68f8ed5877c11b8be4
review_14190,class_9deef4712756d30ffaa3
review_14191,class_7d54e6ff154ad392b174
review_14192,class_1bc7e06ece0f38a60982
review_14193,class_1bc7e06ece0f38a60982
review_14194,class_1bc7e06ece0f38a60982
review_14195,class_1bc7e06ece0f38a60982
review_14196,class_1cf1396a0c9bc53f37da
review_14197,class_1bc7e06ece0f38a60982
review_14198,class_1bc7e06ece0f38a60982
review_14199,class_1cf1396a0c9bc53f37da
review_14200,class_1bc7e06ece0f38a60982
review_14201,class_be68f8ed5877c11b8be4
review_14202,class_7d54e6ff154ad392b174
review_14203,class_7d54e6ff154ad392b174
review_14204,class_1bc7e06ece0f38a60982
review_14205,class_e65aace9237833ec7752
review_14206,class_e65aace9237833ec7752
review_14207,class_1bc7e06ece0f38a60982
review_14208,class_1bc7e06ece0f38a60982
review_14209,class_7d54e6ff154ad392b174
review_14210,class_7d54e6ff154ad392b174
review_14211,class_1bc7e06ece0f38a60982
review_14212,class_1bc7e06ece0f38a60982
review_14213,class_1bc7e06ece0f38a60982
review_14214,class_7d54e6ff154ad392b174
review_14215,class_1bc7e06ece0f38a60982
review_14216,class_1bc7e06ece0f38a60982
review_14217,class_1bc7e06ece0f38a60982
review_14218,class_7d54e6ff154ad392b174
review_14219,class_7d54e6ff154ad392b174
review_14220,class_1bc7e06ece0f38a60982
review_14221,class_1bc7e06ece0f38a60982
review_14222,class_7d54e6ff154ad392b174
review_14223,class_7d54e6ff154ad392b174
review_14224,class_1318693c237b7b97c0c0
review_14225,class_1bc7e06ece0f38a60982
review_14226,class_5da3128be1ff7664a1b2
review_14227,class_1bc7e06ece0f38a60982
review_14228,class_1318693c237b7b97c0c0
review_14229,class_7d54e6ff154ad392b174
review_14230,class_1bc7e06ece0f38a60982
review_14231,class_1bc7e06ece0f38a60982
review_14232,class_1bc7e06ece0f38a60982
review_14233,class_1bc7e06ece0f38a60982
review_14234,class_1bc7e06ece0f38a60982
review_14235,class_5da3128be1ff7664a1b2
review_14236,class_5da3128be1ff7664a1b2
review_14237,class_1bc7e06ece0f38a60982
review_14238,class_5da3128be1ff7664a1b2
review_14239,class_5da3128be1ff7664a1b2
review_14240,class_1bc7e06ece0f38a60982
review_14241,class_1bc7e06ece0f38a60982
review_14242,class_1bc7e06ece0f38a60982
review_14243,class_5da3128be1ff7664a1b2
review_14244,class_1bc7e06ece0f38a60982
review_14245,class_5da3128be1ff7664a1b2
review_14246,class_5da3128be1ff7664a1b2
review_14247,class_5da3128be1ff7664a1b2
review_14248,class_5da3128be1ff7664a1b2
review_14249,class_1bc7e06ece0f38a60982
review_14250,class_be68f8ed5877c11b8be4
review_14251,class_7d54e6ff154ad392b174
review_14252,class_52da9457fdf6740afd51
review_14253,class_1bc7e06ece0f38a60982
review_14254,class_1bc7e06ece0f38a60982
review_14255,class_4397d106b671d697b6e0
review_14256,class_b89f90f328fa7e7781c0
review_14257,class_1bc7e06ece0f38a60982
review_14258,class_1bc7e06ece0f38a60982
review_14259,class_7d54e6ff154ad392b174
review_14260,class_5da3128be1ff7664a1b2
review_14261,class_1bc7e06ece0f38a60982
review_14262,class_1bc7e06ece0f38a60982
review_14263,class_1bc7e06ece0f38a60982
review_14264,class_9deef4712756d30ffaa3
review_14265,class_1bc7e06ece0f38a60982
review_14266,class_1bc7e06ece0f38a60982
review_14267,class_52438e68a549a636811e
review_14268,class_5da3128be1ff7664a1b2
review_14269,class_7d54e6ff154ad392b174
review_14270,class_7d54e6ff154ad392b174
review_14271,class_1bc7e06ece0f38a60982
review_14272,class_1bc7e06ece0f38a60982
review_14273,class_1bc7e06ece0f38a60982
review_14274,class_1bc7e06ece0f38a60982
review_14275,class_1bc7e06ece0f38a60982
review_14276,class_7d54e6ff154ad392b174
review_14277,class_1bc7e06ece0f38a60982
review_14278,class_1bc7e06ece0f38a60982
review_14279,class_1bc7e06ece0f38a60982
review_14280,class_7d54e6ff154ad392b174
review_14281,class_52438e68a549a636811e
review_14282,class_1bc7e06ece0f38a60982
review_14283,class_52438e68a549a636811e
review_14284,class_1bc7e06ece0f38a60982
review_14285,class_1bc7e06ece0f38a60982
review_14286,class_b89f90f328fa7e7781c0
review_14287,class_52438e68a549a636811e
review_14288,class_1bc7e06ece0f38a60982
review_14289,class_7d54e6ff154ad392b174
review_14290,class_1bc7e06ece0f38a60982
review_14291,class_7d54e6ff154ad392b174
review_14292,class_1bc7e06ece0f38a60982
review_14293,class_1bc7e06ece0f38a60982
review_14294,class_1bc7e06ece0f38a60982
review_14295,class_5da3128be1ff7664a1b2
review_14296,class_e65aace9237833ec7752
review_14297,class_1bc7e06ece0f38a60982
review_14298,class_7d54e6ff154ad392b174
review_14299,class_52da9457fdf6740afd51
review_14300,class_52da9457fdf6740afd51
review_14301,class_1bc7e06ece0f38a60982
review_14302,class_1bc7e06ece0f38a60982
review_14303,class_1bc7e06ece0f38a60982
review_14304,class_1bc7e06ece0f38a60982
review_14305,class_f6efb94c9ae061247bed
review_14306,class_1bc7e06ece0f38a60982
review_14307,class_1bc7e06ece0f38a60982
review_14308,class_7d54e6ff154ad392b174
review_14309,class_f6efb94c9ae061247bed
review_14310,class_7d54e6ff154ad392b174
review_14311,class_1bc7e06ece0f38a60982
review_14312,class_1bc7e06ece0f38a60982
review_14313,class_1bc7e06ece0f38a60982
review_14314,class_7d54e6ff154ad392b174
review_14315,class_1318693c237b7b97c0c0
review_14316,class_e65aace9237833ec7752
review_14317,class_1bc7e06ece0f38a60982
review_14318,class_7d54e6ff154ad392b174
review_14319,class_1bc7e06ece0f38a60982
review_14320,class_7d54e6ff154ad392b174
review_14321,class_7d54e6ff154ad392b174
review_14322,class_1bc7e06ece0f38a60982
review_14323,class_52da9457fdf6740afd51
review_14324,class_7d54e6ff154ad392b174
review_14325,class_1bc7e06ece0f38a60982
review_14326,class_7d54e6ff154ad392b174
review_14327,class_7d54e6ff154ad392b174
review_14328,class_1bc7e06ece0f38a60982
review_14329,class_7d54e6ff154ad392b174
review_14330,class_52da9457fdf6740afd51
review_14331,class_52da9457fdf6740afd51
review_14332,class_52da9457fdf6740afd51
review_14333,class_b89f90f328fa7e7781c0
review_14334,class_7d54e6ff154ad392b174
review_14335,class_52da9457fdf6740afd51
review_14336,class_52da9457fdf6740afd51
review_14337,class_52da9457fdf6740afd51
review_14338,class_52da9457fdf6740afd51
review_14339,class_52da9457fdf6740afd51
review_14340,class_52da9457fdf6740afd51
review_14341,class_52da9457fdf6740afd51
review_14342,class_52da9457fdf6740afd51
review_14343,class_7d54e6ff154ad392b174
review_14344,class_7d54e6ff154ad392b174
review_14345,class_52da9457fdf6740afd51
review_14346,class_52da9457fdf6740afd51
review_14347,class_52da9457fdf6740afd51
review_14348,class_7d54e6ff154ad392b174
review_14349,class_7d54e6ff154ad392b174
review_14350,class_52da9457fdf6740afd51
review_14351,class_52da9457fdf6740afd51
review_14352,class_7d54e6ff154ad392b174
review_14353,class_52da9457fdf6740afd51
review_14354,class_52da9457fdf6740afd51
review_14355,class_b89f90f328fa7e7781c0
review_14356,class_e65aace9237833ec7752
review_14357,class_1cf1396a0c9bc53f37da
review_14358,class_7d54e6ff154ad392b174
review_14359,class_52da9457fdf6740afd51
review_14360,class_7d54e6ff154ad392b174
review_14361,class_1318693c237b7b97c0c0
review_14362,class_52da9457fdf6740afd51
review_14363,class_52da9457fdf6740afd51
review_14364,class_7d54e6ff154ad392b174
review_14365,class_52da9457fdf6740afd51
review_14366,class_e65aace9237833ec7752
review_14367,class_7d54e6ff154ad392b174
review_14368,class_7d54e6ff154ad392b174
review_14369,class_52da9457fdf6740afd51
review_14370,class_52da9457fdf6740afd51
review_14371,class_52da9457fdf6740afd51
review_14372,class_52da9457fdf6740afd51
review_14373,class_7d54e6ff154ad392b174
review_14374,class_e65aace9237833ec7752
review_14375,class_f6efb94c9ae061247bed
review_14376,class_1bc7e06ece0f38a60982
review_14377,class_f6efb94c9ae061247bed
review_14378,class_7d54e6ff154ad392b174
review_14379,class_7d54e6ff154ad392b174
review_14380,class_7d54e6ff154ad392b174
review_14381,class_7d54e6ff154ad392b174
review_14382,class_7d54e6ff154ad392b174
review_14383,class_7d54e6ff154ad392b174
review_14384,class_7d54e6ff154ad392b174
review_14385,class_7d54e6ff154ad392b174
review_14386,class_7d54e6ff154ad392b174
review_14387,class_1bc7e06ece0f38a60982
review_14388,class_e65aace9237833ec7752
review_14389,class_7d54e6ff154ad392b174
review_14390,class_b7f740446b63715473af
review_14391,class_f6efb94c9ae061247bed
review_14392,class_7d54e6ff154ad392b174
review_14393,class_1bc7e06ece0f38a60982
review_14394,class_7d54e6ff154ad392b174
review_14395,class_7d54e6ff154ad392b174
review_14396,class_1bc7e06ece0f38a60982
review_14397,class_f6efb94c9ae061247bed
review_14398,class_7d54e6ff154ad392b174
review_14399,class_1bc7e06ece0f38a60982
review_14400,class_7d54e6ff154ad392b174
review_14401,class_52da9457fdf6740afd51
review_14402,class_52da9457fdf6740afd51
review_14403,class_7d54e6ff154ad392b174
review_14404,class_1bc7e06ece0f38a60982
review_14405,class_1bc7e06ece0f38a60982
review_14406,class_e65aace9237833ec7752
review_14407,class_7d54e6ff154ad392b174
review_14408,class_1bc7e06ece0f38a60982
review_14409,class_7d54e6ff154ad392b174
review_14410,class_7d54e6ff154ad392b174
review_14411,class_e65aace9237833ec7752
review_14412,class_7d54e6ff154ad392b174
review_14413,class_7d54e6ff154ad392b174
review_14414,class_7d54e6ff154ad392b174
review_14415,class_7d54e6ff154ad392b174
review_14416,class_1bc7e06ece0f38a60982
review_14417,class_7d54e6ff154ad392b174
review_14418,class_7d54e6ff154ad392b174
review_14419,class_7d54e6ff154ad392b174
review_14420,class_7d54e6ff154ad392b174
review_14421,class_7d54e6ff154ad392b174
review_14422,class_52da9457fdf6740afd51
review_14423,class_52da9457fdf6740afd51
review_14424,class_7d54e6ff154ad392b174
review_14425,class_1bc7e06ece0f38a60982
review_14426,class_1bc7e06ece0f38a60982
review_14427,class_e65aace9237833ec7752
review_14428,class_1bc7e06ece0f38a60982
review_14429,class_7d54e6ff154ad392b174
review_14430,class_1bc7e06ece0f38a60982
review_14431,class_7d54e6ff154ad392b174
review_14432,class_f6efb94c9ae061247bed
review_14433,class_1bc7e06ece0f38a60982
review_14434,class_7d54e6ff154ad392b174
review_14435,class_e65aace9237833ec7752
review_14436,class_7d54e6ff154ad392b174
review_14437,class_7d54e6ff154ad392b174
review_14438,class_e65aace9237833ec7752
review_14439,class_1bc7e06ece0f38a60982
review_14440,class_7d54e6ff154ad392b174
review_14441,class_7d54e6ff154ad392b174
review_14442,class_f6efb94c9ae061247bed
review_14443,class_7d54e6ff154ad392b174
review_14444,class_e65aace9237833ec7752
review_14445,class_52da9457fdf6740afd51
review_14446,class_1cf1396a0c9bc53f37da
review_14447,class_b89f90f328fa7e7781c0
review_14448,class_1cf1396a0c9bc53f37da
review_14449,class_0eeaed02d1a961f133b4
review_14450,class_b89f90f328fa7e7781c0
review_14451,class_1bc7e06ece0f38a60982
review_14452,class_1bc7e06ece0f38a60982
review_14453,class_5da3128be1ff7664a1b2
review_14454,class_b89f90f328fa7e7781c0
review_14455,class_1bc7e06ece0f38a60982
review_14456,class_1bc7e06ece0f38a60982
review_14457,class_0eeaed02d1a961f133b4
review_14458,class_b89f90f328fa7e7781c0
review_14459,class_1cf1396a0c9bc53f37da
review_14460,class_1bc7e06ece0f38a60982
review_14461,class_1cf1396a0c9bc53f37da
review_14462,class_5da3128be1ff7664a1b2
review_14463,class_52da9457fdf6740afd51
review_14464,class_1bc7e06ece0f38a60982
review_14465,class_5da3128be1ff7664a1b2
review_14466,class_b89f90f328fa7e7781c0
review_14467,class_1cf1396a0c9bc53f37da
review_14468,class_7d54e6ff154ad392b174
review_14469,class_b89f90f328fa7e7781c0
review_14470,class_5da3128be1ff7664a1b2
review_14471,class_b89f90f328fa7e7781c0
review_14472,class_52da9457fdf6740afd51
review_14473,class_9e32d15b246e504af33c
review_14474,class_7d54e6ff154ad392b174
review_14475,class_0eeaed02d1a961f133b4
review_14476,class_0eeaed02d1a961f133b4
review_14477,class_1bc7e06ece0f38a60982
review_14478,class_9deef4712756d30ffaa3
review_14479,class_52438e68a549a636811e
review_14480,class_52438e68a549a636811e
review_14481,class_7d54e6ff154ad392b174
review_14482,class_0eeaed02d1a961f133b4
review_14483,class_1bc7e06ece0f38a60982
review_14484,class_7d54e6ff154ad392b174
review_14485,class_0eeaed02d1a961f133b4
review_14486,class_52438e68a549a636811e
review_14487,class_52da9457fdf6740afd51
review_14488,class_9deef4712756d30ffaa3
review_14489,class_7d54e6ff154ad392b174
review_14490,class_7d54e6ff154ad392b174
review_14491,class_52da9457fdf6740afd51
review_14492,class_7d54e6ff154ad392b174
review_14493,class_1bc7e06ece0f38a60982
review_14494,class_1bc7e06ece0f38a60982
review_14495,class_9deef4712756d30ffaa3
review_14496,class_7d54e6ff154ad392b174
review_14497,class_52da9457fdf6740afd51
review_14498,class_7d54e6ff154ad392b174
review_14499,class_7d54e6ff154ad392b174
review_14500,class_1bc7e06ece0f38a60982
review_14501,class_9deef4712756d30ffaa3
review_14502,class_7d54e6ff154ad392b174
review_14503,class_7d54e6ff154ad392b174
review_14504,class_9deef4712756d30ffaa3
review_14505,class_7d54e6ff154ad392b174
review_14506,class_7d54e6ff154ad392b174
review_14507,class_52438e68a549a636811e
review_14508,class_9e32d15b246e504af33c
review_14509,class_1bc7e06ece0f38a60982
review_14510,class_7d54e6ff154ad392b174
review_14511,class_7d54e6ff154ad392b174
review_14512,class_7d54e6ff154ad392b174
review_14513,class_0eeaed02d1a961f133b4
review_14514,class_9e32d15b246e504af33c
review_14515,class_f6efb94c9ae061247bed
review_14516,class_f6efb94c9ae061247bed
review_14517,class_b7f740446b63715473af
review_14518,class_f6efb94c9ae061247bed
review_14519,class_1bc7e06ece0f38a60982
review_14520,class_7d54e6ff154ad392b174
review_14521,class_b7f740446b63715473af
review_14522,class_7d54e6ff154ad392b174
review_14523,class_1bc7e06ece0f38a60982
review_14524,class_1bc7e06ece0f38a60982
review_14525,class_7d54e6ff154ad392b174
review_14526,class_1cf1396a0c9bc53f37da
review_14527,class_1bc7e06ece0f38a60982
review_14528,class_f6efb94c9ae061247bed
review_14529,class_1cf1396a0c9bc53f37da
review_14530,class_be68f8ed5877c11b8be4
review_14531,class_1bc7e06ece0f38a60982
review_14532,class_1bc7e06ece0f38a60982
review_14533,class_1bc7e06ece0f38a60982
review_14534,class_b7f740446b63715473af
review_14535,class_7d54e6ff154ad392b174
review_14536,class_7d54e6ff154ad392b174
review_14537,class_1bc7e06ece0f38a60982
review_14538,class_f6efb94c9ae061247bed
review_14539,class_f6efb94c9ae061247bed
review_14540,class_1bc7e06ece0f38a60982
review_14541,class_1bc7e06ece0f38a60982
review_14542,class_1bc7e06ece0f38a60982
review_14543,class_1bc7e06ece0f38a60982
review_14544,class_48075864b2596de25a65
review_14545,class_9deef4712756d30ffaa3
review_14546,class_52da9457fdf6740afd51
review_14547,class_52da9457fdf6740afd51
review_14548,class_7d54e6ff154ad392b174
review_14549,class_1bc7e06ece0f38a60982
review_14550,class_1bc7e06ece0f38a60982
review_14551,class_52da9457fdf6740afd51
review_14552,class_b7f740446b63715473af
review_14553,class_52da9457fdf6740afd51
review_14554,class_1bc7e06ece0f38a60982
review_14555,class_9deef4712756d30ffaa3
review_14556,class_52da9457fdf6740afd51
review_14557,class_52da9457fdf6740afd51
review_14558,class_52da9457fdf6740afd51
review_14559,class_52da9457fdf6740afd51
review_14560,class_b89f90f328fa7e7781c0
review_14561,class_9deef4712756d30ffaa3
review_14562,class_52da9457fdf6740afd51
review_14563,class_7d54e6ff154ad392b174
review_14564,class_52da9457fdf6740afd51
review_14565,class_52da9457fdf6740afd51
review_14566,class_52da9457fdf6740afd51
review_14567,class_1bc7e06ece0f38a60982
review_14568,class_1318693c237b7b97c0c0
review_14569,class_7d54e6ff154ad392b174
review_14570,class_b89f90f328fa7e7781c0
review_14571,class_52da9457fdf6740afd51
review_14572,class_52da9457fdf6740afd51
review_14573,class_52da9457fdf6740afd51
review_14574,class_52da9457fdf6740afd51
review_14575,class_52da9457fdf6740afd51
review_14576,class_1bc7e06ece0f38a60982
review_14577,class_1cf1396a0c9bc53f37da
review_14578,class_52da9457fdf6740afd51
review_14579,class_7d54e6ff154ad392b174
review_14580,class_52da9457fdf6740afd51
review_14581,class_1bc7e06ece0f38a60982
review_14582,class_52da9457fdf6740afd51
review_14583,class_52da9457fdf6740afd51
review_14584,class_1bc7e06ece0f38a60982
review_14585,class_52da9457fdf6740afd51
review_14586,class_52da9457fdf6740afd51
review_14587,class_1bc7e06ece0f38a60982
review_14588,class_b89f90f328fa7e7781c0
review_14589,class_7d54e6ff154ad392b174
review_14590,class_5da3128be1ff7664a1b2
review_14591,class_9e32d15b246e504af33c
review_14592,class_7d54e6ff154ad392b174
review_14593,class_7d54e6ff154ad392b174
review_14594,class_52da9457fdf6740afd51
review_14595,class_9e32d15b246e504af33c
review_14596,class_5da3128be1ff7664a1b2
review_14597,class_52da9457fdf6740afd51
review_14598,class_7d54e6ff154ad392b174
review_14599,class_7d54e6ff154ad392b174
review_14600,class_1bc7e06ece0f38a60982
review_14601,class_9e32d15b246e504af33c
review_14602,class_7d54e6ff154ad392b174
review_14603,class_1bc7e06ece0f38a60982
review_14604,class_7d54e6ff154ad392b174
review_14605,class_52da9457fdf6740afd51
review_14606,class_7d54e6ff154ad392b174
review_14607,class_7d54e6ff154ad392b174
review_14608,class_7d54e6ff154ad392b174
review_14609,class_52da9457fdf6740afd51
review_14610,class_1bc7e06ece0f38a60982
review_14611,class_1bc7e06ece0f38a60982
review_14612,class_5da3128be1ff7664a1b2
review_14613,class_9e32d15b246e504af33c
review_14614,class_9e32d15b246e504af33c
review_14615,class_7d54e6ff154ad392b174
review_14616,class_5da3128be1ff7664a1b2
review_14617,class_7d54e6ff154ad392b174
review_14618,class_7d54e6ff154ad392b174
review_14619,class_1bc7e06ece0f38a60982
review_14620,class_52da9457fdf6740afd51
review_14621,class_5da3128be1ff7664a1b2
review_14622,class_7d54e6ff154ad392b174
review_14623,class_1bc7e06ece0f38a60982
review_14624,class_1bc7e06ece0f38a60982
review_14625,class_9e32d15b246e504af33c
review_14626,class_1bc7e06ece0f38a60982
review_14627,class_52da9457fdf6740afd51
review_14628,class_7d54e6ff154ad392b174
review_14629,class_7d54e6ff154ad392b174
review_14630,class_52da9457fdf6740afd51
review_14631,class_f6efb94c9ae061247bed
review_14632,class_f6efb94c9ae061247bed
review_14633,class_7d54e6ff154ad392b174
review_14634,class_7d54e6ff154ad392b174
review_14635,class_7d54e6ff154ad392b174
review_14636,class_7d54e6ff154ad392b174
review_14637,class_7d54e6ff154ad392b174
review_14638,class_7d54e6ff154ad392b174
review_14639,class_1bc7e06ece0f38a60982
review_14640,class_9e32d15b246e504af33c
review_14641,class_9e32d15b246e504af33c
review_14642,class_5da3128be1ff7664a1b2
review_14643,class_9e32d15b246e504af33c
review_14644,class_7d54e6ff154ad392b174
review_14645,class_7d54e6ff154ad392b174
review_14646,class_9e32d15b246e504af33c
review_14647,class_7d54e6ff154ad392b174
review_14648,class_7d54e6ff154ad392b174
review_14649,class_7d54e6ff154ad392b174
review_14650,class_52da9457fdf6740afd51
review_14651,class_52da9457fdf6740afd51
review_14652,class_7d54e6ff154ad392b174
review_14653,class_7d54e6ff154ad392b174
review_14654,class_1cf1396a0c9bc53f37da
review_14655,class_7d54e6ff154ad392b174
review_14656,class_7d54e6ff154ad392b174
review_14657,class_7d54e6ff154ad392b174
review_14658,class_1cf1396a0c9bc53f37da
review_14659,class_7d54e6ff154ad392b174
review_14660,class_7d54e6ff154ad392b174
review_14661,class_7d54e6ff154ad392b174
review_14662,class_1bc7e06ece0f38a60982
review_14663,class_1bc7e06ece0f38a60982
review_14664,class_e65aace9237833ec7752
review_14665,class_52da9457fdf6740afd51
review_14666,class_1cf1396a0c9bc53f37da
review_14667,class_1bc7e06ece0f38a60982
review_14668,class_7d54e6ff154ad392b174
review_14669,class_1bc7e06ece0f38a60982
review_14670,class_7d54e6ff154ad392b174
review_14671,class_1318693c237b7b97c0c0
review_14672,class_52da9457fdf6740afd51
review_14673,class_0eeaed02d1a961f133b4
review_14674,class_1318693c237b7b97c0c0
review_14675,class_1bc7e06ece0f38a60982
review_14676,class_1bc7e06ece0f38a60982
review_14677,class_7d54e6ff154ad392b174
review_14678,class_1318693c237b7b97c0c0
review_14679,class_0eeaed02d1a961f133b4
review_14680,class_1bc7e06ece0f38a60982
review_14681,class_7d54e6ff154ad392b174
review_14682,class_52da9457fdf6740afd51
review_14683,class_e65aace9237833ec7752
review_14684,class_0eeaed02d1a961f133b4
review_14685,class_e65aace9237833ec7752
review_14686,class_0eeaed02d1a961f133b4
review_14687,class_1318693c237b7b97c0c0
review_14688,class_0eeaed02d1a961f133b4
review_14689,class_0eeaed02d1a961f133b4
review_14690,class_52da9457fdf6740afd51
review_14691,class_1bc7e06ece0f38a60982
review_14692,class_1bc7e06ece0f38a60982
review_14693,class_1bc7e06ece0f38a60982
review_14694,class_0eeaed02d1a961f133b4
review_14695,class_0eeaed02d1a961f133b4
review_14696,class_7d54e6ff154ad392b174
review_14697,class_9deef4712756d30ffaa3
review_14698,class_0eeaed02d1a961f133b4
review_14699,class_e65aace9237833ec7752
review_14700,class_7d54e6ff154ad392b174
review_14701,class_1bc7e06ece0f38a60982
review_14702,class_1bc7e06ece0f38a60982
review_14703,class_7d54e6ff154ad392b174
review_14704,class_1318693c237b7b97c0c0
review_14705,class_1bc7e06ece0f38a60982
review_14706,class_1318693c237b7b97c0c0
review_14707,class_1bc7e06ece0f38a60982
review_14708,class_52da9457fdf6740afd51
review_14709,class_52da9457fdf6740afd51
review_14710,class_0eeaed02d1a961f133b4
review_14711,class_1318693c237b7b97c0c0
review_14712,class_0eeaed02d1a961f133b4
review_14713,class_1318693c237b7b97c0c0
review_14714,class_1318693c237b7b97c0c0
review_14715,class_7d54e6ff154ad392b174
review_14716,class_52da9457fdf6740afd51
review_14717,class_e65aace9237833ec7752
review_14718,class_7d54e6ff154ad392b174
review_14719,class_7d54e6ff154ad392b174
review_14720,class_0eeaed02d1a961f133b4
review_14721,class_52da9457fdf6740afd51
review_14722,class_7d54e6ff154ad392b174
review_14723,class_0eeaed02d1a961f133b4
review_14724,class_7d54e6ff154ad392b174
review_14725,class_7d54e6ff154ad392b174
review_14726,class_0eeaed02d1a961f133b4
review_14727,class_7d54e6ff154ad392b174
review_14728,class_7d54e6ff154ad392b174
review_14729,class_1bc7e06ece0f38a60982
review_14730,class_7d54e6ff154ad392b174
review_14731,class_1bc7e06ece0f38a60982
review_14732,class_7d54e6ff154ad392b174
review_14733,class_1bc7e06ece0f38a60982
review_14734,class_7d54e6ff154ad392b174
review_14735,class_7d54e6ff154ad392b174
review_14736,class_1bc7e06ece0f38a60982
review_14737,class_7d54e6ff154ad392b174
review_14738,class_7d54e6ff154ad392b174
review_14739,class_b7f740446b63715473af
review_14740,class_1bc7e06ece0f38a60982
review_14741,class_7d54e6ff154ad392b174
review_14742,class_7d54e6ff154ad392b174
review_14743,class_7d54e6ff154ad392b174
review_14744,class_7d54e6ff154ad392b174
review_14745,class_7d54e6ff154ad392b174
review_14746,class_be68f8ed5877c11b8be4
review_14747,class_7d54e6ff154ad392b174
review_14748,class_7d54e6ff154ad392b174
review_14749,class_7d54e6ff154ad392b174
review_14750,class_52da9457fdf6740afd51
review_14751,class_52da9457fdf6740afd51
review_14752,class_7d54e6ff154ad392b174
review_14753,class_1bc7e06ece0f38a60982
review_14754,class_1bc7e06ece0f38a60982
review_14755,class_7d54e6ff154ad392b174
review_14756,class_7d54e6ff154ad392b174
review_14757,class_1bc7e06ece0f38a60982
review_14758,class_1bc7e06ece0f38a60982
review_14759,class_1bc7e06ece0f38a60982
review_14760,class_0eeaed02d1a961f133b4
review_14761,class_7d54e6ff154ad392b174
review_14762,class_1bc7e06ece0f38a60982
review_14763,class_7d54e6ff154ad392b174
review_14764,class_1cf1396a0c9bc53f37da
review_14765,class_f6efb94c9ae061247bed
review_14766,class_7d54e6ff154ad392b174
review_14767,class_7d54e6ff154ad392b174
review_14768,class_1cf1396a0c9bc53f37da
review_14769,class_f6efb94c9ae061247bed
review_14770,class_f6efb94c9ae061247bed
review_14771,class_f6efb94c9ae061247bed
review_14772,class_1bc7e06ece0f38a60982
review_14773,class_f6efb94c9ae061247bed
review_14774,class_1cf1396a0c9bc53f37da
review_14775,class_f6efb94c9ae061247bed
review_14776,class_1bc7e06ece0f38a60982
review_14777,class_e65aace9237833ec7752
review_14778,class_7d54e6ff154ad392b174
review_14779,class_1bc7e06ece0f38a60982
review_14780,class_f6efb94c9ae061247bed
review_14781,class_f6efb94c9ae061247bed
review_14782,class_7d54e6ff154ad392b174
review_14783,class_7d54e6ff154ad392b174
review_14784,class_e65aace9237833ec7752
review_14785,class_1bc7e06ece0f38a60982
review_14786,class_1bc7e06ece0f38a60982
review_14787,class_7d54e6ff154ad392b174
review_14788,class_1cf1396a0c9bc53f37da
review_14789,class_7d54e6ff154ad392b174
review_14790,class_f6efb94c9ae061247bed
review_14791,class_9deef4712756d30ffaa3
review_14792,class_7d54e6ff154ad392b174
review_14793,class_7d54e6ff154ad392b174
review_14794,class_7d54e6ff154ad392b174
review_14795,class_f6efb94c9ae061247bed
review_14796,class_7d54e6ff154ad392b174
review_14797,class_1cf1396a0c9bc53f37da
review_14798,class_7d54e6ff154ad392b174
review_14799,class_1cf1396a0c9bc53f37da
review_14800,class_e65aace9237833ec7752
review_14801,class_1cf1396a0c9bc53f37da
review_14802,class_7d54e6ff154ad392b174
review_14803,class_f6efb94c9ae061247bed
review_14804,class_7d54e6ff154ad392b174
review_14805,class_f6efb94c9ae061247bed
review_14806,class_f6efb94c9ae061247bed
review_14807,class_1bc7e06ece0f38a60982
review_14808,class_7d54e6ff154ad392b174
review_14809,class_f6efb94c9ae061247bed
review_14810,class_7d54e6ff154ad392b174
review_14811,class_1cf1396a0c9bc53f37da
review_14812,class_f6efb94c9ae061247bed
review_14813,class_f6efb94c9ae061247bed
review_14814,class_7d54e6ff154ad392b174
review_14815,class_7d54e6ff154ad392b174
review_14816,class_1bc7e06ece0f38a60982
review_14817,class_f6efb94c9ae061247bed
review_14818,class_7d54e6ff154ad392b174
review_14819,class_1bc7e06ece0f38a60982
review_14820,class_1bc7e06ece0f38a60982
review_14821,class_1bc7e06ece0f38a60982
review_14822,class_0eeaed02d1a961f133b4
review_14823,class_7d54e6ff154ad392b174
review_14824,class_7d54e6ff154ad392b174
review_14825,class_7d54e6ff154ad392b174
review_14826,class_7d54e6ff154ad392b174
review_14827,class_1318693c237b7b97c0c0
review_14828,class_0eeaed02d1a961f133b4
review_14829,class_7d54e6ff154ad392b174
review_14830,class_1bc7e06ece0f38a60982
review_14831,class_1bc7e06ece0f38a60982
review_14832,class_9deef4712756d30ffaa3
review_14833,class_1bc7e06ece0f38a60982
review_14834,class_1318693c237b7b97c0c0
review_14835,class_1318693c237b7b97c0c0
review_14836,class_7d54e6ff154ad392b174
review_14837,class_7d54e6ff154ad392b174
review_14838,class_7d54e6ff154ad392b174
review_14839,class_0eeaed02d1a961f133b4
review_14840,class_1318693c237b7b97c0c0
review_14841,class_1cf1396a0c9bc53f37da
review_14842,class_7d54e6ff154ad392b174
review_14843,class_1bc7e06ece0f38a60982
review_14844,class_7d54e6ff154ad392b174
review_14845,class_b89f90f328fa7e7781c0
review_14846,class_1bc7e06ece0f38a60982
review_14847,class_1bc7e06ece0f38a60982
review_14848,class_7d54e6ff154ad392b174
review_14849,class_1bc7e06ece0f38a60982
review_14850,class_e65aace9237833ec7752
review_14851,class_7d54e6ff154ad392b174
review_14852,class_1bc7e06ece0f38a60982
review_14853,class_1318693c237b7b97c0c0
review_14854,class_52da9457fdf6740afd51
review_14855,class_5da3128be1ff7664a1b2
review_14856,class_52da9457fdf6740afd51
review_14857,class_5da3128be1ff7664a1b2
review_14858,class_5da3128be1ff7664a1b2
review_14859,class_52da9457fdf6740afd51
review_14860,class_b89f90f328fa7e7781c0
review_14861,class_b89f90f328fa7e7781c0
review_14862,class_52da9457fdf6740afd51
review_14863,class_52da9457fdf6740afd51
review_14864,class_52da9457fdf6740afd51
review_14865,class_52da9457fdf6740afd51
review_14866,class_1bc7e06ece0f38a60982
review_14867,class_5da3128be1ff7664a1b2
review_14868,class_52da9457fdf6740afd51
review_14869,class_52da9457fdf6740afd51
review_14870,class_b89f90f328fa7e7781c0
review_14871,class_52da9457fdf6740afd51
review_14872,class_52da9457fdf6740afd51
review_14873,class_b89f90f328fa7e7781c0
review_14874,class_b89f90f328fa7e7781c0
review_14875,class_52da9457fdf6740afd51
review_14876,class_52da9457fdf6740afd51
review_14877,class_52da9457fdf6740afd51
review_14878,class_b89f90f328fa7e7781c0
review_14879,class_52da9457fdf6740afd51
review_14880,class_b89f90f328fa7e7781c0
review_14881,class_b89f90f328fa7e7781c0
review_14882,class_52da9457fdf6740afd51
review_14883,class_52da9457fdf6740afd51
review_14884,class_5da3128be1ff7664a1b2
review_14885,class_1318693c237b7b97c0c0
review_14886,class_52da9457fdf6740afd51
review_14887,class_52da9457fdf6740afd51
review_14888,class_b89f90f328fa7e7781c0
review_14889,class_52da9457fdf6740afd51
review_14890,class_52da9457fdf6740afd51
review_14891,class_1318693c237b7b97c0c0
review_14892,class_5da3128be1ff7664a1b2
review_14893,class_b89f90f328fa7e7781c0
review_14894,class_52da9457fdf6740afd51
review_14895,class_52da9457fdf6740afd51
review_14896,class_52da9457fdf6740afd51
review_14897,class_b89f90f328fa7e7781c0
review_14898,class_b89f90f328fa7e7781c0
review_14899,class_52da9457fdf6740afd51
review_14900,class_5da3128be1ff7664a1b2
review_14901,class_52da9457fdf6740afd51
review_14902,class_52da9457fdf6740afd51
review_14903,class_5da3128be1ff7664a1b2
review_14904,class_52da9457fdf6740afd51
review_14905,class_b89f90f328fa7e7781c0
review_14906,class_52da9457fdf6740afd51
review_14907,class_5da3128be1ff7664a1b2
review_14908,class_52da9457fdf6740afd51
review_14909,class_52da9457fdf6740afd51
review_14910,class_b89f90f328fa7e7781c0
review_14911,class_be68f8ed5877c11b8be4
review_14912,class_7d54e6ff154ad392b174
review_14913,class_7d54e6ff154ad392b174
review_14914,class_7d54e6ff154ad392b174
review_14915,class_52da9457fdf6740afd51
review_14916,class_7d54e6ff154ad392b174
review_14917,class_be68f8ed5877c11b8be4
review_14918,class_0eeaed02d1a961f133b4
review_14919,class_0eeaed02d1a961f133b4
review_14920,class_0eeaed02d1a961f133b4
review_14921,class_52da9457fdf6740afd51
review_14922,class_1318693c237b7b97c0c0
review_14923,class_52da9457fdf6740afd51
review_14924,class_be68f8ed5877c11b8be4
review_14925,class_1bc7e06ece0f38a60982
review_14926,class_52da9457fdf6740afd51
review_14927,class_7d54e6ff154ad392b174
review_14928,class_7d54e6ff154ad392b174
review_14929,class_7d54e6ff154ad392b174
review_14930,class_52da9457fdf6740afd51
review_14931,class_1bc7e06ece0f38a60982
review_14932,class_be68f8ed5877c11b8be4
review_14933,class_0eeaed02d1a961f133b4
review_14934,class_7d54e6ff154ad392b174
review_14935,class_1318693c237b7b97c0c0
review_14936,class_7d54e6ff154ad392b174
review_14937,class_52da9457fdf6740afd51
review_14938,class_1bc7e06ece0f38a60982
review_14939,class_1bc7e06ece0f38a60982
review_14940,class_be68f8ed5877c11b8be4
review_14941,class_1bc7e06ece0f38a60982
review_14942,class_52da9457fdf6740afd51
review_14943,class_be68f8ed5877c11b8be4
review_14944,class_be68f8ed5877c11b8be4
review_14945,class_1bc7e06ece0f38a60982
review_14946,class_7d54e6ff154ad392b174
review_14947,class_7d54e6ff154ad392b174
review_14948,class_1bc7e06ece0f38a60982
review_14949,class_be68f8ed5877c11b8be4
review_14950,class_7d54e6ff154ad392b174
review_14951,class_52da9457fdf6740afd51
review_14952,class_e65aace9237833ec7752
review_14953,class_0eeaed02d1a961f133b4
review_14954,class_7d54e6ff154ad392b174
review_14955,class_1bc7e06ece0f38a60982
review_14956,class_52da9457fdf6740afd51
review_14957,class_7d54e6ff154ad392b174
review_14958,class_7d54e6ff154ad392b174
review_14959,class_1bc7e06ece0f38a60982
review_14960,class_1bc7e06ece0f38a60982
review_14961,class_52da9457fdf6740afd51
review_14962,class_1bc7e06ece0f38a60982
review_14963,class_1bc7e06ece0f38a60982
review_14964,class_b89f90f328fa7e7781c0
review_14965,class_7d54e6ff154ad392b174
review_14966,class_1318693c237b7b97c0c0
review_14967,class_52da9457fdf6740afd51
review_14968,class_1cf1396a0c9bc53f37da
review_14969,class_be68f8ed5877c11b8be4
review_14970,class_1318693c237b7b97c0c0
review_14971,class_1bc7e06ece0f38a60982
review_14972,class_9deef4712756d30ffaa3
review_14973,class_1318693c237b7b97c0c0
review_14974,class_1bc7e06ece0f38a60982
review_14975,class_1bc7e06ece0f38a60982
review_14976,class_1bc7e06ece0f38a60982
review_14977,class_9deef4712756d30ffaa3
review_14978,class_52da9457fdf6740afd51
review_14979,class_b89f90f328fa7e7781c0
review_14980,class_1318693c237b7b97c0c0
review_14981,class_b7f740446b63715473af
review_14982,class_9deef4712756d30ffaa3
review_14983,class_1cf1396a0c9bc53f37da
review_14984,class_52da9457fdf6740afd51
review_14985,class_1bc7e06ece0f38a60982
review_14986,class_1bc7e06ece0f38a60982
review_14987,class_1bc7e06ece0f38a60982
review_14988,class_9deef4712756d30ffaa3
review_14989,class_9deef4712756d30ffaa3
review_14990,class_7d54e6ff154ad392b174
review_14991,class_1bc7e06ece0f38a60982
review_14992,class_9deef4712756d30ffaa3
review_14993,class_9deef4712756d30ffaa3
review_14994,class_1bc7e06ece0f38a60982
review_14995,class_b7f740446b63715473af
review_14996,class_7d54e6ff154ad392b174
review_14997,class_1cf1396a0c9bc53f37da
review_14998,class_b7f740446b63715473af
review_14999,class_52da9457fdf6740afd51
review_15000,class_1cf1396a0c9bc53f37da
review_15001,class_1318693c237b7b97c0c0
review_15002,class_1bc7e06ece0f38a60982
review_15003,class_9deef4712756d30ffaa3
review_15004,class_1bc7e06ece0f38a60982
review_15005,class_7d54e6ff154ad392b174
review_15006,class_7d54e6ff154ad392b174
review_15007,class_9e32d15b246e504af33c
review_15008,class_1318693c237b7b97c0c0
review_15009,class_7d54e6ff154ad392b174
review_15010,class_7d54e6ff154ad392b174
review_15011,class_1318693c237b7b97c0c0
review_15012,class_1318693c237b7b97c0c0
review_15013,class_c3ca5f787365eae0dea8
review_15014,class_1318693c237b7b97c0c0
review_15015,class_1318693c237b7b97c0c0
review_15016,class_1318693c237b7b97c0c0
review_15017,class_1318693c237b7b97c0c0
review_15018,class_1bc7e06ece0f38a60982
review_15019,class_7d54e6ff154ad392b174
review_15020,class_1318693c237b7b97c0c0
review_15021,class_e65aace9237833ec7752
review_15022,class_1318693c237b7b97c0c0
review_15023,class_1bc7e06ece0f38a60982
review_15024,class_b7f740446b63715473af
review_15025,class_7d54e6ff154ad392b174
review_15026,class_1318693c237b7b97c0c0
review_15027,class_7d54e6ff154ad392b174
review_15028,class_1318693c237b7b97c0c0
review_15029,class_7d54e6ff154ad392b174
review_15030,class_1bc7e06ece0f38a60982
review_15031,class_7d54e6ff154ad392b174
review_15032,class_1318693c237b7b97c0c0
review_15033,class_7d54e6ff154ad392b174
review_15034,class_1318693c237b7b97c0c0
review_15035,class_1318693c237b7b97c0c0
review_15036,class_1bc7e06ece0f38a60982
review_15037,class_7d54e6ff154ad392b174
review_15038,class_1bc7e06ece0f38a60982
review_15039,class_7d54e6ff154ad392b174
review_15040,class_7d54e6ff154ad392b174
review_15041,class_1318693c237b7b97c0c0
review_15042,class_7d54e6ff154ad392b174
review_15043,class_1318693c237b7b97c0c0
review_15044,class_7d54e6ff154ad392b174
review_15045,class_7d54e6ff154ad392b174
review_15046,class_1318693c237b7b97c0c0
review_15047,class_1318693c237b7b97c0c0
review_15048,class_1318693c237b7b97c0c0
review_15049,class_1318693c237b7b97c0c0
review_15050,class_7d54e6ff154ad392b174
review_15051,class_1318693c237b7b97c0c0
review_15052,class_7d54e6ff154ad392b174
review_15053,class_1bc7e06ece0f38a60982
review_15054,class_1bc7e06ece0f38a60982
review_15055,class_9deef4712756d30ffaa3
review_15056,class_4397d106b671d697b6e0
review_15057,class_1bc7e06ece0f38a60982
review_15058,class_1bc7e06ece0f38a60982
review_15059,class_1bc7e06ece0f38a60982
review_15060,class_1bc7e06ece0f38a60982
review_15061,class_1bc7e06ece0f38a60982
review_15062,class_48075864b2596de25a65
review_15063,class_1bc7e06ece0f38a60982
review_15064,class_1cf1396a0c9bc53f37da
review_15065,class_1cf1396a0c9bc53f37da
review_15066,class_1bc7e06ece0f38a60982
review_15067,class_1bc7e06ece0f38a60982
review_15068,class_52da9457fdf6740afd51
review_15069,class_0eeaed02d1a961f133b4
review_15070,class_1bc7e06ece0f38a60982
review_15071,class_1cf1396a0c9bc53f37da
review_15072,class_b89f90f328fa7e7781c0
review_15073,class_1bc7e06ece0f38a60982
review_15074,class_1bc7e06ece0f38a60982
review_15075,class_52da9457fdf6740afd51
review_15076,class_1bc7e06ece0f38a60982
review_15077,class_1bc7e06ece0f38a60982
review_15078,class_1bc7e06ece0f38a60982
review_15079,class_1bc7e06ece0f38a60982
review_15080,class_1bc7e06ece0f38a60982
review_15081,class_1bc7e06ece0f38a60982
review_15082,class_1bc7e06ece0f38a60982
review_15083,class_1bc7e06ece0f38a60982
review_15084,class_1bc7e06ece0f38a60982
review_15085,class_0eeaed02d1a961f133b4
review_15086,class_1bc7e06ece0f38a60982
review_15087,class_1bc7e06ece0f38a60982
review_15088,class_4397d106b671d697b6e0
review_15089,class_4397d106b671d697b6e0
review_15090,class_1bc7e06ece0f38a60982
review_15091,class_1bc7e06ece0f38a60982
review_15092,class_1bc7e06ece0f38a60982
review_15093,class_1bc7e06ece0f38a60982
review_15094,class_e65aace9237833ec7752
review_15095,class_1bc7e06ece0f38a60982
review_15096,class_1bc7e06ece0f38a60982
review_15097,class_1bc7e06ece0f38a60982
review_15098,class_52da9457fdf6740afd51
review_15099,class_52da9457fdf6740afd51
review_15100,class_1cf1396a0c9bc53f37da
review_15101,class_1cf1396a0c9bc53f37da
review_15102,class_1cf1396a0c9bc53f37da
review_15103,class_b89f90f328fa7e7781c0
review_15104,class_b89f90f328fa7e7781c0
review_15105,class_b89f90f328fa7e7781c0
review_15106,class_b89f90f328fa7e7781c0
review_15107,class_52da9457fdf6740afd51
review_15108,class_52da9457fdf6740afd51
review_15109,class_1cf1396a0c9bc53f37da
review_15110,class_52da9457fdf6740afd51
review_15111,class_52da9457fdf6740afd51
review_15112,class_0eeaed02d1a961f133b4
review_15113,class_1cf1396a0c9bc53f37da
review_15114,class_52da9457fdf6740afd51
review_15115,class_52da9457fdf6740afd51
review_15116,class_52da9457fdf6740afd51
review_15117,class_0eeaed02d1a961f133b4
review_15118,class_52da9457fdf6740afd51
review_15119,class_b89f90f328fa7e7781c0
review_15120,class_1cf1396a0c9bc53f37da
review_15121,class_52da9457fdf6740afd51
review_15122,class_1cf1396a0c9bc53f37da
review_15123,class_b89f90f328fa7e7781c0
review_15124,class_52da9457fdf6740afd51
review_15125,class_1318693c237b7b97c0c0
review_15126,class_1bc7e06ece0f38a60982
review_15127,class_1318693c237b7b97c0c0
review_15128,class_1318693c237b7b97c0c0
review_15129,class_0eeaed02d1a961f133b4
review_15130,class_1318693c237b7b97c0c0
review_15131,class_1bc7e06ece0f38a60982
review_15132,class_5da3128be1ff7664a1b2
review_15133,class_1bc7e06ece0f38a60982
review_15134,class_5da3128be1ff7664a1b2
review_15135,class_1318693c237b7b97c0c0
review_15136,class_9deef4712756d30ffaa3
review_15137,class_52da9457fdf6740afd51
review_15138,class_1318693c237b7b97c0c0
review_15139,class_1318693c237b7b97c0c0
review_15140,class_1318693c237b7b97c0c0
review_15141,class_52da9457fdf6740afd51
review_15142,class_1bc7e06ece0f38a60982
review_15143,class_1318693c237b7b97c0c0
review_15144,class_1bc7e06ece0f38a60982
review_15145,class_1bc7e06ece0f38a60982
review_15146,class_52da9457fdf6740afd51
review_15147,class_1318693c237b7b97c0c0
review_15148,class_1cf1396a0c9bc53f37da
review_15149,class_52da9457fdf6740afd51
review_15150,class_5da3128be1ff7664a1b2
review_15151,class_1bc7e06ece0f38a60982
review_15152,class_1bc7e06ece0f38a60982
review_15153,class_1318693c237b7b97c0c0
review_15154,class_1318693c237b7b97c0c0
review_15155,class_7d54e6ff154ad392b174
review_15156,class_52da9457fdf6740afd51
review_15157,class_1318693c237b7b97c0c0
review_15158,class_52da9457fdf6740afd51
review_15159,class_7d54e6ff154ad392b174
review_15160,class_1bc7e06ece0f38a60982
review_15161,class_52da9457fdf6740afd51
review_15162,class_5da3128be1ff7664a1b2
review_15163,class_52da9457fdf6740afd51
review_15164,class_1318693c237b7b97c0c0
review_15165,class_52da9457fdf6740afd51
review_15166,class_1bc7e06ece0f38a60982
review_15167,class_7d54e6ff154ad392b174
review_15168,class_1318693c237b7b97c0c0
review_15169,class_5da3128be1ff7664a1b2
review_15170,class_1318693c237b7b97c0c0
review_15171,class_5da3128be1ff7664a1b2
review_15172,class_1cf1396a0c9bc53f37da
review_15173,class_7d54e6ff154ad392b174
review_15174,class_5da3128be1ff7664a1b2
review_15175,class_1318693c237b7b97c0c0
review_15176,class_52da9457fdf6740afd51
review_15177,class_1318693c237b7b97c0c0
review_15178,class_1318693c237b7b97c0c0
review_15179,class_5da3128be1ff7664a1b2
review_15180,class_1318693c237b7b97c0c0
review_15181,class_5da3128be1ff7664a1b2
review_15182,class_5da3128be1ff7664a1b2
review_15183,class_5da3128be1ff7664a1b2
review_15184,class_1318693c237b7b97c0c0
review_15185,class_1bc7e06ece0f38a60982
review_15186,class_52da9457fdf6740afd51
review_15187,class_1cf1396a0c9bc53f37da
review_15188,class_52da9457fdf6740afd51
review_15189,class_0eeaed02d1a961f133b4
review_15190,class_1bc7e06ece0f38a60982
review_15191,class_0eeaed02d1a961f133b4
review_15192,class_52da9457fdf6740afd51
review_15193,class_1bc7e06ece0f38a60982
review_15194,class_1bc7e06ece0f38a60982
review_15195,class_52da9457fdf6740afd51
review_15196,class_1bc7e06ece0f38a60982
review_15197,class_1bc7e06ece0f38a60982
review_15198,class_1cf1396a0c9bc53f37da
review_15199,class_1bc7e06ece0f38a60982
review_15200,class_1cf1396a0c9bc53f37da
review_15201,class_52da9457fdf6740afd51
review_15202,class_0eeaed02d1a961f133b4
review_15203,class_1bc7e06ece0f38a60982
review_15204,class_1bc7e06ece0f38a60982
review_15205,class_1bc7e06ece0f38a60982
review_15206,class_52da9457fdf6740afd51
review_15207,class_52da9457fdf6740afd51
review_15208,class_52da9457fdf6740afd51
review_15209,class_1bc7e06ece0f38a60982
review_15210,class_1cf1396a0c9bc53f37da
review_15211,class_b7f740446b63715473af
review_15212,class_1cf1396a0c9bc53f37da
review_15213,class_52da9457fdf6740afd51
review_15214,class_1cf1396a0c9bc53f37da
review_15215,class_1bc7e06ece0f38a60982
review_15216,class_1cf1396a0c9bc53f37da
review_15217,class_b7f740446b63715473af
review_15218,class_1cf1396a0c9bc53f37da
review_15219,class_1bc7e06ece0f38a60982
review_15220,class_52da9457fdf6740afd51
review_15221,class_1bc7e06ece0f38a60982
review_15222,class_1bc7e06ece0f38a60982
review_15223,class_1bc7e06ece0f38a60982
review_15224,class_1cf1396a0c9bc53f37da
review_15225,class_1bc7e06ece0f38a60982
review_15226,class_1cf1396a0c9bc53f37da
review_15227,class_1bc7e06ece0f38a60982
review_15228,class_1bc7e06ece0f38a60982
review_15229,class_7d54e6ff154ad392b174
review_15230,class_1cf1396a0c9bc53f37da
review_15231,class_52da9457fdf6740afd51
review_15232,class_52da9457fdf6740afd51
review_15233,class_1cf1396a0c9bc53f37da
review_15234,class_1cf1396a0c9bc53f37da
review_15235,class_0eeaed02d1a961f133b4
review_15236,class_1cf1396a0c9bc53f37da
review_15237,class_1bc7e06ece0f38a60982
review_15238,class_1bc7e06ece0f38a60982
review_15239,class_1cf1396a0c9bc53f37da
review_15240,class_1cf1396a0c9bc53f37da
review_15241,class_1bc7e06ece0f38a60982
review_15242,class_1cf1396a0c9bc53f37da
review_15243,class_1cf1396a0c9bc53f37da
review_15244,class_52da9457fdf6740afd51
review_15245,class_1bc7e06ece0f38a60982
review_15246,class_1bc7e06ece0f38a60982
review_15247,class_52da9457fdf6740afd51
review_15248,class_1cf1396a0c9bc53f37da
review_15249,class_1bc7e06ece0f38a60982
review_15250,class_1cf1396a0c9bc53f37da
review_15251,class_1bc7e06ece0f38a60982
review_15252,class_52da9457fdf6740afd51
review_15253,class_52da9457fdf6740afd51
review_15254,class_e65aace9237833ec7752
review_15255,class_1bc7e06ece0f38a60982
review_15256,class_52da9457fdf6740afd51
review_15257,class_1bc7e06ece0f38a60982
review_15258,class_7d54e6ff154ad392b174
review_15259,class_7d54e6ff154ad392b174
review_15260,class_1bc7e06ece0f38a60982
review_15261,class_7d54e6ff154ad392b174
review_15262,class_7d54e6ff154ad392b174
review_15263,class_7d54e6ff154ad392b174
review_15264,class_7d54e6ff154ad392b174
review_15265,class_1bc7e06ece0f38a60982
review_15266,class_7d54e6ff154ad392b174
review_15267,class_7d54e6ff154ad392b174
review_15268,class_52da9457fdf6740afd51
review_15269,class_1bc7e06ece0f38a60982
review_15270,class_7d54e6ff154ad392b174
review_15271,class_7d54e6ff154ad392b174
review_15272,class_1bc7e06ece0f38a60982
review_15273,class_7d54e6ff154ad392b174
review_15274,class_52da9457fdf6740afd51
review_15275,class_1bc7e06ece0f38a60982
review_15276,class_7d54e6ff154ad392b174
review_15277,class_1bc7e06ece0f38a60982
review_15278,class_7d54e6ff154ad392b174
review_15279,class_7d54e6ff154ad392b174
review_15280,class_7d54e6ff154ad392b174
review_15281,class_9deef4712756d30ffaa3
review_15282,class_9deef4712756d30ffaa3
review_15283,class_9deef4712756d30ffaa3
review_15284,class_7d54e6ff154ad392b174
review_15285,class_1bc7e06ece0f38a60982
review_15286,class_1bc7e06ece0f38a60982
review_15287,class_9deef4712756d30ffaa3
review_15288,class_7d54e6ff154ad392b174
review_15289,class_7d54e6ff154ad392b174
review_15290,class_9deef4712756d30ffaa3
review_15291,class_7d54e6ff154ad392b174
review_15292,class_9deef4712756d30ffaa3
review_15293,class_e65aace9237833ec7752
review_15294,class_e65aace9237833ec7752
review_15295,class_7d54e6ff154ad392b174
review_15296,class_e65aace9237833ec7752
review_15297,class_7d54e6ff154ad392b174
review_15298,class_e65aace9237833ec7752
review_15299,class_7d54e6ff154ad392b174
review_15300,class_e65aace9237833ec7752
review_15301,class_7d54e6ff154ad392b174
review_15302,class_7d54e6ff154ad392b174
review_15303,class_e65aace9237833ec7752
review_15304,class_9deef4712756d30ffaa3
review_15305,class_9deef4712756d30ffaa3
review_15306,class_1cf1396a0c9bc53f37da
review_15307,class_9deef4712756d30ffaa3
review_15308,class_9deef4712756d30ffaa3
review_15309,class_9deef4712756d30ffaa3
review_15310,class_9deef4712756d30ffaa3
review_15311,class_9deef4712756d30ffaa3
review_15312,class_9e32d15b246e504af33c
review_15313,class_7d54e6ff154ad392b174
review_15314,class_1bc7e06ece0f38a60982
review_15315,class_9deef4712756d30ffaa3
review_15316,class_7d54e6ff154ad392b174
review_15317,class_7d54e6ff154ad392b174
review_15318,class_9deef4712756d30ffaa3
review_15319,class_52438e68a549a636811e
review_15320,class_9deef4712756d30ffaa3
review_15321,class_52da9457fdf6740afd51
review_15322,class_52da9457fdf6740afd51
review_15323,class_9deef4712756d30ffaa3
review_15324,class_e65aace9237833ec7752
review_15325,class_7d54e6ff154ad392b174
review_15326,class_9deef4712756d30ffaa3
review_15327,class_9deef4712756d30ffaa3
review_15328,class_e65aace9237833ec7752
review_15329,class_9deef4712756d30ffaa3
review_15330,class_e65aace9237833ec7752
review_15331,class_e65aace9237833ec7752
review_15332,class_1bc7e06ece0f38a60982
review_15333,class_0eeaed02d1a961f133b4
review_15334,class_7d54e6ff154ad392b174
review_15335,class_9deef4712756d30ffaa3
review_15336,class_9deef4712756d30ffaa3
review_15337,class_7d54e6ff154ad392b174
review_15338,class_7d54e6ff154ad392b174
review_15339,class_9deef4712756d30ffaa3
review_15340,class_9deef4712756d30ffaa3
review_15341,class_9deef4712756d30ffaa3
review_15342,class_e65aace9237833ec7752
review_15343,class_e65aace9237833ec7752
review_15344,class_9deef4712756d30ffaa3
review_15345,class_7d54e6ff154ad392b174
review_15346,class_9deef4712756d30ffaa3
review_15347,class_7d54e6ff154ad392b174
review_15348,class_b89f90f328fa7e7781c0
review_15349,class_7d54e6ff154ad392b174
review_15350,class_9e32d15b246e504af33c
review_15351,class_f6efb94c9ae061247bed
review_15352,class_7d54e6ff154ad392b174
review_15353,class_9e32d15b246e504af33c
review_15354,class_b89f90f328fa7e7781c0
review_15355,class_52da9457fdf6740afd51
review_15356,class_7d54e6ff154ad392b174
review_15357,class_9e32d15b246e504af33c
review_15358,class_f6efb94c9ae061247bed
review_15359,class_b89f90f328fa7e7781c0
review_15360,class_b89f90f328fa7e7781c0
review_15361,class_f6efb94c9ae061247bed
review_15362,class_e65aace9237833ec7752
review_15363,class_7d54e6ff154ad392b174
review_15364,class_7d54e6ff154ad392b174
review_15365,class_f6efb94c9ae061247bed
review_15366,class_1318693c237b7b97c0c0
review_15367,class_7d54e6ff154ad392b174
review_15368,class_7d54e6ff154ad392b174
review_15369,class_b89f90f328fa7e7781c0
review_15370,class_7d54e6ff154ad392b174
review_15371,class_7d54e6ff154ad392b174
review_15372,class_b89f90f328fa7e7781c0
review_15373,class_f6efb94c9ae061247bed
review_15374,class_7d54e6ff154ad392b174
review_15375,class_52da9457fdf6740afd51
review_15376,class_f6efb94c9ae061247bed
review_15377,class_7d54e6ff154ad392b174
review_15378,class_9e32d15b246e504af33c
review_15379,class_b89f90f328fa7e7781c0
review_15380,class_7d54e6ff154ad392b174
review_15381,class_9e32d15b246e504af33c
review_15382,class_52da9457fdf6740afd51
review_15383,class_1318693c237b7b97c0c0
review_15384,class_b89f90f328fa7e7781c0
review_15385,class_1318693c237b7b97c0c0
review_15386,class_1318693c237b7b97c0c0
review_15387,class_b89f90f328fa7e7781c0
review_15388,class_1bc7e06ece0f38a60982
review_15389,class_52da9457fdf6740afd51
review_15390,class_7d54e6ff154ad392b174
review_15391,class_1bc7e06ece0f38a60982
review_15392,class_7d54e6ff154ad392b174
review_15393,class_1bc7e06ece0f38a60982
review_15394,class_1bc7e06ece0f38a60982
review_15395,class_7d54e6ff154ad392b174
review_15396,class_1bc7e06ece0f38a60982
review_15397,class_1bc7e06ece0f38a60982
review_15398,class_7d54e6ff154ad392b174
review_15399,class_7d54e6ff154ad392b174
review_15400,class_7d54e6ff154ad392b174
review_15401,class_7d54e6ff154ad392b174
review_15402,class_7d54e6ff154ad392b174
review_15403,class_7d54e6ff154ad392b174
review_15404,class_7d54e6ff154ad392b174
review_15405,class_1bc7e06ece0f38a60982
review_15406,class_7d54e6ff154ad392b174
review_15407,class_1bc7e06ece0f38a60982
review_15408,class_7d54e6ff154ad392b174
review_15409,class_7d54e6ff154ad392b174
review_15410,class_7d54e6ff154ad392b174
review_15411,class_7d54e6ff154ad392b174
review_15412,class_7d54e6ff154ad392b174
review_15413,class_7d54e6ff154ad392b174
review_15414,class_7d54e6ff154ad392b174
review_15415,class_1bc7e06ece0f38a60982
review_15416,class_b7f740446b63715473af
review_15417,class_7d54e6ff154ad392b174
review_15418,class_52438e68a549a636811e
review_15419,class_e65aace9237833ec7752
review_15420,class_1bc7e06ece0f38a60982
review_15421,class_7d54e6ff154ad392b174
review_15422,class_1bc7e06ece0f38a60982
review_15423,class_1cf1396a0c9bc53f37da
review_15424,class_e65aace9237833ec7752
review_15425,class_7d54e6ff154ad392b174
review_15426,class_0eeaed02d1a961f133b4
review_15427,class_7d54e6ff154ad392b174
review_15428,class_1cf1396a0c9bc53f37da
review_15429,class_7d54e6ff154ad392b174
review_15430,class_7d54e6ff154ad392b174
review_15431,class_7d54e6ff154ad392b174
review_15432,class_7d54e6ff154ad392b174
review_15433,class_52da9457fdf6740afd51
review_15434,class_b7f740446b63715473af
review_15435,class_0eeaed02d1a961f133b4
review_15436,class_9deef4712756d30ffaa3
review_15437,class_7d54e6ff154ad392b174
review_15438,class_52da9457fdf6740afd51
review_15439,class_1cf1396a0c9bc53f37da
review_15440,class_7d54e6ff154ad392b174
review_15441,class_b7f740446b63715473af
review_15442,class_9deef4712756d30ffaa3
review_15443,class_52da9457fdf6740afd51
review_15444,class_7d54e6ff154ad392b174
review_15445,class_7d54e6ff154ad392b174
review_15446,class_52da9457fdf6740afd51
review_15447,class_52da9457fdf6740afd51
review_15448,class_5da3128be1ff7664a1b2
review_15449,class_5da3128be1ff7664a1b2
review_15450,class_7d54e6ff154ad392b174
review_15451,class_e65aace9237833ec7752
review_15452,class_5da3128be1ff7664a1b2
review_15453,class_b7f740446b63715473af
review_15454,class_7d54e6ff154ad392b174
review_15455,class_5da3128be1ff7664a1b2
review_15456,class_7d54e6ff154ad392b174
review_15457,class_5da3128be1ff7664a1b2
review_15458,class_5da3128be1ff7664a1b2
review_15459,class_5da3128be1ff7664a1b2
review_15460,class_b7f740446b63715473af
review_15461,class_1cf1396a0c9bc53f37da
review_15462,class_5da3128be1ff7664a1b2
review_15463,class_7d54e6ff154ad392b174
review_15464,class_1cf1396a0c9bc53f37da
review_15465,class_1cf1396a0c9bc53f37da
review_15466,class_5da3128be1ff7664a1b2
review_15467,class_5da3128be1ff7664a1b2
review_15468,class_0eeaed02d1a961f133b4
review_15469,class_e65aace9237833ec7752
review_15470,class_5da3128be1ff7664a1b2
review_15471,class_e65aace9237833ec7752
review_15472,class_1cf1396a0c9bc53f37da
review_15473,class_5da3128be1ff7664a1b2
review_15474,class_5da3128be1ff7664a1b2
review_15475,class_f6efb94c9ae061247bed
review_15476,class_7d54e6ff154ad392b174
review_15477,class_f6efb94c9ae061247bed
review_15478,class_52da9457fdf6740afd51
review_15479,class_c3ca5f787365eae0dea8
review_15480,class_7d54e6ff154ad392b174
review_15481,class_f6efb94c9ae061247bed
review_15482,class_e65aace9237833ec7752
review_15483,class_1cf1396a0c9bc53f37da
review_15484,class_c3ca5f787365eae0dea8
review_15485,class_52da9457fdf6740afd51
review_15486,class_7d54e6ff154ad392b174
review_15487,class_f6efb94c9ae061247bed
review_15488,class_52da9457fdf6740afd51
review_15489,class_52da9457fdf6740afd51
review_15490,class_c3ca5f787365eae0dea8
review_15491,class_7d54e6ff154ad392b174
review_15492,class_c3ca5f787365eae0dea8
review_15493,class_c3ca5f787365eae0dea8
review_15494,class_e65aace9237833ec7752
review_15495,class_52da9457fdf6740afd51
review_15496,class_1bc7e06ece0f38a60982
review_15497,class_1bc7e06ece0f38a60982
review_15498,class_52da9457fdf6740afd51
review_15499,class_7d54e6ff154ad392b174
review_15500,class_c3ca5f787365eae0dea8
review_15501,class_52da9457fdf6740afd51
review_15502,class_1cf1396a0c9bc53f37da
review_15503,class_7d54e6ff154ad392b174
review_15504,class_7d54e6ff154ad392b174
review_15505,class_7d54e6ff154ad392b174
review_15506,class_7d54e6ff154ad392b174
review_15507,class_7d54e6ff154ad392b174
review_15508,class_7d54e6ff154ad392b174
review_15509,class_1bc7e06ece0f38a60982
review_15510,class_1bc7e06ece0f38a60982
review_15511,class_c3ca5f787365eae0dea8
review_15512,class_7d54e6ff154ad392b174
review_15513,class_7d54e6ff154ad392b174
review_15514,class_7d54e6ff154ad392b174
review_15515,class_c3ca5f787365eae0dea8
review_15516,class_52da9457fdf6740afd51
review_15517,class_7d54e6ff154ad392b174
review_15518,class_7d54e6ff154ad392b174
review_15519,class_7d54e6ff154ad392b174
review_15520,class_1bc7e06ece0f38a60982
review_15521,class_f6efb94c9ae061247bed
review_15522,class_e65aace9237833ec7752
review_15523,class_1cf1396a0c9bc53f37da
review_15524,class_c3ca5f787365eae0dea8
review_15525,class_52da9457fdf6740afd51
review_15526,class_1bc7e06ece0f38a60982
review_15527,class_1bc7e06ece0f38a60982
review_15528,class_7d54e6ff154ad392b174
review_15529,class_1bc7e06ece0f38a60982
review_15530,class_52da9457fdf6740afd51
review_15531,class_7d54e6ff154ad392b174
review_15532,class_f6efb94c9ae061247bed
review_15533,class_52da9457fdf6740afd51
review_15534,class_1318693c237b7b97c0c0
review_15535,class_52da9457fdf6740afd51
review_15536,class_f6efb94c9ae061247bed
review_15537,class_52da9457fdf6740afd51
review_15538,class_f6efb94c9ae061247bed
review_15539,class_1318693c237b7b97c0c0
review_15540,class_e65aace9237833ec7752
review_15541,class_1bc7e06ece0f38a60982
review_15542,class_f6efb94c9ae061247bed
review_15543,class_9e32d15b246e504af33c
review_15544,class_1bc7e06ece0f38a60982
review_15545,class_1bc7e06ece0f38a60982
review_15546,class_1bc7e06ece0f38a60982
review_15547,class_52da9457fdf6740afd51
review_15548,class_1bc7e06ece0f38a60982
review_15549,class_f6efb94c9ae061247bed
review_15550,class_1318693c237b7b97c0c0
review_15551,class_f6efb94c9ae061247bed
review_15552,class_f6efb94c9ae061247bed
review_15553,class_1bc7e06ece0f38a60982
review_15554,class_1318693c237b7b97c0c0
review_15555,class_52da9457fdf6740afd51
review_15556,class_9e32d15b246e504af33c
review_15557,class_1318693c237b7b97c0c0
review_15558,class_e65aace9237833ec7752
review_15559,class_1bc7e06ece0f38a60982
review_15560,class_1bc7e06ece0f38a60982
review_15561,class_1318693c237b7b97c0c0
review_15562,class_e65aace9237833ec7752
review_15563,class_f6efb94c9ae061247bed
review_15564,class_1318693c237b7b97c0c0
review_15565,class_1318693c237b7b97c0c0
review_15566,class_1318693c237b7b97c0c0
review_15567,class_e65aace9237833ec7752
review_15568,class_f6efb94c9ae061247bed
review_15569,class_e65aace9237833ec7752
review_15570,class_b7f740446b63715473af
review_15571,class_1bc7e06ece0f38a60982
review_15572,class_1318693c237b7b97c0c0
review_15573,class_1318693c237b7b97c0c0
review_15574,class_e65aace9237833ec7752
review_15575,class_e65aace9237833ec7752
review_15576,class_52da9457fdf6740afd51
review_15577,class_f6efb94c9ae061247bed
review_15578,class_1bc7e06ece0f38a60982
review_15579,class_52da9457fdf6740afd51
review_15580,class_1318693c237b7b97c0c0
review_15581,class_1bc7e06ece0f38a60982
review_15582,class_f6efb94c9ae061247bed
review_15583,class_1bc7e06ece0f38a60982
review_15584,class_1318693c237b7b97c0c0
review_15585,class_1318693c237b7b97c0c0
review_15586,class_1bc7e06ece0f38a60982
review_15587,class_1318693c237b7b97c0c0
review_15588,class_1318693c237b7b97c0c0
review_15589,class_1bc7e06ece0f38a60982
review_15590,class_52da9457fdf6740afd51
review_15591,class_1bc7e06ece0f38a60982
review_15592,class_f6efb94c9ae061247bed
review_15593,class_1bc7e06ece0f38a60982
review_15594,class_1bc7e06ece0f38a60982
review_15595,class_1bc7e06ece0f38a60982
review_15596,class_9e32d15b246e504af33c
review_15597,class_9e32d15b246e504af33c
review_15598,class_1318693c237b7b97c0c0
review_15599,class_7d54e6ff154ad392b174
review_15600,class_1bc7e06ece0f38a60982
review_15601,class_1318693c237b7b97c0c0
review_15602,class_7d54e6ff154ad392b174
review_15603,class_1318693c237b7b97c0c0
review_15604,class_1bc7e06ece0f38a60982
review_15605,class_1318693c237b7b97c0c0
review_15606,class_7d54e6ff154ad392b174
review_15607,class_52da9457fdf6740afd51
review_15608,class_52da9457fdf6740afd51
review_15609,class_1318693c237b7b97c0c0
review_15610,class_7d54e6ff154ad392b174
review_15611,class_1bc7e06ece0f38a60982
review_15612,class_1318693c237b7b97c0c0
review_15613,class_48075864b2596de25a65
review_15614,class_7d54e6ff154ad392b174
review_15615,class_1318693c237b7b97c0c0
review_15616,class_1318693c237b7b97c0c0
review_15617,class_1318693c237b7b97c0c0
review_15618,class_52da9457fdf6740afd51
review_15619,class_1318693c237b7b97c0c0
review_15620,class_7d54e6ff154ad392b174
review_15621,class_1bc7e06ece0f38a60982
review_15622,class_1318693c237b7b97c0c0
review_15623,class_7d54e6ff154ad392b174
review_15624,class_1bc7e06ece0f38a60982
review_15625,class_7d54e6ff154ad392b174
review_15626,class_e65aace9237833ec7752
review_15627,class_7d54e6ff154ad392b174
review_15628,class_7d54e6ff154ad392b174
review_15629,class_1318693c237b7b97c0c0
review_15630,class_5da3128be1ff7664a1b2
review_15631,class_b89f90f328fa7e7781c0
review_15632,class_1318693c237b7b97c0c0
review_15633,class_5da3128be1ff7664a1b2
review_15634,class_5da3128be1ff7664a1b2
review_15635,class_7d54e6ff154ad392b174
review_15636,class_e65aace9237833ec7752
review_15637,class_7d54e6ff154ad392b174
review_15638,class_1318693c237b7b97c0c0
review_15639,class_e65aace9237833ec7752
review_15640,class_e65aace9237833ec7752
review_15641,class_52da9457fdf6740afd51
review_15642,class_5da3128be1ff7664a1b2
review_15643,class_1318693c237b7b97c0c0
review_15644,class_9deef4712756d30ffaa3
review_15645,class_5da3128be1ff7664a1b2
review_15646,class_7d54e6ff154ad392b174
review_15647,class_1318693c237b7b97c0c0
review_15648,class_1318693c237b7b97c0c0
review_15649,class_7d54e6ff154ad392b174
review_15650,class_7d54e6ff154ad392b174
review_15651,class_52da9457fdf6740afd51
review_15652,class_7d54e6ff154ad392b174
review_15653,class_7d54e6ff154ad392b174
review_15654,class_5da3128be1ff7664a1b2
review_15655,class_b89f90f328fa7e7781c0
review_15656,class_5da3128be1ff7664a1b2
review_15657,class_9deef4712756d30ffaa3
review_15658,class_9deef4712756d30ffaa3
review_15659,class_7d54e6ff154ad392b174
review_15660,class_1bc7e06ece0f38a60982
review_15661,class_9deef4712756d30ffaa3
review_15662,class_7d54e6ff154ad392b174
review_15663,class_7d54e6ff154ad392b174
review_15664,class_b89f90f328fa7e7781c0
review_15665,class_1bc7e06ece0f38a60982
review_15666,class_1bc7e06ece0f38a60982
review_15667,class_9deef4712756d30ffaa3
review_15668,class_9deef4712756d30ffaa3
review_15669,class_1bc7e06ece0f38a60982
review_15670,class_1bc7e06ece0f38a60982
review_15671,class_1bc7e06ece0f38a60982
review_15672,class_1318693c237b7b97c0c0
review_15673,class_1bc7e06ece0f38a60982
review_15674,class_7d54e6ff154ad392b174
review_15675,class_1bc7e06ece0f38a60982
review_15676,class_7d54e6ff154ad392b174
review_15677,class_9deef4712756d30ffaa3
review_15678,class_9deef4712756d30ffaa3
review_15679,class_1318693c237b7b97c0c0
review_15680,class_7d54e6ff154ad392b174
review_15681,class_9deef4712756d30ffaa3
review_15682,class_7d54e6ff154ad392b174
review_15683,class_1bc7e06ece0f38a60982
review_15684,class_9deef4712756d30ffaa3
review_15685,class_1bc7e06ece0f38a60982
review_15686,class_1318693c237b7b97c0c0
review_15687,class_9deef4712756d30ffaa3
review_15688,class_1318693c237b7b97c0c0
review_15689,class_9deef4712756d30ffaa3
review_15690,class_1318693c237b7b97c0c0
review_15691,class_1bc7e06ece0f38a60982
review_15692,class_9deef4712756d30ffaa3
review_15693,class_1318693c237b7b97c0c0
review_15694,class_1bc7e06ece0f38a60982
review_15695,class_9deef4712756d30ffaa3
review_15696,class_9deef4712756d30ffaa3
review_15697,class_9deef4712756d30ffaa3
review_15698,class_1bc7e06ece0f38a60982
review_15699,class_1bc7e06ece0f38a60982
review_15700,class_9deef4712756d30ffaa3
review_15701,class_1bc7e06ece0f38a60982
review_15702,class_1bc7e06ece0f38a60982
review_15703,class_7d54e6ff154ad392b174
review_15704,class_9deef4712756d30ffaa3
review_15705,class_1bc7e06ece0f38a60982
review_15706,class_1bc7e06ece0f38a60982
review_15707,class_7d54e6ff154ad392b174
review_15708,class_9deef4712756d30ffaa3
review_15709,class_9deef4712756d30ffaa3
review_15710,class_9deef4712756d30ffaa3
review_15711,class_9deef4712756d30ffaa3
review_15712,class_7d54e6ff154ad392b174
review_15713,class_7d54e6ff154ad392b174
review_15714,class_1bc7e06ece0f38a60982
review_15715,class_1bc7e06ece0f38a60982
review_15716,class_9deef4712756d30ffaa3
review_15717,class_7d54e6ff154ad392b174
review_15718,class_7d54e6ff154ad392b174
review_15719,class_1bc7e06ece0f38a60982
review_15720,class_9deef4712756d30ffaa3
review_15721,class_1bc7e06ece0f38a60982
review_15722,class_1318693c237b7b97c0c0
review_15723,class_1318693c237b7b97c0c0
review_15724,class_9deef4712756d30ffaa3
review_15725,class_1318693c237b7b97c0c0
review_15726,class_7d54e6ff154ad392b174
review_15727,class_9deef4712756d30ffaa3
review_15728,class_1bc7e06ece0f38a60982
review_15729,class_9deef4712756d30ffaa3
review_15730,class_1bc7e06ece0f38a60982
review_15731,class_9deef4712756d30ffaa3
review_15732,class_1bc7e06ece0f38a60982
review_15733,class_1bc7e06ece0f38a60982
review_15734,class_1bc7e06ece0f38a60982
review_15735,class_9deef4712756d30ffaa3
review_15736,class_9deef4712756d30ffaa3
review_15737,class_1bc7e06ece0f38a60982
review_15738,class_1bc7e06ece0f38a60982
review_15739,class_1bc7e06ece0f38a60982
review_15740,class_9deef4712756d30ffaa3
review_15741,class_1bc7e06ece0f38a60982
review_15742,class_1318693c237b7b97c0c0
review_15743,class_1bc7e06ece0f38a60982
review_15744,class_9deef4712756d30ffaa3
review_15745,class_1318693c237b7b97c0c0
review_15746,class_9deef4712756d30ffaa3
review_15747,class_9deef4712756d30ffaa3
review_15748,class_1318693c237b7b97c0c0
review_15749,class_1bc7e06ece0f38a60982
review_15750,class_9deef4712756d30ffaa3
review_15751,class_7d54e6ff154ad392b174
review_15752,class_9deef4712756d30ffaa3
review_15753,class_1bc7e06ece0f38a60982
review_15754,class_7d54e6ff154ad392b174
review_15755,class_9deef4712756d30ffaa3
review_15756,class_9deef4712756d30ffaa3
review_15757,class_9deef4712756d30ffaa3
review_15758,class_1bc7e06ece0f38a60982
review_15759,class_7d54e6ff154ad392b174
review_15760,class_1bc7e06ece0f38a60982
review_15761,class_9deef4712756d30ffaa3
review_15762,class_1bc7e06ece0f38a60982
review_15763,class_1bc7e06ece0f38a60982
review_15764,class_1bc7e06ece0f38a60982
review_15765,class_1cf1396a0c9bc53f37da
review_15766,class_9deef4712756d30ffaa3
review_15767,class_7d54e6ff154ad392b174
review_15768,class_1318693c237b7b97c0c0
review_15769,class_1bc7e06ece0f38a60982
review_15770,class_7d54e6ff154ad392b174
review_15771,class_9deef4712756d30ffaa3
review_15772,class_9deef4712756d30ffaa3
review_15773,class_9deef4712756d30ffaa3
review_15774,class_1bc7e06ece0f38a60982
review_15775,class_1bc7e06ece0f38a60982
review_15776,class_1318693c237b7b97c0c0
review_15777,class_1bc7e06ece0f38a60982
review_15778,class_1bc7e06ece0f38a60982
review_15779,class_1bc7e06ece0f38a60982
review_15780,class_1bc7e06ece0f38a60982
review_15781,class_1318693c237b7b97c0c0
review_15782,class_1bc7e06ece0f38a60982
review_15783,class_7d54e6ff154ad392b174
review_15784,class_1bc7e06ece0f38a60982
review_15785,class_9deef4712756d30ffaa3
review_15786,class_1318693c237b7b97c0c0
review_15787,class_1bc7e06ece0f38a60982
review_15788,class_1bc7e06ece0f38a60982
review_15789,class_7d54e6ff154ad392b174
review_15790,class_7d54e6ff154ad392b174
review_15791,class_7d54e6ff154ad392b174
review_15792,class_7d54e6ff154ad392b174
review_15793,class_7d54e6ff154ad392b174
review_15794,class_5da3128be1ff7664a1b2
review_15795,class_1bc7e06ece0f38a60982
review_15796,class_7d54e6ff154ad392b174
review_15797,class_7d54e6ff154ad392b174
review_15798,class_7d54e6ff154ad392b174
review_15799,class_1bc7e06ece0f38a60982
review_15800,class_1cf1396a0c9bc53f37da
review_15801,class_7d54e6ff154ad392b174
review_15802,class_1cf1396a0c9bc53f37da
review_15803,class_5da3128be1ff7664a1b2
review_15804,class_9deef4712756d30ffaa3
review_15805,class_1bc7e06ece0f38a60982
review_15806,class_1bc7e06ece0f38a60982
review_15807,class_9deef4712756d30ffaa3
review_15808,class_7d54e6ff154ad392b174
review_15809,class_c3ca5f787365eae0dea8
review_15810,class_7d54e6ff154ad392b174
review_15811,class_7d54e6ff154ad392b174
review_15812,class_5da3128be1ff7664a1b2
review_15813,class_5da3128be1ff7664a1b2
review_15814,class_5da3128be1ff7664a1b2
review_15815,class_1bc7e06ece0f38a60982
review_15816,class_7d54e6ff154ad392b174
review_15817,class_7d54e6ff154ad392b174
review_15818,class_7d54e6ff154ad392b174
review_15819,class_7d54e6ff154ad392b174
review_15820,class_5da3128be1ff7664a1b2
review_15821,class_5da3128be1ff7664a1b2
review_15822,class_1bc7e06ece0f38a60982
review_15823,class_1bc7e06ece0f38a60982
review_15824,class_7d54e6ff154ad392b174
review_15825,class_1bc7e06ece0f38a60982
review_15826,class_7d54e6ff154ad392b174
review_15827,class_7d54e6ff154ad392b174
review_15828,class_5da3128be1ff7664a1b2
review_15829,class_7d54e6ff154ad392b174
review_15830,class_9deef4712756d30ffaa3
review_15831,class_b7f740446b63715473af
review_15832,class_7d54e6ff154ad392b174
review_15833,class_5da3128be1ff7664a1b2
review_15834,class_1cf1396a0c9bc53f37da
review_15835,class_7d54e6ff154ad392b174
review_15836,class_7d54e6ff154ad392b174
review_15837,class_f6efb94c9ae061247bed
review_15838,class_7d54e6ff154ad392b174
review_15839,class_52da9457fdf6740afd51
review_15840,class_52da9457fdf6740afd51
review_15841,class_c3ca5f787365eae0dea8
review_15842,class_7d54e6ff154ad392b174
review_15843,class_1318693c237b7b97c0c0
review_15844,class_1cf1396a0c9bc53f37da
review_15845,class_1cf1396a0c9bc53f37da
review_15846,class_52da9457fdf6740afd51
review_15847,class_52da9457fdf6740afd51
review_15848,class_1cf1396a0c9bc53f37da
review_15849,class_1cf1396a0c9bc53f37da
review_15850,class_52da9457fdf6740afd51
review_15851,class_7d54e6ff154ad392b174
review_15852,class_1cf1396a0c9bc53f37da
review_15853,class_7d54e6ff154ad392b174
review_15854,class_1cf1396a0c9bc53f37da
review_15855,class_f6efb94c9ae061247bed
review_15856,class_0eeaed02d1a961f133b4
review_15857,class_52da9457fdf6740afd51
review_15858,class_0eeaed02d1a961f133b4
review_15859,class_1318693c237b7b97c0c0
review_15860,class_52da9457fdf6740afd51
review_15861,class_7d54e6ff154ad392b174
review_15862,class_52da9457fdf6740afd51
review_15863,class_52da9457fdf6740afd51
review_15864,class_52da9457fdf6740afd51
review_15865,class_7d54e6ff154ad392b174
review_15866,class_52da9457fdf6740afd51
review_15867,class_0eeaed02d1a961f133b4
review_15868,class_7d54e6ff154ad392b174
review_15869,class_0eeaed02d1a961f133b4
review_15870,class_0eeaed02d1a961f133b4
review_15871,class_7d54e6ff154ad392b174
review_15872,class_5da3128be1ff7664a1b2
review_15873,class_5da3128be1ff7664a1b2
review_15874,class_1bc7e06ece0f38a60982
review_15875,class_52da9457fdf6740afd51
review_15876,class_1bc7e06ece0f38a60982
review_15877,class_0eeaed02d1a961f133b4
review_15878,class_52da9457fdf6740afd51
review_15879,class_0eeaed02d1a961f133b4
review_15880,class_7d54e6ff154ad392b174
review_15881,class_1bc7e06ece0f38a60982
review_15882,class_5da3128be1ff7664a1b2
review_15883,class_b89f90f328fa7e7781c0
review_15884,class_7d54e6ff154ad392b174
review_15885,class_5da3128be1ff7664a1b2
review_15886,class_1bc7e06ece0f38a60982
review_15887,class_7d54e6ff154ad392b174
review_15888,class_1bc7e06ece0f38a60982
review_15889,class_7d54e6ff154ad392b174
review_15890,class_7d54e6ff154ad392b174
review_15891,class_52da9457fdf6740afd51
review_15892,class_52da9457fdf6740afd51
review_15893,class_52da9457fdf6740afd51
review_15894,class_52da9457fdf6740afd51
review_15895,class_1318693c237b7b97c0c0
review_15896,class_1318693c237b7b97c0c0
review_15897,class_52da9457fdf6740afd51
review_15898,class_1318693c237b7b97c0c0
review_15899,class_9deef4712756d30ffaa3
review_15900,class_7d54e6ff154ad392b174
review_15901,class_7d54e6ff154ad392b174
review_15902,class_1318693c237b7b97c0c0
review_15903,class_f6efb94c9ae061247bed
review_15904,class_1318693c237b7b97c0c0
review_15905,class_7d54e6ff154ad392b174
review_15906,class_e65aace9237833ec7752
review_15907,class_e65aace9237833ec7752
review_15908,class_1318693c237b7b97c0c0
review_15909,class_e65aace9237833ec7752
review_15910,class_1cf1396a0c9bc53f37da
review_15911,class_7d54e6ff154ad392b174
review_15912,class_52da9457fdf6740afd51
review_15913,class_1318693c237b7b97c0c0
review_15914,class_e65aace9237833ec7752
review_15915,class_1bc7e06ece0f38a60982
review_15916,class_1cf1396a0c9bc53f37da
review_15917,class_b7f740446b63715473af
review_15918,class_1bc7e06ece0f38a60982
review_15919,class_1cf1396a0c9bc53f37da
review_15920,class_1cf1396a0c9bc53f37da
review_15921,class_1cf1396a0c9bc53f37da
review_15922,class_1bc7e06ece0f38a60982
review_15923,class_7d54e6ff154ad392b174
review_15924,class_1bc7e06ece0f38a60982
review_15925,class_1bc7e06ece0f38a60982
review_15926,class_1cf1396a0c9bc53f37da
review_15927,class_7d54e6ff154ad392b174
review_15928,class_1cf1396a0c9bc53f37da
review_15929,class_1cf1396a0c9bc53f37da
review_15930,class_1bc7e06ece0f38a60982
review_15931,class_7d54e6ff154ad392b174
review_15932,class_9deef4712756d30ffaa3
review_15933,class_9deef4712756d30ffaa3
review_15934,class_1bc7e06ece0f38a60982
review_15935,class_7d54e6ff154ad392b174
review_15936,class_1cf1396a0c9bc53f37da
review_15937,class_1cf1396a0c9bc53f37da
review_15938,class_1bc7e06ece0f38a60982
review_15939,class_1bc7e06ece0f38a60982
review_15940,class_1cf1396a0c9bc53f37da
review_15941,class_1cf1396a0c9bc53f37da
review_15942,class_1bc7e06ece0f38a60982
review_15943,class_1cf1396a0c9bc53f37da
review_15944,class_1cf1396a0c9bc53f37da
review_15945,class_1bc7e06ece0f38a60982
review_15946,class_7d54e6ff154ad392b174
review_15947,class_1cf1396a0c9bc53f37da
review_15948,class_1bc7e06ece0f38a60982
review_15949,class_1bc7e06ece0f38a60982
review_15950,class_1cf1396a0c9bc53f37da
review_15951,class_9deef4712756d30ffaa3
review_15952,class_1cf1396a0c9bc53f37da
review_15953,class_1cf1396a0c9bc53f37da
review_15954,class_1bc7e06ece0f38a60982
review_15955,class_9deef4712756d30ffaa3
review_15956,class_1bc7e06ece0f38a60982
review_15957,class_1cf1396a0c9bc53f37da
review_15958,class_1bc7e06ece0f38a60982
review_15959,class_1bc7e06ece0f38a60982
review_15960,class_7d54e6ff154ad392b174
review_15961,class_e65aace9237833ec7752
review_15962,class_1bc7e06ece0f38a60982
review_15963,class_e65aace9237833ec7752
review_15964,class_7d54e6ff154ad392b174
review_15965,class_7d54e6ff154ad392b174
review_15966,class_e65aace9237833ec7752
review_15967,class_e65aace9237833ec7752
review_15968,class_7d54e6ff154ad392b174
review_15969,class_e65aace9237833ec7752
review_15970,class_e65aace9237833ec7752
review_15971,class_7d54e6ff154ad392b174
review_15972,class_e65aace9237833ec7752
review_15973,class_e65aace9237833ec7752
review_15974,class_7d54e6ff154ad392b174
review_15975,class_e65aace9237833ec7752
review_15976,class_e65aace9237833ec7752
review_15977,class_7d54e6ff154ad392b174
review_15978,class_e65aace9237833ec7752
review_15979,class_7d54e6ff154ad392b174
review_15980,class_e65aace9237833ec7752
review_15981,class_f6efb94c9ae061247bed
review_15982,class_7d54e6ff154ad392b174
review_15983,class_e65aace9237833ec7752
review_15984,class_7d54e6ff154ad392b174
review_15985,class_e65aace9237833ec7752
review_15986,class_e65aace9237833ec7752
review_15987,class_1bc7e06ece0f38a60982
review_15988,class_e65aace9237833ec7752
review_15989,class_e65aace9237833ec7752
review_15990,class_e65aace9237833ec7752
review_15991,class_e65aace9237833ec7752
review_15992,class_e65aace9237833ec7752
review_15993,class_1bc7e06ece0f38a60982
review_15994,class_7d54e6ff154ad392b174
review_15995,class_1bc7e06ece0f38a60982
review_15996,class_e65aace9237833ec7752
review_15997,class_e65aace9237833ec7752
review_15998,class_e65aace9237833ec7752
review_15999,class_e65aace9237833ec7752
review_16000,class_e65aace9237833ec7752
review_16001,class_7d54e6ff154ad392b174
review_16002,class_e65aace9237833ec7752
review_16003,class_e65aace9237833ec7752
review_16004,class_e65aace9237833ec7752
review_16005,class_e65aace9237833ec7752
review_16006,class_7d54e6ff154ad392b174
review_16007,class_e65aace9237833ec7752
review_16008,class_e65aace9237833ec7752
review_16009,class_e65aace9237833ec7752
review_16010,class_e65aace9237833ec7752
review_16011,class_e65aace9237833ec7752
review_16012,class_e65aace9237833ec7752
review_16013,class_e65aace9237833ec7752
review_16014,class_e65aace9237833ec7752
review_16015,class_7d54e6ff154ad392b174
review_16016,class_e65aace9237833ec7752
review_16017,class_e65aace9237833ec7752
review_16018,class_e65aace9237833ec7752
review_16019,class_7d54e6ff154ad392b174
review_16020,class_1bc7e06ece0f38a60982
review_16021,class_e65aace9237833ec7752
review_16022,class_e65aace9237833ec7752
review_16023,class_e65aace9237833ec7752
review_16024,class_e65aace9237833ec7752
review_16025,class_1bc7e06ece0f38a60982
review_16026,class_e65aace9237833ec7752
review_16027,class_e65aace9237833ec7752
review_16028,class_1bc7e06ece0f38a60982
review_16029,class_e65aace9237833ec7752
review_16030,class_e65aace9237833ec7752
review_16031,class_e65aace9237833ec7752
review_16032,class_1bc7e06ece0f38a60982
review_16033,class_e65aace9237833ec7752
review_16034,class_e65aace9237833ec7752
review_16035,class_7d54e6ff154ad392b174
review_16036,class_e65aace9237833ec7752
review_16037,class_7d54e6ff154ad392b174
review_16038,class_1bc7e06ece0f38a60982
review_16039,class_7d54e6ff154ad392b174
review_16040,class_e65aace9237833ec7752
review_16041,class_e65aace9237833ec7752
review_16042,class_e65aace9237833ec7752
review_16043,class_e65aace9237833ec7752
review_16044,class_52da9457fdf6740afd51
review_16045,class_e65aace9237833ec7752
review_16046,class_e65aace9237833ec7752
review_16047,class_e65aace9237833ec7752
review_16048,class_1bc7e06ece0f38a60982
review_16049,class_e65aace9237833ec7752
review_16050,class_7d54e6ff154ad392b174
review_16051,class_e65aace9237833ec7752
review_16052,class_7d54e6ff154ad392b174
review_16053,class_e65aace9237833ec7752
review_16054,class_7d54e6ff154ad392b174
review_16055,class_e65aace9237833ec7752
review_16056,class_1bc7e06ece0f38a60982
review_16057,class_e65aace9237833ec7752
review_16058,class_e65aace9237833ec7752
review_16059,class_1bc7e06ece0f38a60982
review_16060,class_e65aace9237833ec7752
review_16061,class_e65aace9237833ec7752
review_16062,class_e65aace9237833ec7752
review_16063,class_e65aace9237833ec7752
review_16064,class_e65aace9237833ec7752
review_16065,class_e65aace9237833ec7752
review_16066,class_e65aace9237833ec7752
review_16067,class_e65aace9237833ec7752
review_16068,class_b89f90f328fa7e7781c0
review_16069,class_5da3128be1ff7664a1b2
review_16070,class_e65aace9237833ec7752
review_16071,class_1318693c237b7b97c0c0
review_16072,class_1318693c237b7b97c0c0
review_16073,class_e65aace9237833ec7752
review_16074,class_1bc7e06ece0f38a60982
review_16075,class_1318693c237b7b97c0c0
review_16076,class_e65aace9237833ec7752
review_16077,class_e65aace9237833ec7752
review_16078,class_b89f90f328fa7e7781c0
review_16079,class_52da9457fdf6740afd51
review_16080,class_e65aace9237833ec7752
review_16081,class_1bc7e06ece0f38a60982
review_16082,class_e65aace9237833ec7752
review_16083,class_b89f90f328fa7e7781c0
review_16084,class_48075864b2596de25a65
review_16085,class_e65aace9237833ec7752
review_16086,class_e65aace9237833ec7752
review_16087,class_e65aace9237833ec7752
review_16088,class_5da3128be1ff7664a1b2
review_16089,class_1bc7e06ece0f38a60982
review_16090,class_e65aace9237833ec7752
review_16091,class_1bc7e06ece0f38a60982
review_16092,class_1318693c237b7b97c0c0
review_16093,class_1318693c237b7b97c0c0
review_16094,class_e65aace9237833ec7752
review_16095,class_5da3128be1ff7664a1b2
review_16096,class_e65aace9237833ec7752
review_16097,class_1318693c237b7b97c0c0
review_16098,class_1bc7e06ece0f38a60982
review_16099,class_1318693c237b7b97c0c0
review_16100,class_1bc7e06ece0f38a60982
review_16101,class_e65aace9237833ec7752
review_16102,class_7d54e6ff154ad392b174
review_16103,class_1cf1396a0c9bc53f37da
review_16104,class_7d54e6ff154ad392b174
review_16105,class_7d54e6ff154ad392b174
review_16106,class_f6efb94c9ae061247bed
review_16107,class_7d54e6ff154ad392b174
review_16108,class_7d54e6ff154ad392b174
review_16109,class_1bc7e06ece0f38a60982
review_16110,class_1cf1396a0c9bc53f37da
review_16111,class_7d54e6ff154ad392b174
review_16112,class_1bc7e06ece0f38a60982
review_16113,class_7d54e6ff154ad392b174
review_16114,class_1cf1396a0c9bc53f37da
review_16115,class_7d54e6ff154ad392b174
review_16116,class_7d54e6ff154ad392b174
review_16117,class_7d54e6ff154ad392b174
review_16118,class_7d54e6ff154ad392b174
review_16119,class_1cf1396a0c9bc53f37da
review_16120,class_1bc7e06ece0f38a60982
review_16121,class_1bc7e06ece0f38a60982
review_16122,class_9deef4712756d30ffaa3
review_16123,class_7d54e6ff154ad392b174
review_16124,class_7d54e6ff154ad392b174
review_16125,class_f6efb94c9ae061247bed
review_16126,class_7d54e6ff154ad392b174
review_16127,class_7d54e6ff154ad392b174
review_16128,class_7d54e6ff154ad392b174
review_16129,class_7d54e6ff154ad392b174
review_16130,class_9deef4712756d30ffaa3
review_16131,class_7d54e6ff154ad392b174
review_16132,class_1cf1396a0c9bc53f37da
review_16133,class_1cf1396a0c9bc53f37da
review_16134,class_7d54e6ff154ad392b174
review_16135,class_7d54e6ff154ad392b174
review_16136,class_1bc7e06ece0f38a60982
review_16137,class_7d54e6ff154ad392b174
review_16138,class_7d54e6ff154ad392b174
review_16139,class_7d54e6ff154ad392b174
review_16140,class_7d54e6ff154ad392b174
review_16141,class_7d54e6ff154ad392b174
review_16142,class_e65aace9237833ec7752
review_16143,class_7d54e6ff154ad392b174
review_16144,class_1bc7e06ece0f38a60982
review_16145,class_1318693c237b7b97c0c0
review_16146,class_1318693c237b7b97c0c0
review_16147,class_1318693c237b7b97c0c0
review_16148,class_1318693c237b7b97c0c0
review_16149,class_1318693c237b7b97c0c0
review_16150,class_1318693c237b7b97c0c0
review_16151,class_1318693c237b7b97c0c0
review_16152,class_1318693c237b7b97c0c0
review_16153,class_1bc7e06ece0f38a60982
review_16154,class_7d54e6ff154ad392b174
review_16155,class_1318693c237b7b97c0c0
review_16156,class_1318693c237b7b97c0c0
review_16157,class_1bc7e06ece0f38a60982
review_16158,class_1318693c237b7b97c0c0
review_16159,class_7d54e6ff154ad392b174
review_16160,class_1318693c237b7b97c0c0
review_16161,class_7d54e6ff154ad392b174
review_16162,class_1318693c237b7b97c0c0
review_16163,class_1bc7e06ece0f38a60982
review_16164,class_1318693c237b7b97c0c0
review_16165,class_1318693c237b7b97c0c0
review_16166,class_1318693c237b7b97c0c0
review_16167,class_1318693c237b7b97c0c0
review_16168,class_1318693c237b7b97c0c0
review_16169,class_0eeaed02d1a961f133b4
review_16170,class_1318693c237b7b97c0c0
review_16171,class_1318693c237b7b97c0c0
review_16172,class_1318693c237b7b97c0c0
review_16173,class_1318693c237b7b97c0c0
review_16174,class_1318693c237b7b97c0c0
review_16175,class_1318693c237b7b97c0c0
review_16176,class_1318693c237b7b97c0c0
review_16177,class_1318693c237b7b97c0c0
review_16178,class_1318693c237b7b97c0c0
review_16179,class_7d54e6ff154ad392b174
review_16180,class_1318693c237b7b97c0c0
review_16181,class_1318693c237b7b97c0c0
review_16182,class_1318693c237b7b97c0c0
review_16183,class_1318693c237b7b97c0c0
review_16184,class_1318693c237b7b97c0c0
review_16185,class_7d54e6ff154ad392b174
review_16186,class_7d54e6ff154ad392b174
review_16187,class_1318693c237b7b97c0c0
review_16188,class_1bc7e06ece0f38a60982
review_16189,class_1318693c237b7b97c0c0
review_16190,class_1318693c237b7b97c0c0
review_16191,class_1318693c237b7b97c0c0
review_16192,class_1bc7e06ece0f38a60982
review_16193,class_1318693c237b7b97c0c0
review_16194,class_7d54e6ff154ad392b174
review_16195,class_1318693c237b7b97c0c0
review_16196,class_0eeaed02d1a961f133b4
review_16197,class_1318693c237b7b97c0c0
review_16198,class_1318693c237b7b97c0c0
review_16199,class_1318693c237b7b97c0c0
review_16200,class_1318693c237b7b97c0c0
review_16201,class_1318693c237b7b97c0c0
review_16202,class_7d54e6ff154ad392b174
review_16203,class_1bc7e06ece0f38a60982
review_16204,class_f6efb94c9ae061247bed
review_16205,class_1bc7e06ece0f38a60982
review_16206,class_1318693c237b7b97c0c0
review_16207,class_7d54e6ff154ad392b174
review_16208,class_52da9457fdf6740afd51
review_16209,class_1318693c237b7b97c0c0
review_16210,class_7d54e6ff154ad392b174
review_16211,class_1318693c237b7b97c0c0
review_16212,class_1bc7e06ece0f38a60982
review_16213,class_1318693c237b7b97c0c0
review_16214,class_1318693c237b7b97c0c0
review_16215,class_1318693c237b7b97c0c0
review_16217,class_7d54e6ff154ad392b174
review_16218,class_1bc7e06ece0f38a60982
review_16219,class_c3ca5f787365eae0dea8
review_16220,class_1bc7e06ece0f38a60982
review_16222,class_b7f740446b63715473af
review_16224,class_c3ca5f787365eae0dea8
review_16225,class_5da3128be1ff7664a1b2
review_16226,class_5da3128be1ff7664a1b2
review_16227,class_1cf1396a0c9bc53f37da
review_16228,class_0eeaed02d1a961f133b4
review_16229,class_e65aace9237833ec7752
review_16230,class_1bc7e06ece0f38a60982
review_16231,class_e65aace9237833ec7752
review_16232,class_0eeaed02d1a961f133b4
review_16233,class_e65aace9237833ec7752
review_16234,class_e65aace9237833ec7752
review_16235,class_e65aace9237833ec7752
review_16236,class_48075864b2596de25a65
review_16237,class_e65aace9237833ec7752
review_16238,class_48075864b2596de25a65
review_16239,class_e65aace9237833ec7752
review_16240,class_52da9457fdf6740afd51
review_16241,class_e65aace9237833ec7752
review_16242,class_1318693c237b7b97c0c0
review_16243,class_52da9457fdf6740afd51
review_16244,class_0eeaed02d1a961f133b4
review_16245,class_1bc7e06ece0f38a60982
review_16246,class_1318693c237b7b97c0c0
review_16247,class_52da9457fdf6740afd51
review_16248,class_48075864b2596de25a65
review_16249,class_52da9457fdf6740afd51
review_16250,class_b89f90f328fa7e7781c0
review_16251,class_1318693c237b7b97c0c0
review_16252,class_52da9457fdf6740afd51
review_16253,class_52da9457fdf6740afd51
review_16254,class_b89f90f328fa7e7781c0
review_16255,class_52da9457fdf6740afd51
review_16256,class_1bc7e06ece0f38a60982
review_16257,class_7d54e6ff154ad392b174
review_16258,class_7d54e6ff154ad392b174
review_16259,class_52da9457fdf6740afd51
review_16260,class_52da9457fdf6740afd51
review_16261,class_52da9457fdf6740afd51
review_16262,class_1bc7e06ece0f38a60982
review_16263,class_1318693c237b7b97c0c0
review_16264,class_48075864b2596de25a65
review_16265,class_1bc7e06ece0f38a60982
review_16266,class_1cf1396a0c9bc53f37da
review_16267,class_1bc7e06ece0f38a60982
review_16268,class_7d54e6ff154ad392b174
review_16269,class_52da9457fdf6740afd51
review_16270,class_b89f90f328fa7e7781c0
review_16271,class_52da9457fdf6740afd51
review_16272,class_7d54e6ff154ad392b174
review_16273,class_52da9457fdf6740afd51
review_16274,class_52da9457fdf6740afd51
review_16275,class_7d54e6ff154ad392b174
review_16276,class_7d54e6ff154ad392b174
review_16277,class_1bc7e06ece0f38a60982
review_16278,class_1318693c237b7b97c0c0
review_16279,class_7d54e6ff154ad392b174
review_16280,class_52da9457fdf6740afd51
review_16281,class_52da9457fdf6740afd51
review_16282,class_7d54e6ff154ad392b174
review_16283,class_52da9457fdf6740afd51
review_16284,class_1318693c237b7b97c0c0
review_16285,class_1bc7e06ece0f38a60982
review_16286,class_7d54e6ff154ad392b174
review_16287,class_1318693c237b7b97c0c0
review_16288,class_1bc7e06ece0f38a60982
review_16289,class_7d54e6ff154ad392b174
review_16290,class_7d54e6ff154ad392b174
review_16291,class_7d54e6ff154ad392b174
review_16292,class_7d54e6ff154ad392b174
review_16293,class_7d54e6ff154ad392b174
review_16294,class_7d54e6ff154ad392b174
review_16295,class_f6efb94c9ae061247bed
review_16296,class_f6efb94c9ae061247bed
review_16297,class_1bc7e06ece0f38a60982
review_16298,class_7d54e6ff154ad392b174
review_16299,class_f6efb94c9ae061247bed
review_16300,class_f6efb94c9ae061247bed
review_16301,class_7d54e6ff154ad392b174
review_16302,class_e65aace9237833ec7752
review_16303,class_7d54e6ff154ad392b174
review_16304,class_7d54e6ff154ad392b174
review_16305,class_7d54e6ff154ad392b174
review_16306,class_1bc7e06ece0f38a60982
review_16307,class_1bc7e06ece0f38a60982
review_16308,class_52da9457fdf6740afd51
review_16309,class_f6efb94c9ae061247bed
review_16310,class_7d54e6ff154ad392b174
review_16311,class_f6efb94c9ae061247bed
review_16312,class_f6efb94c9ae061247bed
review_16313,class_e65aace9237833ec7752
review_16314,class_7d54e6ff154ad392b174
review_16315,class_f6efb94c9ae061247bed
review_16316,class_7d54e6ff154ad392b174
review_16317,class_7d54e6ff154ad392b174
review_16318,class_7d54e6ff154ad392b174
review_16319,class_52da9457fdf6740afd51
review_16320,class_1318693c237b7b97c0c0
review_16321,class_1318693c237b7b97c0c0
review_16322,class_7d54e6ff154ad392b174
review_16323,class_7d54e6ff154ad392b174
review_16324,class_f6efb94c9ae061247bed
review_16325,class_7d54e6ff154ad392b174
review_16326,class_7d54e6ff154ad392b174
review_16327,class_7d54e6ff154ad392b174
review_16328,class_7d54e6ff154ad392b174
review_16329,class_1bc7e06ece0f38a60982
review_16330,class_7d54e6ff154ad392b174
review_16331,class_7d54e6ff154ad392b174
review_16332,class_f6efb94c9ae061247bed
review_16333,class_1bc7e06ece0f38a60982
review_16334,class_f6efb94c9ae061247bed
review_16335,class_1bc7e06ece0f38a60982
review_16336,class_7d54e6ff154ad392b174
review_16337,class_e65aace9237833ec7752
review_16338,class_f6efb94c9ae061247bed
review_16339,class_1bc7e06ece0f38a60982
review_16340,class_7d54e6ff154ad392b174
review_16341,class_52da9457fdf6740afd51
review_16342,class_7d54e6ff154ad392b174
review_16343,class_7d54e6ff154ad392b174
review_16344,class_1bc7e06ece0f38a60982
review_16345,class_1bc7e06ece0f38a60982
review_16346,class_1318693c237b7b97c0c0
review_16347,class_1bc7e06ece0f38a60982
review_16348,class_1bc7e06ece0f38a60982
review_16349,class_7d54e6ff154ad392b174
review_16350,class_7d54e6ff154ad392b174
review_16351,class_b89f90f328fa7e7781c0
review_16352,class_f6efb94c9ae061247bed
review_16353,class_7d54e6ff154ad392b174
review_16354,class_7d54e6ff154ad392b174
review_16355,class_0eeaed02d1a961f133b4
review_16356,class_e65aace9237833ec7752
review_16357,class_7d54e6ff154ad392b174
review_16358,class_7d54e6ff154ad392b174
review_16359,class_1cf1396a0c9bc53f37da
review_16360,class_7d54e6ff154ad392b174
review_16361,class_1cf1396a0c9bc53f37da
review_16362,class_1cf1396a0c9bc53f37da
review_16363,class_e65aace9237833ec7752
review_16364,class_7d54e6ff154ad392b174
review_16365,class_7d54e6ff154ad392b174
review_16366,class_1bc7e06ece0f38a60982
review_16367,class_7d54e6ff154ad392b174
review_16368,class_1cf1396a0c9bc53f37da
review_16369,class_e65aace9237833ec7752
review_16370,class_7d54e6ff154ad392b174
review_16371,class_7d54e6ff154ad392b174
review_16372,class_1cf1396a0c9bc53f37da
review_16373,class_5da3128be1ff7664a1b2
review_16374,class_1cf1396a0c9bc53f37da
review_16375,class_e65aace9237833ec7752
review_16376,class_1cf1396a0c9bc53f37da
review_16377,class_e65aace9237833ec7752
review_16378,class_e65aace9237833ec7752
review_16379,class_9deef4712756d30ffaa3
review_16380,class_7d54e6ff154ad392b174
review_16381,class_1cf1396a0c9bc53f37da
review_16382,class_1cf1396a0c9bc53f37da
review_16383,class_1bc7e06ece0f38a60982
review_16384,class_1318693c237b7b97c0c0
review_16385,class_7d54e6ff154ad392b174
review_16386,class_1bc7e06ece0f38a60982
review_16387,class_7d54e6ff154ad392b174
review_16388,class_1318693c237b7b97c0c0
review_16389,class_e65aace9237833ec7752
review_16390,class_0eeaed02d1a961f133b4
review_16391,class_1318693c237b7b97c0c0
review_16392,class_7d54e6ff154ad392b174
review_16393,class_7d54e6ff154ad392b174
review_16394,class_1bc7e06ece0f38a60982
review_16395,class_1318693c237b7b97c0c0
review_16396,class_1318693c237b7b97c0c0
review_16397,class_7d54e6ff154ad392b174
review_16398,class_52da9457fdf6740afd51
review_16399,class_52da9457fdf6740afd51
review_16400,class_7d54e6ff154ad392b174
review_16401,class_1318693c237b7b97c0c0
review_16402,class_7d54e6ff154ad392b174
review_16403,class_52da9457fdf6740afd51
review_16404,class_0eeaed02d1a961f133b4
review_16405,class_1318693c237b7b97c0c0
review_16406,class_7d54e6ff154ad392b174
review_16407,class_7d54e6ff154ad392b174
review_16408,class_1318693c237b7b97c0c0
review_16409,class_0eeaed02d1a961f133b4
review_16410,class_0eeaed02d1a961f133b4
review_16411,class_b7f740446b63715473af
review_16412,class_0eeaed02d1a961f133b4
review_16413,class_7d54e6ff154ad392b174
review_16414,class_7d54e6ff154ad392b174
review_16415,class_7d54e6ff154ad392b174
review_16416,class_52da9457fdf6740afd51
review_16417,class_7d54e6ff154ad392b174
review_16418,class_7d54e6ff154ad392b174
review_16419,class_7d54e6ff154ad392b174
review_16420,class_0eeaed02d1a961f133b4
review_16421,class_52da9457fdf6740afd51
review_16422,class_1318693c237b7b97c0c0
review_16423,class_52da9457fdf6740afd51
review_16424,class_7d54e6ff154ad392b174
review_16425,class_7d54e6ff154ad392b174
review_16426,class_0eeaed02d1a961f133b4
review_16427,class_9e32d15b246e504af33c
review_16428,class_1bc7e06ece0f38a60982
review_16429,class_7d54e6ff154ad392b174
review_16430,class_7d54e6ff154ad392b174
review_16431,class_1318693c237b7b97c0c0
review_16432,class_1318693c237b7b97c0c0
review_16433,class_0eeaed02d1a961f133b4
review_16434,class_52da9457fdf6740afd51
review_16435,class_0eeaed02d1a961f133b4
review_16436,class_52da9457fdf6740afd51
review_16437,class_0eeaed02d1a961f133b4
review_16438,class_1318693c237b7b97c0c0
review_16439,class_e65aace9237833ec7752
review_16440,class_1bc7e06ece0f38a60982
review_16441,class_b89f90f328fa7e7781c0
review_16442,class_0eeaed02d1a961f133b4
review_16443,class_e65aace9237833ec7752
review_16444,class_52da9457fdf6740afd51
review_16445,class_e65aace9237833ec7752
review_16446,class_7d54e6ff154ad392b174
review_16447,class_7d54e6ff154ad392b174
review_16448,class_0eeaed02d1a961f133b4
review_16449,class_7d54e6ff154ad392b174
review_16450,class_52da9457fdf6740afd51
review_16451,class_1bc7e06ece0f38a60982
review_16452,class_1bc7e06ece0f38a60982
review_16453,class_b89f90f328fa7e7781c0
review_16454,class_c3ca5f787365eae0dea8
review_16455,class_1bc7e06ece0f38a60982
review_16456,class_1318693c237b7b97c0c0
review_16457,class_52da9457fdf6740afd51
review_16458,class_52da9457fdf6740afd51
review_16459,class_c3ca5f787365eae0dea8
review_16460,class_1318693c237b7b97c0c0
review_16461,class_c3ca5f787365eae0dea8
review_16462,class_52da9457fdf6740afd51
review_16463,class_1bc7e06ece0f38a60982
review_16464,class_52da9457fdf6740afd51
review_16465,class_1bc7e06ece0f38a60982
review_16466,class_1bc7e06ece0f38a60982
review_16467,class_c3ca5f787365eae0dea8
review_16468,class_9deef4712756d30ffaa3
review_16469,class_52da9457fdf6740afd51
review_16470,class_7d54e6ff154ad392b174
review_16471,class_1bc7e06ece0f38a60982
review_16472,class_1318693c237b7b97c0c0
review_16473,class_52da9457fdf6740afd51
review_16474,class_1318693c237b7b97c0c0
review_16475,class_1cf1396a0c9bc53f37da
review_16476,class_7d54e6ff154ad392b174
review_16477,class_c3ca5f787365eae0dea8
review_16478,class_52da9457fdf6740afd51
review_16479,class_52da9457fdf6740afd51
review_16480,class_f6efb94c9ae061247bed
review_16481,class_1bc7e06ece0f38a60982
review_16482,class_1318693c237b7b97c0c0
review_16483,class_1bc7e06ece0f38a60982
review_16484,class_1bc7e06ece0f38a60982
review_16485,class_1bc7e06ece0f38a60982
review_16486,class_52da9457fdf6740afd51
review_16487,class_1bc7e06ece0f38a60982
review_16488,class_1bc7e06ece0f38a60982
review_16489,class_52da9457fdf6740afd51
review_16490,class_c3ca5f787365eae0dea8
review_16491,class_52da9457fdf6740afd51
review_16492,class_52da9457fdf6740afd51
review_16493,class_c3ca5f787365eae0dea8
review_16494,class_52da9457fdf6740afd51
review_16495,class_52da9457fdf6740afd51
review_16496,class_52da9457fdf6740afd51
review_16497,class_7d54e6ff154ad392b174
review_16498,class_c3ca5f787365eae0dea8
review_16499,class_7d54e6ff154ad392b174
review_16500,class_7d54e6ff154ad392b174
review_16501,class_c3ca5f787365eae0dea8
review_16502,class_7d54e6ff154ad392b174
review_16503,class_52da9457fdf6740afd51
review_16504,class_52da9457fdf6740afd51
review_16505,class_52da9457fdf6740afd51
review_16506,class_7d54e6ff154ad392b174
review_16507,class_f6efb94c9ae061247bed
review_16508,class_7d54e6ff154ad392b174
review_16509,class_c3ca5f787365eae0dea8
review_16510,class_9deef4712756d30ffaa3
review_16511,class_f6efb94c9ae061247bed
review_16512,class_1318693c237b7b97c0c0
review_16513,class_52da9457fdf6740afd51
review_16514,class_1318693c237b7b97c0c0
review_16515,class_1318693c237b7b97c0c0
review_16516,class_7d54e6ff154ad392b174
review_16517,class_7d54e6ff154ad392b174
review_16518,class_52da9457fdf6740afd51
review_16519,class_1318693c237b7b97c0c0
review_16520,class_7d54e6ff154ad392b174
review_16521,class_1318693c237b7b97c0c0
review_16522,class_f6efb94c9ae061247bed
review_16523,class_9deef4712756d30ffaa3
review_16524,class_1318693c237b7b97c0c0
review_16525,class_7d54e6ff154ad392b174
review_16526,class_1318693c237b7b97c0c0
review_16527,class_be68f8ed5877c11b8be4
review_16528,class_52da9457fdf6740afd51
review_16529,class_9deef4712756d30ffaa3
review_16530,class_1318693c237b7b97c0c0
review_16531,class_1318693c237b7b97c0c0
review_16532,class_7d54e6ff154ad392b174
review_16533,class_7d54e6ff154ad392b174
review_16534,class_52da9457fdf6740afd51
review_16535,class_0eeaed02d1a961f133b4
review_16536,class_7d54e6ff154ad392b174
review_16537,class_7d54e6ff154ad392b174
review_16538,class_7d54e6ff154ad392b174
review_16539,class_9deef4712756d30ffaa3
review_16540,class_1318693c237b7b97c0c0
review_16541,class_9deef4712756d30ffaa3
review_16542,class_7d54e6ff154ad392b174
review_16543,class_7d54e6ff154ad392b174
review_16544,class_1318693c237b7b97c0c0
review_16545,class_7d54e6ff154ad392b174
review_16546,class_52da9457fdf6740afd51
review_16547,class_52da9457fdf6740afd51
review_16548,class_52da9457fdf6740afd51
review_16549,class_1bc7e06ece0f38a60982
review_16550,class_1bc7e06ece0f38a60982
review_16551,class_1bc7e06ece0f38a60982
review_16552,class_7d54e6ff154ad392b174
review_16553,class_7d54e6ff154ad392b174
review_16554,class_52da9457fdf6740afd51
review_16555,class_e65aace9237833ec7752
review_16556,class_7d54e6ff154ad392b174
review_16557,class_7d54e6ff154ad392b174
review_16558,class_7d54e6ff154ad392b174
review_16559,class_e65aace9237833ec7752
review_16560,class_1bc7e06ece0f38a60982
review_16561,class_52da9457fdf6740afd51
review_16562,class_e65aace9237833ec7752
review_16563,class_52da9457fdf6740afd51
review_16564,class_52da9457fdf6740afd51
review_16565,class_52da9457fdf6740afd51
review_16566,class_52da9457fdf6740afd51
review_16567,class_7d54e6ff154ad392b174
review_16568,class_7d54e6ff154ad392b174
review_16569,class_1bc7e06ece0f38a60982
review_16570,class_7d54e6ff154ad392b174
review_16571,class_7d54e6ff154ad392b174
review_16572,class_7d54e6ff154ad392b174
review_16573,class_9deef4712756d30ffaa3
review_16574,class_9deef4712756d30ffaa3
review_16575,class_0eeaed02d1a961f133b4
review_16576,class_7d54e6ff154ad392b174
review_16577,class_7d54e6ff154ad392b174
review_16578,class_c3ca5f787365eae0dea8
review_16579,class_9deef4712756d30ffaa3
review_16580,class_c3ca5f787365eae0dea8
review_16581,class_1bc7e06ece0f38a60982
review_16582,class_7d54e6ff154ad392b174
review_16583,class_7d54e6ff154ad392b174
review_16584,class_7d54e6ff154ad392b174
review_16585,class_7d54e6ff154ad392b174
review_16586,class_7d54e6ff154ad392b174
review_16587,class_7d54e6ff154ad392b174
review_16588,class_7d54e6ff154ad392b174
review_16589,class_7d54e6ff154ad392b174
review_16590,class_9deef4712756d30ffaa3
review_16591,class_7d54e6ff154ad392b174
review_16592,class_7d54e6ff154ad392b174
review_16593,class_7d54e6ff154ad392b174
review_16594,class_52da9457fdf6740afd51
review_16595,class_7d54e6ff154ad392b174
review_16596,class_7d54e6ff154ad392b174
review_16597,class_1cf1396a0c9bc53f37da
review_16598,class_0eeaed02d1a961f133b4
review_16599,class_0eeaed02d1a961f133b4
review_16600,class_4397d106b671d697b6e0
review_16601,class_9deef4712756d30ffaa3
review_16602,class_4397d106b671d697b6e0
review_16603,class_0eeaed02d1a961f133b4
review_16604,class_0eeaed02d1a961f133b4
review_16605,class_0eeaed02d1a961f133b4
review_16606,class_b7f740446b63715473af
review_16607,class_0eeaed02d1a961f133b4
review_16608,class_5da3128be1ff7664a1b2
review_16609,class_0eeaed02d1a961f133b4
review_16610,class_7d54e6ff154ad392b174
review_16611,class_7d54e6ff154ad392b174
review_16612,class_9deef4712756d30ffaa3
review_16613,class_7d54e6ff154ad392b174
review_16614,class_7d54e6ff154ad392b174
review_16615,class_1cf1396a0c9bc53f37da
review_16616,class_1cf1396a0c9bc53f37da
review_16617,class_4397d106b671d697b6e0
review_16618,class_1cf1396a0c9bc53f37da
review_16619,class_5da3128be1ff7664a1b2
review_16620,class_7d54e6ff154ad392b174
review_16621,class_7d54e6ff154ad392b174
review_16622,class_0eeaed02d1a961f133b4
review_16623,class_4397d106b671d697b6e0
review_16624,class_0eeaed02d1a961f133b4
review_16625,class_7d54e6ff154ad392b174
review_16626,class_4397d106b671d697b6e0
review_16627,class_7d54e6ff154ad392b174
review_16628,class_9deef4712756d30ffaa3
review_16629,class_c3ca5f787365eae0dea8
review_16630,class_1318693c237b7b97c0c0
review_16631,class_9deef4712756d30ffaa3
review_16632,class_c3ca5f787365eae0dea8
review_16633,class_9deef4712756d30ffaa3
review_16634,class_9deef4712756d30ffaa3
review_16635,class_9deef4712756d30ffaa3
review_16636,class_be68f8ed5877c11b8be4
review_16637,class_9deef4712756d30ffaa3
review_16638,class_52da9457fdf6740afd51
review_16639,class_9deef4712756d30ffaa3
review_16640,class_1318693c237b7b97c0c0
review_16641,class_c3ca5f787365eae0dea8
review_16642,class_52438e68a549a636811e
review_16643,class_9deef4712756d30ffaa3
review_16644,class_52da9457fdf6740afd51
review_16645,class_0eeaed02d1a961f133b4
review_16646,class_9deef4712756d30ffaa3
review_16647,class_52da9457fdf6740afd51
review_16648,class_c3ca5f787365eae0dea8
review_16649,class_0eeaed02d1a961f133b4
review_16650,class_7d54e6ff154ad392b174
review_16651,class_9e32d15b246e504af33c
review_16652,class_1bc7e06ece0f38a60982
review_16653,class_9e32d15b246e504af33c
review_16654,class_1bc7e06ece0f38a60982
review_16655,class_9e32d15b246e504af33c
review_16656,class_e65aace9237833ec7752
review_16657,class_7d54e6ff154ad392b174
review_16658,class_52da9457fdf6740afd51
review_16659,class_1bc7e06ece0f38a60982
review_16660,class_9e32d15b246e504af33c
review_16661,class_1bc7e06ece0f38a60982
review_16662,class_f6efb94c9ae061247bed
review_16663,class_48075864b2596de25a65
review_16664,class_1bc7e06ece0f38a60982
review_16665,class_1bc7e06ece0f38a60982
review_16666,class_9e32d15b246e504af33c
review_16667,class_7d54e6ff154ad392b174
review_16668,class_f6efb94c9ae061247bed
review_16669,class_1318693c237b7b97c0c0
review_16670,class_7d54e6ff154ad392b174
review_16671,class_9e32d15b246e504af33c
review_16672,class_1bc7e06ece0f38a60982
review_16673,class_1bc7e06ece0f38a60982
review_16674,class_9e32d15b246e504af33c
review_16675,class_1bc7e06ece0f38a60982
review_16676,class_1bc7e06ece0f38a60982
review_16677,class_9e32d15b246e504af33c
review_16678,class_7d54e6ff154ad392b174
review_16679,class_1bc7e06ece0f38a60982
review_16680,class_52da9457fdf6740afd51
review_16681,class_1bc7e06ece0f38a60982
review_16682,class_7d54e6ff154ad392b174
review_16683,class_9e32d15b246e504af33c
review_16684,class_52da9457fdf6740afd51
review_16685,class_f6efb94c9ae061247bed
review_16686,class_9e32d15b246e504af33c
review_16687,class_52da9457fdf6740afd51
review_16688,class_7d54e6ff154ad392b174
review_16689,class_1bc7e06ece0f38a60982
review_16690,class_9e32d15b246e504af33c
review_16691,class_7d54e6ff154ad392b174
review_16692,class_7d54e6ff154ad392b174
review_16693,class_52da9457fdf6740afd51
review_16694,class_9e32d15b246e504af33c
review_16695,class_b89f90f328fa7e7781c0
review_16696,class_1cf1396a0c9bc53f37da
review_16697,class_0eeaed02d1a961f133b4
review_16698,class_b89f90f328fa7e7781c0
review_16699,class_1bc7e06ece0f38a60982
review_16700,class_1bc7e06ece0f38a60982
review_16701,class_5da3128be1ff7664a1b2
review_16702,class_1bc7e06ece0f38a60982
review_16703,class_b89f90f328fa7e7781c0
review_16704,class_1bc7e06ece0f38a60982
review_16705,class_7d54e6ff154ad392b174
review_16706,class_1bc7e06ece0f38a60982
review_16707,class_1bc7e06ece0f38a60982
review_16708,class_1bc7e06ece0f38a60982
review_16709,class_1bc7e06ece0f38a60982
review_16710,class_1bc7e06ece0f38a60982
review_16711,class_b89f90f328fa7e7781c0
review_16712,class_1bc7e06ece0f38a60982
review_16713,class_9deef4712756d30ffaa3
review_16714,class_e65aace9237833ec7752
review_16715,class_1bc7e06ece0f38a60982
review_16716,class_1cf1396a0c9bc53f37da
review_16717,class_52da9457fdf6740afd51
review_16718,class_1cf1396a0c9bc53f37da
review_16719,class_7d54e6ff154ad392b174
review_16720,class_52da9457fdf6740afd51
review_16721,class_e65aace9237833ec7752
review_16722,class_1bc7e06ece0f38a60982
review_16723,class_1bc7e06ece0f38a60982
review_16724,class_1bc7e06ece0f38a60982
review_16725,class_1bc7e06ece0f38a60982
review_16726,class_52da9457fdf6740afd51
review_16727,class_9deef4712756d30ffaa3
review_16728,class_52da9457fdf6740afd51
review_16729,class_5da3128be1ff7664a1b2
review_16730,class_5da3128be1ff7664a1b2
review_16731,class_b89f90f328fa7e7781c0
review_16732,class_1cf1396a0c9bc53f37da
review_16733,class_7d54e6ff154ad392b174
review_16734,class_52da9457fdf6740afd51
review_16735,class_1bc7e06ece0f38a60982
review_16736,class_1cf1396a0c9bc53f37da
review_16737,class_b89f90f328fa7e7781c0
review_16738,class_e65aace9237833ec7752
review_16739,class_b89f90f328fa7e7781c0
review_16740,class_1bc7e06ece0f38a60982
review_16741,class_1cf1396a0c9bc53f37da
review_16742,class_1bc7e06ece0f38a60982
review_16743,class_7d54e6ff154ad392b174
review_16744,class_1cf1396a0c9bc53f37da
review_16745,class_52da9457fdf6740afd51
review_16746,class_0eeaed02d1a961f133b4
review_16747,class_52da9457fdf6740afd51
review_16748,class_52da9457fdf6740afd51
review_16749,class_52da9457fdf6740afd51
review_16750,class_7d54e6ff154ad392b174
review_16751,class_52da9457fdf6740afd51
review_16752,class_7d54e6ff154ad392b174
review_16753,class_52da9457fdf6740afd51
review_16754,class_52da9457fdf6740afd51
review_16755,class_7d54e6ff154ad392b174
review_16756,class_7d54e6ff154ad392b174
review_16757,class_52da9457fdf6740afd51
review_16758,class_1cf1396a0c9bc53f37da
review_16759,class_52da9457fdf6740afd51
review_16760,class_48075864b2596de25a65
review_16761,class_52da9457fdf6740afd51
review_16762,class_b89f90f328fa7e7781c0
review_16763,class_0eeaed02d1a961f133b4
review_16764,class_7d54e6ff154ad392b174
review_16765,class_48075864b2596de25a65
review_16766,class_48075864b2596de25a65
review_16767,class_7d54e6ff154ad392b174
review_16768,class_52da9457fdf6740afd51
review_16769,class_7d54e6ff154ad392b174
review_16770,class_b7f740446b63715473af
review_16771,class_7d54e6ff154ad392b174
review_16772,class_52da9457fdf6740afd51
review_16773,class_1bc7e06ece0f38a60982
review_16774,class_7d54e6ff154ad392b174
review_16775,class_9deef4712756d30ffaa3
review_16776,class_7d54e6ff154ad392b174
review_16777,class_9deef4712756d30ffaa3
review_16778,class_1bc7e06ece0f38a60982
review_16779,class_7d54e6ff154ad392b174
review_16780,class_52da9457fdf6740afd51
review_16781,class_52da9457fdf6740afd51
review_16782,class_52da9457fdf6740afd51
review_16783,class_52da9457fdf6740afd51
review_16784,class_7d54e6ff154ad392b174
review_16785,class_7d54e6ff154ad392b174
review_16786,class_52da9457fdf6740afd51
review_16787,class_7d54e6ff154ad392b174
review_16788,class_9deef4712756d30ffaa3
review_16789,class_52da9457fdf6740afd51
review_16790,class_7d54e6ff154ad392b174
review_16791,class_52da9457fdf6740afd51
review_16792,class_52da9457fdf6740afd51
review_16793,class_1bc7e06ece0f38a60982
review_16794,class_52da9457fdf6740afd51
review_16795,class_7d54e6ff154ad392b174
review_16796,class_b7f740446b63715473af
review_16797,class_52da9457fdf6740afd51
review_16798,class_b7f740446b63715473af
review_16799,class_52da9457fdf6740afd51
review_16800,class_7d54e6ff154ad392b174
review_16801,class_b7f740446b63715473af
review_16802,class_7d54e6ff154ad392b174
review_16803,class_52da9457fdf6740afd51
review_16804,class_7d54e6ff154ad392b174
review_16805,class_52da9457fdf6740afd51
review_16806,class_52da9457fdf6740afd51
review_16807,class_52da9457fdf6740afd51
review_16808,class_52da9457fdf6740afd51
review_16809,class_be68f8ed5877c11b8be4
review_16810,class_52da9457fdf6740afd51
review_16811,class_52da9457fdf6740afd51
review_16812,class_5da3128be1ff7664a1b2
review_16813,class_9e32d15b246e504af33c
review_16814,class_7d54e6ff154ad392b174
review_16815,class_52da9457fdf6740afd51
review_16816,class_7d54e6ff154ad392b174
review_16817,class_9e32d15b246e504af33c
review_16818,class_52da9457fdf6740afd51
review_16819,class_9e32d15b246e504af33c
review_16820,class_52da9457fdf6740afd51
review_16821,class_1bc7e06ece0f38a60982
review_16822,class_52da9457fdf6740afd51
review_16823,class_1bc7e06ece0f38a60982
review_16824,class_52da9457fdf6740afd51
review_16825,class_9e32d15b246e504af33c
review_16826,class_52da9457fdf6740afd51
review_16827,class_7d54e6ff154ad392b174
review_16828,class_be68f8ed5877c11b8be4
review_16829,class_52da9457fdf6740afd51
review_16830,class_52da9457fdf6740afd51
review_16831,class_52da9457fdf6740afd51
review_16832,class_9e32d15b246e504af33c
review_16833,class_52da9457fdf6740afd51
review_16834,class_5da3128be1ff7664a1b2
review_16835,class_52da9457fdf6740afd51
review_16836,class_52da9457fdf6740afd51
review_16837,class_52da9457fdf6740afd51
review_16838,class_be68f8ed5877c11b8be4
review_16839,class_be68f8ed5877c11b8be4
review_16840,class_7d54e6ff154ad392b174
review_16841,class_7d54e6ff154ad392b174
review_16842,class_7d54e6ff154ad392b174
review_16843,class_52da9457fdf6740afd51
review_16844,class_be68f8ed5877c11b8be4
review_16845,class_9deef4712756d30ffaa3
review_16846,class_52da9457fdf6740afd51
review_16847,class_5da3128be1ff7664a1b2
review_16848,class_52da9457fdf6740afd51
review_16849,class_52da9457fdf6740afd51
review_16850,class_52da9457fdf6740afd51
review_16851,class_52da9457fdf6740afd51
review_16852,class_7d54e6ff154ad392b174
review_16853,class_52da9457fdf6740afd51
review_16854,class_7d54e6ff154ad392b174
review_16855,class_52da9457fdf6740afd51
review_16856,class_52da9457fdf6740afd51
review_16857,class_52da9457fdf6740afd51
review_16858,class_7d54e6ff154ad392b174
review_16859,class_5da3128be1ff7664a1b2
review_16860,class_52da9457fdf6740afd51
review_16861,class_7d54e6ff154ad392b174
review_16862,class_5da3128be1ff7664a1b2
review_16863,class_7d54e6ff154ad392b174
review_16864,class_7d54e6ff154ad392b174
review_16865,class_7d54e6ff154ad392b174
review_16866,class_be68f8ed5877c11b8be4
review_16867,class_52da9457fdf6740afd51
review_16868,class_7d54e6ff154ad392b174
review_16869,class_52da9457fdf6740afd51
review_16870,class_52da9457fdf6740afd51
review_16871,class_9e32d15b246e504af33c
review_16872,class_52da9457fdf6740afd51
review_16873,class_9deef4712756d30ffaa3
review_16874,class_be68f8ed5877c11b8be4
review_16875,class_7d54e6ff154ad392b174
review_16876,class_52da9457fdf6740afd51
review_16877,class_52da9457fdf6740afd51
review_16878,class_7d54e6ff154ad392b174
review_16879,class_7d54e6ff154ad392b174
review_16880,class_52da9457fdf6740afd51
review_16881,class_9e32d15b246e504af33c
review_16882,class_52da9457fdf6740afd51
review_16883,class_7d54e6ff154ad392b174
review_16884,class_7d54e6ff154ad392b174
review_16885,class_9e32d15b246e504af33c
review_16886,class_52da9457fdf6740afd51
review_16887,class_5da3128be1ff7664a1b2
review_16888,class_52da9457fdf6740afd51
review_16889,class_52da9457fdf6740afd51
review_16890,class_7d54e6ff154ad392b174
review_16891,class_be68f8ed5877c11b8be4
review_16892,class_1318693c237b7b97c0c0
review_16893,class_5da3128be1ff7664a1b2
review_16894,class_52da9457fdf6740afd51
review_16895,class_7d54e6ff154ad392b174
review_16896,class_be68f8ed5877c11b8be4
review_16897,class_7d54e6ff154ad392b174
review_16898,class_7d54e6ff154ad392b174
review_16899,class_52da9457fdf6740afd51
review_16900,class_5da3128be1ff7664a1b2
review_16901,class_52da9457fdf6740afd51
review_16902,class_52da9457fdf6740afd51
review_16903,class_1bc7e06ece0f38a60982
review_16904,class_52da9457fdf6740afd51
review_16905,class_5da3128be1ff7664a1b2
review_16906,class_7d54e6ff154ad392b174
review_16907,class_7d54e6ff154ad392b174
review_16908,class_5da3128be1ff7664a1b2
review_16909,class_7d54e6ff154ad392b174
review_16910,class_7d54e6ff154ad392b174
review_16911,class_52da9457fdf6740afd51
review_16912,class_1318693c237b7b97c0c0
review_16913,class_5da3128be1ff7664a1b2
review_16914,class_1318693c237b7b97c0c0
review_16915,class_7d54e6ff154ad392b174
review_16916,class_5da3128be1ff7664a1b2
review_16917,class_7d54e6ff154ad392b174
review_16918,class_1318693c237b7b97c0c0
review_16919,class_52da9457fdf6740afd51
review_16920,class_1318693c237b7b97c0c0
review_16921,class_1318693c237b7b97c0c0
review_16922,class_5da3128be1ff7664a1b2
review_16923,class_52da9457fdf6740afd51
review_16924,class_1318693c237b7b97c0c0
review_16925,class_1318693c237b7b97c0c0
review_16926,class_7d54e6ff154ad392b174
review_16927,class_7d54e6ff154ad392b174
review_16928,class_7d54e6ff154ad392b174
review_16929,class_1318693c237b7b97c0c0
review_16930,class_5da3128be1ff7664a1b2
review_16931,class_0eeaed02d1a961f133b4
review_16932,class_7d54e6ff154ad392b174
review_16933,class_1318693c237b7b97c0c0
review_16934,class_1318693c237b7b97c0c0
review_16935,class_5da3128be1ff7664a1b2
review_16936,class_52da9457fdf6740afd51
review_16937,class_5da3128be1ff7664a1b2
review_16938,class_5da3128be1ff7664a1b2
review_16939,class_52da9457fdf6740afd51
review_16940,class_0eeaed02d1a961f133b4
review_16941,class_7d54e6ff154ad392b174
review_16942,class_52da9457fdf6740afd51
review_16943,class_5da3128be1ff7664a1b2
review_16944,class_7d54e6ff154ad392b174
review_16945,class_1318693c237b7b97c0c0
review_16946,class_7d54e6ff154ad392b174
review_16947,class_1318693c237b7b97c0c0
review_16948,class_5da3128be1ff7664a1b2
review_16949,class_5da3128be1ff7664a1b2
review_16950,class_7d54e6ff154ad392b174
review_16951,class_7d54e6ff154ad392b174
review_16952,class_7d54e6ff154ad392b174
review_16953,class_1bc7e06ece0f38a60982
review_16954,class_5da3128be1ff7664a1b2
review_16955,class_7d54e6ff154ad392b174
review_16956,class_e65aace9237833ec7752
review_16957,class_7d54e6ff154ad392b174
review_16958,class_e65aace9237833ec7752
review_16959,class_5da3128be1ff7664a1b2
review_16960,class_7d54e6ff154ad392b174
review_16961,class_5da3128be1ff7664a1b2
review_16962,class_7d54e6ff154ad392b174
review_16963,class_0eeaed02d1a961f133b4
review_16964,class_7d54e6ff154ad392b174
review_16965,class_1318693c237b7b97c0c0
review_16966,class_5da3128be1ff7664a1b2
review_16967,class_5da3128be1ff7664a1b2
review_16968,class_1cf1396a0c9bc53f37da
review_16969,class_5da3128be1ff7664a1b2
review_16970,class_1318693c237b7b97c0c0
review_16971,class_5da3128be1ff7664a1b2
review_16972,class_5da3128be1ff7664a1b2
review_16973,class_7d54e6ff154ad392b174
review_16974,class_5da3128be1ff7664a1b2
review_16975,class_7d54e6ff154ad392b174
review_16976,class_5da3128be1ff7664a1b2
review_16977,class_1318693c237b7b97c0c0
review_16978,class_5da3128be1ff7664a1b2
review_16979,class_7d54e6ff154ad392b174
review_16980,class_1cf1396a0c9bc53f37da
review_16981,class_5da3128be1ff7664a1b2
review_16982,class_1318693c237b7b97c0c0
review_16983,class_5da3128be1ff7664a1b2
review_16984,class_1bc7e06ece0f38a60982
review_16985,class_5da3128be1ff7664a1b2
review_16986,class_7d54e6ff154ad392b174
review_16987,class_e65aace9237833ec7752
review_16988,class_0eeaed02d1a961f133b4
review_16989,class_0eeaed02d1a961f133b4
review_16990,class_1318693c237b7b97c0c0
review_16991,class_7d54e6ff154ad392b174
review_16992,class_7d54e6ff154ad392b174
review_16993,class_1318693c237b7b97c0c0
review_16994,class_7d54e6ff154ad392b174
review_16995,class_5da3128be1ff7664a1b2
review_16996,class_1318693c237b7b97c0c0
review_16997,class_1318693c237b7b97c0c0
review_16998,class_5da3128be1ff7664a1b2
review_16999,class_1318693c237b7b97c0c0
review_17000,class_5da3128be1ff7664a1b2
review_17001,class_0eeaed02d1a961f133b4
review_17002,class_7d54e6ff154ad392b174
review_17003,class_7d54e6ff154ad392b174
review_17004,class_1318693c237b7b97c0c0
review_17005,class_52da9457fdf6740afd51
review_17006,class_1bc7e06ece0f38a60982
review_17007,class_52da9457fdf6740afd51
review_17008,class_1318693c237b7b97c0c0
review_17009,class_52da9457fdf6740afd51
review_17010,class_1bc7e06ece0f38a60982
review_17011,class_1318693c237b7b97c0c0
review_17012,class_1318693c237b7b97c0c0
review_17013,class_1bc7e06ece0f38a60982
review_17014,class_1318693c237b7b97c0c0
review_17015,class_1bc7e06ece0f38a60982
review_17016,class_1318693c237b7b97c0c0
review_17017,class_1318693c237b7b97c0c0
review_17018,class_1318693c237b7b97c0c0
review_17019,class_1318693c237b7b97c0c0
review_17020,class_52da9457fdf6740afd51
review_17021,class_1bc7e06ece0f38a60982
review_17022,class_7d54e6ff154ad392b174
review_17023,class_1bc7e06ece0f38a60982
review_17024,class_52da9457fdf6740afd51
review_17025,class_1318693c237b7b97c0c0
review_17026,class_52da9457fdf6740afd51
review_17027,class_1318693c237b7b97c0c0
review_17028,class_be68f8ed5877c11b8be4
review_17029,class_52da9457fdf6740afd51
review_17030,class_1318693c237b7b97c0c0
review_17031,class_1bc7e06ece0f38a60982
review_17032,class_7d54e6ff154ad392b174
review_17033,class_1bc7e06ece0f38a60982
review_17034,class_1318693c237b7b97c0c0
review_17035,class_7d54e6ff154ad392b174
review_17036,class_1318693c237b7b97c0c0
review_17037,class_1318693c237b7b97c0c0
review_17038,class_52da9457fdf6740afd51
review_17039,class_1bc7e06ece0f38a60982
review_17040,class_7d54e6ff154ad392b174
review_17041,class_be68f8ed5877c11b8be4
review_17042,class_1318693c237b7b97c0c0
review_17043,class_1318693c237b7b97c0c0
review_17044,class_1bc7e06ece0f38a60982
review_17045,class_1bc7e06ece0f38a60982
review_17046,class_7d54e6ff154ad392b174
review_17047,class_1318693c237b7b97c0c0
review_17048,class_1318693c237b7b97c0c0
review_17049,class_1bc7e06ece0f38a60982
review_17050,class_0eeaed02d1a961f133b4
review_17051,class_0eeaed02d1a961f133b4
review_17052,class_4397d106b671d697b6e0
review_17053,class_c3ca5f787365eae0dea8
review_17054,class_4397d106b671d697b6e0
review_17055,class_52da9457fdf6740afd51
review_17056,class_4397d106b671d697b6e0
review_17057,class_4397d106b671d697b6e0
review_17058,class_1318693c237b7b97c0c0
review_17059,class_52da9457fdf6740afd51
review_17060,class_1cf1396a0c9bc53f37da
review_17061,class_1318693c237b7b97c0c0
review_17062,class_52438e68a549a636811e
review_17063,class_1318693c237b7b97c0c0
review_17064,class_1318693c237b7b97c0c0
review_17065,class_1318693c237b7b97c0c0
review_17066,class_52da9457fdf6740afd51
review_17067,class_52da9457fdf6740afd51
review_17068,class_7d54e6ff154ad392b174
review_17069,class_1cf1396a0c9bc53f37da
review_17070,class_7d54e6ff154ad392b174
review_17071,class_4397d106b671d697b6e0
review_17072,class_52da9457fdf6740afd51
review_17073,class_e65aace9237833ec7752
review_17074,class_e65aace9237833ec7752
review_17075,class_0eeaed02d1a961f133b4
review_17076,class_52da9457fdf6740afd51
review_17077,class_1cf1396a0c9bc53f37da
review_17078,class_1cf1396a0c9bc53f37da
review_17079,class_4397d106b671d697b6e0
review_17080,class_1cf1396a0c9bc53f37da
review_17081,class_4397d106b671d697b6e0
review_17082,class_c3ca5f787365eae0dea8
review_17083,class_4397d106b671d697b6e0
review_17084,class_e65aace9237833ec7752
review_17085,class_e65aace9237833ec7752
review_17086,class_1cf1396a0c9bc53f37da
review_17087,class_0eeaed02d1a961f133b4
review_17088,class_52da9457fdf6740afd51
review_17089,class_52da9457fdf6740afd51
review_17090,class_e65aace9237833ec7752
review_17091,class_c3ca5f787365eae0dea8
review_17092,class_e65aace9237833ec7752
review_17093,class_1cf1396a0c9bc53f37da
review_17094,class_4397d106b671d697b6e0
review_17095,class_4397d106b671d697b6e0
review_17096,class_1318693c237b7b97c0c0
review_17097,class_4397d106b671d697b6e0
review_17098,class_e65aace9237833ec7752
review_17099,class_1318693c237b7b97c0c0
review_17100,class_c3ca5f787365eae0dea8
review_17101,class_52da9457fdf6740afd51
review_17102,class_9deef4712756d30ffaa3
review_17103,class_9e32d15b246e504af33c
review_17104,class_4397d106b671d697b6e0
review_17105,class_52da9457fdf6740afd51
review_17106,class_52da9457fdf6740afd51
review_17107,class_9deef4712756d30ffaa3
review_17108,class_4397d106b671d697b6e0
review_17109,class_52da9457fdf6740afd51
review_17110,class_52da9457fdf6740afd51
review_17111,class_9deef4712756d30ffaa3
review_17112,class_9deef4712756d30ffaa3
review_17113,class_52da9457fdf6740afd51
review_17114,class_9deef4712756d30ffaa3
review_17115,class_52da9457fdf6740afd51
review_17116,class_52da9457fdf6740afd51
review_17117,class_52da9457fdf6740afd51
review_17118,class_9deef4712756d30ffaa3
review_17119,class_52da9457fdf6740afd51
review_17120,class_52da9457fdf6740afd51
review_17121,class_9deef4712756d30ffaa3
review_17122,class_52da9457fdf6740afd51
review_17123,class_52da9457fdf6740afd51
review_17124,class_52da9457fdf6740afd51
review_17125,class_9deef4712756d30ffaa3
review_17126,class_52da9457fdf6740afd51
review_17127,class_e65aace9237833ec7752
review_17128,class_52da9457fdf6740afd51
review_17129,class_52da9457fdf6740afd51
review_17130,class_9deef4712756d30ffaa3
review_17131,class_7d54e6ff154ad392b174
review_17132,class_52da9457fdf6740afd51
review_17133,class_9deef4712756d30ffaa3
review_17134,class_52da9457fdf6740afd51
review_17135,class_52da9457fdf6740afd51
review_17136,class_52da9457fdf6740afd51
review_17137,class_9deef4712756d30ffaa3
review_17138,class_9deef4712756d30ffaa3
review_17139,class_e65aace9237833ec7752
review_17140,class_52da9457fdf6740afd51
review_17141,class_52da9457fdf6740afd51
review_17142,class_9deef4712756d30ffaa3
review_17143,class_9deef4712756d30ffaa3
review_17144,class_9deef4712756d30ffaa3
review_17145,class_9deef4712756d30ffaa3
review_17146,class_52da9457fdf6740afd51
review_17147,class_9deef4712756d30ffaa3
review_17148,class_52da9457fdf6740afd51
review_17149,class_9e32d15b246e504af33c
review_17150,class_52da9457fdf6740afd51
review_17151,class_7d54e6ff154ad392b174
review_17152,class_7d54e6ff154ad392b174
review_17153,class_7d54e6ff154ad392b174
review_17154,class_7d54e6ff154ad392b174
review_17155,class_7d54e6ff154ad392b174
review_17156,class_7d54e6ff154ad392b174
review_17157,class_7d54e6ff154ad392b174
review_17158,class_7d54e6ff154ad392b174
review_17159,class_7d54e6ff154ad392b174
review_17160,class_7d54e6ff154ad392b174
review_17161,class_7d54e6ff154ad392b174
review_17162,class_7d54e6ff154ad392b174
review_17163,class_7d54e6ff154ad392b174
review_17164,class_7d54e6ff154ad392b174
review_17165,class_9e32d15b246e504af33c
review_17166,class_7d54e6ff154ad392b174
review_17167,class_9e32d15b246e504af33c
review_17168,class_52da9457fdf6740afd51
review_17169,class_7d54e6ff154ad392b174
review_17170,class_1bc7e06ece0f38a60982
review_17171,class_5da3128be1ff7664a1b2
review_17172,class_be68f8ed5877c11b8be4
review_17173,class_52da9457fdf6740afd51
review_17174,class_5da3128be1ff7664a1b2
review_17175,class_7d54e6ff154ad392b174
review_17176,class_1bc7e06ece0f38a60982
review_17177,class_52da9457fdf6740afd51
review_17178,class_7d54e6ff154ad392b174
review_17179,class_1bc7e06ece0f38a60982
review_17180,class_b89f90f328fa7e7781c0
review_17181,class_52da9457fdf6740afd51
review_17182,class_1bc7e06ece0f38a60982
review_17183,class_b89f90f328fa7e7781c0
review_17184,class_52da9457fdf6740afd51
review_17185,class_c3ca5f787365eae0dea8
review_17186,class_5da3128be1ff7664a1b2
review_17187,class_52da9457fdf6740afd51
review_17188,class_52da9457fdf6740afd51
review_17189,class_1bc7e06ece0f38a60982
review_17190,class_7d54e6ff154ad392b174
review_17191,class_1bc7e06ece0f38a60982
review_17192,class_52da9457fdf6740afd51
review_17193,class_52da9457fdf6740afd51
review_17194,class_1bc7e06ece0f38a60982
review_17195,class_1bc7e06ece0f38a60982
review_17196,class_1cf1396a0c9bc53f37da
review_17197,class_7d54e6ff154ad392b174
review_17198,class_be68f8ed5877c11b8be4
review_17199,class_7d54e6ff154ad392b174
review_17200,class_1bc7e06ece0f38a60982
review_17201,class_1bc7e06ece0f38a60982
review_17202,class_52da9457fdf6740afd51
review_17203,class_52da9457fdf6740afd51
review_17204,class_7d54e6ff154ad392b174
review_17205,class_52da9457fdf6740afd51
review_17206,class_1bc7e06ece0f38a60982
review_17207,class_7d54e6ff154ad392b174
review_17208,class_e65aace9237833ec7752
review_17209,class_5da3128be1ff7664a1b2
review_17210,class_1bc7e06ece0f38a60982
review_17211,class_52da9457fdf6740afd51
review_17212,class_52da9457fdf6740afd51
review_17213,class_7d54e6ff154ad392b174
review_17214,class_7d54e6ff154ad392b174
review_17215,class_7d54e6ff154ad392b174
review_17216,class_7d54e6ff154ad392b174
review_17217,class_52da9457fdf6740afd51
review_17218,class_1bc7e06ece0f38a60982
review_17219,class_52da9457fdf6740afd51
review_17220,class_7d54e6ff154ad392b174
review_17221,class_52da9457fdf6740afd51
review_17222,class_7d54e6ff154ad392b174
review_17223,class_e65aace9237833ec7752
review_17224,class_1bc7e06ece0f38a60982
review_17225,class_1bc7e06ece0f38a60982
review_17226,class_7d54e6ff154ad392b174
review_17227,class_52da9457fdf6740afd51
review_17228,class_52da9457fdf6740afd51
review_17229,class_7d54e6ff154ad392b174
review_17230,class_5da3128be1ff7664a1b2
review_17231,class_be68f8ed5877c11b8be4
review_17232,class_1bc7e06ece0f38a60982
review_17233,class_1bc7e06ece0f38a60982
review_17234,class_1bc7e06ece0f38a60982
review_17235,class_7d54e6ff154ad392b174
review_17236,class_52da9457fdf6740afd51
review_17237,class_e65aace9237833ec7752
review_17238,class_5da3128be1ff7664a1b2
review_17239,class_7d54e6ff154ad392b174
review_17240,class_5da3128be1ff7664a1b2
review_17241,class_52da9457fdf6740afd51
review_17242,class_52da9457fdf6740afd51
review_17243,class_52da9457fdf6740afd51
review_17244,class_7d54e6ff154ad392b174
review_17245,class_7d54e6ff154ad392b174
review_17246,class_52da9457fdf6740afd51
review_17247,class_1bc7e06ece0f38a60982
review_17248,class_52da9457fdf6740afd51
review_17249,class_1bc7e06ece0f38a60982
review_17250,class_1cf1396a0c9bc53f37da
review_17251,class_1bc7e06ece0f38a60982
review_17252,class_52da9457fdf6740afd51
review_17253,class_52da9457fdf6740afd51
review_17254,class_7d54e6ff154ad392b174
review_17255,class_52da9457fdf6740afd51
review_17256,class_52da9457fdf6740afd51
review_17257,class_1bc7e06ece0f38a60982
review_17258,class_7d54e6ff154ad392b174
review_17259,class_52da9457fdf6740afd51
review_17260,class_1bc7e06ece0f38a60982
review_17261,class_e65aace9237833ec7752
review_17262,class_52da9457fdf6740afd51
review_17263,class_f6efb94c9ae061247bed
review_17264,class_7d54e6ff154ad392b174
review_17265,class_f6efb94c9ae061247bed
review_17266,class_52da9457fdf6740afd51
review_17267,class_e65aace9237833ec7752
review_17268,class_1bc7e06ece0f38a60982
review_17269,class_f6efb94c9ae061247bed
review_17270,class_52da9457fdf6740afd51
review_17271,class_1bc7e06ece0f38a60982
review_17272,class_1bc7e06ece0f38a60982
review_17273,class_e65aace9237833ec7752
review_17274,class_52da9457fdf6740afd51
review_17275,class_1bc7e06ece0f38a60982
review_17276,class_9deef4712756d30ffaa3
review_17277,class_1bc7e06ece0f38a60982
review_17278,class_e65aace9237833ec7752
review_17279,class_1bc7e06ece0f38a60982
review_17280,class_1bc7e06ece0f38a60982
review_17281,class_1bc7e06ece0f38a60982
review_17282,class_f6efb94c9ae061247bed
review_17283,class_f6efb94c9ae061247bed
review_17284,class_7d54e6ff154ad392b174
review_17285,class_e65aace9237833ec7752
review_17286,class_7d54e6ff154ad392b174
review_17287,class_52da9457fdf6740afd51
review_17288,class_52da9457fdf6740afd51
review_17289,class_1bc7e06ece0f38a60982
review_17290,class_52da9457fdf6740afd51
review_17291,class_52da9457fdf6740afd51
review_17292,class_1bc7e06ece0f38a60982
review_17293,class_7d54e6ff154ad392b174
review_17294,class_7d54e6ff154ad392b174
review_17295,class_e65aace9237833ec7752
review_17296,class_9deef4712756d30ffaa3
review_17297,class_52da9457fdf6740afd51
review_17298,class_1bc7e06ece0f38a60982
review_17299,class_52da9457fdf6740afd51
review_17300,class_e65aace9237833ec7752
review_17301,class_b89f90f328fa7e7781c0
review_17302,class_f6efb94c9ae061247bed
review_17303,class_52da9457fdf6740afd51
review_17304,class_e65aace9237833ec7752
review_17305,class_1bc7e06ece0f38a60982
review_17306,class_52da9457fdf6740afd51
review_17307,class_1bc7e06ece0f38a60982
review_17308,class_e65aace9237833ec7752
review_17309,class_e65aace9237833ec7752
review_17310,class_e65aace9237833ec7752
review_17311,class_1318693c237b7b97c0c0
review_17312,class_e65aace9237833ec7752
review_17313,class_e65aace9237833ec7752
review_17314,class_1cf1396a0c9bc53f37da
review_17315,class_1cf1396a0c9bc53f37da
review_17316,class_e65aace9237833ec7752
review_17317,class_1cf1396a0c9bc53f37da
review_17318,class_1bc7e06ece0f38a60982
review_17319,class_b89f90f328fa7e7781c0
review_17320,class_1bc7e06ece0f38a60982
review_17321,class_e65aace9237833ec7752
review_17322,class_e65aace9237833ec7752
review_17323,class_b89f90f328fa7e7781c0
review_17324,class_e65aace9237833ec7752
review_17325,class_e65aace9237833ec7752
review_17326,class_1bc7e06ece0f38a60982
review_17327,class_1bc7e06ece0f38a60982
review_17328,class_1cf1396a0c9bc53f37da
review_17329,class_1cf1396a0c9bc53f37da
review_17330,class_e65aace9237833ec7752
review_17331,class_1cf1396a0c9bc53f37da
review_17332,class_1bc7e06ece0f38a60982
review_17333,class_1cf1396a0c9bc53f37da
review_17334,class_e65aace9237833ec7752
review_17335,class_1cf1396a0c9bc53f37da
review_17336,class_e65aace9237833ec7752
review_17337,class_e65aace9237833ec7752
review_17338,class_1bc7e06ece0f38a60982
review_17339,class_e65aace9237833ec7752
review_17340,class_e65aace9237833ec7752
review_17341,class_48075864b2596de25a65
review_17342,class_e65aace9237833ec7752
review_17343,class_e65aace9237833ec7752
review_17344,class_e65aace9237833ec7752
review_17345,class_e65aace9237833ec7752
review_17346,class_1cf1396a0c9bc53f37da
review_17347,class_1bc7e06ece0f38a60982
review_17348,class_e65aace9237833ec7752
review_17349,class_e65aace9237833ec7752
review_17350,class_e65aace9237833ec7752
review_17351,class_e65aace9237833ec7752
review_17352,class_1bc7e06ece0f38a60982
review_17353,class_48075864b2596de25a65
review_17354,class_1cf1396a0c9bc53f37da
review_17355,class_1bc7e06ece0f38a60982
review_17356,class_1cf1396a0c9bc53f37da
review_17357,class_b89f90f328fa7e7781c0
review_17358,class_e65aace9237833ec7752
review_17359,class_e65aace9237833ec7752
review_17360,class_e65aace9237833ec7752
review_17361,class_e65aace9237833ec7752
review_17362,class_52da9457fdf6740afd51
review_17363,class_9deef4712756d30ffaa3
review_17364,class_e65aace9237833ec7752
review_17365,class_1318693c237b7b97c0c0
review_17366,class_1bc7e06ece0f38a60982
review_17367,class_1bc7e06ece0f38a60982
review_17368,class_e65aace9237833ec7752
review_17369,class_1bc7e06ece0f38a60982
review_17370,class_e65aace9237833ec7752
review_17371,class_1bc7e06ece0f38a60982
review_17372,class_e65aace9237833ec7752
review_17373,class_e65aace9237833ec7752
review_17374,class_1bc7e06ece0f38a60982
review_17375,class_9deef4712756d30ffaa3
review_17376,class_1318693c237b7b97c0c0
review_17377,class_f6efb94c9ae061247bed
review_17378,class_1bc7e06ece0f38a60982
review_17379,class_1bc7e06ece0f38a60982
review_17380,class_1bc7e06ece0f38a60982
review_17381,class_e65aace9237833ec7752
review_17382,class_e65aace9237833ec7752
review_17383,class_9deef4712756d30ffaa3
review_17384,class_9deef4712756d30ffaa3
review_17385,class_9deef4712756d30ffaa3
review_17386,class_e65aace9237833ec7752
review_17387,class_1bc7e06ece0f38a60982
review_17388,class_e65aace9237833ec7752
review_17389,class_e65aace9237833ec7752
review_17390,class_e65aace9237833ec7752
review_17391,class_1bc7e06ece0f38a60982
review_17392,class_52da9457fdf6740afd51
review_17393,class_9deef4712756d30ffaa3
review_17394,class_1bc7e06ece0f38a60982
review_17395,class_e65aace9237833ec7752
review_17396,class_1bc7e06ece0f38a60982
review_17397,class_e65aace9237833ec7752
review_17398,class_1bc7e06ece0f38a60982
review_17399,class_52da9457fdf6740afd51
review_17400,class_9deef4712756d30ffaa3
review_17401,class_7d54e6ff154ad392b174
review_17402,class_e65aace9237833ec7752
review_17403,class_1bc7e06ece0f38a60982
review_17404,class_52da9457fdf6740afd51
review_17405,class_52da9457fdf6740afd51
review_17406,class_1bc7e06ece0f38a60982
review_17407,class_1bc7e06ece0f38a60982
review_17408,class_e65aace9237833ec7752
review_17409,class_1bc7e06ece0f38a60982
review_17410,class_e65aace9237833ec7752
review_17411,class_1bc7e06ece0f38a60982
review_17412,class_1bc7e06ece0f38a60982
review_17413,class_1bc7e06ece0f38a60982
review_17414,class_1bc7e06ece0f38a60982
review_17415,class_e65aace9237833ec7752
review_17416,class_1bc7e06ece0f38a60982
review_17417,class_1bc7e06ece0f38a60982
review_17418,class_52da9457fdf6740afd51
review_17419,class_e65aace9237833ec7752
review_17420,class_1318693c237b7b97c0c0
review_17421,class_52da9457fdf6740afd51
review_17422,class_f6efb94c9ae061247bed
review_17423,class_1bc7e06ece0f38a60982
review_17424,class_52da9457fdf6740afd51
review_17425,class_e65aace9237833ec7752
review_17426,class_52da9457fdf6740afd51
review_17427,class_52da9457fdf6740afd51
review_17428,class_1bc7e06ece0f38a60982
review_17429,class_e65aace9237833ec7752
review_17430,class_1bc7e06ece0f38a60982
review_17431,class_e65aace9237833ec7752
review_17432,class_1bc7e06ece0f38a60982
review_17433,class_52da9457fdf6740afd51
review_17434,class_e65aace9237833ec7752
review_17435,class_1bc7e06ece0f38a60982
review_17436,class_e65aace9237833ec7752
review_17437,class_e65aace9237833ec7752
review_17438,class_7d54e6ff154ad392b174
review_17439,class_52da9457fdf6740afd51
review_17440,class_1bc7e06ece0f38a60982
review_17441,class_e65aace9237833ec7752
review_17442,class_1bc7e06ece0f38a60982
review_17443,class_1318693c237b7b97c0c0
review_17444,class_1bc7e06ece0f38a60982
review_17445,class_1bc7e06ece0f38a60982
review_17446,class_52da9457fdf6740afd51
review_17447,class_5da3128be1ff7664a1b2
review_17448,class_52da9457fdf6740afd51
review_17449,class_1cf1396a0c9bc53f37da
review_17450,class_1318693c237b7b97c0c0
review_17451,class_5da3128be1ff7664a1b2
review_17452,class_1cf1396a0c9bc53f37da
review_17453,class_1318693c237b7b97c0c0
review_17454,class_1bc7e06ece0f38a60982
review_17455,class_52da9457fdf6740afd51
review_17456,class_52da9457fdf6740afd51
review_17457,class_1318693c237b7b97c0c0
review_17458,class_f6efb94c9ae061247bed
review_17459,class_be68f8ed5877c11b8be4
review_17460,class_1318693c237b7b97c0c0
review_17461,class_52da9457fdf6740afd51
review_17462,class_1bc7e06ece0f38a60982
review_17463,class_b89f90f328fa7e7781c0
review_17464,class_7d54e6ff154ad392b174
review_17465,class_1bc7e06ece0f38a60982
review_17466,class_7d54e6ff154ad392b174
review_17467,class_c3ca5f787365eae0dea8
review_17468,class_b89f90f328fa7e7781c0
review_17469,class_c3ca5f787365eae0dea8
review_17470,class_1318693c237b7b97c0c0
review_17471,class_1318693c237b7b97c0c0
review_17472,class_1318693c237b7b97c0c0
review_17473,class_52da9457fdf6740afd51
review_17474,class_7d54e6ff154ad392b174
review_17475,class_be68f8ed5877c11b8be4
review_17476,class_0eeaed02d1a961f133b4
review_17477,class_0eeaed02d1a961f133b4
review_17478,class_7d54e6ff154ad392b174
review_17479,class_7d54e6ff154ad392b174
review_17480,class_1bc7e06ece0f38a60982
review_17481,class_7d54e6ff154ad392b174
review_17482,class_7d54e6ff154ad392b174
review_17483,class_52da9457fdf6740afd51
review_17484,class_7d54e6ff154ad392b174
review_17485,class_7d54e6ff154ad392b174
review_17486,class_9deef4712756d30ffaa3
review_17487,class_5da3128be1ff7664a1b2
review_17488,class_5da3128be1ff7664a1b2
review_17489,class_7d54e6ff154ad392b174
review_17490,class_7d54e6ff154ad392b174
review_17491,class_7d54e6ff154ad392b174
review_17492,class_5da3128be1ff7664a1b2
review_17493,class_7d54e6ff154ad392b174
review_17494,class_9deef4712756d30ffaa3
review_17495,class_9deef4712756d30ffaa3
review_17496,class_7d54e6ff154ad392b174
review_17497,class_52da9457fdf6740afd51
review_17498,class_7d54e6ff154ad392b174
review_17499,class_7d54e6ff154ad392b174
review_17500,class_0eeaed02d1a961f133b4
review_17501,class_7d54e6ff154ad392b174
review_17502,class_7d54e6ff154ad392b174
review_17503,class_7d54e6ff154ad392b174
review_17504,class_7d54e6ff154ad392b174
review_17505,class_9e32d15b246e504af33c
review_17506,class_9deef4712756d30ffaa3
review_17507,class_7d54e6ff154ad392b174
review_17508,class_0eeaed02d1a961f133b4
review_17509,class_7d54e6ff154ad392b174
review_17510,class_7d54e6ff154ad392b174
review_17511,class_0eeaed02d1a961f133b4
review_17512,class_7d54e6ff154ad392b174
review_17513,class_7d54e6ff154ad392b174
review_17514,class_7d54e6ff154ad392b174
review_17515,class_5da3128be1ff7664a1b2
review_17516,class_5da3128be1ff7664a1b2
review_17517,class_7d54e6ff154ad392b174
review_17518,class_7d54e6ff154ad392b174
review_17519,class_7d54e6ff154ad392b174
review_17520,class_1bc7e06ece0f38a60982
review_17521,class_9e32d15b246e504af33c
review_17522,class_7d54e6ff154ad392b174
review_17523,class_5da3128be1ff7664a1b2
review_17524,class_7d54e6ff154ad392b174
review_17525,class_7d54e6ff154ad392b174
review_17526,class_9deef4712756d30ffaa3
review_17527,class_7d54e6ff154ad392b174
review_17528,class_7d54e6ff154ad392b174
review_17529,class_7d54e6ff154ad392b174
review_17530,class_7d54e6ff154ad392b174
review_17531,class_1bc7e06ece0f38a60982
review_17532,class_7d54e6ff154ad392b174
review_17533,class_7d54e6ff154ad392b174
review_17534,class_7d54e6ff154ad392b174
review_17535,class_7d54e6ff154ad392b174
review_17536,class_0eeaed02d1a961f133b4
review_17537,class_be68f8ed5877c11b8be4
review_17538,class_7d54e6ff154ad392b174
review_17539,class_7d54e6ff154ad392b174
review_17540,class_7d54e6ff154ad392b174
review_17541,class_7d54e6ff154ad392b174
review_17542,class_7d54e6ff154ad392b174
review_17543,class_52da9457fdf6740afd51
review_17544,class_7d54e6ff154ad392b174
review_17545,class_9deef4712756d30ffaa3
review_17546,class_5da3128be1ff7664a1b2
review_17547,class_7d54e6ff154ad392b174
review_17548,class_7d54e6ff154ad392b174
review_17549,class_9deef4712756d30ffaa3
review_17550,class_7d54e6ff154ad392b174
review_17551,class_7d54e6ff154ad392b174
review_17552,class_52da9457fdf6740afd51
review_17553,class_1cf1396a0c9bc53f37da
review_17554,class_9deef4712756d30ffaa3
review_17555,class_5da3128be1ff7664a1b2
review_17556,class_7d54e6ff154ad392b174
review_17557,class_7d54e6ff154ad392b174
review_17558,class_1cf1396a0c9bc53f37da
review_17559,class_7d54e6ff154ad392b174
review_17560,class_7d54e6ff154ad392b174
review_17561,class_b89f90f328fa7e7781c0
review_17562,class_7d54e6ff154ad392b174
review_17563,class_9deef4712756d30ffaa3
review_17564,class_7d54e6ff154ad392b174
review_17565,class_7d54e6ff154ad392b174
review_17566,class_52da9457fdf6740afd51
review_17567,class_7d54e6ff154ad392b174
review_17568,class_7d54e6ff154ad392b174
review_17569,class_1cf1396a0c9bc53f37da
review_17570,class_1cf1396a0c9bc53f37da
review_17571,class_7d54e6ff154ad392b174
review_17572,class_7d54e6ff154ad392b174
review_17573,class_1cf1396a0c9bc53f37da
review_17574,class_7d54e6ff154ad392b174
review_17575,class_9deef4712756d30ffaa3
review_17576,class_7d54e6ff154ad392b174
review_17577,class_9deef4712756d30ffaa3
review_17578,class_9deef4712756d30ffaa3
review_17579,class_52da9457fdf6740afd51
review_17580,class_7d54e6ff154ad392b174
review_17581,class_9deef4712756d30ffaa3
review_17582,class_52da9457fdf6740afd51
review_17583,class_7d54e6ff154ad392b174
review_17584,class_7d54e6ff154ad392b174
review_17585,class_7d54e6ff154ad392b174
review_17586,class_7d54e6ff154ad392b174
review_17587,class_1bc7e06ece0f38a60982
review_17588,class_7d54e6ff154ad392b174
review_17589,class_52da9457fdf6740afd51
review_17590,class_7d54e6ff154ad392b174
review_17591,class_7d54e6ff154ad392b174
review_17592,class_9deef4712756d30ffaa3
review_17593,class_9deef4712756d30ffaa3
review_17594,class_7d54e6ff154ad392b174
review_17595,class_7d54e6ff154ad392b174
review_17596,class_7d54e6ff154ad392b174
review_17597,class_52da9457fdf6740afd51
review_17598,class_7d54e6ff154ad392b174
review_17599,class_9deef4712756d30ffaa3
review_17600,class_e65aace9237833ec7752
review_17601,class_1bc7e06ece0f38a60982
review_17602,class_e65aace9237833ec7752
review_17603,class_f6efb94c9ae061247bed
review_17604,class_f6efb94c9ae061247bed
review_17605,class_e65aace9237833ec7752
review_17606,class_f6efb94c9ae061247bed
review_17607,class_5da3128be1ff7664a1b2
review_17608,class_f6efb94c9ae061247bed
review_17609,class_e65aace9237833ec7752
review_17610,class_e65aace9237833ec7752
review_17611,class_5da3128be1ff7664a1b2
review_17612,class_f6efb94c9ae061247bed
review_17613,class_5da3128be1ff7664a1b2
review_17614,class_0eeaed02d1a961f133b4
review_17615,class_1bc7e06ece0f38a60982
review_17616,class_1bc7e06ece0f38a60982
review_17617,class_52da9457fdf6740afd51
review_17618,class_1bc7e06ece0f38a60982
review_17619,class_1bc7e06ece0f38a60982
review_17620,class_1bc7e06ece0f38a60982
review_17621,class_1bc7e06ece0f38a60982
review_17622,class_7d54e6ff154ad392b174
review_17623,class_1bc7e06ece0f38a60982
review_17624,class_1bc7e06ece0f38a60982
review_17625,class_1bc7e06ece0f38a60982
review_17626,class_52da9457fdf6740afd51
review_17627,class_7d54e6ff154ad392b174
review_17628,class_9deef4712756d30ffaa3
review_17629,class_9deef4712756d30ffaa3
review_17630,class_b7f740446b63715473af
review_17631,class_7d54e6ff154ad392b174
review_17632,class_be68f8ed5877c11b8be4
review_17633,class_7d54e6ff154ad392b174
review_17634,class_1bc7e06ece0f38a60982
review_17635,class_9deef4712756d30ffaa3
review_17636,class_52da9457fdf6740afd51
review_17637,class_1bc7e06ece0f38a60982
review_17638,class_1bc7e06ece0f38a60982
review_17639,class_52da9457fdf6740afd51
review_17640,class_52da9457fdf6740afd51
review_17641,class_52da9457fdf6740afd51
review_17642,class_9deef4712756d30ffaa3
review_17643,class_1bc7e06ece0f38a60982
review_17644,class_1318693c237b7b97c0c0
review_17645,class_9deef4712756d30ffaa3
review_17646,class_b7f740446b63715473af
review_17647,class_48075864b2596de25a65
review_17648,class_1bc7e06ece0f38a60982
review_17649,class_9deef4712756d30ffaa3
review_17650,class_7d54e6ff154ad392b174
review_17651,class_1bc7e06ece0f38a60982
review_17652,class_be68f8ed5877c11b8be4
review_17653,class_1bc7e06ece0f38a60982
review_17654,class_9deef4712756d30ffaa3
review_17655,class_9deef4712756d30ffaa3
review_17656,class_1bc7e06ece0f38a60982
review_17657,class_52da9457fdf6740afd51
review_17658,class_b7f740446b63715473af
review_17659,class_1bc7e06ece0f38a60982
review_17660,class_52da9457fdf6740afd51
review_17661,class_1bc7e06ece0f38a60982
review_17662,class_5da3128be1ff7664a1b2
review_17663,class_1bc7e06ece0f38a60982
review_17664,class_52da9457fdf6740afd51
review_17665,class_52da9457fdf6740afd51
review_17666,class_7d54e6ff154ad392b174
review_17667,class_7d54e6ff154ad392b174
review_17668,class_52da9457fdf6740afd51
review_17669,class_7d54e6ff154ad392b174
review_17670,class_1bc7e06ece0f38a60982
review_17671,class_7d54e6ff154ad392b174
review_17672,class_1bc7e06ece0f38a60982
review_17673,class_52da9457fdf6740afd51
review_17674,class_1bc7e06ece0f38a60982
review_17675,class_9deef4712756d30ffaa3
review_17676,class_1bc7e06ece0f38a60982
review_17677,class_9deef4712756d30ffaa3
review_17678,class_9deef4712756d30ffaa3
review_17679,class_c3ca5f787365eae0dea8
review_17680,class_be68f8ed5877c11b8be4
review_17681,class_b89f90f328fa7e7781c0
review_17682,class_c3ca5f787365eae0dea8
review_17683,class_7d54e6ff154ad392b174
review_17684,class_7d54e6ff154ad392b174
review_17685,class_7d54e6ff154ad392b174
review_17686,class_7d54e6ff154ad392b174
review_17687,class_be68f8ed5877c11b8be4
review_17688,class_52da9457fdf6740afd51
review_17689,class_b89f90f328fa7e7781c0
review_17690,class_52da9457fdf6740afd51
review_17691,class_7d54e6ff154ad392b174
review_17692,class_7d54e6ff154ad392b174
review_17693,class_9deef4712756d30ffaa3
review_17694,class_7d54e6ff154ad392b174
review_17695,class_7d54e6ff154ad392b174
review_17696,class_7d54e6ff154ad392b174
review_17697,class_7d54e6ff154ad392b174
review_17698,class_7d54e6ff154ad392b174
review_17699,class_b89f90f328fa7e7781c0
review_17700,class_7d54e6ff154ad392b174
review_17701,class_b89f90f328fa7e7781c0
review_17702,class_b89f90f328fa7e7781c0
review_17703,class_7d54e6ff154ad392b174
review_17704,class_7d54e6ff154ad392b174
review_17705,class_7d54e6ff154ad392b174
review_17706,class_b89f90f328fa7e7781c0
review_17707,class_7d54e6ff154ad392b174
review_17708,class_7d54e6ff154ad392b174
review_17709,class_7d54e6ff154ad392b174
review_17710,class_b89f90f328fa7e7781c0
review_17711,class_7d54e6ff154ad392b174
review_17712,class_b89f90f328fa7e7781c0
review_17713,class_0eeaed02d1a961f133b4
review_17714,class_1bc7e06ece0f38a60982
review_17715,class_7d54e6ff154ad392b174
review_17716,class_7d54e6ff154ad392b174
review_17717,class_7d54e6ff154ad392b174
review_17718,class_0eeaed02d1a961f133b4
review_17719,class_7d54e6ff154ad392b174
review_17720,class_7d54e6ff154ad392b174
review_17721,class_7d54e6ff154ad392b174
review_17722,class_7d54e6ff154ad392b174
review_17723,class_7d54e6ff154ad392b174
review_17724,class_52da9457fdf6740afd51
review_17725,class_7d54e6ff154ad392b174
review_17726,class_e65aace9237833ec7752
review_17727,class_7d54e6ff154ad392b174
review_17728,class_7d54e6ff154ad392b174
review_17729,class_e65aace9237833ec7752
review_17730,class_52da9457fdf6740afd51
review_17731,class_e65aace9237833ec7752
review_17732,class_e65aace9237833ec7752
review_17733,class_e65aace9237833ec7752
review_17734,class_52da9457fdf6740afd51
review_17735,class_1bc7e06ece0f38a60982
review_17736,class_7d54e6ff154ad392b174
review_17737,class_1bc7e06ece0f38a60982
review_17738,class_1bc7e06ece0f38a60982
review_17739,class_7d54e6ff154ad392b174
review_17740,class_1bc7e06ece0f38a60982
review_17741,class_7d54e6ff154ad392b174
review_17742,class_e65aace9237833ec7752
review_17743,class_7d54e6ff154ad392b174
review_17744,class_7d54e6ff154ad392b174
review_17745,class_7d54e6ff154ad392b174
review_17746,class_7d54e6ff154ad392b174
review_17747,class_1bc7e06ece0f38a60982
review_17748,class_7d54e6ff154ad392b174
review_17749,class_7d54e6ff154ad392b174
review_17750,class_1bc7e06ece0f38a60982
review_17751,class_7d54e6ff154ad392b174
review_17752,class_1bc7e06ece0f38a60982
review_17753,class_7d54e6ff154ad392b174
review_17754,class_7d54e6ff154ad392b174
review_17755,class_52da9457fdf6740afd51
review_17756,class_e65aace9237833ec7752
review_17757,class_e65aace9237833ec7752
review_17758,class_b89f90f328fa7e7781c0
review_17759,class_7d54e6ff154ad392b174
review_17760,class_1bc7e06ece0f38a60982
review_17761,class_0eeaed02d1a961f133b4
review_17762,class_52da9457fdf6740afd51
review_17763,class_7d54e6ff154ad392b174
review_17764,class_0eeaed02d1a961f133b4
review_17765,class_7d54e6ff154ad392b174
review_17766,class_e65aace9237833ec7752
review_17767,class_5da3128be1ff7664a1b2
review_17768,class_e65aace9237833ec7752
review_17769,class_52da9457fdf6740afd51
review_17770,class_e65aace9237833ec7752
review_17771,class_e65aace9237833ec7752
review_17772,class_9e32d15b246e504af33c
review_17773,class_52da9457fdf6740afd51
review_17774,class_7d54e6ff154ad392b174
review_17775,class_0eeaed02d1a961f133b4
review_17776,class_52da9457fdf6740afd51
review_17777,class_5da3128be1ff7664a1b2
review_17778,class_7d54e6ff154ad392b174
review_17779,class_7d54e6ff154ad392b174
review_17780,class_7d54e6ff154ad392b174
review_17781,class_e65aace9237833ec7752
review_17782,class_1bc7e06ece0f38a60982
review_17783,class_1bc7e06ece0f38a60982
review_17784,class_1bc7e06ece0f38a60982
review_17785,class_f6efb94c9ae061247bed
review_17786,class_1bc7e06ece0f38a60982
review_17787,class_1cf1396a0c9bc53f37da
review_17788,class_5da3128be1ff7664a1b2
review_17789,class_52da9457fdf6740afd51
review_17790,class_1318693c237b7b97c0c0
review_17791,class_52da9457fdf6740afd51
review_17792,class_1bc7e06ece0f38a60982
review_17793,class_1bc7e06ece0f38a60982
review_17794,class_52da9457fdf6740afd51
review_17795,class_1bc7e06ece0f38a60982
review_17796,class_f6efb94c9ae061247bed
review_17797,class_1bc7e06ece0f38a60982
review_17798,class_1bc7e06ece0f38a60982
review_17799,class_52da9457fdf6740afd51
review_17800,class_1bc7e06ece0f38a60982
review_17801,class_1bc7e06ece0f38a60982
review_17802,class_1bc7e06ece0f38a60982
review_17803,class_f6efb94c9ae061247bed
review_17804,class_1bc7e06ece0f38a60982
review_17805,class_1318693c237b7b97c0c0
review_17806,class_1bc7e06ece0f38a60982
review_17807,class_5da3128be1ff7664a1b2
review_17808,class_1bc7e06ece0f38a60982
review_17809,class_1bc7e06ece0f38a60982
review_17810,class_0eeaed02d1a961f133b4
review_17811,class_1318693c237b7b97c0c0
review_17812,class_1bc7e06ece0f38a60982
review_17813,class_1bc7e06ece0f38a60982
review_17814,class_1bc7e06ece0f38a60982
review_17815,class_1bc7e06ece0f38a60982
review_17816,class_1bc7e06ece0f38a60982
review_17817,class_1bc7e06ece0f38a60982
review_17818,class_1318693c237b7b97c0c0
review_17819,class_1bc7e06ece0f38a60982
review_17820,class_f6efb94c9ae061247bed
review_17821,class_1bc7e06ece0f38a60982
review_17822,class_f6efb94c9ae061247bed
review_17823,class_1bc7e06ece0f38a60982
review_17824,class_f6efb94c9ae061247bed
review_17825,class_9deef4712756d30ffaa3
review_17826,class_1bc7e06ece0f38a60982
review_17827,class_1318693c237b7b97c0c0
review_17828,class_1bc7e06ece0f38a60982
review_17829,class_1bc7e06ece0f38a60982
review_17830,class_f6efb94c9ae061247bed
review_17831,class_52da9457fdf6740afd51
review_17832,class_5da3128be1ff7664a1b2
review_17833,class_1bc7e06ece0f38a60982
review_17834,class_f6efb94c9ae061247bed
review_17835,class_1bc7e06ece0f38a60982
review_17836,class_1bc7e06ece0f38a60982
review_17837,class_1bc7e06ece0f38a60982
review_17838,class_1bc7e06ece0f38a60982
review_17839,class_52da9457fdf6740afd51
review_17840,class_52da9457fdf6740afd51
review_17841,class_1bc7e06ece0f38a60982
review_17842,class_52da9457fdf6740afd51
review_17843,class_f6efb94c9ae061247bed
review_17844,class_1bc7e06ece0f38a60982
review_17845,class_1bc7e06ece0f38a60982
review_17846,class_1bc7e06ece0f38a60982
review_17847,class_1bc7e06ece0f38a60982
review_17848,class_1cf1396a0c9bc53f37da
review_17849,class_1bc7e06ece0f38a60982
review_17850,class_52da9457fdf6740afd51
review_17851,class_f6efb94c9ae061247bed
review_17852,class_1bc7e06ece0f38a60982
review_17853,class_1bc7e06ece0f38a60982
review_17854,class_1bc7e06ece0f38a60982
review_17855,class_1bc7e06ece0f38a60982
review_17856,class_f6efb94c9ae061247bed
review_17857,class_5da3128be1ff7664a1b2
review_17858,class_1bc7e06ece0f38a60982
review_17859,class_1bc7e06ece0f38a60982
review_17860,class_7d54e6ff154ad392b174
review_17861,class_1bc7e06ece0f38a60982
review_17862,class_1318693c237b7b97c0c0
review_17863,class_f6efb94c9ae061247bed
review_17864,class_1bc7e06ece0f38a60982
review_17865,class_f6efb94c9ae061247bed
review_17866,class_1318693c237b7b97c0c0
review_17867,class_1bc7e06ece0f38a60982
review_17868,class_1bc7e06ece0f38a60982
review_17869,class_52da9457fdf6740afd51
review_17870,class_1bc7e06ece0f38a60982
review_17871,class_0eeaed02d1a961f133b4
review_17872,class_1318693c237b7b97c0c0
review_17873,class_1bc7e06ece0f38a60982
review_17874,class_1bc7e06ece0f38a60982
review_17875,class_1bc7e06ece0f38a60982
review_17876,class_1bc7e06ece0f38a60982
review_17877,class_52da9457fdf6740afd51
review_17878,class_f6efb94c9ae061247bed
review_17879,class_0eeaed02d1a961f133b4
review_17880,class_f6efb94c9ae061247bed
review_17881,class_1bc7e06ece0f38a60982
review_17882,class_7d54e6ff154ad392b174
review_17883,class_1bc7e06ece0f38a60982
review_17884,class_1bc7e06ece0f38a60982
review_17885,class_1bc7e06ece0f38a60982
review_17886,class_1318693c237b7b97c0c0
review_17887,class_7d54e6ff154ad392b174
review_17888,class_7d54e6ff154ad392b174
review_17889,class_1bc7e06ece0f38a60982
review_17890,class_1bc7e06ece0f38a60982
review_17891,class_1bc7e06ece0f38a60982
review_17892,class_b89f90f328fa7e7781c0
review_17893,class_7d54e6ff154ad392b174
review_17894,class_1bc7e06ece0f38a60982
review_17895,class_1bc7e06ece0f38a60982
review_17896,class_1318693c237b7b97c0c0
review_17897,class_1bc7e06ece0f38a60982
review_17898,class_f6efb94c9ae061247bed
review_17899,class_1bc7e06ece0f38a60982
review_17900,class_1bc7e06ece0f38a60982
review_17901,class_1318693c237b7b97c0c0
review_17902,class_1bc7e06ece0f38a60982
review_17903,class_7d54e6ff154ad392b174
review_17904,class_1bc7e06ece0f38a60982
review_17905,class_52da9457fdf6740afd51
review_17906,class_1bc7e06ece0f38a60982
review_17907,class_7d54e6ff154ad392b174
review_17908,class_7d54e6ff154ad392b174
review_17909,class_1bc7e06ece0f38a60982
review_17910,class_1cf1396a0c9bc53f37da
review_17911,class_1318693c237b7b97c0c0
review_17912,class_f6efb94c9ae061247bed
review_17913,class_1318693c237b7b97c0c0
review_17914,class_1318693c237b7b97c0c0
review_17915,class_1bc7e06ece0f38a60982
review_17916,class_1318693c237b7b97c0c0
review_17917,class_1318693c237b7b97c0c0
review_17918,class_1318693c237b7b97c0c0
review_17919,class_7d54e6ff154ad392b174
review_17920,class_b7f740446b63715473af
review_17921,class_9e32d15b246e504af33c
review_17922,class_1318693c237b7b97c0c0
review_17923,class_1318693c237b7b97c0c0
review_17924,class_1318693c237b7b97c0c0
review_17925,class_f6efb94c9ae061247bed
review_17926,class_1318693c237b7b97c0c0
review_17927,class_9deef4712756d30ffaa3
review_17928,class_7d54e6ff154ad392b174
review_17929,class_7d54e6ff154ad392b174
review_17930,class_9deef4712756d30ffaa3
review_17931,class_1318693c237b7b97c0c0
review_17932,class_7d54e6ff154ad392b174
review_17933,class_7d54e6ff154ad392b174
review_17934,class_7d54e6ff154ad392b174
review_17935,class_7d54e6ff154ad392b174
review_17936,class_1318693c237b7b97c0c0
review_17937,class_9deef4712756d30ffaa3
review_17938,class_1318693c237b7b97c0c0
review_17939,class_1318693c237b7b97c0c0
review_17940,class_7d54e6ff154ad392b174
review_17941,class_9deef4712756d30ffaa3
review_17942,class_7d54e6ff154ad392b174
review_17943,class_9deef4712756d30ffaa3
review_17944,class_7d54e6ff154ad392b174
review_17945,class_1cf1396a0c9bc53f37da
review_17946,class_9deef4712756d30ffaa3
review_17947,class_1318693c237b7b97c0c0
review_17948,class_1318693c237b7b97c0c0
review_17949,class_7d54e6ff154ad392b174
review_17950,class_1318693c237b7b97c0c0
review_17951,class_1318693c237b7b97c0c0
review_17952,class_1318693c237b7b97c0c0
review_17953,class_5da3128be1ff7664a1b2
review_17954,class_7d54e6ff154ad392b174
review_17955,class_1318693c237b7b97c0c0
review_17956,class_1318693c237b7b97c0c0
review_17957,class_7d54e6ff154ad392b174
review_17958,class_7d54e6ff154ad392b174
review_17959,class_7d54e6ff154ad392b174
review_17960,class_1318693c237b7b97c0c0
review_17961,class_9deef4712756d30ffaa3
review_17962,class_1318693c237b7b97c0c0
review_17963,class_7d54e6ff154ad392b174
review_17964,class_9deef4712756d30ffaa3
review_17965,class_7d54e6ff154ad392b174
review_17966,class_7d54e6ff154ad392b174
review_17967,class_1318693c237b7b97c0c0
review_17968,class_9e32d15b246e504af33c
review_17969,class_52da9457fdf6740afd51
review_17970,class_52da9457fdf6740afd51
review_17971,class_48075864b2596de25a65
review_17972,class_1bc7e06ece0f38a60982
review_17973,class_52da9457fdf6740afd51
review_17974,class_1cf1396a0c9bc53f37da
review_17975,class_7d54e6ff154ad392b174
review_17976,class_7d54e6ff154ad392b174
review_17977,class_52da9457fdf6740afd51
review_17978,class_0eeaed02d1a961f133b4
review_17979,class_1bc7e06ece0f38a60982
review_17980,class_c3ca5f787365eae0dea8
review_17981,class_e65aace9237833ec7752
review_17982,class_7d54e6ff154ad392b174
review_17983,class_e65aace9237833ec7752
review_17984,class_1bc7e06ece0f38a60982
review_17985,class_1bc7e06ece0f38a60982
review_17986,class_e65aace9237833ec7752
review_17987,class_7d54e6ff154ad392b174
review_17988,class_7d54e6ff154ad392b174
review_17989,class_0eeaed02d1a961f133b4
review_17990,class_e65aace9237833ec7752
review_17991,class_0eeaed02d1a961f133b4
review_17992,class_e65aace9237833ec7752
review_17993,class_e65aace9237833ec7752
review_17994,class_e65aace9237833ec7752
review_17995,class_9deef4712756d30ffaa3
review_17996,class_9deef4712756d30ffaa3
review_17997,class_e65aace9237833ec7752
review_17998,class_7d54e6ff154ad392b174
review_17999,class_e65aace9237833ec7752
review_18000,class_e65aace9237833ec7752
review_18001,class_e65aace9237833ec7752
review_18002,class_e65aace9237833ec7752
review_18003,class_e65aace9237833ec7752
review_18004,class_e65aace9237833ec7752
review_18005,class_1bc7e06ece0f38a60982
review_18006,class_0eeaed02d1a961f133b4
review_18007,class_9deef4712756d30ffaa3
review_18008,class_e65aace9237833ec7752
review_18009,class_e65aace9237833ec7752
review_18010,class_0eeaed02d1a961f133b4
review_18011,class_7d54e6ff154ad392b174
review_18012,class_1bc7e06ece0f38a60982
review_18013,class_52da9457fdf6740afd51
review_18014,class_4397d106b671d697b6e0
review_18015,class_e65aace9237833ec7752
review_18016,class_9deef4712756d30ffaa3
review_18017,class_9deef4712756d30ffaa3
review_18018,class_e65aace9237833ec7752
review_18019,class_e65aace9237833ec7752
review_18020,class_7d54e6ff154ad392b174
review_18021,class_9deef4712756d30ffaa3
review_18022,class_7d54e6ff154ad392b174
review_18023,class_7d54e6ff154ad392b174
review_18024,class_e65aace9237833ec7752
review_18025,class_c3ca5f787365eae0dea8
review_18026,class_e65aace9237833ec7752
review_18027,class_c3ca5f787365eae0dea8
review_18028,class_1bc7e06ece0f38a60982
review_18029,class_e65aace9237833ec7752
review_18030,class_c3ca5f787365eae0dea8
review_18031,class_7d54e6ff154ad392b174
review_18032,class_1bc7e06ece0f38a60982
review_18033,class_52da9457fdf6740afd51
review_18034,class_0eeaed02d1a961f133b4
review_18035,class_e65aace9237833ec7752
review_18036,class_7d54e6ff154ad392b174
review_18037,class_e65aace9237833ec7752
review_18038,class_7d54e6ff154ad392b174
review_18039,class_0eeaed02d1a961f133b4
review_18040,class_e65aace9237833ec7752
review_18041,class_c3ca5f787365eae0dea8
review_18042,class_1bc7e06ece0f38a60982
review_18043,class_1bc7e06ece0f38a60982
review_18044,class_9deef4712756d30ffaa3
review_18045,class_1bc7e06ece0f38a60982
review_18046,class_7d54e6ff154ad392b174
review_18047,class_1bc7e06ece0f38a60982
review_18048,class_e65aace9237833ec7752
review_18049,class_e65aace9237833ec7752
review_18050,class_1cf1396a0c9bc53f37da
review_18051,class_0eeaed02d1a961f133b4
review_18052,class_7d54e6ff154ad392b174
review_18053,class_f6efb94c9ae061247bed
review_18054,class_1bc7e06ece0f38a60982
review_18055,class_1bc7e06ece0f38a60982
review_18056,class_1bc7e06ece0f38a60982
review_18057,class_0eeaed02d1a961f133b4
review_18058,class_1bc7e06ece0f38a60982
review_18059,class_1bc7e06ece0f38a60982
review_18060,class_7d54e6ff154ad392b174
review_18061,class_7d54e6ff154ad392b174
review_18062,class_1bc7e06ece0f38a60982
review_18063,class_7d54e6ff154ad392b174
review_18064,class_7d54e6ff154ad392b174
review_18065,class_be68f8ed5877c11b8be4
review_18066,class_1318693c237b7b97c0c0
review_18067,class_7d54e6ff154ad392b174
review_18068,class_52da9457fdf6740afd51
review_18069,class_1cf1396a0c9bc53f37da
review_18070,class_52da9457fdf6740afd51
review_18071,class_52da9457fdf6740afd51
review_18072,class_1cf1396a0c9bc53f37da
review_18073,class_1cf1396a0c9bc53f37da
review_18074,class_52da9457fdf6740afd51
review_18075,class_52da9457fdf6740afd51
review_18076,class_52da9457fdf6740afd51
review_18077,class_52da9457fdf6740afd51
review_18078,class_1bc7e06ece0f38a60982
review_18079,class_52da9457fdf6740afd51
review_18080,class_7d54e6ff154ad392b174
review_18081,class_1bc7e06ece0f38a60982
review_18082,class_52da9457fdf6740afd51
review_18083,class_1bc7e06ece0f38a60982
review_18084,class_52da9457fdf6740afd51
review_18085,class_1bc7e06ece0f38a60982
review_18086,class_52da9457fdf6740afd51
review_18087,class_1bc7e06ece0f38a60982
review_18088,class_1bc7e06ece0f38a60982
review_18089,class_52da9457fdf6740afd51
review_18090,class_52da9457fdf6740afd51
review_18091,class_1cf1396a0c9bc53f37da
review_18092,class_b7f740446b63715473af
review_18093,class_1cf1396a0c9bc53f37da
review_18094,class_1cf1396a0c9bc53f37da
review_18095,class_52da9457fdf6740afd51
review_18096,class_52da9457fdf6740afd51
review_18097,class_7d54e6ff154ad392b174
review_18098,class_9deef4712756d30ffaa3
review_18099,class_0eeaed02d1a961f133b4
review_18100,class_52da9457fdf6740afd51
review_18101,class_1cf1396a0c9bc53f37da
review_18102,class_52da9457fdf6740afd51
review_18103,class_1cf1396a0c9bc53f37da
review_18104,class_52da9457fdf6740afd51
review_18105,class_52da9457fdf6740afd51
review_18106,class_52da9457fdf6740afd51
review_18107,class_e65aace9237833ec7752
review_18108,class_0eeaed02d1a961f133b4
review_18109,class_1bc7e06ece0f38a60982
review_18110,class_1cf1396a0c9bc53f37da
review_18111,class_52da9457fdf6740afd51
review_18112,class_0eeaed02d1a961f133b4
review_18113,class_52da9457fdf6740afd51
review_18114,class_1bc7e06ece0f38a60982
review_18115,class_9deef4712756d30ffaa3
review_18116,class_1cf1396a0c9bc53f37da
review_18117,class_52da9457fdf6740afd51
review_18118,class_9deef4712756d30ffaa3
review_18119,class_7d54e6ff154ad392b174
review_18120,class_b89f90f328fa7e7781c0
review_18121,class_1cf1396a0c9bc53f37da
review_18122,class_b89f90f328fa7e7781c0
review_18123,class_9deef4712756d30ffaa3
review_18124,class_b89f90f328fa7e7781c0
review_18125,class_1cf1396a0c9bc53f37da
review_18126,class_52da9457fdf6740afd51
review_18127,class_b89f90f328fa7e7781c0
review_18128,class_7d54e6ff154ad392b174
review_18129,class_b89f90f328fa7e7781c0
review_18130,class_b89f90f328fa7e7781c0
review_18131,class_b89f90f328fa7e7781c0
review_18132,class_7d54e6ff154ad392b174
review_18133,class_0eeaed02d1a961f133b4
review_18134,class_7d54e6ff154ad392b174
review_18135,class_1cf1396a0c9bc53f37da
review_18136,class_4397d106b671d697b6e0
review_18137,class_f6efb94c9ae061247bed
review_18138,class_b89f90f328fa7e7781c0
review_18139,class_b89f90f328fa7e7781c0
review_18140,class_b89f90f328fa7e7781c0
review_18141,class_f6efb94c9ae061247bed
review_18142,class_f6efb94c9ae061247bed
review_18143,class_7d54e6ff154ad392b174
review_18144,class_7d54e6ff154ad392b174
review_18145,class_0eeaed02d1a961f133b4
review_18146,class_7d54e6ff154ad392b174
review_18147,class_7d54e6ff154ad392b174
review_18148,class_7d54e6ff154ad392b174
review_18149,class_7d54e6ff154ad392b174
review_18150,class_7d54e6ff154ad392b174
review_18151,class_0eeaed02d1a961f133b4
review_18152,class_0eeaed02d1a961f133b4
review_18153,class_7d54e6ff154ad392b174
review_18154,class_7d54e6ff154ad392b174
review_18155,class_7d54e6ff154ad392b174
review_18156,class_7d54e6ff154ad392b174
review_18157,class_7d54e6ff154ad392b174
review_18158,class_7d54e6ff154ad392b174
review_18159,class_0eeaed02d1a961f133b4
review_18160,class_0eeaed02d1a961f133b4
review_18161,class_1cf1396a0c9bc53f37da
review_18162,class_7d54e6ff154ad392b174
review_18163,class_7d54e6ff154ad392b174
review_18164,class_1cf1396a0c9bc53f37da
review_18165,class_7d54e6ff154ad392b174
review_18166,class_b7f740446b63715473af
review_18167,class_7d54e6ff154ad392b174
review_18168,class_7d54e6ff154ad392b174
review_18169,class_1bc7e06ece0f38a60982
review_18170,class_52da9457fdf6740afd51
review_18171,class_7d54e6ff154ad392b174
review_18172,class_0eeaed02d1a961f133b4
review_18173,class_1318693c237b7b97c0c0
review_18174,class_7d54e6ff154ad392b174
review_18175,class_7d54e6ff154ad392b174
review_18176,class_0eeaed02d1a961f133b4
review_18177,class_0eeaed02d1a961f133b4
review_18178,class_52da9457fdf6740afd51
review_18179,class_c3ca5f787365eae0dea8
review_18180,class_7d54e6ff154ad392b174
review_18181,class_f6efb94c9ae061247bed
review_18182,class_7d54e6ff154ad392b174
review_18183,class_7d54e6ff154ad392b174
review_18184,class_52da9457fdf6740afd51
review_18185,class_7d54e6ff154ad392b174
review_18186,class_7d54e6ff154ad392b174
review_18187,class_7d54e6ff154ad392b174
review_18188,class_7d54e6ff154ad392b174
review_18189,class_7d54e6ff154ad392b174
review_18190,class_e65aace9237833ec7752
review_18191,class_52da9457fdf6740afd51
review_18192,class_1318693c237b7b97c0c0
review_18193,class_1bc7e06ece0f38a60982
review_18194,class_9e32d15b246e504af33c
review_18195,class_7d54e6ff154ad392b174
review_18196,class_7d54e6ff154ad392b174
review_18197,class_9e32d15b246e504af33c
review_18198,class_7d54e6ff154ad392b174
review_18199,class_7d54e6ff154ad392b174
review_18200,class_7d54e6ff154ad392b174
review_18201,class_f6efb94c9ae061247bed
review_18202,class_0eeaed02d1a961f133b4
review_18203,class_0eeaed02d1a961f133b4
review_18204,class_f6efb94c9ae061247bed
review_18205,class_9e32d15b246e504af33c
review_18206,class_7d54e6ff154ad392b174
review_18207,class_c3ca5f787365eae0dea8
review_18208,class_9e32d15b246e504af33c
review_18209,class_9e32d15b246e504af33c
review_18210,class_0eeaed02d1a961f133b4
review_18211,class_e65aace9237833ec7752
review_18212,class_9e32d15b246e504af33c
review_18213,class_9e32d15b246e504af33c
review_18214,class_f6efb94c9ae061247bed
review_18215,class_9e32d15b246e504af33c
review_18216,class_9e32d15b246e504af33c
review_18217,class_f6efb94c9ae061247bed
review_18218,class_f6efb94c9ae061247bed
review_18219,class_f6efb94c9ae061247bed
review_18220,class_f6efb94c9ae061247bed
review_18221,class_f6efb94c9ae061247bed
review_18222,class_52da9457fdf6740afd51
review_18223,class_52da9457fdf6740afd51
review_18224,class_9e32d15b246e504af33c
review_18225,class_7d54e6ff154ad392b174
review_18226,class_7d54e6ff154ad392b174
review_18227,class_7d54e6ff154ad392b174
review_18228,class_0eeaed02d1a961f133b4
review_18229,class_0eeaed02d1a961f133b4
review_18230,class_f6efb94c9ae061247bed
review_18231,class_9e32d15b246e504af33c
review_18232,class_52da9457fdf6740afd51
review_18233,class_52da9457fdf6740afd51
review_18234,class_7d54e6ff154ad392b174
review_18235,class_0eeaed02d1a961f133b4
review_18236,class_1bc7e06ece0f38a60982
review_18237,class_7d54e6ff154ad392b174
review_18238,class_7d54e6ff154ad392b174
review_18239,class_1bc7e06ece0f38a60982
review_18240,class_7d54e6ff154ad392b174
review_18241,class_7d54e6ff154ad392b174
review_18242,class_1bc7e06ece0f38a60982
review_18243,class_b7f740446b63715473af
review_18244,class_7d54e6ff154ad392b174
review_18245,class_c3ca5f787365eae0dea8
review_18246,class_1bc7e06ece0f38a60982
review_18247,class_7d54e6ff154ad392b174
review_18248,class_7d54e6ff154ad392b174
review_18249,class_7d54e6ff154ad392b174
review_18250,class_7d54e6ff154ad392b174
review_18251,class_1bc7e06ece0f38a60982
review_18252,class_52da9457fdf6740afd51
review_18253,class_7d54e6ff154ad392b174
review_18254,class_c3ca5f787365eae0dea8
review_18255,class_b7f740446b63715473af
review_18256,class_7d54e6ff154ad392b174
review_18257,class_7d54e6ff154ad392b174
review_18258,class_1cf1396a0c9bc53f37da
review_18259,class_7d54e6ff154ad392b174
review_18260,class_1bc7e06ece0f38a60982
review_18261,class_1bc7e06ece0f38a60982
review_18262,class_f6efb94c9ae061247bed
review_18263,class_1bc7e06ece0f38a60982
review_18264,class_7d54e6ff154ad392b174
review_18265,class_e65aace9237833ec7752
review_18266,class_1bc7e06ece0f38a60982
review_18267,class_7d54e6ff154ad392b174
review_18268,class_52da9457fdf6740afd51
review_18269,class_be68f8ed5877c11b8be4
review_18270,class_1bc7e06ece0f38a60982
review_18271,class_e65aace9237833ec7752
review_18272,class_1bc7e06ece0f38a60982
review_18273,class_1bc7e06ece0f38a60982
review_18274,class_be68f8ed5877c11b8be4
review_18275,class_1318693c237b7b97c0c0
review_18276,class_52da9457fdf6740afd51
review_18277,class_1bc7e06ece0f38a60982
review_18278,class_1bc7e06ece0f38a60982
review_18279,class_1cf1396a0c9bc53f37da
review_18280,class_1bc7e06ece0f38a60982
review_18281,class_1cf1396a0c9bc53f37da
review_18282,class_7d54e6ff154ad392b174
review_18283,class_be68f8ed5877c11b8be4
review_18284,class_7d54e6ff154ad392b174
review_18285,class_7d54e6ff154ad392b174
review_18286,class_7d54e6ff154ad392b174
review_18287,class_1bc7e06ece0f38a60982
review_18288,class_52da9457fdf6740afd51
review_18289,class_1bc7e06ece0f38a60982
review_18290,class_7d54e6ff154ad392b174
review_18291,class_e65aace9237833ec7752
review_18292,class_7d54e6ff154ad392b174
review_18293,class_7d54e6ff154ad392b174
review_18294,class_52da9457fdf6740afd51
review_18295,class_f6efb94c9ae061247bed
review_18296,class_e65aace9237833ec7752
review_18297,class_7d54e6ff154ad392b174
review_18298,class_7d54e6ff154ad392b174
review_18299,class_1bc7e06ece0f38a60982
review_18300,class_52da9457fdf6740afd51
review_18301,class_7d54e6ff154ad392b174
review_18302,class_be68f8ed5877c11b8be4
review_18303,class_1bc7e06ece0f38a60982
review_18304,class_f6efb94c9ae061247bed
review_18305,class_1cf1396a0c9bc53f37da
review_18306,class_1bc7e06ece0f38a60982
review_18307,class_e65aace9237833ec7752
review_18308,class_7d54e6ff154ad392b174
review_18309,class_1bc7e06ece0f38a60982
review_18310,class_7d54e6ff154ad392b174
review_18311,class_7d54e6ff154ad392b174
review_18312,class_52da9457fdf6740afd51
review_18313,class_1cf1396a0c9bc53f37da
review_18314,class_7d54e6ff154ad392b174
review_18315,class_be68f8ed5877c11b8be4
review_18316,class_52da9457fdf6740afd51
review_18317,class_7d54e6ff154ad392b174
review_18318,class_7d54e6ff154ad392b174
review_18319,class_7d54e6ff154ad392b174
review_18320,class_52da9457fdf6740afd51
review_18321,class_7d54e6ff154ad392b174
review_18322,class_7d54e6ff154ad392b174
review_18323,class_7d54e6ff154ad392b174
review_18324,class_7d54e6ff154ad392b174
review_18325,class_52da9457fdf6740afd51
review_18326,class_7d54e6ff154ad392b174
review_18327,class_be68f8ed5877c11b8be4
review_18328,class_7d54e6ff154ad392b174
review_18329,class_52da9457fdf6740afd51
review_18330,class_7d54e6ff154ad392b174
review_18331,class_7d54e6ff154ad392b174
review_18332,class_be68f8ed5877c11b8be4
review_18333,class_7d54e6ff154ad392b174
review_18334,class_7d54e6ff154ad392b174
review_18335,class_7d54e6ff154ad392b174
review_18336,class_7d54e6ff154ad392b174
review_18337,class_7d54e6ff154ad392b174
review_18338,class_7d54e6ff154ad392b174
review_18339,class_7d54e6ff154ad392b174
review_18340,class_7d54e6ff154ad392b174
review_18341,class_7d54e6ff154ad392b174
review_18342,class_7d54e6ff154ad392b174
review_18343,class_7d54e6ff154ad392b174
review_18344,class_7d54e6ff154ad392b174
review_18345,class_52da9457fdf6740afd51
review_18346,class_7d54e6ff154ad392b174
review_18347,class_7d54e6ff154ad392b174
review_18348,class_7d54e6ff154ad392b174
review_18349,class_7d54e6ff154ad392b174
review_18350,class_52da9457fdf6740afd51
review_18351,class_7d54e6ff154ad392b174
review_18352,class_7d54e6ff154ad392b174
review_18353,class_7d54e6ff154ad392b174
review_18354,class_7d54e6ff154ad392b174
review_18355,class_52da9457fdf6740afd51
review_18356,class_7d54e6ff154ad392b174
review_18357,class_7d54e6ff154ad392b174
review_18358,class_7d54e6ff154ad392b174
review_18359,class_52da9457fdf6740afd51
review_18360,class_7d54e6ff154ad392b174
review_18361,class_7d54e6ff154ad392b174
review_18362,class_7d54e6ff154ad392b174
review_18363,class_7d54e6ff154ad392b174
review_18364,class_be68f8ed5877c11b8be4
review_18365,class_7d54e6ff154ad392b174
review_18366,class_7d54e6ff154ad392b174
review_18367,class_7d54e6ff154ad392b174
review_18368,class_7d54e6ff154ad392b174
review_18369,class_7d54e6ff154ad392b174
review_18370,class_7d54e6ff154ad392b174
review_18371,class_7d54e6ff154ad392b174
review_18372,class_7d54e6ff154ad392b174
review_18373,class_7d54e6ff154ad392b174
review_18374,class_7d54e6ff154ad392b174
review_18375,class_be68f8ed5877c11b8be4
review_18376,class_7d54e6ff154ad392b174
review_18377,class_7d54e6ff154ad392b174
review_18378,class_be68f8ed5877c11b8be4
review_18379,class_7d54e6ff154ad392b174
review_18380,class_1318693c237b7b97c0c0
review_18381,class_7d54e6ff154ad392b174
review_18382,class_1bc7e06ece0f38a60982
review_18383,class_52da9457fdf6740afd51
review_18384,class_52da9457fdf6740afd51
review_18385,class_52da9457fdf6740afd51
review_18386,class_52da9457fdf6740afd51
review_18387,class_52da9457fdf6740afd51
review_18388,class_52da9457fdf6740afd51
review_18389,class_0eeaed02d1a961f133b4
review_18390,class_52da9457fdf6740afd51
review_18391,class_52da9457fdf6740afd51
review_18392,class_0eeaed02d1a961f133b4
review_18393,class_52da9457fdf6740afd51
review_18394,class_1bc7e06ece0f38a60982
review_18395,class_1bc7e06ece0f38a60982
review_18396,class_1bc7e06ece0f38a60982
review_18397,class_52da9457fdf6740afd51
review_18398,class_1bc7e06ece0f38a60982
review_18399,class_1bc7e06ece0f38a60982
review_18400,class_1bc7e06ece0f38a60982
review_18401,class_52da9457fdf6740afd51
review_18402,class_1bc7e06ece0f38a60982
review_18403,class_52da9457fdf6740afd51
review_18404,class_1bc7e06ece0f38a60982
review_18405,class_52da9457fdf6740afd51
review_18406,class_52da9457fdf6740afd51
review_18407,class_52da9457fdf6740afd51
review_18408,class_1bc7e06ece0f38a60982
review_18409,class_0eeaed02d1a961f133b4
review_18410,class_1bc7e06ece0f38a60982
review_18411,class_1bc7e06ece0f38a60982
review_18412,class_1bc7e06ece0f38a60982
review_18413,class_1bc7e06ece0f38a60982
review_18414,class_52da9457fdf6740afd51
review_18415,class_52da9457fdf6740afd51
review_18416,class_52da9457fdf6740afd51
review_18417,class_1bc7e06ece0f38a60982
review_18418,class_1bc7e06ece0f38a60982
review_18419,class_1bc7e06ece0f38a60982
review_18420,class_1bc7e06ece0f38a60982
review_18421,class_1bc7e06ece0f38a60982
review_18422,class_1bc7e06ece0f38a60982
review_18423,class_1bc7e06ece0f38a60982
review_18424,class_1bc7e06ece0f38a60982
review_18425,class_1bc7e06ece0f38a60982
review_18426,class_52da9457fdf6740afd51
review_18427,class_1bc7e06ece0f38a60982
review_18428,class_1bc7e06ece0f38a60982
review_18429,class_7d54e6ff154ad392b174
review_18430,class_7d54e6ff154ad392b174
review_18431,class_1cf1396a0c9bc53f37da
review_18432,class_52da9457fdf6740afd51
review_18433,class_52da9457fdf6740afd51
review_18434,class_0eeaed02d1a961f133b4
review_18435,class_52da9457fdf6740afd51
review_18436,class_1bc7e06ece0f38a60982
review_18437,class_0eeaed02d1a961f133b4
review_18438,class_1bc7e06ece0f38a60982
review_18439,class_0eeaed02d1a961f133b4
review_18440,class_52da9457fdf6740afd51
review_18441,class_1bc7e06ece0f38a60982
review_18442,class_1bc7e06ece0f38a60982
review_18443,class_1bc7e06ece0f38a60982
review_18444,class_52da9457fdf6740afd51
review_18445,class_52da9457fdf6740afd51
review_18446,class_1bc7e06ece0f38a60982
review_18447,class_1bc7e06ece0f38a60982
review_18448,class_1bc7e06ece0f38a60982
review_18449,class_52da9457fdf6740afd51
review_18450,class_7d54e6ff154ad392b174
review_18451,class_1cf1396a0c9bc53f37da
review_18452,class_52da9457fdf6740afd51
review_18453,class_52da9457fdf6740afd51
review_18454,class_b89f90f328fa7e7781c0
review_18455,class_1bc7e06ece0f38a60982
review_18456,class_1bc7e06ece0f38a60982
review_18457,class_52da9457fdf6740afd51
review_18458,class_52da9457fdf6740afd51
review_18459,class_52da9457fdf6740afd51
review_18460,class_1bc7e06ece0f38a60982
review_18461,class_1bc7e06ece0f38a60982
review_18462,class_1bc7e06ece0f38a60982
review_18463,class_f6efb94c9ae061247bed
review_18464,class_7d54e6ff154ad392b174
review_18465,class_f6efb94c9ae061247bed
review_18466,class_b89f90f328fa7e7781c0
review_18467,class_1318693c237b7b97c0c0
review_18468,class_52da9457fdf6740afd51
review_18469,class_4397d106b671d697b6e0
review_18470,class_f6efb94c9ae061247bed
review_18471,class_f6efb94c9ae061247bed
review_18472,class_9deef4712756d30ffaa3
review_18473,class_9deef4712756d30ffaa3
review_18474,class_7d54e6ff154ad392b174
review_18475,class_7d54e6ff154ad392b174
review_18476,class_52da9457fdf6740afd51
review_18477,class_7d54e6ff154ad392b174
review_18478,class_52da9457fdf6740afd51
review_18479,class_7d54e6ff154ad392b174
review_18480,class_1318693c237b7b97c0c0
review_18481,class_1318693c237b7b97c0c0
review_18482,class_7d54e6ff154ad392b174
review_18483,class_7d54e6ff154ad392b174
review_18484,class_7d54e6ff154ad392b174
review_18485,class_1318693c237b7b97c0c0
review_18486,class_7d54e6ff154ad392b174
review_18487,class_7d54e6ff154ad392b174
review_18488,class_7d54e6ff154ad392b174
review_18489,class_1318693c237b7b97c0c0
review_18490,class_1318693c237b7b97c0c0
review_18491,class_1318693c237b7b97c0c0
review_18492,class_1318693c237b7b97c0c0
review_18493,class_7d54e6ff154ad392b174
review_18494,class_7d54e6ff154ad392b174
review_18495,class_e65aace9237833ec7752
review_18496,class_7d54e6ff154ad392b174
review_18497,class_52da9457fdf6740afd51
review_18498,class_1318693c237b7b97c0c0
review_18499,class_5da3128be1ff7664a1b2
review_18500,class_7d54e6ff154ad392b174
review_18501,class_1bc7e06ece0f38a60982
review_18502,class_7d54e6ff154ad392b174
review_18503,class_1318693c237b7b97c0c0
review_18504,class_52da9457fdf6740afd51
review_18505,class_1318693c237b7b97c0c0
review_18506,class_7d54e6ff154ad392b174
review_18507,class_1318693c237b7b97c0c0
review_18508,class_1318693c237b7b97c0c0
review_18509,class_7d54e6ff154ad392b174
review_18510,class_1318693c237b7b97c0c0
review_18511,class_1318693c237b7b97c0c0
review_18512,class_1318693c237b7b97c0c0
review_18513,class_7d54e6ff154ad392b174
review_18514,class_7d54e6ff154ad392b174
review_18515,class_7d54e6ff154ad392b174
review_18516,class_7d54e6ff154ad392b174
review_18517,class_52da9457fdf6740afd51
review_18518,class_b89f90f328fa7e7781c0
review_18519,class_52da9457fdf6740afd51
review_18520,class_7d54e6ff154ad392b174
review_18521,class_7d54e6ff154ad392b174
review_18522,class_7d54e6ff154ad392b174
review_18523,class_b89f90f328fa7e7781c0
review_18524,class_b89f90f328fa7e7781c0
review_18525,class_7d54e6ff154ad392b174
review_18526,class_52da9457fdf6740afd51
review_18527,class_7d54e6ff154ad392b174
review_18528,class_b89f90f328fa7e7781c0
review_18529,class_7d54e6ff154ad392b174
review_18530,class_52da9457fdf6740afd51
review_18531,class_52da9457fdf6740afd51
review_18532,class_7d54e6ff154ad392b174
review_18533,class_52da9457fdf6740afd51
review_18534,class_52da9457fdf6740afd51
review_18535,class_b89f90f328fa7e7781c0
review_18536,class_52da9457fdf6740afd51
review_18537,class_b89f90f328fa7e7781c0
review_18538,class_7d54e6ff154ad392b174
review_18539,class_1cf1396a0c9bc53f37da
review_18540,class_f6efb94c9ae061247bed
review_18541,class_52da9457fdf6740afd51
review_18542,class_f6efb94c9ae061247bed
review_18543,class_b89f90f328fa7e7781c0
review_18544,class_7d54e6ff154ad392b174
review_18545,class_7d54e6ff154ad392b174
review_18546,class_52da9457fdf6740afd51
review_18547,class_7d54e6ff154ad392b174
review_18548,class_1cf1396a0c9bc53f37da
review_18549,class_7d54e6ff154ad392b174
review_18550,class_7d54e6ff154ad392b174
review_18551,class_7d54e6ff154ad392b174
review_18552,class_7d54e6ff154ad392b174
review_18553,class_7d54e6ff154ad392b174
review_18554,class_52da9457fdf6740afd51
review_18555,class_b89f90f328fa7e7781c0
review_18556,class_7d54e6ff154ad392b174
review_18557,class_7d54e6ff154ad392b174
review_18558,class_7d54e6ff154ad392b174
review_18559,class_7d54e6ff154ad392b174
review_18560,class_1cf1396a0c9bc53f37da
review_18561,class_7d54e6ff154ad392b174
review_18562,class_7d54e6ff154ad392b174
review_18563,class_7d54e6ff154ad392b174
review_18564,class_7d54e6ff154ad392b174
review_18565,class_7d54e6ff154ad392b174
review_18566,class_f6efb94c9ae061247bed
review_18567,class_1cf1396a0c9bc53f37da
review_18568,class_e65aace9237833ec7752
review_18569,class_1cf1396a0c9bc53f37da
review_18570,class_52da9457fdf6740afd51
review_18571,class_52da9457fdf6740afd51
review_18572,class_9e32d15b246e504af33c
review_18573,class_9e32d15b246e504af33c
review_18574,class_9e32d15b246e504af33c
review_18575,class_e65aace9237833ec7752
review_18576,class_9e32d15b246e504af33c
review_18577,class_9e32d15b246e504af33c
review_18578,class_9e32d15b246e504af33c
review_18579,class_e65aace9237833ec7752
review_18580,class_1cf1396a0c9bc53f37da
review_18581,class_1bc7e06ece0f38a60982
review_18582,class_52da9457fdf6740afd51
review_18583,class_5da3128be1ff7664a1b2
review_18584,class_1cf1396a0c9bc53f37da
review_18585,class_e65aace9237833ec7752
review_18586,class_52da9457fdf6740afd51
review_18587,class_e65aace9237833ec7752
review_18588,class_52da9457fdf6740afd51
review_18589,class_e65aace9237833ec7752
review_18590,class_b7f740446b63715473af
review_18591,class_9e32d15b246e504af33c
review_18592,class_0eeaed02d1a961f133b4
review_18593,class_1318693c237b7b97c0c0
review_18594,class_1318693c237b7b97c0c0
review_18595,class_0eeaed02d1a961f133b4
review_18596,class_7d54e6ff154ad392b174
review_18597,class_0eeaed02d1a961f133b4
review_18598,class_1318693c237b7b97c0c0
review_18599,class_be68f8ed5877c11b8be4
review_18600,class_f6efb94c9ae061247bed
review_18601,class_9deef4712756d30ffaa3
review_18602,class_1bc7e06ece0f38a60982
review_18603,class_52da9457fdf6740afd51
review_18604,class_52da9457fdf6740afd51
review_18605,class_5da3128be1ff7664a1b2
review_18606,class_52da9457fdf6740afd51
review_18607,class_1bc7e06ece0f38a60982
review_18608,class_7d54e6ff154ad392b174
review_18609,class_7d54e6ff154ad392b174
review_18610,class_7d54e6ff154ad392b174
review_18611,class_1bc7e06ece0f38a60982
review_18612,class_52da9457fdf6740afd51
review_18613,class_1bc7e06ece0f38a60982
review_18614,class_9deef4712756d30ffaa3
review_18615,class_1bc7e06ece0f38a60982
review_18616,class_0eeaed02d1a961f133b4
review_18617,class_52da9457fdf6740afd51
review_18618,class_52da9457fdf6740afd51
review_18619,class_52da9457fdf6740afd51
review_18620,class_5da3128be1ff7664a1b2
review_18621,class_1bc7e06ece0f38a60982
review_18622,class_be68f8ed5877c11b8be4
review_18623,class_1bc7e06ece0f38a60982
review_18624,class_52da9457fdf6740afd51
review_18625,class_1bc7e06ece0f38a60982
review_18627,class_1cf1396a0c9bc53f37da
review_18628,class_52da9457fdf6740afd51
review_18629,class_7d54e6ff154ad392b174
review_18630,class_5da3128be1ff7664a1b2
review_18631,class_52da9457fdf6740afd51
review_18632,class_52da9457fdf6740afd51
review_18633,class_1bc7e06ece0f38a60982
review_18634,class_7d54e6ff154ad392b174
review_18635,class_52da9457fdf6740afd51
review_18636,class_52da9457fdf6740afd51
review_18637,class_1cf1396a0c9bc53f37da
review_18638,class_f6efb94c9ae061247bed
review_18639,class_0eeaed02d1a961f133b4
review_18640,class_7d54e6ff154ad392b174
review_18641,class_52da9457fdf6740afd51
review_18642,class_1bc7e06ece0f38a60982
review_18643,class_1bc7e06ece0f38a60982
review_18644,class_1bc7e06ece0f38a60982
review_18645,class_1bc7e06ece0f38a60982
review_18646,class_52da9457fdf6740afd51
review_18647,class_1bc7e06ece0f38a60982
review_18648,class_1bc7e06ece0f38a60982
review_18649,class_b7f740446b63715473af
review_18650,class_1bc7e06ece0f38a60982
review_18651,class_52da9457fdf6740afd51
review_18652,class_9deef4712756d30ffaa3
review_18653,class_9deef4712756d30ffaa3
review_18654,class_1bc7e06ece0f38a60982
review_18655,class_1bc7e06ece0f38a60982
review_18656,class_1bc7e06ece0f38a60982
review_18657,class_52da9457fdf6740afd51
review_18658,class_1bc7e06ece0f38a60982
review_18659,class_1cf1396a0c9bc53f37da
review_18660,class_be68f8ed5877c11b8be4
review_18661,class_52da9457fdf6740afd51
review_18662,class_52da9457fdf6740afd51
review_18663,class_52da9457fdf6740afd51
review_18664,class_7d54e6ff154ad392b174
review_18665,class_52da9457fdf6740afd51
review_18666,class_1bc7e06ece0f38a60982
review_18667,class_52da9457fdf6740afd51
review_18668,class_1cf1396a0c9bc53f37da
review_18669,class_1bc7e06ece0f38a60982
review_18670,class_52da9457fdf6740afd51
review_18672,class_7d54e6ff154ad392b174
review_18673,class_52da9457fdf6740afd51
review_18674,class_52da9457fdf6740afd51
review_18675,class_e65aace9237833ec7752
review_18676,class_7d54e6ff154ad392b174
review_18677,class_e65aace9237833ec7752
review_18678,class_7d54e6ff154ad392b174
review_18679,class_e65aace9237833ec7752
review_18680,class_e65aace9237833ec7752
review_18681,class_7d54e6ff154ad392b174
review_18682,class_7d54e6ff154ad392b174
review_18683,class_7d54e6ff154ad392b174
review_18684,class_7d54e6ff154ad392b174
review_18685,class_52da9457fdf6740afd51
review_18686,class_52da9457fdf6740afd51
review_18687,class_7d54e6ff154ad392b174
review_18688,class_e65aace9237833ec7752
review_18689,class_52da9457fdf6740afd51
review_18690,class_52da9457fdf6740afd51
review_18691,class_5da3128be1ff7664a1b2
review_18692,class_7d54e6ff154ad392b174
review_18693,class_e65aace9237833ec7752
review_18694,class_4397d106b671d697b6e0
review_18695,class_9deef4712756d30ffaa3
review_18696,class_7d54e6ff154ad392b174
review_18697,class_1bc7e06ece0f38a60982
review_18698,class_1bc7e06ece0f38a60982
review_18699,class_7d54e6ff154ad392b174
review_18700,class_1bc7e06ece0f38a60982
review_18701,class_7d54e6ff154ad392b174
review_18702,class_1bc7e06ece0f38a60982
review_18703,class_1bc7e06ece0f38a60982
review_18704,class_7d54e6ff154ad392b174
review_18705,class_0eeaed02d1a961f133b4
review_18706,class_4397d106b671d697b6e0
review_18707,class_1bc7e06ece0f38a60982
review_18708,class_1bc7e06ece0f38a60982
review_18709,class_1bc7e06ece0f38a60982
review_18710,class_4397d106b671d697b6e0
review_18711,class_e65aace9237833ec7752
review_18712,class_1318693c237b7b97c0c0
review_18713,class_7d54e6ff154ad392b174
review_18714,class_7d54e6ff154ad392b174
review_18715,class_1bc7e06ece0f38a60982
review_18716,class_1bc7e06ece0f38a60982
review_18717,class_52da9457fdf6740afd51
review_18718,class_1cf1396a0c9bc53f37da
review_18719,class_e65aace9237833ec7752
review_18720,class_7d54e6ff154ad392b174
review_18721,class_7d54e6ff154ad392b174
review_18722,class_52da9457fdf6740afd51
review_18723,class_7d54e6ff154ad392b174
review_18724,class_7d54e6ff154ad392b174
review_18725,class_1cf1396a0c9bc53f37da
review_18726,class_7d54e6ff154ad392b174
review_18727,class_1bc7e06ece0f38a60982
review_18728,class_7d54e6ff154ad392b174
review_18729,class_7d54e6ff154ad392b174
review_18730,class_7d54e6ff154ad392b174
review_18731,class_7d54e6ff154ad392b174
review_18732,class_52da9457fdf6740afd51
review_18733,class_7d54e6ff154ad392b174
review_18734,class_52da9457fdf6740afd51
review_18735,class_5da3128be1ff7664a1b2
review_18736,class_7d54e6ff154ad392b174
review_18737,class_52da9457fdf6740afd51
review_18738,class_52da9457fdf6740afd51
review_18739,class_52da9457fdf6740afd51
review_18740,class_7d54e6ff154ad392b174
review_18741,class_7d54e6ff154ad392b174
review_18742,class_52da9457fdf6740afd51
review_18743,class_7d54e6ff154ad392b174
review_18744,class_e65aace9237833ec7752
review_18745,class_7d54e6ff154ad392b174
review_18746,class_52da9457fdf6740afd51
review_18747,class_52da9457fdf6740afd51
review_18748,class_52da9457fdf6740afd51
review_18749,class_52da9457fdf6740afd51
review_18750,class_52da9457fdf6740afd51
review_18751,class_7d54e6ff154ad392b174
review_18752,class_e65aace9237833ec7752
review_18753,class_7d54e6ff154ad392b174
review_18754,class_7d54e6ff154ad392b174
review_18755,class_7d54e6ff154ad392b174
review_18756,class_7d54e6ff154ad392b174
review_18757,class_52da9457fdf6740afd51
review_18758,class_52da9457fdf6740afd51
review_18759,class_52da9457fdf6740afd51
review_18760,class_7d54e6ff154ad392b174
review_18761,class_7d54e6ff154ad392b174
review_18762,class_7d54e6ff154ad392b174
review_18763,class_52da9457fdf6740afd51
review_18764,class_7d54e6ff154ad392b174
review_18765,class_7d54e6ff154ad392b174
review_18766,class_7d54e6ff154ad392b174
review_18767,class_9deef4712756d30ffaa3
review_18768,class_1bc7e06ece0f38a60982
review_18769,class_9deef4712756d30ffaa3
review_18770,class_1bc7e06ece0f38a60982
review_18771,class_7d54e6ff154ad392b174
review_18772,class_1bc7e06ece0f38a60982
review_18773,class_7d54e6ff154ad392b174
review_18774,class_f6efb94c9ae061247bed
review_18775,class_1bc7e06ece0f38a60982
review_18776,class_e65aace9237833ec7752
review_18777,class_9deef4712756d30ffaa3
review_18778,class_1bc7e06ece0f38a60982
review_18779,class_1bc7e06ece0f38a60982
review_18780,class_1bc7e06ece0f38a60982
review_18781,class_1bc7e06ece0f38a60982
review_18782,class_7d54e6ff154ad392b174
review_18783,class_7d54e6ff154ad392b174
review_18784,class_1bc7e06ece0f38a60982
review_18785,class_1bc7e06ece0f38a60982
review_18786,class_e65aace9237833ec7752
review_18787,class_1bc7e06ece0f38a60982
review_18788,class_7d54e6ff154ad392b174
review_18789,class_9deef4712756d30ffaa3
review_18790,class_f6efb94c9ae061247bed
review_18791,class_1bc7e06ece0f38a60982
review_18792,class_f6efb94c9ae061247bed
review_18793,class_1cf1396a0c9bc53f37da
review_18794,class_1bc7e06ece0f38a60982
review_18795,class_52da9457fdf6740afd51
review_18796,class_1bc7e06ece0f38a60982
review_18797,class_48075864b2596de25a65
review_18798,class_9deef4712756d30ffaa3
review_18799,class_7d54e6ff154ad392b174
review_18800,class_e65aace9237833ec7752
review_18801,class_e65aace9237833ec7752
review_18802,class_1bc7e06ece0f38a60982
review_18803,class_48075864b2596de25a65
review_18804,class_1bc7e06ece0f38a60982
review_18805,class_1bc7e06ece0f38a60982
review_18806,class_b89f90f328fa7e7781c0
review_18807,class_7d54e6ff154ad392b174
review_18808,class_7d54e6ff154ad392b174
review_18809,class_7d54e6ff154ad392b174
review_18810,class_7d54e6ff154ad392b174
review_18811,class_e65aace9237833ec7752
review_18812,class_1bc7e06ece0f38a60982
review_18813,class_52da9457fdf6740afd51
review_18814,class_1bc7e06ece0f38a60982
review_18815,class_e65aace9237833ec7752
review_18816,class_e65aace9237833ec7752
review_18817,class_e65aace9237833ec7752
review_18818,class_1bc7e06ece0f38a60982
review_18819,class_52da9457fdf6740afd51
review_18820,class_1cf1396a0c9bc53f37da
review_18821,class_52da9457fdf6740afd51
review_18822,class_52da9457fdf6740afd51
review_18823,class_52da9457fdf6740afd51
review_18824,class_4397d106b671d697b6e0
review_18825,class_52da9457fdf6740afd51
review_18826,class_52da9457fdf6740afd51
review_18827,class_7d54e6ff154ad392b174
review_18828,class_52da9457fdf6740afd51
review_18829,class_1cf1396a0c9bc53f37da
review_18830,class_1cf1396a0c9bc53f37da
review_18831,class_7d54e6ff154ad392b174
review_18832,class_e65aace9237833ec7752
review_18833,class_1cf1396a0c9bc53f37da
review_18834,class_52da9457fdf6740afd51
review_18835,class_52da9457fdf6740afd51
review_18836,class_7d54e6ff154ad392b174
review_18837,class_52da9457fdf6740afd51
review_18838,class_52da9457fdf6740afd51
review_18839,class_52da9457fdf6740afd51
review_18840,class_52da9457fdf6740afd51
review_18841,class_7d54e6ff154ad392b174
review_18842,class_52da9457fdf6740afd51
review_18843,class_7d54e6ff154ad392b174
review_18844,class_b7f740446b63715473af
review_18845,class_7d54e6ff154ad392b174
review_18846,class_52da9457fdf6740afd51
review_18847,class_52da9457fdf6740afd51
review_18848,class_4397d106b671d697b6e0
review_18849,class_52da9457fdf6740afd51
review_18850,class_7d54e6ff154ad392b174
review_18851,class_4397d106b671d697b6e0
review_18852,class_52da9457fdf6740afd51
review_18853,class_7d54e6ff154ad392b174
review_18854,class_52da9457fdf6740afd51
review_18855,class_52da9457fdf6740afd51
review_18856,class_7d54e6ff154ad392b174
review_18857,class_52da9457fdf6740afd51
review_18858,class_7d54e6ff154ad392b174
review_18859,class_1cf1396a0c9bc53f37da
review_18860,class_52da9457fdf6740afd51
review_18861,class_4397d106b671d697b6e0
review_18862,class_52da9457fdf6740afd51
review_18863,class_7d54e6ff154ad392b174
review_18864,class_7d54e6ff154ad392b174
review_18865,class_52da9457fdf6740afd51
review_18866,class_52da9457fdf6740afd51
review_18867,class_52da9457fdf6740afd51
review_18868,class_52da9457fdf6740afd51
review_18869,class_52da9457fdf6740afd51
review_18870,class_7d54e6ff154ad392b174
review_18871,class_52da9457fdf6740afd51
review_18872,class_52da9457fdf6740afd51
review_18873,class_7d54e6ff154ad392b174
review_18874,class_4397d106b671d697b6e0
review_18875,class_7d54e6ff154ad392b174
review_18876,class_7d54e6ff154ad392b174
review_18877,class_b7f740446b63715473af
review_18878,class_48075864b2596de25a65
review_18879,class_f6efb94c9ae061247bed
review_18880,class_7d54e6ff154ad392b174
review_18881,class_7d54e6ff154ad392b174
review_18882,class_52da9457fdf6740afd51
review_18883,class_f6efb94c9ae061247bed
review_18884,class_7d54e6ff154ad392b174
review_18885,class_1cf1396a0c9bc53f37da
review_18886,class_7d54e6ff154ad392b174
review_18887,class_7d54e6ff154ad392b174
review_18888,class_f6efb94c9ae061247bed
review_18889,class_f6efb94c9ae061247bed
review_18890,class_7d54e6ff154ad392b174
review_18891,class_b7f740446b63715473af
review_18892,class_7d54e6ff154ad392b174
review_18893,class_7d54e6ff154ad392b174
review_18894,class_1318693c237b7b97c0c0
review_18895,class_7d54e6ff154ad392b174
review_18896,class_52da9457fdf6740afd51
review_18897,class_7d54e6ff154ad392b174
review_18898,class_7d54e6ff154ad392b174
review_18899,class_7d54e6ff154ad392b174
review_18900,class_7d54e6ff154ad392b174
review_18901,class_1cf1396a0c9bc53f37da
review_18902,class_1318693c237b7b97c0c0
review_18903,class_f6efb94c9ae061247bed
review_18904,class_f6efb94c9ae061247bed
review_18905,class_7d54e6ff154ad392b174
review_18906,class_f6efb94c9ae061247bed
review_18907,class_1bc7e06ece0f38a60982
review_18908,class_7d54e6ff154ad392b174
review_18909,class_f6efb94c9ae061247bed
review_18910,class_7d54e6ff154ad392b174
review_18911,class_52da9457fdf6740afd51
review_18912,class_7d54e6ff154ad392b174
review_18913,class_52da9457fdf6740afd51
review_18914,class_7d54e6ff154ad392b174
review_18915,class_f6efb94c9ae061247bed
review_18916,class_7d54e6ff154ad392b174
review_18917,class_7d54e6ff154ad392b174
review_18918,class_f6efb94c9ae061247bed
review_18919,class_52da9457fdf6740afd51
review_18920,class_f6efb94c9ae061247bed
review_18921,class_48075864b2596de25a65
review_18922,class_f6efb94c9ae061247bed
review_18923,class_7d54e6ff154ad392b174
review_18924,class_f6efb94c9ae061247bed
review_18925,class_9deef4712756d30ffaa3
review_18926,class_f6efb94c9ae061247bed
review_18927,class_7d54e6ff154ad392b174
review_18928,class_1318693c237b7b97c0c0
review_18929,class_1cf1396a0c9bc53f37da
review_18930,class_f6efb94c9ae061247bed
review_18931,class_1bc7e06ece0f38a60982
review_18932,class_7d54e6ff154ad392b174
review_18933,class_7d54e6ff154ad392b174
review_18934,class_52438e68a549a636811e
review_18935,class_52da9457fdf6740afd51
review_18936,class_e65aace9237833ec7752
review_18937,class_f6efb94c9ae061247bed
review_18938,class_7d54e6ff154ad392b174
review_18939,class_1bc7e06ece0f38a60982
review_18940,class_7d54e6ff154ad392b174
review_18941,class_5da3128be1ff7664a1b2
review_18942,class_52da9457fdf6740afd51
review_18943,class_5da3128be1ff7664a1b2
review_18944,class_52da9457fdf6740afd51
review_18945,class_5da3128be1ff7664a1b2
review_18946,class_52da9457fdf6740afd51
review_18947,class_52da9457fdf6740afd51
review_18948,class_1318693c237b7b97c0c0
review_18949,class_e65aace9237833ec7752
review_18950,class_7d54e6ff154ad392b174
review_18951,class_1bc7e06ece0f38a60982
review_18952,class_7d54e6ff154ad392b174
review_18953,class_7d54e6ff154ad392b174
review_18954,class_5da3128be1ff7664a1b2
review_18955,class_b7f740446b63715473af
review_18956,class_52da9457fdf6740afd51
review_18957,class_52da9457fdf6740afd51
review_18958,class_7d54e6ff154ad392b174
review_18959,class_52da9457fdf6740afd51
review_18960,class_52da9457fdf6740afd51
review_18961,class_52da9457fdf6740afd51
review_18962,class_52da9457fdf6740afd51
review_18963,class_7d54e6ff154ad392b174
review_18964,class_1318693c237b7b97c0c0
review_18965,class_1318693c237b7b97c0c0
review_18966,class_5da3128be1ff7664a1b2
review_18967,class_0eeaed02d1a961f133b4
review_18968,class_7d54e6ff154ad392b174
review_18969,class_7d54e6ff154ad392b174
review_18970,class_52da9457fdf6740afd51
review_18971,class_7d54e6ff154ad392b174
review_18972,class_52da9457fdf6740afd51
review_18973,class_7d54e6ff154ad392b174
review_18974,class_52da9457fdf6740afd51
review_18975,class_f6efb94c9ae061247bed
review_18976,class_52da9457fdf6740afd51
review_18977,class_52da9457fdf6740afd51
review_18978,class_5da3128be1ff7664a1b2
review_18979,class_52da9457fdf6740afd51
review_18980,class_7d54e6ff154ad392b174
review_18981,class_e65aace9237833ec7752
review_18982,class_52da9457fdf6740afd51
review_18983,class_e65aace9237833ec7752
review_18984,class_1bc7e06ece0f38a60982
review_18985,class_7d54e6ff154ad392b174
review_18986,class_52da9457fdf6740afd51
review_18987,class_52da9457fdf6740afd51
review_18988,class_b7f740446b63715473af
review_18989,class_5da3128be1ff7664a1b2
review_18990,class_9deef4712756d30ffaa3
review_18991,class_9deef4712756d30ffaa3
review_18992,class_52da9457fdf6740afd51
review_18993,class_9deef4712756d30ffaa3
review_18994,class_1bc7e06ece0f38a60982
review_18995,class_7d54e6ff154ad392b174
review_18996,class_1318693c237b7b97c0c0
review_18997,class_1bc7e06ece0f38a60982
review_18998,class_52da9457fdf6740afd51
review_18999,class_52da9457fdf6740afd51
review_19000,class_1bc7e06ece0f38a60982
review_19001,class_b7f740446b63715473af
review_19002,class_e65aace9237833ec7752
review_19003,class_e65aace9237833ec7752
review_19004,class_7d54e6ff154ad392b174
review_19005,class_4397d106b671d697b6e0
review_19006,class_7d54e6ff154ad392b174
review_19007,class_e65aace9237833ec7752
review_19008,class_e65aace9237833ec7752
review_19009,class_5da3128be1ff7664a1b2
review_19010,class_9deef4712756d30ffaa3
review_19011,class_9deef4712756d30ffaa3
review_19012,class_1318693c237b7b97c0c0
review_19013,class_5da3128be1ff7664a1b2
review_19014,class_0eeaed02d1a961f133b4
review_19015,class_7d54e6ff154ad392b174
review_19016,class_1318693c237b7b97c0c0
review_19017,class_5da3128be1ff7664a1b2
review_19018,class_e65aace9237833ec7752
review_19019,class_b89f90f328fa7e7781c0
review_19020,class_5da3128be1ff7664a1b2
review_19021,class_52da9457fdf6740afd51
review_19022,class_9deef4712756d30ffaa3
review_19023,class_9e32d15b246e504af33c
review_19024,class_9deef4712756d30ffaa3
review_19025,class_9deef4712756d30ffaa3
review_19026,class_9e32d15b246e504af33c
review_19027,class_9deef4712756d30ffaa3
review_19028,class_9deef4712756d30ffaa3
review_19029,class_7d54e6ff154ad392b174
review_19030,class_b7f740446b63715473af
review_19031,class_9deef4712756d30ffaa3
review_19032,class_5da3128be1ff7664a1b2
review_19033,class_7d54e6ff154ad392b174
review_19034,class_9deef4712756d30ffaa3
review_19035,class_9deef4712756d30ffaa3
review_19036,class_9deef4712756d30ffaa3
review_19037,class_1bc7e06ece0f38a60982
review_19038,class_1bc7e06ece0f38a60982
review_19039,class_9deef4712756d30ffaa3
review_19040,class_9deef4712756d30ffaa3
review_19041,class_9e32d15b246e504af33c
review_19042,class_1318693c237b7b97c0c0
review_19043,class_1318693c237b7b97c0c0
review_19044,class_1bc7e06ece0f38a60982
review_19045,class_5da3128be1ff7664a1b2
review_19046,class_7d54e6ff154ad392b174
review_19047,class_52da9457fdf6740afd51
review_19048,class_7d54e6ff154ad392b174
review_19049,class_7d54e6ff154ad392b174
review_19050,class_1bc7e06ece0f38a60982
review_19051,class_52da9457fdf6740afd51
review_19052,class_7d54e6ff154ad392b174
review_19053,class_7d54e6ff154ad392b174
review_19054,class_7d54e6ff154ad392b174
review_19055,class_1318693c237b7b97c0c0
review_19056,class_52da9457fdf6740afd51
review_19057,class_1318693c237b7b97c0c0
review_19058,class_7d54e6ff154ad392b174
review_19059,class_7d54e6ff154ad392b174
review_19060,class_7d54e6ff154ad392b174
review_19061,class_7d54e6ff154ad392b174
review_19062,class_7d54e6ff154ad392b174
review_19063,class_52da9457fdf6740afd51
review_19064,class_7d54e6ff154ad392b174
review_19065,class_1318693c237b7b97c0c0
review_19066,class_c3ca5f787365eae0dea8
review_19067,class_52da9457fdf6740afd51
review_19068,class_52da9457fdf6740afd51
review_19069,class_52da9457fdf6740afd51
review_19070,class_7d54e6ff154ad392b174
review_19071,class_5da3128be1ff7664a1b2
review_19072,class_b7f740446b63715473af
review_19073,class_52da9457fdf6740afd51
review_19074,class_b7f740446b63715473af
review_19075,class_7d54e6ff154ad392b174
review_19076,class_1bc7e06ece0f38a60982
review_19077,class_c3ca5f787365eae0dea8
review_19078,class_52da9457fdf6740afd51
review_19079,class_48075864b2596de25a65
review_19080,class_7d54e6ff154ad392b174
review_19081,class_52da9457fdf6740afd51
review_19082,class_7d54e6ff154ad392b174
review_19083,class_1318693c237b7b97c0c0
review_19084,class_1bc7e06ece0f38a60982
review_19085,class_7d54e6ff154ad392b174
review_19086,class_7d54e6ff154ad392b174
review_19087,class_be68f8ed5877c11b8be4
review_19088,class_be68f8ed5877c11b8be4
review_19089,class_1bc7e06ece0f38a60982
review_19090,class_0eeaed02d1a961f133b4
review_19091,class_1cf1396a0c9bc53f37da
review_19092,class_1bc7e06ece0f38a60982
review_19093,class_7d54e6ff154ad392b174
review_19094,class_be68f8ed5877c11b8be4
review_19095,class_1cf1396a0c9bc53f37da
review_19096,class_7d54e6ff154ad392b174
review_19097,class_7d54e6ff154ad392b174
review_19098,class_f6efb94c9ae061247bed
review_19099,class_9e32d15b246e504af33c
review_19100,class_9deef4712756d30ffaa3
review_19101,class_0eeaed02d1a961f133b4
review_19102,class_be68f8ed5877c11b8be4
review_19103,class_0eeaed02d1a961f133b4
review_19104,class_be68f8ed5877c11b8be4
review_19105,class_0eeaed02d1a961f133b4
review_19106,class_be68f8ed5877c11b8be4
review_19107,class_be68f8ed5877c11b8be4
review_19108,class_be68f8ed5877c11b8be4
review_19109,class_be68f8ed5877c11b8be4
review_19110,class_be68f8ed5877c11b8be4
review_19111,class_0eeaed02d1a961f133b4
review_19112,class_0eeaed02d1a961f133b4
review_19113,class_be68f8ed5877c11b8be4
review_19114,class_be68f8ed5877c11b8be4
review_19115,class_7d54e6ff154ad392b174
review_19116,class_7d54e6ff154ad392b174
review_19117,class_be68f8ed5877c11b8be4
review_19118,class_7d54e6ff154ad392b174
review_19119,class_9e32d15b246e504af33c
review_19120,class_be68f8ed5877c11b8be4
review_19121,class_be68f8ed5877c11b8be4
review_19122,class_7d54e6ff154ad392b174
review_19123,class_7d54e6ff154ad392b174
review_19124,class_7d54e6ff154ad392b174
review_19125,class_be68f8ed5877c11b8be4
review_19126,class_1bc7e06ece0f38a60982
review_19127,class_7d54e6ff154ad392b174
review_19128,class_be68f8ed5877c11b8be4
review_19129,class_be68f8ed5877c11b8be4
review_19130,class_be68f8ed5877c11b8be4
review_19131,class_be68f8ed5877c11b8be4
review_19132,class_be68f8ed5877c11b8be4
review_19133,class_be68f8ed5877c11b8be4
review_19134,class_9deef4712756d30ffaa3
review_19135,class_be68f8ed5877c11b8be4
review_19136,class_7d54e6ff154ad392b174
review_19137,class_be68f8ed5877c11b8be4
review_19138,class_be68f8ed5877c11b8be4
review_19139,class_1bc7e06ece0f38a60982
review_19140,class_9e32d15b246e504af33c
review_19141,class_be68f8ed5877c11b8be4
review_19142,class_9deef4712756d30ffaa3
review_19143,class_0eeaed02d1a961f133b4
review_19144,class_7d54e6ff154ad392b174
review_19145,class_be68f8ed5877c11b8be4
review_19146,class_0eeaed02d1a961f133b4
review_19147,class_be68f8ed5877c11b8be4
review_19148,class_7d54e6ff154ad392b174
review_19149,class_be68f8ed5877c11b8be4
review_19150,class_9deef4712756d30ffaa3
review_19151,class_1cf1396a0c9bc53f37da
review_19152,class_be68f8ed5877c11b8be4
review_19153,class_be68f8ed5877c11b8be4
review_19154,class_be68f8ed5877c11b8be4
review_19155,class_0eeaed02d1a961f133b4
review_19156,class_9e32d15b246e504af33c
review_19157,class_1bc7e06ece0f38a60982
review_19158,class_0eeaed02d1a961f133b4
review_19159,class_7d54e6ff154ad392b174
review_19160,class_be68f8ed5877c11b8be4
review_19161,class_be68f8ed5877c11b8be4
review_19162,class_7d54e6ff154ad392b174
review_19163,class_7d54e6ff154ad392b174
review_19164,class_7d54e6ff154ad392b174
review_19165,class_be68f8ed5877c11b8be4
review_19166,class_be68f8ed5877c11b8be4
review_19167,class_be68f8ed5877c11b8be4
review_19168,class_0eeaed02d1a961f133b4
review_19169,class_be68f8ed5877c11b8be4
review_19170,class_be68f8ed5877c11b8be4
review_19171,class_9deef4712756d30ffaa3
review_19172,class_1cf1396a0c9bc53f37da
review_19173,class_be68f8ed5877c11b8be4
review_19174,class_9deef4712756d30ffaa3
review_19175,class_1bc7e06ece0f38a60982
review_19176,class_0eeaed02d1a961f133b4
review_19177,class_be68f8ed5877c11b8be4
review_19178,class_be68f8ed5877c11b8be4
review_19179,class_be68f8ed5877c11b8be4
review_19180,class_0eeaed02d1a961f133b4
review_19181,class_7d54e6ff154ad392b174
review_19182,class_7d54e6ff154ad392b174
review_19183,class_7d54e6ff154ad392b174
review_19184,class_7d54e6ff154ad392b174
review_19185,class_1bc7e06ece0f38a60982
review_19186,class_0eeaed02d1a961f133b4
review_19187,class_1bc7e06ece0f38a60982
review_19188,class_48075864b2596de25a65
review_19189,class_7d54e6ff154ad392b174
review_19190,class_7d54e6ff154ad392b174
review_19191,class_1bc7e06ece0f38a60982
review_19192,class_0eeaed02d1a961f133b4
review_19193,class_7d54e6ff154ad392b174
review_19194,class_7d54e6ff154ad392b174
review_19195,class_7d54e6ff154ad392b174
review_19196,class_7d54e6ff154ad392b174
review_19197,class_7d54e6ff154ad392b174
review_19198,class_7d54e6ff154ad392b174
review_19199,class_7d54e6ff154ad392b174
review_19200,class_7d54e6ff154ad392b174
review_19201,class_0eeaed02d1a961f133b4
review_19202,class_7d54e6ff154ad392b174
review_19203,class_7d54e6ff154ad392b174
review_19204,class_0eeaed02d1a961f133b4
review_19205,class_7d54e6ff154ad392b174
review_19206,class_7d54e6ff154ad392b174
review_19207,class_52da9457fdf6740afd51
review_19208,class_0eeaed02d1a961f133b4
review_19209,class_52da9457fdf6740afd51
review_19210,class_7d54e6ff154ad392b174
review_19211,class_7d54e6ff154ad392b174
review_19212,class_7d54e6ff154ad392b174
review_19213,class_0eeaed02d1a961f133b4
review_19214,class_7d54e6ff154ad392b174
review_19215,class_0eeaed02d1a961f133b4
review_19216,class_7d54e6ff154ad392b174
review_19217,class_52da9457fdf6740afd51
review_19218,class_7d54e6ff154ad392b174
review_19219,class_7d54e6ff154ad392b174
review_19220,class_52da9457fdf6740afd51
review_19221,class_1bc7e06ece0f38a60982
review_19222,class_7d54e6ff154ad392b174
review_19223,class_48075864b2596de25a65
review_19224,class_7d54e6ff154ad392b174
review_19225,class_7d54e6ff154ad392b174
review_19226,class_52da9457fdf6740afd51
review_19227,class_7d54e6ff154ad392b174
review_19228,class_b89f90f328fa7e7781c0
review_19229,class_7d54e6ff154ad392b174
review_19230,class_1bc7e06ece0f38a60982
review_19231,class_7d54e6ff154ad392b174
review_19232,class_7d54e6ff154ad392b174
review_19233,class_7d54e6ff154ad392b174
review_19234,class_1bc7e06ece0f38a60982
review_19235,class_7d54e6ff154ad392b174
review_19236,class_1318693c237b7b97c0c0
review_19237,class_1bc7e06ece0f38a60982
review_19238,class_52da9457fdf6740afd51
review_19239,class_52da9457fdf6740afd51
review_19240,class_9deef4712756d30ffaa3
review_19241,class_9deef4712756d30ffaa3
review_19242,class_1bc7e06ece0f38a60982
review_19243,class_52da9457fdf6740afd51
review_19244,class_9e32d15b246e504af33c
review_19245,class_52da9457fdf6740afd51
review_19246,class_52da9457fdf6740afd51
review_19247,class_9deef4712756d30ffaa3
review_19248,class_9e32d15b246e504af33c
review_19249,class_52da9457fdf6740afd51
review_19250,class_52da9457fdf6740afd51
review_19251,class_0eeaed02d1a961f133b4
review_19252,class_9deef4712756d30ffaa3
review_19253,class_9deef4712756d30ffaa3
review_19254,class_9deef4712756d30ffaa3
review_19255,class_7d54e6ff154ad392b174
review_19256,class_0eeaed02d1a961f133b4
review_19257,class_7d54e6ff154ad392b174
review_19258,class_7d54e6ff154ad392b174
review_19259,class_52da9457fdf6740afd51
review_19260,class_7d54e6ff154ad392b174
review_19261,class_f6efb94c9ae061247bed
review_19262,class_9e32d15b246e504af33c
review_19263,class_c3ca5f787365eae0dea8
review_19264,class_1bc7e06ece0f38a60982
review_19265,class_7d54e6ff154ad392b174
review_19266,class_52da9457fdf6740afd51
review_19267,class_52da9457fdf6740afd51
review_19268,class_52da9457fdf6740afd51
review_19269,class_52da9457fdf6740afd51
review_19270,class_52da9457fdf6740afd51
review_19271,class_1bc7e06ece0f38a60982
review_19272,class_52da9457fdf6740afd51
review_19273,class_1bc7e06ece0f38a60982
review_19274,class_1bc7e06ece0f38a60982
review_19275,class_52da9457fdf6740afd51
review_19276,class_52da9457fdf6740afd51
review_19277,class_1bc7e06ece0f38a60982
review_19278,class_52da9457fdf6740afd51
review_19279,class_1bc7e06ece0f38a60982
review_19280,class_1bc7e06ece0f38a60982
review_19281,class_52da9457fdf6740afd51
review_19282,class_52da9457fdf6740afd51
review_19283,class_52da9457fdf6740afd51
review_19284,class_1bc7e06ece0f38a60982
review_19285,class_52da9457fdf6740afd51
review_19286,class_1bc7e06ece0f38a60982
review_19287,class_1bc7e06ece0f38a60982
review_19288,class_7d54e6ff154ad392b174
review_19289,class_1cf1396a0c9bc53f37da
review_19290,class_1bc7e06ece0f38a60982
review_19291,class_7d54e6ff154ad392b174
review_19292,class_1bc7e06ece0f38a60982
review_19293,class_1cf1396a0c9bc53f37da
review_19294,class_7d54e6ff154ad392b174
review_19295,class_1bc7e06ece0f38a60982
review_19296,class_1bc7e06ece0f38a60982
review_19297,class_7d54e6ff154ad392b174
review_19298,class_52da9457fdf6740afd51
review_19299,class_48075864b2596de25a65
review_19300,class_7d54e6ff154ad392b174
review_19301,class_7d54e6ff154ad392b174
review_19302,class_7d54e6ff154ad392b174
review_19303,class_7d54e6ff154ad392b174
review_19304,class_7d54e6ff154ad392b174
review_19305,class_7d54e6ff154ad392b174
review_19306,class_7d54e6ff154ad392b174
review_19307,class_1bc7e06ece0f38a60982
review_19308,class_1cf1396a0c9bc53f37da
review_19309,class_7d54e6ff154ad392b174
review_19310,class_1bc7e06ece0f38a60982
review_19311,class_1cf1396a0c9bc53f37da
review_19312,class_1cf1396a0c9bc53f37da
review_19313,class_1cf1396a0c9bc53f37da
review_19314,class_7d54e6ff154ad392b174
review_19315,class_7d54e6ff154ad392b174
review_19316,class_7d54e6ff154ad392b174
review_19317,class_7d54e6ff154ad392b174
review_19318,class_9deef4712756d30ffaa3
review_19319,class_7d54e6ff154ad392b174
review_19320,class_1cf1396a0c9bc53f37da
review_19321,class_7d54e6ff154ad392b174
review_19322,class_0eeaed02d1a961f133b4
review_19323,class_0eeaed02d1a961f133b4
review_19324,class_7d54e6ff154ad392b174
review_19325,class_7d54e6ff154ad392b174
review_19326,class_0eeaed02d1a961f133b4
review_19327,class_7d54e6ff154ad392b174
review_19328,class_7d54e6ff154ad392b174
review_19329,class_1bc7e06ece0f38a60982
review_19330,class_7d54e6ff154ad392b174
review_19331,class_1bc7e06ece0f38a60982
review_19332,class_1bc7e06ece0f38a60982
review_19333,class_7d54e6ff154ad392b174
review_19334,class_0eeaed02d1a961f133b4
review_19335,class_7d54e6ff154ad392b174
review_19336,class_7d54e6ff154ad392b174
review_19337,class_7d54e6ff154ad392b174
review_19338,class_7d54e6ff154ad392b174
review_19339,class_0eeaed02d1a961f133b4
review_19340,class_0eeaed02d1a961f133b4
review_19341,class_0eeaed02d1a961f133b4
review_19342,class_7d54e6ff154ad392b174
review_19343,class_1cf1396a0c9bc53f37da
review_19344,class_7d54e6ff154ad392b174
review_19345,class_7d54e6ff154ad392b174
review_19346,class_7d54e6ff154ad392b174
review_19347,class_1bc7e06ece0f38a60982
review_19348,class_1bc7e06ece0f38a60982
review_19349,class_0eeaed02d1a961f133b4
review_19350,class_1bc7e06ece0f38a60982
review_19351,class_7d54e6ff154ad392b174
review_19352,class_7d54e6ff154ad392b174
review_19353,class_7d54e6ff154ad392b174
review_19354,class_1bc7e06ece0f38a60982
review_19355,class_0eeaed02d1a961f133b4
review_19356,class_7d54e6ff154ad392b174
review_19357,class_7d54e6ff154ad392b174
review_19358,class_1bc7e06ece0f38a60982
review_19359,class_7d54e6ff154ad392b174
review_19360,class_7d54e6ff154ad392b174
review_19361,class_1bc7e06ece0f38a60982
review_19362,class_7d54e6ff154ad392b174
review_19363,class_7d54e6ff154ad392b174
review_19364,class_7d54e6ff154ad392b174
review_19365,class_0eeaed02d1a961f133b4
review_19366,class_0eeaed02d1a961f133b4
review_19367,class_7d54e6ff154ad392b174
review_19368,class_b89f90f328fa7e7781c0
review_19369,class_7d54e6ff154ad392b174
review_19370,class_1bc7e06ece0f38a60982
review_19371,class_9deef4712756d30ffaa3
review_19372,class_0eeaed02d1a961f133b4
review_19373,class_7d54e6ff154ad392b174
review_19374,class_0eeaed02d1a961f133b4
review_19375,class_0eeaed02d1a961f133b4
review_19376,class_52da9457fdf6740afd51
review_19377,class_52da9457fdf6740afd51
review_19378,class_52da9457fdf6740afd51
review_19379,class_1bc7e06ece0f38a60982
review_19380,class_7d54e6ff154ad392b174
review_19381,class_52da9457fdf6740afd51
review_19382,class_52da9457fdf6740afd51
review_19383,class_52da9457fdf6740afd51
review_19384,class_1318693c237b7b97c0c0
review_19385,class_52da9457fdf6740afd51
review_19386,class_52da9457fdf6740afd51
review_19387,class_7d54e6ff154ad392b174
review_19388,class_1bc7e06ece0f38a60982
review_19389,class_52da9457fdf6740afd51
review_19390,class_1318693c237b7b97c0c0
review_19391,class_52da9457fdf6740afd51
review_19392,class_1bc7e06ece0f38a60982
review_19393,class_0eeaed02d1a961f133b4
review_19394,class_1318693c237b7b97c0c0
review_19395,class_1318693c237b7b97c0c0
review_19396,class_1bc7e06ece0f38a60982
review_19397,class_0eeaed02d1a961f133b4
review_19398,class_1318693c237b7b97c0c0
review_19399,class_0eeaed02d1a961f133b4
review_19400,class_7d54e6ff154ad392b174
review_19401,class_0eeaed02d1a961f133b4
review_19402,class_1cf1396a0c9bc53f37da
review_19403,class_52da9457fdf6740afd51
review_19404,class_52da9457fdf6740afd51
review_19405,class_e65aace9237833ec7752
review_19406,class_1bc7e06ece0f38a60982
review_19407,class_1bc7e06ece0f38a60982
review_19408,class_52da9457fdf6740afd51
review_19409,class_52da9457fdf6740afd51
review_19410,class_52da9457fdf6740afd51
review_19411,class_52da9457fdf6740afd51
review_19412,class_52da9457fdf6740afd51
review_19413,class_1bc7e06ece0f38a60982
review_19414,class_1bc7e06ece0f38a60982
review_19415,class_e65aace9237833ec7752
review_19416,class_e65aace9237833ec7752
review_19417,class_52da9457fdf6740afd51
review_19418,class_52da9457fdf6740afd51
review_19419,class_1bc7e06ece0f38a60982
review_19420,class_1bc7e06ece0f38a60982
review_19421,class_52da9457fdf6740afd51
review_19422,class_1bc7e06ece0f38a60982
review_19423,class_1bc7e06ece0f38a60982
review_19424,class_f6efb94c9ae061247bed
review_19425,class_1bc7e06ece0f38a60982
review_19426,class_1bc7e06ece0f38a60982
review_19427,class_1bc7e06ece0f38a60982
review_19428,class_1bc7e06ece0f38a60982
review_19429,class_52da9457fdf6740afd51
review_19430,class_e65aace9237833ec7752
review_19431,class_52da9457fdf6740afd51
review_19432,class_f6efb94c9ae061247bed
review_19433,class_1bc7e06ece0f38a60982
review_19434,class_52da9457fdf6740afd51
review_19435,class_1bc7e06ece0f38a60982
review_19436,class_52da9457fdf6740afd51
review_19437,class_52da9457fdf6740afd51
review_19438,class_1bc7e06ece0f38a60982
review_19439,class_e65aace9237833ec7752
review_19440,class_b7f740446b63715473af
review_19441,class_1bc7e06ece0f38a60982
review_19442,class_52da9457fdf6740afd51
review_19443,class_52da9457fdf6740afd51
review_19444,class_1bc7e06ece0f38a60982
review_19445,class_e65aace9237833ec7752
review_19446,class_1bc7e06ece0f38a60982
review_19447,class_52da9457fdf6740afd51
review_19448,class_52da9457fdf6740afd51
review_19449,class_e65aace9237833ec7752
review_19450,class_7d54e6ff154ad392b174
review_19451,class_9deef4712756d30ffaa3
review_19452,class_7d54e6ff154ad392b174
review_19453,class_1bc7e06ece0f38a60982
review_19454,class_7d54e6ff154ad392b174
review_19455,class_1bc7e06ece0f38a60982
review_19456,class_7d54e6ff154ad392b174
review_19457,class_7d54e6ff154ad392b174
review_19458,class_1bc7e06ece0f38a60982
review_19459,class_7d54e6ff154ad392b174
review_19460,class_7d54e6ff154ad392b174
review_19461,class_9deef4712756d30ffaa3
review_19462,class_7d54e6ff154ad392b174
review_19463,class_7d54e6ff154ad392b174
review_19464,class_e65aace9237833ec7752
review_19465,class_7d54e6ff154ad392b174
review_19466,class_9deef4712756d30ffaa3
review_19467,class_7d54e6ff154ad392b174
review_19468,class_e65aace9237833ec7752
review_19469,class_7d54e6ff154ad392b174
review_19470,class_9deef4712756d30ffaa3
review_19471,class_7d54e6ff154ad392b174
review_19472,class_9deef4712756d30ffaa3
review_19473,class_48075864b2596de25a65
review_19474,class_f6efb94c9ae061247bed
review_19475,class_7d54e6ff154ad392b174
review_19476,class_7d54e6ff154ad392b174
review_19477,class_7d54e6ff154ad392b174
review_19478,class_7d54e6ff154ad392b174
review_19479,class_1bc7e06ece0f38a60982
review_19480,class_5da3128be1ff7664a1b2
review_19481,class_1bc7e06ece0f38a60982
review_19482,class_7d54e6ff154ad392b174
review_19483,class_7d54e6ff154ad392b174
review_19484,class_7d54e6ff154ad392b174
review_19485,class_7d54e6ff154ad392b174
review_19486,class_9deef4712756d30ffaa3
review_19487,class_7d54e6ff154ad392b174
review_19488,class_7d54e6ff154ad392b174
review_19489,class_9deef4712756d30ffaa3
review_19490,class_e65aace9237833ec7752
review_19491,class_9deef4712756d30ffaa3
review_19492,class_7d54e6ff154ad392b174
review_19493,class_7d54e6ff154ad392b174
review_19494,class_7d54e6ff154ad392b174
review_19495,class_7d54e6ff154ad392b174
review_19496,class_1318693c237b7b97c0c0
review_19497,class_7d54e6ff154ad392b174
review_19498,class_7d54e6ff154ad392b174
review_19499,class_9deef4712756d30ffaa3
review_19500,class_52da9457fdf6740afd51
review_19501,class_1318693c237b7b97c0c0
review_19502,class_9e32d15b246e504af33c
review_19503,class_1bc7e06ece0f38a60982
review_19504,class_1bc7e06ece0f38a60982
review_19505,class_7d54e6ff154ad392b174
review_19506,class_0eeaed02d1a961f133b4
review_19507,class_52da9457fdf6740afd51
review_19508,class_9e32d15b246e504af33c
review_19509,class_52da9457fdf6740afd51
review_19510,class_1bc7e06ece0f38a60982
review_19511,class_52da9457fdf6740afd51
review_19512,class_1bc7e06ece0f38a60982
review_19513,class_1bc7e06ece0f38a60982
review_19514,class_52da9457fdf6740afd51
review_19515,class_52da9457fdf6740afd51
review_19516,class_7d54e6ff154ad392b174
review_19517,class_1bc7e06ece0f38a60982
review_19518,class_1318693c237b7b97c0c0
review_19519,class_7d54e6ff154ad392b174
review_19520,class_1bc7e06ece0f38a60982
review_19521,class_9e32d15b246e504af33c
review_19522,class_1bc7e06ece0f38a60982
review_19523,class_1318693c237b7b97c0c0
review_19524,class_7d54e6ff154ad392b174
review_19525,class_52da9457fdf6740afd51
review_19526,class_1bc7e06ece0f38a60982
review_19527,class_1318693c237b7b97c0c0
review_19528,class_52da9457fdf6740afd51
review_19529,class_52da9457fdf6740afd51
review_19530,class_0eeaed02d1a961f133b4
review_19531,class_52da9457fdf6740afd51
review_19532,class_0eeaed02d1a961f133b4
review_19533,class_7d54e6ff154ad392b174
review_19534,class_0eeaed02d1a961f133b4
review_19535,class_1bc7e06ece0f38a60982
review_19536,class_9e32d15b246e504af33c
review_19537,class_9e32d15b246e504af33c
review_19538,class_1318693c237b7b97c0c0
review_19539,class_1318693c237b7b97c0c0
review_19540,class_f6efb94c9ae061247bed
review_19541,class_e65aace9237833ec7752
review_19542,class_f6efb94c9ae061247bed
review_19543,class_7d54e6ff154ad392b174
review_19544,class_7d54e6ff154ad392b174
review_19545,class_e65aace9237833ec7752
review_19546,class_7d54e6ff154ad392b174
review_19547,class_b89f90f328fa7e7781c0
review_19548,class_7d54e6ff154ad392b174
review_19549,class_e65aace9237833ec7752
review_19550,class_7d54e6ff154ad392b174
review_19551,class_7d54e6ff154ad392b174
review_19552,class_7d54e6ff154ad392b174
review_19553,class_7d54e6ff154ad392b174
review_19554,class_7d54e6ff154ad392b174
review_19555,class_1bc7e06ece0f38a60982
review_19556,class_7d54e6ff154ad392b174
review_19557,class_1bc7e06ece0f38a60982
review_19558,class_7d54e6ff154ad392b174
review_19559,class_e65aace9237833ec7752
review_19560,class_7d54e6ff154ad392b174
review_19561,class_52da9457fdf6740afd51
review_19562,class_7d54e6ff154ad392b174
review_19563,class_7d54e6ff154ad392b174
review_19564,class_7d54e6ff154ad392b174
review_19565,class_1bc7e06ece0f38a60982
review_19566,class_7d54e6ff154ad392b174
review_19567,class_7d54e6ff154ad392b174
review_19568,class_f6efb94c9ae061247bed
review_19569,class_7d54e6ff154ad392b174
review_19570,class_e65aace9237833ec7752
review_19571,class_7d54e6ff154ad392b174
review_19572,class_7d54e6ff154ad392b174
review_19573,class_7d54e6ff154ad392b174
review_19574,class_7d54e6ff154ad392b174
review_19575,class_7d54e6ff154ad392b174
review_19576,class_7d54e6ff154ad392b174
review_19577,class_e65aace9237833ec7752
review_19578,class_7d54e6ff154ad392b174
review_19579,class_7d54e6ff154ad392b174
review_19580,class_7d54e6ff154ad392b174
review_19581,class_7d54e6ff154ad392b174
review_19582,class_1bc7e06ece0f38a60982
review_19583,class_7d54e6ff154ad392b174
review_19584,class_7d54e6ff154ad392b174
review_19585,class_e65aace9237833ec7752
review_19586,class_7d54e6ff154ad392b174
review_19587,class_7d54e6ff154ad392b174
review_19588,class_7d54e6ff154ad392b174
review_19589,class_52da9457fdf6740afd51
review_19590,class_7d54e6ff154ad392b174
review_19591,class_1bc7e06ece0f38a60982
review_19592,class_1bc7e06ece0f38a60982
review_19593,class_0eeaed02d1a961f133b4
review_19594,class_7d54e6ff154ad392b174
review_19595,class_0eeaed02d1a961f133b4
review_19596,class_1bc7e06ece0f38a60982
review_19597,class_0eeaed02d1a961f133b4
review_19598,class_0eeaed02d1a961f133b4
review_19599,class_0eeaed02d1a961f133b4
review_19600,class_9e32d15b246e504af33c
review_19601,class_0eeaed02d1a961f133b4
review_19602,class_1cf1396a0c9bc53f37da
review_19603,class_b89f90f328fa7e7781c0
review_19604,class_9e32d15b246e504af33c
review_19605,class_9e32d15b246e504af33c
review_19606,class_1bc7e06ece0f38a60982
review_19607,class_b89f90f328fa7e7781c0
review_19608,class_0eeaed02d1a961f133b4
review_19609,class_1cf1396a0c9bc53f37da
review_19610,class_1bc7e06ece0f38a60982
review_19611,class_1cf1396a0c9bc53f37da
review_19612,class_52da9457fdf6740afd51
review_19613,class_9e32d15b246e504af33c
review_19614,class_9deef4712756d30ffaa3
review_19615,class_0eeaed02d1a961f133b4
review_19616,class_0eeaed02d1a961f133b4
review_19617,class_9e32d15b246e504af33c
review_19618,class_1bc7e06ece0f38a60982
review_19619,class_b89f90f328fa7e7781c0
review_19620,class_1cf1396a0c9bc53f37da
review_19621,class_9e32d15b246e504af33c
review_19622,class_0eeaed02d1a961f133b4
review_19623,class_9deef4712756d30ffaa3
review_19624,class_1bc7e06ece0f38a60982
review_19625,class_0eeaed02d1a961f133b4
review_19626,class_1bc7e06ece0f38a60982
review_19627,class_7d54e6ff154ad392b174
review_19628,class_7d54e6ff154ad392b174
review_19629,class_7d54e6ff154ad392b174
review_19630,class_9e32d15b246e504af33c
review_19631,class_9e32d15b246e504af33c
review_19632,class_1bc7e06ece0f38a60982
review_19633,class_0eeaed02d1a961f133b4
review_19634,class_1bc7e06ece0f38a60982
review_19635,class_7d54e6ff154ad392b174
review_19636,class_7d54e6ff154ad392b174
review_19637,class_1cf1396a0c9bc53f37da
review_19638,class_9deef4712756d30ffaa3
review_19639,class_1bc7e06ece0f38a60982
review_19640,class_9e32d15b246e504af33c
review_19641,class_1cf1396a0c9bc53f37da
review_19642,class_9e32d15b246e504af33c
review_19643,class_52da9457fdf6740afd51
review_19644,class_1bc7e06ece0f38a60982
review_19645,class_0eeaed02d1a961f133b4
review_19646,class_52da9457fdf6740afd51
review_19647,class_7d54e6ff154ad392b174
review_19648,class_b89f90f328fa7e7781c0
review_19649,class_1bc7e06ece0f38a60982
review_19650,class_7d54e6ff154ad392b174
review_19651,class_1cf1396a0c9bc53f37da
review_19652,class_52da9457fdf6740afd51
review_19653,class_b89f90f328fa7e7781c0
review_19654,class_52da9457fdf6740afd51
review_19655,class_1bc7e06ece0f38a60982
review_19656,class_7d54e6ff154ad392b174
review_19657,class_1bc7e06ece0f38a60982
review_19658,class_0eeaed02d1a961f133b4
review_19659,class_0eeaed02d1a961f133b4
review_19660,class_0eeaed02d1a961f133b4
review_19661,class_7d54e6ff154ad392b174
review_19662,class_1cf1396a0c9bc53f37da
review_19663,class_1bc7e06ece0f38a60982
review_19664,class_0eeaed02d1a961f133b4
review_19665,class_7d54e6ff154ad392b174
review_19666,class_0eeaed02d1a961f133b4
review_19667,class_52da9457fdf6740afd51
review_19668,class_1bc7e06ece0f38a60982
review_19669,class_0eeaed02d1a961f133b4
review_19670,class_1bc7e06ece0f38a60982
review_19671,class_1bc7e06ece0f38a60982
review_19672,class_7d54e6ff154ad392b174
review_19673,class_1bc7e06ece0f38a60982
review_19674,class_7d54e6ff154ad392b174
review_19675,class_7d54e6ff154ad392b174
review_19676,class_1cf1396a0c9bc53f37da
review_19677,class_52da9457fdf6740afd51
review_19678,class_0eeaed02d1a961f133b4
review_19679,class_7d54e6ff154ad392b174
review_19680,class_1bc7e06ece0f38a60982
review_19681,class_52da9457fdf6740afd51
review_19682,class_0eeaed02d1a961f133b4
review_19683,class_1318693c237b7b97c0c0
review_19684,class_0eeaed02d1a961f133b4
review_19685,class_1cf1396a0c9bc53f37da
review_19686,class_0eeaed02d1a961f133b4
review_19687,class_0eeaed02d1a961f133b4
review_19688,class_0eeaed02d1a961f133b4
review_19689,class_0eeaed02d1a961f133b4
review_19690,class_b89f90f328fa7e7781c0
review_19691,class_1bc7e06ece0f38a60982
review_19692,class_1318693c237b7b97c0c0
review_19693,class_0eeaed02d1a961f133b4
review_19694,class_0eeaed02d1a961f133b4
review_19695,class_1bc7e06ece0f38a60982
review_19696,class_0eeaed02d1a961f133b4
review_19697,class_1bc7e06ece0f38a60982
review_19698,class_52da9457fdf6740afd51
review_19699,class_1bc7e06ece0f38a60982
review_19700,class_0eeaed02d1a961f133b4
review_19701,class_1bc7e06ece0f38a60982
review_19702,class_1bc7e06ece0f38a60982
review_19703,class_0eeaed02d1a961f133b4
review_19704,class_0eeaed02d1a961f133b4
review_19705,class_0eeaed02d1a961f133b4
review_19706,class_52da9457fdf6740afd51
review_19707,class_0eeaed02d1a961f133b4
review_19708,class_1bc7e06ece0f38a60982
review_19709,class_1bc7e06ece0f38a60982
review_19710,class_52da9457fdf6740afd51
review_19711,class_1bc7e06ece0f38a60982
review_19712,class_b89f90f328fa7e7781c0
review_19713,class_1bc7e06ece0f38a60982
review_19714,class_52da9457fdf6740afd51
review_19715,class_0eeaed02d1a961f133b4
review_19716,class_0eeaed02d1a961f133b4
review_19717,class_1cf1396a0c9bc53f37da
review_19718,class_1cf1396a0c9bc53f37da
review_19719,class_1bc7e06ece0f38a60982
review_19720,class_b89f90f328fa7e7781c0
review_19721,class_7d54e6ff154ad392b174
review_19722,class_1cf1396a0c9bc53f37da
review_19723,class_0eeaed02d1a961f133b4
review_19724,class_1318693c237b7b97c0c0
review_19725,class_52da9457fdf6740afd51
review_19726,class_1bc7e06ece0f38a60982
review_19727,class_7d54e6ff154ad392b174
review_19728,class_7d54e6ff154ad392b174
review_19729,class_52da9457fdf6740afd51
review_19730,class_0eeaed02d1a961f133b4
review_19731,class_52da9457fdf6740afd51
review_19732,class_52da9457fdf6740afd51
review_19733,class_52da9457fdf6740afd51
review_19734,class_9e32d15b246e504af33c
review_19735,class_e65aace9237833ec7752
review_19736,class_7d54e6ff154ad392b174
review_19737,class_b89f90f328fa7e7781c0
review_19738,class_9e32d15b246e504af33c
review_19739,class_1bc7e06ece0f38a60982
review_19740,class_1bc7e06ece0f38a60982
review_19741,class_7d54e6ff154ad392b174
review_19742,class_52da9457fdf6740afd51
review_19743,class_52da9457fdf6740afd51
review_19744,class_7d54e6ff154ad392b174
review_19745,class_7d54e6ff154ad392b174
review_19746,class_e65aace9237833ec7752
review_19747,class_7d54e6ff154ad392b174
review_19748,class_7d54e6ff154ad392b174
review_19749,class_b89f90f328fa7e7781c0
review_19750,class_1cf1396a0c9bc53f37da
review_19751,class_52da9457fdf6740afd51
review_19752,class_f6efb94c9ae061247bed
review_19753,class_0eeaed02d1a961f133b4
review_19754,class_7d54e6ff154ad392b174
review_19755,class_5da3128be1ff7664a1b2
review_19756,class_5da3128be1ff7664a1b2
review_19757,class_7d54e6ff154ad392b174
review_19758,class_7d54e6ff154ad392b174
review_19759,class_1bc7e06ece0f38a60982
review_19760,class_b7f740446b63715473af
review_19761,class_b7f740446b63715473af
review_19762,class_f6efb94c9ae061247bed
review_19763,class_0eeaed02d1a961f133b4
review_19764,class_52da9457fdf6740afd51
review_19765,class_5da3128be1ff7664a1b2
review_19766,class_5da3128be1ff7664a1b2
review_19767,class_e65aace9237833ec7752
review_19768,class_0eeaed02d1a961f133b4
review_19769,class_52da9457fdf6740afd51
review_19770,class_5da3128be1ff7664a1b2
review_19771,class_52da9457fdf6740afd51
review_19772,class_7d54e6ff154ad392b174
review_19773,class_b7f740446b63715473af
review_19774,class_52da9457fdf6740afd51
review_19775,class_0eeaed02d1a961f133b4
review_19776,class_7d54e6ff154ad392b174
review_19777,class_5da3128be1ff7664a1b2
review_19778,class_7d54e6ff154ad392b174
review_19779,class_7d54e6ff154ad392b174
review_19780,class_7d54e6ff154ad392b174
review_19781,class_1bc7e06ece0f38a60982
review_19782,class_52da9457fdf6740afd51
review_19783,class_7d54e6ff154ad392b174
review_19784,class_5da3128be1ff7664a1b2
review_19785,class_5da3128be1ff7664a1b2
review_19786,class_0eeaed02d1a961f133b4
review_19787,class_52da9457fdf6740afd51
review_19788,class_7d54e6ff154ad392b174
review_19789,class_7d54e6ff154ad392b174
review_19790,class_f6efb94c9ae061247bed
review_19791,class_7d54e6ff154ad392b174
review_19792,class_7d54e6ff154ad392b174
review_19793,class_7d54e6ff154ad392b174
review_19794,class_1bc7e06ece0f38a60982
review_19795,class_b7f740446b63715473af
review_19796,class_52da9457fdf6740afd51
review_19797,class_7d54e6ff154ad392b174
review_19798,class_1318693c237b7b97c0c0
review_19799,class_7d54e6ff154ad392b174
review_19800,class_5da3128be1ff7664a1b2
review_19801,class_7d54e6ff154ad392b174
review_19802,class_0eeaed02d1a961f133b4
review_19803,class_7d54e6ff154ad392b174
review_19804,class_5da3128be1ff7664a1b2
review_19805,class_1bc7e06ece0f38a60982
review_19806,class_7d54e6ff154ad392b174
review_19807,class_1cf1396a0c9bc53f37da
review_19808,class_5da3128be1ff7664a1b2
review_19809,class_5da3128be1ff7664a1b2
review_19810,class_7d54e6ff154ad392b174
review_19811,class_1bc7e06ece0f38a60982
review_19812,class_1bc7e06ece0f38a60982
review_19813,class_7d54e6ff154ad392b174
review_19814,class_1bc7e06ece0f38a60982
review_19815,class_1bc7e06ece0f38a60982
review_19816,class_7d54e6ff154ad392b174
review_19817,class_52da9457fdf6740afd51
review_19818,class_1bc7e06ece0f38a60982
review_19819,class_7d54e6ff154ad392b174
review_19820,class_1bc7e06ece0f38a60982
review_19821,class_1bc7e06ece0f38a60982
review_19822,class_1bc7e06ece0f38a60982
review_19823,class_1bc7e06ece0f38a60982
review_19824,class_7d54e6ff154ad392b174
review_19825,class_7d54e6ff154ad392b174
review_19826,class_7d54e6ff154ad392b174
review_19827,class_1bc7e06ece0f38a60982
review_19828,class_1bc7e06ece0f38a60982
review_19829,class_1cf1396a0c9bc53f37da
review_19830,class_52da9457fdf6740afd51
review_19831,class_1bc7e06ece0f38a60982
review_19832,class_52da9457fdf6740afd51
review_19833,class_7d54e6ff154ad392b174
review_19834,class_1bc7e06ece0f38a60982
review_19835,class_7d54e6ff154ad392b174
review_19836,class_1bc7e06ece0f38a60982
review_19837,class_1bc7e06ece0f38a60982
review_19838,class_7d54e6ff154ad392b174
review_19839,class_1bc7e06ece0f38a60982
review_19840,class_1bc7e06ece0f38a60982
review_19841,class_1bc7e06ece0f38a60982
review_19842,class_1bc7e06ece0f38a60982
review_19843,class_f6efb94c9ae061247bed
review_19844,class_1bc7e06ece0f38a60982
review_19845,class_52da9457fdf6740afd51
review_19846,class_7d54e6ff154ad392b174
review_19847,class_7d54e6ff154ad392b174
review_19848,class_1bc7e06ece0f38a60982
review_19849,class_f6efb94c9ae061247bed
review_19850,class_1cf1396a0c9bc53f37da
review_19851,class_1bc7e06ece0f38a60982
review_19852,class_1bc7e06ece0f38a60982
review_19853,class_c3ca5f787365eae0dea8
review_19854,class_1bc7e06ece0f38a60982
review_19855,class_1cf1396a0c9bc53f37da
review_19856,class_1bc7e06ece0f38a60982
review_19857,class_7d54e6ff154ad392b174
review_19858,class_1bc7e06ece0f38a60982
review_19859,class_1bc7e06ece0f38a60982
review_19860,class_1bc7e06ece0f38a60982
review_19861,class_1bc7e06ece0f38a60982
review_19862,class_1bc7e06ece0f38a60982
review_19863,class_7d54e6ff154ad392b174
review_19864,class_1bc7e06ece0f38a60982
review_19865,class_52da9457fdf6740afd51
review_19866,class_1bc7e06ece0f38a60982
review_19867,class_1bc7e06ece0f38a60982
review_19868,class_1bc7e06ece0f38a60982
review_19869,class_c3ca5f787365eae0dea8
review_19870,class_52da9457fdf6740afd51
review_19871,class_7d54e6ff154ad392b174
review_19872,class_1bc7e06ece0f38a60982
review_19873,class_1bc7e06ece0f38a60982
review_19874,class_1cf1396a0c9bc53f37da
review_19875,class_52da9457fdf6740afd51
review_19876,class_1bc7e06ece0f38a60982
review_19877,class_5da3128be1ff7664a1b2
review_19878,class_1bc7e06ece0f38a60982
review_19879,class_1bc7e06ece0f38a60982
review_19880,class_7d54e6ff154ad392b174
review_19881,class_1bc7e06ece0f38a60982
review_19882,class_1bc7e06ece0f38a60982
review_19883,class_5da3128be1ff7664a1b2
review_19884,class_5da3128be1ff7664a1b2
review_19885,class_7d54e6ff154ad392b174
review_19886,class_5da3128be1ff7664a1b2
review_19887,class_1bc7e06ece0f38a60982
review_19888,class_7d54e6ff154ad392b174
review_19889,class_1bc7e06ece0f38a60982
review_19890,class_1bc7e06ece0f38a60982
review_19891,class_1bc7e06ece0f38a60982
review_19892,class_e65aace9237833ec7752
review_19893,class_5da3128be1ff7664a1b2
review_19894,class_b89f90f328fa7e7781c0
review_19895,class_7d54e6ff154ad392b174
review_19896,class_1bc7e06ece0f38a60982
review_19897,class_1bc7e06ece0f38a60982
review_19898,class_1bc7e06ece0f38a60982
review_19899,class_1bc7e06ece0f38a60982
review_19900,class_5da3128be1ff7664a1b2
review_19901,class_1bc7e06ece0f38a60982
review_19902,class_1bc7e06ece0f38a60982
review_19903,class_7d54e6ff154ad392b174
review_19904,class_1bc7e06ece0f38a60982
review_19905,class_1bc7e06ece0f38a60982
review_19906,class_1bc7e06ece0f38a60982
review_19907,class_5da3128be1ff7664a1b2
review_19908,class_b89f90f328fa7e7781c0
review_19909,class_1bc7e06ece0f38a60982
review_19910,class_1bc7e06ece0f38a60982
review_19911,class_7d54e6ff154ad392b174
review_19912,class_1bc7e06ece0f38a60982
review_19913,class_5da3128be1ff7664a1b2
review_19914,class_7d54e6ff154ad392b174
review_19915,class_7d54e6ff154ad392b174
review_19916,class_1bc7e06ece0f38a60982
review_19917,class_1bc7e06ece0f38a60982
review_19918,class_1bc7e06ece0f38a60982
review_19919,class_1bc7e06ece0f38a60982
review_19920,class_1bc7e06ece0f38a60982
review_19921,class_1bc7e06ece0f38a60982
review_19922,class_1bc7e06ece0f38a60982
review_19923,class_7d54e6ff154ad392b174
review_19924,class_5da3128be1ff7664a1b2
review_19925,class_7d54e6ff154ad392b174
review_19926,class_52da9457fdf6740afd51
review_19927,class_0eeaed02d1a961f133b4
review_19928,class_5da3128be1ff7664a1b2
review_19929,class_1bc7e06ece0f38a60982
review_19930,class_9deef4712756d30ffaa3
review_19931,class_f6efb94c9ae061247bed
review_19932,class_1bc7e06ece0f38a60982
review_19933,class_1cf1396a0c9bc53f37da
review_19934,class_1bc7e06ece0f38a60982
review_19935,class_1bc7e06ece0f38a60982
review_19936,class_1bc7e06ece0f38a60982
review_19937,class_1bc7e06ece0f38a60982
review_19938,class_52da9457fdf6740afd51
review_19939,class_48075864b2596de25a65
review_19940,class_1bc7e06ece0f38a60982
review_19941,class_52da9457fdf6740afd51
review_19942,class_9deef4712756d30ffaa3
review_19943,class_9deef4712756d30ffaa3
review_19944,class_b89f90f328fa7e7781c0
review_19945,class_b89f90f328fa7e7781c0
review_19946,class_52da9457fdf6740afd51
review_19947,class_f6efb94c9ae061247bed
review_19948,class_52da9457fdf6740afd51
review_19949,class_1bc7e06ece0f38a60982
review_19950,class_1bc7e06ece0f38a60982
review_19951,class_b89f90f328fa7e7781c0
review_19952,class_48075864b2596de25a65
review_19953,class_1bc7e06ece0f38a60982
review_19954,class_52da9457fdf6740afd51
review_19955,class_9deef4712756d30ffaa3
review_19956,class_1bc7e06ece0f38a60982
review_19957,class_9deef4712756d30ffaa3
review_19958,class_b89f90f328fa7e7781c0
review_19959,class_1bc7e06ece0f38a60982
review_19960,class_48075864b2596de25a65
review_19961,class_b89f90f328fa7e7781c0
review_19962,class_1bc7e06ece0f38a60982
review_19963,class_9deef4712756d30ffaa3
review_19964,class_b89f90f328fa7e7781c0
review_19965,class_b89f90f328fa7e7781c0
review_19966,class_52da9457fdf6740afd51
review_19967,class_52da9457fdf6740afd51
review_19968,class_1bc7e06ece0f38a60982
review_19969,class_1bc7e06ece0f38a60982
review_19970,class_52da9457fdf6740afd51
review_19971,class_52da9457fdf6740afd51
review_19972,class_52da9457fdf6740afd51
review_19973,class_1bc7e06ece0f38a60982
review_19974,class_1cf1396a0c9bc53f37da
review_19975,class_9deef4712756d30ffaa3
review_19976,class_0eeaed02d1a961f133b4
review_19977,class_0eeaed02d1a961f133b4
review_19978,class_b89f90f328fa7e7781c0
review_19979,class_1bc7e06ece0f38a60982
review_19980,class_52da9457fdf6740afd51
review_19981,class_1bc7e06ece0f38a60982
review_19982,class_1bc7e06ece0f38a60982
review_19983,class_1bc7e06ece0f38a60982
review_19984,class_9deef4712756d30ffaa3
review_19985,class_52da9457fdf6740afd51
review_19986,class_9deef4712756d30ffaa3
review_19987,class_1bc7e06ece0f38a60982
review_19988,class_9deef4712756d30ffaa3
review_19989,class_1bc7e06ece0f38a60982
review_19990,class_1cf1396a0c9bc53f37da
review_19991,class_1cf1396a0c9bc53f37da
review_19992,class_1bc7e06ece0f38a60982
review_19993,class_48075864b2596de25a65
review_19994,class_b89f90f328fa7e7781c0
review_19995,class_52da9457fdf6740afd51
review_19996,class_1bc7e06ece0f38a60982
review_19997,class_9deef4712756d30ffaa3
review_19998,class_9deef4712756d30ffaa3
review_19999,class_52da9457fdf6740afd51
review_20000,class_0eeaed02d1a961f133b4
review_20001,class_1bc7e06ece0f38a60982
review_20002,class_52da9457fdf6740afd51
review_20003,class_b89f90f328fa7e7781c0
review_20004,class_f6efb94c9ae061247bed
review_20005,class_52da9457fdf6740afd51
review_20006,class_1318693c237b7b97c0c0
review_20007,class_52da9457fdf6740afd51
review_20008,class_52da9457fdf6740afd51
review_20009,class_9deef4712756d30ffaa3
review_20010,class_52da9457fdf6740afd51
review_20011,class_1318693c237b7b97c0c0
review_20012,class_7d54e6ff154ad392b174
review_20013,class_52da9457fdf6740afd51
review_20014,class_e65aace9237833ec7752
review_20015,class_7d54e6ff154ad392b174
review_20016,class_52da9457fdf6740afd51
review_20017,class_9deef4712756d30ffaa3
review_20018,class_b7f740446b63715473af
review_20019,class_7d54e6ff154ad392b174
review_20020,class_52da9457fdf6740afd51
review_20021,class_9deef4712756d30ffaa3
review_20022,class_1bc7e06ece0f38a60982
review_20023,class_52da9457fdf6740afd51
review_20024,class_0eeaed02d1a961f133b4
review_20025,class_9deef4712756d30ffaa3
review_20026,class_0eeaed02d1a961f133b4
review_20027,class_52da9457fdf6740afd51
review_20028,class_7d54e6ff154ad392b174
review_20029,class_be68f8ed5877c11b8be4
review_20030,class_1bc7e06ece0f38a60982
review_20031,class_1cf1396a0c9bc53f37da
review_20032,class_7d54e6ff154ad392b174
review_20033,class_9deef4712756d30ffaa3
review_20034,class_9deef4712756d30ffaa3
review_20035,class_1cf1396a0c9bc53f37da
review_20036,class_1cf1396a0c9bc53f37da
review_20037,class_1cf1396a0c9bc53f37da
review_20038,class_9deef4712756d30ffaa3
review_20039,class_1cf1396a0c9bc53f37da
review_20040,class_1bc7e06ece0f38a60982
review_20041,class_be68f8ed5877c11b8be4
review_20042,class_7d54e6ff154ad392b174
review_20043,class_1bc7e06ece0f38a60982
review_20044,class_9deef4712756d30ffaa3
review_20045,class_7d54e6ff154ad392b174
review_20046,class_1cf1396a0c9bc53f37da
review_20047,class_1cf1396a0c9bc53f37da
review_20048,class_1cf1396a0c9bc53f37da
review_20049,class_1cf1396a0c9bc53f37da
review_20050,class_1cf1396a0c9bc53f37da
review_20051,class_9deef4712756d30ffaa3
review_20052,class_7d54e6ff154ad392b174
review_20053,class_1cf1396a0c9bc53f37da
review_20054,class_1bc7e06ece0f38a60982
review_20055,class_1cf1396a0c9bc53f37da
review_20056,class_be68f8ed5877c11b8be4
review_20057,class_1bc7e06ece0f38a60982
review_20058,class_1bc7e06ece0f38a60982
review_20059,class_1bc7e06ece0f38a60982
review_20060,class_7d54e6ff154ad392b174
review_20061,class_1cf1396a0c9bc53f37da
review_20062,class_9deef4712756d30ffaa3
review_20063,class_7d54e6ff154ad392b174
review_20064,class_1cf1396a0c9bc53f37da
review_20065,class_9deef4712756d30ffaa3
review_20066,class_b7f740446b63715473af
review_20067,class_52da9457fdf6740afd51
review_20068,class_0eeaed02d1a961f133b4
review_20069,class_52da9457fdf6740afd51
review_20070,class_52da9457fdf6740afd51
review_20071,class_1318693c237b7b97c0c0
review_20072,class_7d54e6ff154ad392b174
review_20073,class_52da9457fdf6740afd51
review_20074,class_52da9457fdf6740afd51
review_20075,class_f6efb94c9ae061247bed
review_20076,class_7d54e6ff154ad392b174
review_20077,class_52da9457fdf6740afd51
review_20078,class_52da9457fdf6740afd51
review_20079,class_52da9457fdf6740afd51
review_20080,class_52da9457fdf6740afd51
review_20081,class_7d54e6ff154ad392b174
review_20082,class_52da9457fdf6740afd51
review_20083,class_1bc7e06ece0f38a60982
review_20084,class_5da3128be1ff7664a1b2
review_20085,class_1318693c237b7b97c0c0
review_20086,class_7d54e6ff154ad392b174
review_20087,class_52da9457fdf6740afd51
review_20089,class_e65aace9237833ec7752
review_20090,class_1bc7e06ece0f38a60982
review_20091,class_7d54e6ff154ad392b174
review_20092,class_7d54e6ff154ad392b174
review_20093,class_5da3128be1ff7664a1b2
review_20094,class_5da3128be1ff7664a1b2
review_20095,class_7d54e6ff154ad392b174
review_20096,class_7d54e6ff154ad392b174
review_20097,class_52da9457fdf6740afd51
review_20098,class_7d54e6ff154ad392b174
review_20099,class_52da9457fdf6740afd51
review_20100,class_52da9457fdf6740afd51
review_20101,class_52da9457fdf6740afd51
review_20102,class_1bc7e06ece0f38a60982
review_20103,class_1bc7e06ece0f38a60982
review_20104,class_c3ca5f787365eae0dea8
review_20105,class_52438e68a549a636811e
review_20106,class_1bc7e06ece0f38a60982
review_20107,class_52da9457fdf6740afd51
review_20108,class_1bc7e06ece0f38a60982
review_20109,class_52438e68a549a636811e
review_20110,class_1bc7e06ece0f38a60982
review_20111,class_52438e68a549a636811e
review_20112,class_0eeaed02d1a961f133b4
review_20113,class_52da9457fdf6740afd51
review_20114,class_1bc7e06ece0f38a60982
review_20115,class_1bc7e06ece0f38a60982
review_20116,class_1bc7e06ece0f38a60982
review_20117,class_52438e68a549a636811e
review_20118,class_52438e68a549a636811e
review_20119,class_52438e68a549a636811e
review_20120,class_e65aace9237833ec7752
review_20121,class_7d54e6ff154ad392b174
review_20122,class_1bc7e06ece0f38a60982
review_20123,class_52da9457fdf6740afd51
review_20124,class_52da9457fdf6740afd51
review_20125,class_52438e68a549a636811e
review_20126,class_52438e68a549a636811e
review_20127,class_1bc7e06ece0f38a60982
review_20128,class_e65aace9237833ec7752
review_20129,class_c3ca5f787365eae0dea8
review_20130,class_52438e68a549a636811e
review_20131,class_52438e68a549a636811e
review_20132,class_52438e68a549a636811e
review_20133,class_e65aace9237833ec7752
review_20134,class_7d54e6ff154ad392b174
review_20135,class_52438e68a549a636811e
review_20136,class_c3ca5f787365eae0dea8
review_20137,class_1bc7e06ece0f38a60982
review_20138,class_52da9457fdf6740afd51
review_20139,class_52438e68a549a636811e
review_20140,class_1bc7e06ece0f38a60982
review_20141,class_52da9457fdf6740afd51
review_20142,class_52438e68a549a636811e
review_20143,class_1bc7e06ece0f38a60982
review_20144,class_1bc7e06ece0f38a60982
review_20145,class_52da9457fdf6740afd51
review_20146,class_52438e68a549a636811e
review_20147,class_1bc7e06ece0f38a60982
review_20148,class_1bc7e06ece0f38a60982
review_20149,class_52438e68a549a636811e
review_20150,class_0eeaed02d1a961f133b4
review_20151,class_52438e68a549a636811e
review_20152,class_52438e68a549a636811e
review_20153,class_0eeaed02d1a961f133b4
review_20154,class_1bc7e06ece0f38a60982
review_20155,class_52438e68a549a636811e
review_20156,class_7d54e6ff154ad392b174
review_20157,class_52438e68a549a636811e
review_20158,class_52438e68a549a636811e
review_20159,class_1bc7e06ece0f38a60982
review_20160,class_7d54e6ff154ad392b174
review_20161,class_1bc7e06ece0f38a60982
review_20162,class_52438e68a549a636811e
review_20163,class_1bc7e06ece0f38a60982
review_20164,class_1bc7e06ece0f38a60982
review_20165,class_52438e68a549a636811e
review_20166,class_0eeaed02d1a961f133b4
review_20167,class_0eeaed02d1a961f133b4
review_20168,class_52438e68a549a636811e
review_20169,class_52438e68a549a636811e
review_20170,class_7d54e6ff154ad392b174
review_20171,class_1bc7e06ece0f38a60982
review_20172,class_52438e68a549a636811e
review_20173,class_1bc7e06ece0f38a60982
review_20174,class_52438e68a549a636811e
review_20175,class_52438e68a549a636811e
review_20176,class_0eeaed02d1a961f133b4
review_20177,class_52438e68a549a636811e
review_20178,class_52438e68a549a636811e
review_20179,class_1bc7e06ece0f38a60982
review_20180,class_1bc7e06ece0f38a60982
review_20181,class_1bc7e06ece0f38a60982
review_20182,class_1bc7e06ece0f38a60982
review_20183,class_1bc7e06ece0f38a60982
review_20184,class_0eeaed02d1a961f133b4
review_20185,class_1bc7e06ece0f38a60982
review_20186,class_1bc7e06ece0f38a60982
review_20187,class_1bc7e06ece0f38a60982
review_20188,class_1bc7e06ece0f38a60982
review_20189,class_9deef4712756d30ffaa3
review_20190,class_1bc7e06ece0f38a60982
review_20191,class_be68f8ed5877c11b8be4
review_20192,class_1bc7e06ece0f38a60982
review_20193,class_7d54e6ff154ad392b174
review_20194,class_0eeaed02d1a961f133b4
review_20195,class_1bc7e06ece0f38a60982
review_20196,class_0eeaed02d1a961f133b4
review_20197,class_0eeaed02d1a961f133b4
review_20198,class_7d54e6ff154ad392b174
review_20199,class_f6efb94c9ae061247bed
review_20200,class_7d54e6ff154ad392b174
review_20201,class_be68f8ed5877c11b8be4
review_20202,class_1bc7e06ece0f38a60982
review_20203,class_7d54e6ff154ad392b174
review_20204,class_52da9457fdf6740afd51
review_20205,class_1bc7e06ece0f38a60982
review_20206,class_7d54e6ff154ad392b174
review_20207,class_1bc7e06ece0f38a60982
review_20208,class_b89f90f328fa7e7781c0
review_20209,class_c3ca5f787365eae0dea8
review_20210,class_1bc7e06ece0f38a60982
review_20211,class_0eeaed02d1a961f133b4
review_20212,class_1bc7e06ece0f38a60982
review_20213,class_1bc7e06ece0f38a60982
review_20214,class_1bc7e06ece0f38a60982
review_20215,class_be68f8ed5877c11b8be4
review_20216,class_1bc7e06ece0f38a60982
review_20217,class_7d54e6ff154ad392b174
review_20218,class_f6efb94c9ae061247bed
review_20219,class_1bc7e06ece0f38a60982
review_20220,class_f6efb94c9ae061247bed
review_20221,class_1bc7e06ece0f38a60982
review_20222,class_7d54e6ff154ad392b174
review_20223,class_7d54e6ff154ad392b174
review_20224,class_1bc7e06ece0f38a60982
review_20225,class_f6efb94c9ae061247bed
review_20226,class_7d54e6ff154ad392b174
review_20227,class_1bc7e06ece0f38a60982
review_20228,class_9deef4712756d30ffaa3
review_20229,class_1bc7e06ece0f38a60982
review_20230,class_b7f740446b63715473af
review_20231,class_1bc7e06ece0f38a60982
review_20232,class_1bc7e06ece0f38a60982
review_20233,class_1bc7e06ece0f38a60982
review_20234,class_e65aace9237833ec7752
review_20235,class_9deef4712756d30ffaa3
review_20236,class_52da9457fdf6740afd51
review_20237,class_5da3128be1ff7664a1b2
review_20238,class_9e32d15b246e504af33c
review_20239,class_1bc7e06ece0f38a60982
review_20240,class_1bc7e06ece0f38a60982
review_20241,class_5da3128be1ff7664a1b2
review_20242,class_9deef4712756d30ffaa3
review_20243,class_1318693c237b7b97c0c0
review_20244,class_9deef4712756d30ffaa3
review_20245,class_9deef4712756d30ffaa3
review_20246,class_5da3128be1ff7664a1b2
review_20247,class_52da9457fdf6740afd51
review_20248,class_1318693c237b7b97c0c0
review_20249,class_5da3128be1ff7664a1b2
review_20250,class_e65aace9237833ec7752
review_20251,class_1318693c237b7b97c0c0
review_20252,class_7d54e6ff154ad392b174
review_20253,class_52da9457fdf6740afd51
review_20254,class_52da9457fdf6740afd51
review_20255,class_5da3128be1ff7664a1b2
review_20256,class_7d54e6ff154ad392b174
review_20257,class_52da9457fdf6740afd51
review_20258,class_1318693c237b7b97c0c0
review_20259,class_1318693c237b7b97c0c0
review_20260,class_9e32d15b246e504af33c
review_20261,class_1318693c237b7b97c0c0
review_20262,class_5da3128be1ff7664a1b2
review_20263,class_1318693c237b7b97c0c0
review_20264,class_e65aace9237833ec7752
review_20265,class_5da3128be1ff7664a1b2
review_20266,class_9deef4712756d30ffaa3
review_20267,class_5da3128be1ff7664a1b2
review_20268,class_52da9457fdf6740afd51
review_20269,class_9e32d15b246e504af33c
review_20270,class_1318693c237b7b97c0c0
review_20271,class_5da3128be1ff7664a1b2
review_20272,class_e65aace9237833ec7752
review_20273,class_9deef4712756d30ffaa3
review_20274,class_e65aace9237833ec7752
review_20275,class_7d54e6ff154ad392b174
review_20276,class_7d54e6ff154ad392b174
review_20277,class_b89f90f328fa7e7781c0
review_20278,class_b89f90f328fa7e7781c0
review_20279,class_1cf1396a0c9bc53f37da
review_20280,class_7d54e6ff154ad392b174
review_20281,class_1cf1396a0c9bc53f37da
review_20282,class_1cf1396a0c9bc53f37da
review_20283,class_7d54e6ff154ad392b174
review_20284,class_b89f90f328fa7e7781c0
review_20285,class_52da9457fdf6740afd51
review_20286,class_52da9457fdf6740afd51
review_20287,class_7d54e6ff154ad392b174
review_20288,class_7d54e6ff154ad392b174
review_20289,class_1cf1396a0c9bc53f37da
review_20290,class_1cf1396a0c9bc53f37da
review_20291,class_1cf1396a0c9bc53f37da
review_20292,class_7d54e6ff154ad392b174
review_20293,class_1cf1396a0c9bc53f37da
review_20294,class_b89f90f328fa7e7781c0
review_20295,class_52da9457fdf6740afd51
review_20296,class_1cf1396a0c9bc53f37da
review_20297,class_52da9457fdf6740afd51
review_20298,class_7d54e6ff154ad392b174
review_20299,class_7d54e6ff154ad392b174
review_20300,class_1cf1396a0c9bc53f37da
review_20301,class_1cf1396a0c9bc53f37da
review_20302,class_b89f90f328fa7e7781c0
review_20303,class_1cf1396a0c9bc53f37da
review_20304,class_1cf1396a0c9bc53f37da
review_20305,class_1cf1396a0c9bc53f37da
review_20306,class_1cf1396a0c9bc53f37da
review_20307,class_1cf1396a0c9bc53f37da
review_20308,class_1cf1396a0c9bc53f37da
review_20309,class_1cf1396a0c9bc53f37da
review_20310,class_1318693c237b7b97c0c0
review_20311,class_9deef4712756d30ffaa3
review_20312,class_7d54e6ff154ad392b174
review_20313,class_7d54e6ff154ad392b174
review_20314,class_7d54e6ff154ad392b174
review_20315,class_7d54e6ff154ad392b174
review_20316,class_1bc7e06ece0f38a60982
review_20317,class_7d54e6ff154ad392b174
review_20318,class_1bc7e06ece0f38a60982
review_20319,class_7d54e6ff154ad392b174
review_20320,class_1bc7e06ece0f38a60982
review_20321,class_1bc7e06ece0f38a60982
review_20322,class_1bc7e06ece0f38a60982
review_20323,class_7d54e6ff154ad392b174
review_20324,class_1bc7e06ece0f38a60982
review_20325,class_1cf1396a0c9bc53f37da
review_20326,class_1bc7e06ece0f38a60982
review_20327,class_52da9457fdf6740afd51
review_20328,class_7d54e6ff154ad392b174
review_20329,class_1bc7e06ece0f38a60982
review_20330,class_52da9457fdf6740afd51
review_20331,class_e65aace9237833ec7752
review_20332,class_1bc7e06ece0f38a60982
review_20333,class_f6efb94c9ae061247bed
review_20334,class_e65aace9237833ec7752
review_20335,class_7d54e6ff154ad392b174
review_20336,class_7d54e6ff154ad392b174
review_20337,class_7d54e6ff154ad392b174
review_20338,class_1bc7e06ece0f38a60982
review_20339,class_7d54e6ff154ad392b174
review_20340,class_7d54e6ff154ad392b174
review_20341,class_7d54e6ff154ad392b174
review_20342,class_1bc7e06ece0f38a60982
review_20343,class_1bc7e06ece0f38a60982
review_20344,class_1bc7e06ece0f38a60982
review_20345,class_1bc7e06ece0f38a60982
review_20346,class_1bc7e06ece0f38a60982
review_20347,class_52da9457fdf6740afd51
review_20348,class_7d54e6ff154ad392b174
review_20349,class_7d54e6ff154ad392b174
review_20350,class_1bc7e06ece0f38a60982
review_20351,class_1bc7e06ece0f38a60982
review_20352,class_7d54e6ff154ad392b174
review_20353,class_1bc7e06ece0f38a60982
review_20354,class_1bc7e06ece0f38a60982
review_20355,class_52da9457fdf6740afd51
review_20356,class_7d54e6ff154ad392b174
review_20357,class_1bc7e06ece0f38a60982
review_20358,class_52da9457fdf6740afd51
review_20359,class_7d54e6ff154ad392b174
review_20360,class_7d54e6ff154ad392b174
review_20361,class_1bc7e06ece0f38a60982
review_20362,class_7d54e6ff154ad392b174
review_20363,class_9deef4712756d30ffaa3
review_20364,class_7d54e6ff154ad392b174
review_20365,class_7d54e6ff154ad392b174
review_20366,class_b89f90f328fa7e7781c0
review_20367,class_52da9457fdf6740afd51
review_20368,class_1bc7e06ece0f38a60982
review_20369,class_e65aace9237833ec7752
review_20370,class_e65aace9237833ec7752
review_20371,class_5da3128be1ff7664a1b2
review_20372,class_e65aace9237833ec7752
review_20373,class_b89f90f328fa7e7781c0
review_20374,class_e65aace9237833ec7752
review_20375,class_e65aace9237833ec7752
review_20376,class_f6efb94c9ae061247bed
review_20377,class_1bc7e06ece0f38a60982
review_20378,class_1bc7e06ece0f38a60982
review_20379,class_1cf1396a0c9bc53f37da
review_20380,class_5da3128be1ff7664a1b2
review_20381,class_e65aace9237833ec7752
review_20382,class_1bc7e06ece0f38a60982
review_20383,class_1cf1396a0c9bc53f37da
review_20384,class_1318693c237b7b97c0c0
review_20385,class_1cf1396a0c9bc53f37da
review_20386,class_e65aace9237833ec7752
review_20387,class_5da3128be1ff7664a1b2
review_20388,class_1bc7e06ece0f38a60982
review_20389,class_52da9457fdf6740afd51
review_20390,class_52da9457fdf6740afd51
review_20391,class_5da3128be1ff7664a1b2
review_20392,class_1bc7e06ece0f38a60982
review_20393,class_1bc7e06ece0f38a60982
review_20394,class_7d54e6ff154ad392b174
review_20395,class_1bc7e06ece0f38a60982
review_20396,class_e65aace9237833ec7752
review_20397,class_e65aace9237833ec7752
review_20398,class_7d54e6ff154ad392b174
review_20399,class_52da9457fdf6740afd51
review_20400,class_7d54e6ff154ad392b174
review_20401,class_7d54e6ff154ad392b174
review_20402,class_7d54e6ff154ad392b174
review_20403,class_e65aace9237833ec7752
review_20404,class_7d54e6ff154ad392b174
review_20405,class_7d54e6ff154ad392b174
review_20406,class_7d54e6ff154ad392b174
review_20407,class_1bc7e06ece0f38a60982
review_20408,class_e65aace9237833ec7752
review_20409,class_1bc7e06ece0f38a60982
review_20410,class_52da9457fdf6740afd51
review_20411,class_7d54e6ff154ad392b174
review_20412,class_52da9457fdf6740afd51
review_20413,class_1bc7e06ece0f38a60982
review_20414,class_1318693c237b7b97c0c0
review_20415,class_52da9457fdf6740afd51
review_20416,class_7d54e6ff154ad392b174
review_20417,class_52da9457fdf6740afd51
review_20418,class_7d54e6ff154ad392b174
review_20419,class_1bc7e06ece0f38a60982
review_20420,class_7d54e6ff154ad392b174
review_20421,class_1bc7e06ece0f38a60982
review_20422,class_b89f90f328fa7e7781c0
review_20423,class_7d54e6ff154ad392b174
review_20424,class_7d54e6ff154ad392b174
review_20425,class_7d54e6ff154ad392b174
review_20426,class_7d54e6ff154ad392b174
review_20427,class_52da9457fdf6740afd51
review_20428,class_e65aace9237833ec7752
review_20429,class_1bc7e06ece0f38a60982
review_20430,class_7d54e6ff154ad392b174
review_20431,class_7d54e6ff154ad392b174
review_20432,class_52da9457fdf6740afd51
review_20433,class_7d54e6ff154ad392b174
review_20434,class_e65aace9237833ec7752
review_20435,class_7d54e6ff154ad392b174
review_20436,class_52da9457fdf6740afd51
review_20437,class_7d54e6ff154ad392b174
review_20438,class_e65aace9237833ec7752
review_20439,class_b89f90f328fa7e7781c0
review_20440,class_7d54e6ff154ad392b174
review_20441,class_1318693c237b7b97c0c0
review_20442,class_7d54e6ff154ad392b174
review_20443,class_7d54e6ff154ad392b174
review_20444,class_7d54e6ff154ad392b174
review_20445,class_7d54e6ff154ad392b174
review_20446,class_52da9457fdf6740afd51
review_20447,class_52da9457fdf6740afd51
review_20448,class_e65aace9237833ec7752
review_20449,class_7d54e6ff154ad392b174
review_20450,class_7d54e6ff154ad392b174
review_20451,class_52da9457fdf6740afd51
review_20452,class_52da9457fdf6740afd51
review_20453,class_7d54e6ff154ad392b174
review_20454,class_7d54e6ff154ad392b174
review_20455,class_52da9457fdf6740afd51
review_20456,class_7d54e6ff154ad392b174
review_20457,class_7d54e6ff154ad392b174
review_20458,class_7d54e6ff154ad392b174
review_20459,class_7d54e6ff154ad392b174
review_20460,class_7d54e6ff154ad392b174
review_20461,class_7d54e6ff154ad392b174
review_20462,class_1318693c237b7b97c0c0
review_20463,class_7d54e6ff154ad392b174
review_20464,class_7d54e6ff154ad392b174
review_20465,class_1318693c237b7b97c0c0
review_20466,class_1318693c237b7b97c0c0
review_20467,class_52da9457fdf6740afd51
review_20468,class_e65aace9237833ec7752
review_20469,class_7d54e6ff154ad392b174
review_20470,class_7d54e6ff154ad392b174
review_20471,class_7d54e6ff154ad392b174
review_20472,class_7d54e6ff154ad392b174
review_20473,class_1318693c237b7b97c0c0
review_20474,class_1318693c237b7b97c0c0
review_20475,class_e65aace9237833ec7752
review_20476,class_e65aace9237833ec7752
review_20477,class_1bc7e06ece0f38a60982
review_20478,class_7d54e6ff154ad392b174
review_20479,class_1bc7e06ece0f38a60982
review_20480,class_1318693c237b7b97c0c0
review_20481,class_1bc7e06ece0f38a60982
review_20482,class_1318693c237b7b97c0c0
review_20483,class_52da9457fdf6740afd51
review_20484,class_1bc7e06ece0f38a60982
review_20485,class_1bc7e06ece0f38a60982
review_20486,class_1bc7e06ece0f38a60982
review_20487,class_52da9457fdf6740afd51
review_20488,class_1bc7e06ece0f38a60982
review_20489,class_52da9457fdf6740afd51
review_20490,class_1bc7e06ece0f38a60982
review_20491,class_52da9457fdf6740afd51
review_20492,class_52da9457fdf6740afd51
review_20493,class_1bc7e06ece0f38a60982
review_20494,class_1bc7e06ece0f38a60982
review_20495,class_1bc7e06ece0f38a60982
review_20496,class_52da9457fdf6740afd51
review_20497,class_1318693c237b7b97c0c0
review_20498,class_1bc7e06ece0f38a60982
review_20499,class_1bc7e06ece0f38a60982
review_20500,class_52da9457fdf6740afd51
review_20501,class_1bc7e06ece0f38a60982
review_20502,class_1bc7e06ece0f38a60982
review_20503,class_1bc7e06ece0f38a60982
review_20504,class_1318693c237b7b97c0c0
review_20505,class_52da9457fdf6740afd51
review_20506,class_1bc7e06ece0f38a60982
review_20507,class_52da9457fdf6740afd51
review_20508,class_1bc7e06ece0f38a60982
review_20509,class_52da9457fdf6740afd51
review_20510,class_1bc7e06ece0f38a60982
review_20511,class_1bc7e06ece0f38a60982
review_20512,class_1bc7e06ece0f38a60982
review_20513,class_1bc7e06ece0f38a60982
review_20514,class_52da9457fdf6740afd51
review_20515,class_1bc7e06ece0f38a60982
review_20516,class_52da9457fdf6740afd51
review_20517,class_1bc7e06ece0f38a60982
review_20518,class_1bc7e06ece0f38a60982
review_20519,class_1318693c237b7b97c0c0
review_20520,class_52da9457fdf6740afd51
review_20521,class_1bc7e06ece0f38a60982
review_20522,class_1bc7e06ece0f38a60982
review_20523,class_1bc7e06ece0f38a60982
review_20524,class_1bc7e06ece0f38a60982
review_20525,class_52da9457fdf6740afd51
review_20526,class_52da9457fdf6740afd51
review_20527,class_52da9457fdf6740afd51
review_20528,class_52da9457fdf6740afd51
review_20529,class_1bc7e06ece0f38a60982
review_20530,class_1318693c237b7b97c0c0
review_20531,class_52da9457fdf6740afd51
review_20532,class_52da9457fdf6740afd51
review_20533,class_52da9457fdf6740afd51
review_20534,class_1bc7e06ece0f38a60982
review_20535,class_52da9457fdf6740afd51
review_20536,class_1bc7e06ece0f38a60982
review_20537,class_1bc7e06ece0f38a60982
review_20538,class_1bc7e06ece0f38a60982
review_20539,class_e65aace9237833ec7752
review_20540,class_e65aace9237833ec7752
review_20541,class_48075864b2596de25a65
review_20542,class_e65aace9237833ec7752
review_20543,class_52438e68a549a636811e
review_20544,class_1bc7e06ece0f38a60982
review_20545,class_e65aace9237833ec7752
review_20546,class_e65aace9237833ec7752
review_20547,class_e65aace9237833ec7752
review_20548,class_1bc7e06ece0f38a60982
review_20549,class_1318693c237b7b97c0c0
review_20550,class_1bc7e06ece0f38a60982
review_20551,class_1bc7e06ece0f38a60982
review_20552,class_1bc7e06ece0f38a60982
review_20553,class_1bc7e06ece0f38a60982
review_20554,class_0eeaed02d1a961f133b4
review_20555,class_1cf1396a0c9bc53f37da
review_20556,class_e65aace9237833ec7752
review_20557,class_f6efb94c9ae061247bed
review_20558,class_1bc7e06ece0f38a60982
review_20559,class_e65aace9237833ec7752
review_20560,class_1bc7e06ece0f38a60982
review_20561,class_b89f90f328fa7e7781c0
review_20562,class_7d54e6ff154ad392b174
review_20563,class_e65aace9237833ec7752
review_20564,class_1bc7e06ece0f38a60982
review_20565,class_1bc7e06ece0f38a60982
review_20566,class_0eeaed02d1a961f133b4
review_20567,class_1bc7e06ece0f38a60982
review_20568,class_1bc7e06ece0f38a60982
review_20569,class_1bc7e06ece0f38a60982
review_20570,class_e65aace9237833ec7752
review_20571,class_b89f90f328fa7e7781c0
review_20572,class_e65aace9237833ec7752
review_20573,class_1cf1396a0c9bc53f37da
review_20574,class_e65aace9237833ec7752
review_20575,class_c3ca5f787365eae0dea8
review_20576,class_e65aace9237833ec7752
review_20577,class_e65aace9237833ec7752
review_20578,class_e65aace9237833ec7752
review_20579,class_e65aace9237833ec7752
review_20580,class_1318693c237b7b97c0c0
review_20581,class_e65aace9237833ec7752
review_20582,class_e65aace9237833ec7752
review_20583,class_e65aace9237833ec7752
review_20584,class_e65aace9237833ec7752
review_20585,class_52438e68a549a636811e
review_20586,class_c3ca5f787365eae0dea8
review_20587,class_52da9457fdf6740afd51
review_20588,class_be68f8ed5877c11b8be4
review_20589,class_5da3128be1ff7664a1b2
review_20590,class_e65aace9237833ec7752
review_20591,class_7d54e6ff154ad392b174
review_20592,class_7d54e6ff154ad392b174
review_20593,class_7d54e6ff154ad392b174
review_20594,class_e65aace9237833ec7752
review_20595,class_e65aace9237833ec7752
review_20596,class_e65aace9237833ec7752
review_20597,class_1cf1396a0c9bc53f37da
review_20598,class_1bc7e06ece0f38a60982
review_20599,class_4397d106b671d697b6e0
review_20600,class_c3ca5f787365eae0dea8
review_20601,class_1bc7e06ece0f38a60982
review_20602,class_be68f8ed5877c11b8be4
review_20603,class_9deef4712756d30ffaa3
review_20604,class_7d54e6ff154ad392b174
review_20605,class_e65aace9237833ec7752
review_20606,class_1bc7e06ece0f38a60982
review_20607,class_b89f90f328fa7e7781c0
review_20608,class_e65aace9237833ec7752
review_20609,class_1318693c237b7b97c0c0
review_20610,class_4397d106b671d697b6e0
review_20611,class_4397d106b671d697b6e0
review_20612,class_1cf1396a0c9bc53f37da
review_20613,class_c3ca5f787365eae0dea8
review_20614,class_4397d106b671d697b6e0
review_20615,class_1318693c237b7b97c0c0
review_20616,class_be68f8ed5877c11b8be4
review_20617,class_1cf1396a0c9bc53f37da
review_20618,class_7d54e6ff154ad392b174
review_20619,class_1bc7e06ece0f38a60982
review_20620,class_7d54e6ff154ad392b174
review_20621,class_1bc7e06ece0f38a60982
review_20622,class_1bc7e06ece0f38a60982
review_20623,class_e65aace9237833ec7752
review_20624,class_be68f8ed5877c11b8be4
review_20625,class_be68f8ed5877c11b8be4
review_20626,class_1bc7e06ece0f38a60982
review_20627,class_c3ca5f787365eae0dea8
review_20628,class_1bc7e06ece0f38a60982
review_20629,class_b89f90f328fa7e7781c0
review_20630,class_be68f8ed5877c11b8be4
review_20631,class_e65aace9237833ec7752
review_20632,class_c3ca5f787365eae0dea8
review_20633,class_e65aace9237833ec7752
review_20634,class_7d54e6ff154ad392b174
review_20635,class_5da3128be1ff7664a1b2
review_20636,class_7d54e6ff154ad392b174
review_20637,class_e65aace9237833ec7752
review_20638,class_52da9457fdf6740afd51
review_20639,class_0eeaed02d1a961f133b4
review_20640,class_1318693c237b7b97c0c0
review_20641,class_9deef4712756d30ffaa3
review_20642,class_7d54e6ff154ad392b174
review_20643,class_7d54e6ff154ad392b174
review_20644,class_5da3128be1ff7664a1b2
review_20645,class_5da3128be1ff7664a1b2
review_20646,class_5da3128be1ff7664a1b2
review_20647,class_7d54e6ff154ad392b174
review_20648,class_0eeaed02d1a961f133b4
review_20649,class_52da9457fdf6740afd51
review_20650,class_c3ca5f787365eae0dea8
review_20651,class_7d54e6ff154ad392b174
review_20652,class_1318693c237b7b97c0c0
review_20653,class_5da3128be1ff7664a1b2
review_20654,class_5da3128be1ff7664a1b2
review_20655,class_5da3128be1ff7664a1b2
review_20656,class_1318693c237b7b97c0c0
review_20657,class_1318693c237b7b97c0c0
review_20658,class_52da9457fdf6740afd51
review_20659,class_e65aace9237833ec7752
review_20660,class_1bc7e06ece0f38a60982
review_20661,class_1318693c237b7b97c0c0
review_20662,class_f6efb94c9ae061247bed
review_20663,class_f6efb94c9ae061247bed
review_20664,class_1bc7e06ece0f38a60982
review_20665,class_52da9457fdf6740afd51
review_20666,class_1bc7e06ece0f38a60982
review_20667,class_1bc7e06ece0f38a60982
review_20668,class_52da9457fdf6740afd51
review_20669,class_1318693c237b7b97c0c0
review_20670,class_1318693c237b7b97c0c0
review_20671,class_1318693c237b7b97c0c0
review_20672,class_1318693c237b7b97c0c0
review_20673,class_1bc7e06ece0f38a60982
review_20674,class_1bc7e06ece0f38a60982
review_20675,class_1bc7e06ece0f38a60982
review_20676,class_1318693c237b7b97c0c0
review_20677,class_1bc7e06ece0f38a60982
review_20678,class_1bc7e06ece0f38a60982
review_20679,class_1bc7e06ece0f38a60982
review_20680,class_4397d106b671d697b6e0
review_20681,class_1318693c237b7b97c0c0
review_20682,class_1cf1396a0c9bc53f37da
review_20683,class_52da9457fdf6740afd51
review_20684,class_1318693c237b7b97c0c0
review_20685,class_52438e68a549a636811e
review_20686,class_4397d106b671d697b6e0
review_20687,class_52da9457fdf6740afd51
review_20688,class_1318693c237b7b97c0c0
review_20689,class_1bc7e06ece0f38a60982
review_20690,class_1bc7e06ece0f38a60982
review_20691,class_52da9457fdf6740afd51
review_20692,class_1bc7e06ece0f38a60982
review_20693,class_1318693c237b7b97c0c0
review_20694,class_1318693c237b7b97c0c0
review_20695,class_1318693c237b7b97c0c0
review_20696,class_1318693c237b7b97c0c0
review_20697,class_1bc7e06ece0f38a60982
review_20698,class_1bc7e06ece0f38a60982
review_20699,class_1cf1396a0c9bc53f37da
review_20700,class_52da9457fdf6740afd51
review_20701,class_1318693c237b7b97c0c0
review_20702,class_1bc7e06ece0f38a60982
review_20703,class_52da9457fdf6740afd51
review_20704,class_1bc7e06ece0f38a60982
review_20705,class_1318693c237b7b97c0c0
review_20706,class_52da9457fdf6740afd51
review_20707,class_b7f740446b63715473af
review_20708,class_1318693c237b7b97c0c0
review_20709,class_1318693c237b7b97c0c0
review_20710,class_1318693c237b7b97c0c0
review_20711,class_1318693c237b7b97c0c0
review_20712,class_1318693c237b7b97c0c0
review_20713,class_1318693c237b7b97c0c0
review_20714,class_1318693c237b7b97c0c0
review_20715,class_52da9457fdf6740afd51
review_20716,class_1bc7e06ece0f38a60982
review_20717,class_52da9457fdf6740afd51
review_20718,class_1bc7e06ece0f38a60982
review_20719,class_1bc7e06ece0f38a60982
review_20720,class_7d54e6ff154ad392b174
review_20721,class_1bc7e06ece0f38a60982
review_20722,class_1bc7e06ece0f38a60982
review_20723,class_0eeaed02d1a961f133b4
review_20724,class_7d54e6ff154ad392b174
review_20725,class_1bc7e06ece0f38a60982
review_20726,class_1bc7e06ece0f38a60982
review_20727,class_1cf1396a0c9bc53f37da
review_20728,class_e65aace9237833ec7752
review_20729,class_1bc7e06ece0f38a60982
review_20730,class_1bc7e06ece0f38a60982
review_20731,class_52da9457fdf6740afd51
review_20732,class_1bc7e06ece0f38a60982
review_20733,class_1bc7e06ece0f38a60982
review_20734,class_52da9457fdf6740afd51
review_20735,class_1bc7e06ece0f38a60982
review_20736,class_1cf1396a0c9bc53f37da
review_20737,class_1bc7e06ece0f38a60982
review_20738,class_1bc7e06ece0f38a60982
review_20739,class_7d54e6ff154ad392b174
review_20740,class_1bc7e06ece0f38a60982
review_20741,class_1bc7e06ece0f38a60982
review_20742,class_1bc7e06ece0f38a60982
review_20743,class_1bc7e06ece0f38a60982
review_20744,class_7d54e6ff154ad392b174
review_20745,class_0eeaed02d1a961f133b4
review_20746,class_1bc7e06ece0f38a60982
review_20747,class_1cf1396a0c9bc53f37da
review_20748,class_52da9457fdf6740afd51
review_20749,class_1bc7e06ece0f38a60982
review_20750,class_7d54e6ff154ad392b174
review_20751,class_0eeaed02d1a961f133b4
review_20752,class_7d54e6ff154ad392b174
review_20753,class_b89f90f328fa7e7781c0
review_20754,class_1cf1396a0c9bc53f37da
review_20755,class_1cf1396a0c9bc53f37da
review_20756,class_1bc7e06ece0f38a60982
review_20757,class_7d54e6ff154ad392b174
review_20758,class_1cf1396a0c9bc53f37da
review_20759,class_7d54e6ff154ad392b174
review_20760,class_7d54e6ff154ad392b174
review_20761,class_1cf1396a0c9bc53f37da
review_20762,class_e65aace9237833ec7752
review_20763,class_52da9457fdf6740afd51
review_20764,class_e65aace9237833ec7752
review_20765,class_7d54e6ff154ad392b174
review_20766,class_7d54e6ff154ad392b174
review_20767,class_7d54e6ff154ad392b174
review_20768,class_7d54e6ff154ad392b174
review_20769,class_7d54e6ff154ad392b174
review_20770,class_7d54e6ff154ad392b174
review_20771,class_7d54e6ff154ad392b174
review_20772,class_f6efb94c9ae061247bed
review_20773,class_7d54e6ff154ad392b174
review_20774,class_7d54e6ff154ad392b174
review_20775,class_7d54e6ff154ad392b174
review_20776,class_1bc7e06ece0f38a60982
review_20777,class_be68f8ed5877c11b8be4
review_20778,class_e65aace9237833ec7752
review_20779,class_7d54e6ff154ad392b174
review_20780,class_7d54e6ff154ad392b174
review_20781,class_7d54e6ff154ad392b174
review_20782,class_52438e68a549a636811e
review_20783,class_7d54e6ff154ad392b174
review_20784,class_7d54e6ff154ad392b174
review_20785,class_7d54e6ff154ad392b174
review_20786,class_1bc7e06ece0f38a60982
review_20787,class_1bc7e06ece0f38a60982
review_20788,class_1cf1396a0c9bc53f37da
review_20789,class_1bc7e06ece0f38a60982
review_20790,class_7d54e6ff154ad392b174
review_20791,class_1cf1396a0c9bc53f37da
review_20792,class_7d54e6ff154ad392b174
review_20793,class_7d54e6ff154ad392b174
review_20794,class_1bc7e06ece0f38a60982
review_20795,class_7d54e6ff154ad392b174
review_20796,class_7d54e6ff154ad392b174
review_20797,class_7d54e6ff154ad392b174
review_20798,class_7d54e6ff154ad392b174
review_20799,class_1bc7e06ece0f38a60982
review_20800,class_7d54e6ff154ad392b174
review_20801,class_7d54e6ff154ad392b174
review_20802,class_e65aace9237833ec7752
review_20803,class_7d54e6ff154ad392b174
review_20804,class_7d54e6ff154ad392b174
review_20805,class_7d54e6ff154ad392b174
review_20806,class_1bc7e06ece0f38a60982
review_20807,class_7d54e6ff154ad392b174
review_20808,class_7d54e6ff154ad392b174
review_20809,class_7d54e6ff154ad392b174
review_20810,class_be68f8ed5877c11b8be4
review_20811,class_7d54e6ff154ad392b174
review_20812,class_7d54e6ff154ad392b174
review_20813,class_7d54e6ff154ad392b174
review_20814,class_52438e68a549a636811e
review_20815,class_7d54e6ff154ad392b174
review_20816,class_52438e68a549a636811e
review_20817,class_7d54e6ff154ad392b174
review_20818,class_7d54e6ff154ad392b174
review_20819,class_7d54e6ff154ad392b174
review_20820,class_7d54e6ff154ad392b174
review_20821,class_7d54e6ff154ad392b174
review_20822,class_7d54e6ff154ad392b174
review_20823,class_9e32d15b246e504af33c
review_20824,class_7d54e6ff154ad392b174
review_20825,class_7d54e6ff154ad392b174
review_20826,class_7d54e6ff154ad392b174
review_20827,class_e65aace9237833ec7752
review_20828,class_7d54e6ff154ad392b174
review_20829,class_7d54e6ff154ad392b174
review_20830,class_7d54e6ff154ad392b174
review_20831,class_7d54e6ff154ad392b174
review_20832,class_52da9457fdf6740afd51
review_20833,class_7d54e6ff154ad392b174
review_20834,class_7d54e6ff154ad392b174
review_20835,class_1bc7e06ece0f38a60982
review_20836,class_7d54e6ff154ad392b174
review_20837,class_7d54e6ff154ad392b174
review_20838,class_7d54e6ff154ad392b174
review_20839,class_7d54e6ff154ad392b174
review_20840,class_7d54e6ff154ad392b174
review_20841,class_e65aace9237833ec7752
review_20842,class_7d54e6ff154ad392b174
review_20843,class_7d54e6ff154ad392b174
review_20844,class_7d54e6ff154ad392b174
review_20845,class_1318693c237b7b97c0c0
review_20846,class_e65aace9237833ec7752
review_20847,class_7d54e6ff154ad392b174
review_20848,class_7d54e6ff154ad392b174
review_20849,class_7d54e6ff154ad392b174
review_20850,class_7d54e6ff154ad392b174
review_20851,class_1bc7e06ece0f38a60982
review_20852,class_7d54e6ff154ad392b174
review_20853,class_7d54e6ff154ad392b174
review_20854,class_7d54e6ff154ad392b174
review_20855,class_52438e68a549a636811e
review_20856,class_1cf1396a0c9bc53f37da
review_20857,class_7d54e6ff154ad392b174
review_20858,class_7d54e6ff154ad392b174
review_20859,class_7d54e6ff154ad392b174
review_20860,class_7d54e6ff154ad392b174
review_20861,class_7d54e6ff154ad392b174
review_20862,class_7d54e6ff154ad392b174
review_20863,class_7d54e6ff154ad392b174
review_20864,class_52438e68a549a636811e
review_20865,class_52438e68a549a636811e
review_20866,class_e65aace9237833ec7752
review_20867,class_e65aace9237833ec7752
review_20868,class_7d54e6ff154ad392b174
review_20869,class_7d54e6ff154ad392b174
review_20870,class_52438e68a549a636811e
review_20871,class_7d54e6ff154ad392b174
review_20872,class_7d54e6ff154ad392b174
review_20873,class_7d54e6ff154ad392b174
review_20874,class_7d54e6ff154ad392b174
review_20875,class_7d54e6ff154ad392b174
review_20876,class_7d54e6ff154ad392b174
review_20877,class_7d54e6ff154ad392b174
review_20878,class_7d54e6ff154ad392b174
review_20879,class_7d54e6ff154ad392b174
review_20880,class_7d54e6ff154ad392b174
review_20881,class_e65aace9237833ec7752
review_20882,class_52438e68a549a636811e
review_20883,class_7d54e6ff154ad392b174
review_20884,class_be68f8ed5877c11b8be4
review_20885,class_7d54e6ff154ad392b174
review_20886,class_7d54e6ff154ad392b174
review_20887,class_7d54e6ff154ad392b174
review_20888,class_f6efb94c9ae061247bed
review_20889,class_7d54e6ff154ad392b174
review_20890,class_7d54e6ff154ad392b174
review_20891,class_1bc7e06ece0f38a60982
review_20892,class_7d54e6ff154ad392b174
review_20893,class_7d54e6ff154ad392b174
review_20894,class_7d54e6ff154ad392b174
review_20895,class_be68f8ed5877c11b8be4
review_20896,class_1bc7e06ece0f38a60982
review_20897,class_9e32d15b246e504af33c
review_20898,class_7d54e6ff154ad392b174
review_20899,class_1bc7e06ece0f38a60982
review_20900,class_7d54e6ff154ad392b174
review_20901,class_52da9457fdf6740afd51
review_20902,class_7d54e6ff154ad392b174
review_20903,class_1bc7e06ece0f38a60982
review_20904,class_9deef4712756d30ffaa3
review_20905,class_c3ca5f787365eae0dea8
review_20906,class_0eeaed02d1a961f133b4
review_20907,class_1bc7e06ece0f38a60982
review_20908,class_1bc7e06ece0f38a60982
review_20909,class_1bc7e06ece0f38a60982
review_20910,class_e65aace9237833ec7752
review_20911,class_52da9457fdf6740afd51
review_20912,class_1bc7e06ece0f38a60982
review_20913,class_e65aace9237833ec7752
review_20914,class_1bc7e06ece0f38a60982
review_20915,class_1bc7e06ece0f38a60982
review_20916,class_7d54e6ff154ad392b174
review_20917,class_1bc7e06ece0f38a60982
review_20918,class_1bc7e06ece0f38a60982
review_20919,class_1bc7e06ece0f38a60982
review_20920,class_1bc7e06ece0f38a60982
review_20921,class_1bc7e06ece0f38a60982
review_20922,class_1bc7e06ece0f38a60982
review_20923,class_1bc7e06ece0f38a60982
review_20924,class_7d54e6ff154ad392b174
review_20925,class_1bc7e06ece0f38a60982
review_20926,class_0eeaed02d1a961f133b4
review_20927,class_7d54e6ff154ad392b174
review_20928,class_1bc7e06ece0f38a60982
review_20929,class_0eeaed02d1a961f133b4
review_20930,class_1bc7e06ece0f38a60982
review_20931,class_0eeaed02d1a961f133b4
review_20932,class_1bc7e06ece0f38a60982
review_20933,class_1bc7e06ece0f38a60982
review_20934,class_1bc7e06ece0f38a60982
review_20935,class_0eeaed02d1a961f133b4
review_20936,class_52da9457fdf6740afd51
review_20937,class_1bc7e06ece0f38a60982
review_20938,class_52da9457fdf6740afd51
review_20939,class_1bc7e06ece0f38a60982
review_20940,class_5da3128be1ff7664a1b2
review_20941,class_0eeaed02d1a961f133b4
review_20942,class_5da3128be1ff7664a1b2
review_20943,class_0eeaed02d1a961f133b4
review_20944,class_0eeaed02d1a961f133b4
review_20945,class_1bc7e06ece0f38a60982
review_20946,class_0eeaed02d1a961f133b4
review_20947,class_0eeaed02d1a961f133b4
review_20948,class_1bc7e06ece0f38a60982
review_20949,class_0eeaed02d1a961f133b4
review_20950,class_1bc7e06ece0f38a60982
review_20951,class_1bc7e06ece0f38a60982
review_20952,class_52da9457fdf6740afd51
review_20953,class_0eeaed02d1a961f133b4
review_20954,class_b89f90f328fa7e7781c0
review_20955,class_1bc7e06ece0f38a60982
review_20956,class_52da9457fdf6740afd51
review_20957,class_7d54e6ff154ad392b174
review_20958,class_9deef4712756d30ffaa3
review_20959,class_9deef4712756d30ffaa3
review_20960,class_52da9457fdf6740afd51
review_20961,class_7d54e6ff154ad392b174
review_20962,class_7d54e6ff154ad392b174
review_20963,class_7d54e6ff154ad392b174
review_20964,class_7d54e6ff154ad392b174
review_20965,class_7d54e6ff154ad392b174
review_20966,class_9deef4712756d30ffaa3
review_20967,class_7d54e6ff154ad392b174
review_20968,class_7d54e6ff154ad392b174
review_20969,class_7d54e6ff154ad392b174
review_20970,class_9deef4712756d30ffaa3
review_20971,class_9deef4712756d30ffaa3
review_20972,class_7d54e6ff154ad392b174
review_20973,class_9deef4712756d30ffaa3
review_20974,class_9deef4712756d30ffaa3
review_20975,class_7d54e6ff154ad392b174
review_20976,class_f6efb94c9ae061247bed
review_20977,class_7d54e6ff154ad392b174
review_20978,class_9deef4712756d30ffaa3
review_20979,class_e65aace9237833ec7752
review_20980,class_9deef4712756d30ffaa3
review_20981,class_7d54e6ff154ad392b174
review_20982,class_7d54e6ff154ad392b174
review_20983,class_9deef4712756d30ffaa3
review_20984,class_7d54e6ff154ad392b174
review_20985,class_7d54e6ff154ad392b174
review_20986,class_e65aace9237833ec7752
review_20987,class_9deef4712756d30ffaa3
review_20988,class_7d54e6ff154ad392b174
review_20989,class_9deef4712756d30ffaa3
review_20990,class_9deef4712756d30ffaa3
review_20991,class_7d54e6ff154ad392b174
review_20992,class_52da9457fdf6740afd51
review_20993,class_9deef4712756d30ffaa3
review_20994,class_52da9457fdf6740afd51
review_20995,class_0eeaed02d1a961f133b4
review_20996,class_e65aace9237833ec7752
review_20997,class_9deef4712756d30ffaa3
review_20998,class_1bc7e06ece0f38a60982
review_20999,class_e65aace9237833ec7752
review_21000,class_e65aace9237833ec7752
review_21001,class_7d54e6ff154ad392b174
review_21002,class_e65aace9237833ec7752
review_21003,class_9deef4712756d30ffaa3
review_21004,class_9deef4712756d30ffaa3
review_21005,class_9deef4712756d30ffaa3
review_21006,class_9deef4712756d30ffaa3
review_21007,class_7d54e6ff154ad392b174
review_21008,class_9deef4712756d30ffaa3
review_21009,class_9deef4712756d30ffaa3
review_21010,class_7d54e6ff154ad392b174
review_21011,class_9deef4712756d30ffaa3
review_21012,class_9deef4712756d30ffaa3
review_21013,class_9deef4712756d30ffaa3
review_21014,class_7d54e6ff154ad392b174
review_21015,class_9deef4712756d30ffaa3
review_21016,class_7d54e6ff154ad392b174
review_21017,class_9deef4712756d30ffaa3
review_21018,class_1cf1396a0c9bc53f37da
review_21019,class_9deef4712756d30ffaa3
review_21020,class_7d54e6ff154ad392b174
review_21021,class_7d54e6ff154ad392b174
review_21022,class_e65aace9237833ec7752
review_21023,class_9deef4712756d30ffaa3
review_21024,class_9deef4712756d30ffaa3
review_21025,class_7d54e6ff154ad392b174
review_21026,class_52da9457fdf6740afd51
review_21027,class_9deef4712756d30ffaa3
review_21028,class_52da9457fdf6740afd51
review_21029,class_9deef4712756d30ffaa3
review_21030,class_7d54e6ff154ad392b174
review_21031,class_7d54e6ff154ad392b174
review_21032,class_1318693c237b7b97c0c0
review_21033,class_52da9457fdf6740afd51
review_21034,class_52da9457fdf6740afd51
review_21035,class_7d54e6ff154ad392b174
review_21036,class_7d54e6ff154ad392b174
review_21037,class_1318693c237b7b97c0c0
review_21038,class_1cf1396a0c9bc53f37da
review_21039,class_1318693c237b7b97c0c0
review_21040,class_7d54e6ff154ad392b174
review_21041,class_7d54e6ff154ad392b174
review_21042,class_1bc7e06ece0f38a60982
review_21043,class_1318693c237b7b97c0c0
review_21044,class_7d54e6ff154ad392b174
review_21045,class_0eeaed02d1a961f133b4
review_21046,class_7d54e6ff154ad392b174
review_21047,class_7d54e6ff154ad392b174
review_21048,class_0eeaed02d1a961f133b4
review_21049,class_52da9457fdf6740afd51
review_21050,class_1bc7e06ece0f38a60982
review_21051,class_0eeaed02d1a961f133b4
review_21052,class_0eeaed02d1a961f133b4
review_21053,class_7d54e6ff154ad392b174
review_21054,class_7d54e6ff154ad392b174
review_21055,class_0eeaed02d1a961f133b4
review_21056,class_1318693c237b7b97c0c0
review_21057,class_7d54e6ff154ad392b174
review_21058,class_7d54e6ff154ad392b174
review_21059,class_7d54e6ff154ad392b174
review_21060,class_1bc7e06ece0f38a60982
review_21061,class_0eeaed02d1a961f133b4
review_21062,class_1bc7e06ece0f38a60982
review_21063,class_7d54e6ff154ad392b174
review_21064,class_7d54e6ff154ad392b174
review_21065,class_0eeaed02d1a961f133b4
review_21066,class_0eeaed02d1a961f133b4
review_21067,class_1cf1396a0c9bc53f37da
review_21068,class_7d54e6ff154ad392b174
review_21069,class_1318693c237b7b97c0c0
review_21070,class_0eeaed02d1a961f133b4
review_21071,class_7d54e6ff154ad392b174
review_21072,class_7d54e6ff154ad392b174
review_21073,class_7d54e6ff154ad392b174
review_21074,class_0eeaed02d1a961f133b4
review_21075,class_1bc7e06ece0f38a60982
review_21076,class_1bc7e06ece0f38a60982
review_21077,class_0eeaed02d1a961f133b4
review_21078,class_1bc7e06ece0f38a60982
review_21079,class_1bc7e06ece0f38a60982
review_21080,class_1bc7e06ece0f38a60982
review_21081,class_1bc7e06ece0f38a60982
review_21082,class_e65aace9237833ec7752
review_21083,class_1bc7e06ece0f38a60982
review_21084,class_1bc7e06ece0f38a60982
review_21085,class_b89f90f328fa7e7781c0
review_21086,class_1bc7e06ece0f38a60982
review_21087,class_1bc7e06ece0f38a60982
review_21088,class_1bc7e06ece0f38a60982
review_21089,class_0eeaed02d1a961f133b4
review_21090,class_1bc7e06ece0f38a60982
review_21091,class_1bc7e06ece0f38a60982
review_21092,class_b89f90f328fa7e7781c0
review_21093,class_1bc7e06ece0f38a60982
review_21094,class_1cf1396a0c9bc53f37da
review_21095,class_7d54e6ff154ad392b174
review_21096,class_1bc7e06ece0f38a60982
review_21097,class_1bc7e06ece0f38a60982
review_21098,class_1bc7e06ece0f38a60982
review_21099,class_1bc7e06ece0f38a60982
review_21100,class_1bc7e06ece0f38a60982
review_21101,class_1bc7e06ece0f38a60982
review_21102,class_7d54e6ff154ad392b174
review_21103,class_1bc7e06ece0f38a60982
review_21104,class_1bc7e06ece0f38a60982
review_21105,class_7d54e6ff154ad392b174
review_21106,class_1bc7e06ece0f38a60982
review_21107,class_1bc7e06ece0f38a60982
review_21108,class_7d54e6ff154ad392b174
review_21109,class_f6efb94c9ae061247bed
review_21110,class_e65aace9237833ec7752
review_21111,class_e65aace9237833ec7752
review_21112,class_1bc7e06ece0f38a60982
review_21113,class_f6efb94c9ae061247bed
review_21114,class_1bc7e06ece0f38a60982
review_21115,class_1bc7e06ece0f38a60982
review_21116,class_1bc7e06ece0f38a60982
review_21117,class_52da9457fdf6740afd51
review_21118,class_7d54e6ff154ad392b174
review_21119,class_1bc7e06ece0f38a60982
review_21120,class_1bc7e06ece0f38a60982
review_21121,class_1bc7e06ece0f38a60982
review_21122,class_0eeaed02d1a961f133b4
review_21123,class_e65aace9237833ec7752
review_21124,class_1bc7e06ece0f38a60982
review_21125,class_1bc7e06ece0f38a60982
review_21126,class_1bc7e06ece0f38a60982
review_21127,class_1bc7e06ece0f38a60982
review_21128,class_52da9457fdf6740afd51
review_21129,class_1bc7e06ece0f38a60982
review_21130,class_1bc7e06ece0f38a60982
review_21131,class_1bc7e06ece0f38a60982
review_21132,class_e65aace9237833ec7752
review_21133,class_e65aace9237833ec7752
review_21134,class_e65aace9237833ec7752
review_21135,class_7d54e6ff154ad392b174
review_21136,class_1bc7e06ece0f38a60982
review_21137,class_e65aace9237833ec7752
review_21138,class_f6efb94c9ae061247bed
review_21139,class_b89f90f328fa7e7781c0
review_21140,class_e65aace9237833ec7752
review_21141,class_1bc7e06ece0f38a60982
review_21142,class_e65aace9237833ec7752
review_21143,class_1bc7e06ece0f38a60982
review_21144,class_7d54e6ff154ad392b174
review_21145,class_0eeaed02d1a961f133b4
review_21146,class_e65aace9237833ec7752
review_21147,class_e65aace9237833ec7752
review_21148,class_1bc7e06ece0f38a60982
review_21149,class_1bc7e06ece0f38a60982
review_21150,class_e65aace9237833ec7752
review_21151,class_e65aace9237833ec7752
review_21152,class_e65aace9237833ec7752
review_21153,class_0eeaed02d1a961f133b4
review_21154,class_1bc7e06ece0f38a60982
review_21155,class_0eeaed02d1a961f133b4
review_21156,class_e65aace9237833ec7752
review_21157,class_7d54e6ff154ad392b174
review_21158,class_0eeaed02d1a961f133b4
review_21159,class_7d54e6ff154ad392b174
review_21160,class_e65aace9237833ec7752
review_21161,class_e65aace9237833ec7752
review_21162,class_1bc7e06ece0f38a60982
review_21163,class_e65aace9237833ec7752
review_21164,class_e65aace9237833ec7752
review_21165,class_0eeaed02d1a961f133b4
review_21166,class_1bc7e06ece0f38a60982
review_21167,class_e65aace9237833ec7752
review_21168,class_1bc7e06ece0f38a60982
review_21169,class_0eeaed02d1a961f133b4
review_21170,class_e65aace9237833ec7752
review_21171,class_7d54e6ff154ad392b174
review_21172,class_1bc7e06ece0f38a60982
review_21173,class_7d54e6ff154ad392b174
review_21174,class_e65aace9237833ec7752
review_21175,class_1bc7e06ece0f38a60982
review_21176,class_0eeaed02d1a961f133b4
review_21177,class_e65aace9237833ec7752
review_21178,class_1bc7e06ece0f38a60982
review_21179,class_e65aace9237833ec7752
review_21180,class_e65aace9237833ec7752
review_21181,class_1bc7e06ece0f38a60982
review_21182,class_1bc7e06ece0f38a60982
review_21183,class_1bc7e06ece0f38a60982
review_21184,class_e65aace9237833ec7752
review_21185,class_1bc7e06ece0f38a60982
review_21186,class_1bc7e06ece0f38a60982
review_21187,class_0eeaed02d1a961f133b4
review_21188,class_e65aace9237833ec7752
review_21189,class_b89f90f328fa7e7781c0
review_21190,class_7d54e6ff154ad392b174
review_21191,class_b89f90f328fa7e7781c0
review_21192,class_1bc7e06ece0f38a60982
review_21193,class_7d54e6ff154ad392b174
review_21194,class_52da9457fdf6740afd51
review_21195,class_48075864b2596de25a65
review_21196,class_b89f90f328fa7e7781c0
review_21197,class_52da9457fdf6740afd51
review_21198,class_52da9457fdf6740afd51
review_21199,class_1bc7e06ece0f38a60982
review_21200,class_1bc7e06ece0f38a60982
review_21201,class_52da9457fdf6740afd51
review_21202,class_e65aace9237833ec7752
review_21203,class_1bc7e06ece0f38a60982
review_21204,class_1bc7e06ece0f38a60982
review_21205,class_b89f90f328fa7e7781c0
review_21206,class_52da9457fdf6740afd51
review_21207,class_1bc7e06ece0f38a60982
review_21208,class_1bc7e06ece0f38a60982
review_21209,class_52da9457fdf6740afd51
review_21210,class_1bc7e06ece0f38a60982
review_21211,class_e65aace9237833ec7752
review_21212,class_1bc7e06ece0f38a60982
review_21213,class_7d54e6ff154ad392b174
review_21214,class_1bc7e06ece0f38a60982
review_21215,class_b89f90f328fa7e7781c0
review_21216,class_1bc7e06ece0f38a60982
review_21217,class_1bc7e06ece0f38a60982
review_21218,class_b89f90f328fa7e7781c0
review_21219,class_1bc7e06ece0f38a60982
review_21220,class_7d54e6ff154ad392b174
review_21221,class_e65aace9237833ec7752
review_21222,class_1bc7e06ece0f38a60982
review_21223,class_1bc7e06ece0f38a60982
review_21224,class_1bc7e06ece0f38a60982
review_21225,class_1bc7e06ece0f38a60982
review_21226,class_52da9457fdf6740afd51
review_21227,class_be68f8ed5877c11b8be4
review_21228,class_1318693c237b7b97c0c0
review_21229,class_c3ca5f787365eae0dea8
review_21230,class_1318693c237b7b97c0c0
review_21231,class_be68f8ed5877c11b8be4
review_21232,class_1318693c237b7b97c0c0
review_21233,class_9deef4712756d30ffaa3
review_21234,class_be68f8ed5877c11b8be4
review_21235,class_9deef4712756d30ffaa3
review_21236,class_9deef4712756d30ffaa3
review_21237,class_1cf1396a0c9bc53f37da
review_21238,class_52da9457fdf6740afd51
review_21239,class_1bc7e06ece0f38a60982
review_21240,class_9deef4712756d30ffaa3
review_21241,class_1318693c237b7b97c0c0
review_21242,class_1cf1396a0c9bc53f37da
review_21243,class_be68f8ed5877c11b8be4
review_21244,class_be68f8ed5877c11b8be4
review_21245,class_52da9457fdf6740afd51
review_21246,class_be68f8ed5877c11b8be4
review_21247,class_7d54e6ff154ad392b174
review_21248,class_52da9457fdf6740afd51
review_21249,class_1cf1396a0c9bc53f37da
review_21250,class_1cf1396a0c9bc53f37da
review_21251,class_f6efb94c9ae061247bed
review_21252,class_1cf1396a0c9bc53f37da
review_21253,class_be68f8ed5877c11b8be4
review_21254,class_1318693c237b7b97c0c0
review_21255,class_f6efb94c9ae061247bed
review_21256,class_52da9457fdf6740afd51
review_21257,class_1318693c237b7b97c0c0
review_21258,class_be68f8ed5877c11b8be4
review_21259,class_0eeaed02d1a961f133b4
review_21260,class_1cf1396a0c9bc53f37da
review_21261,class_1318693c237b7b97c0c0
review_21262,class_1bc7e06ece0f38a60982
review_21263,class_1bc7e06ece0f38a60982
review_21264,class_1318693c237b7b97c0c0
review_21265,class_1cf1396a0c9bc53f37da
review_21266,class_52da9457fdf6740afd51
review_21267,class_1318693c237b7b97c0c0
review_21268,class_1bc7e06ece0f38a60982
review_21269,class_9deef4712756d30ffaa3
review_21270,class_1bc7e06ece0f38a60982
review_21271,class_1bc7e06ece0f38a60982
review_21272,class_1bc7e06ece0f38a60982
review_21273,class_e65aace9237833ec7752
review_21274,class_e65aace9237833ec7752
review_21275,class_7d54e6ff154ad392b174
review_21276,class_7d54e6ff154ad392b174
review_21277,class_7d54e6ff154ad392b174
review_21278,class_e65aace9237833ec7752
review_21279,class_e65aace9237833ec7752
review_21280,class_9deef4712756d30ffaa3
review_21281,class_52da9457fdf6740afd51
review_21282,class_9deef4712756d30ffaa3
review_21283,class_1bc7e06ece0f38a60982
review_21284,class_7d54e6ff154ad392b174
review_21285,class_52438e68a549a636811e
review_21286,class_1bc7e06ece0f38a60982
review_21287,class_7d54e6ff154ad392b174
review_21288,class_1bc7e06ece0f38a60982
review_21289,class_52438e68a549a636811e
review_21290,class_1bc7e06ece0f38a60982
review_21291,class_9deef4712756d30ffaa3
review_21292,class_1bc7e06ece0f38a60982
review_21293,class_e65aace9237833ec7752
review_21294,class_9deef4712756d30ffaa3
review_21295,class_9deef4712756d30ffaa3
review_21296,class_1bc7e06ece0f38a60982
review_21297,class_e65aace9237833ec7752
review_21298,class_9deef4712756d30ffaa3
review_21299,class_1bc7e06ece0f38a60982
review_21300,class_1318693c237b7b97c0c0
review_21301,class_7d54e6ff154ad392b174
review_21302,class_b89f90f328fa7e7781c0
review_21303,class_7d54e6ff154ad392b174
review_21304,class_7d54e6ff154ad392b174
review_21305,class_7d54e6ff154ad392b174
review_21306,class_7d54e6ff154ad392b174
review_21307,class_7d54e6ff154ad392b174
review_21308,class_52da9457fdf6740afd51
review_21309,class_0eeaed02d1a961f133b4
review_21310,class_52da9457fdf6740afd51
review_21311,class_52da9457fdf6740afd51
review_21312,class_7d54e6ff154ad392b174
review_21313,class_52da9457fdf6740afd51
review_21314,class_7d54e6ff154ad392b174
review_21315,class_52da9457fdf6740afd51
review_21316,class_52da9457fdf6740afd51
review_21317,class_52da9457fdf6740afd51
review_21318,class_7d54e6ff154ad392b174
review_21319,class_e65aace9237833ec7752
review_21320,class_7d54e6ff154ad392b174
review_21321,class_1bc7e06ece0f38a60982
review_21322,class_52da9457fdf6740afd51
review_21323,class_1bc7e06ece0f38a60982
review_21324,class_52da9457fdf6740afd51
review_21325,class_7d54e6ff154ad392b174
review_21326,class_e65aace9237833ec7752
review_21327,class_1cf1396a0c9bc53f37da
review_21328,class_7d54e6ff154ad392b174
review_21329,class_52da9457fdf6740afd51
review_21330,class_52da9457fdf6740afd51
review_21331,class_7d54e6ff154ad392b174
review_21332,class_1bc7e06ece0f38a60982
review_21333,class_52da9457fdf6740afd51
review_21334,class_7d54e6ff154ad392b174
review_21335,class_e65aace9237833ec7752
review_21336,class_52da9457fdf6740afd51
review_21337,class_f6efb94c9ae061247bed
review_21338,class_1cf1396a0c9bc53f37da
review_21339,class_1bc7e06ece0f38a60982
review_21340,class_0eeaed02d1a961f133b4
review_21341,class_1bc7e06ece0f38a60982
review_21342,class_7d54e6ff154ad392b174
review_21343,class_7d54e6ff154ad392b174
review_21344,class_52da9457fdf6740afd51
review_21345,class_f6efb94c9ae061247bed
review_21346,class_7d54e6ff154ad392b174
review_21347,class_7d54e6ff154ad392b174
review_21348,class_1bc7e06ece0f38a60982
review_21349,class_7d54e6ff154ad392b174
review_21350,class_7d54e6ff154ad392b174
review_21351,class_7d54e6ff154ad392b174
review_21352,class_1bc7e06ece0f38a60982
review_21353,class_52da9457fdf6740afd51
review_21354,class_52da9457fdf6740afd51
review_21355,class_1cf1396a0c9bc53f37da
review_21356,class_7d54e6ff154ad392b174
review_21357,class_7d54e6ff154ad392b174
review_21358,class_52da9457fdf6740afd51
review_21359,class_f6efb94c9ae061247bed
review_21360,class_52da9457fdf6740afd51
review_21361,class_7d54e6ff154ad392b174
review_21362,class_7d54e6ff154ad392b174
review_21363,class_7d54e6ff154ad392b174
review_21364,class_52da9457fdf6740afd51
review_21365,class_52da9457fdf6740afd51
review_21366,class_7d54e6ff154ad392b174
review_21367,class_1cf1396a0c9bc53f37da
review_21368,class_52da9457fdf6740afd51
review_21369,class_0eeaed02d1a961f133b4
review_21370,class_52da9457fdf6740afd51
review_21371,class_52da9457fdf6740afd51
review_21372,class_52da9457fdf6740afd51
review_21373,class_1bc7e06ece0f38a60982
review_21374,class_1cf1396a0c9bc53f37da
review_21375,class_7d54e6ff154ad392b174
review_21376,class_b89f90f328fa7e7781c0
review_21377,class_52da9457fdf6740afd51
review_21378,class_7d54e6ff154ad392b174
review_21379,class_1bc7e06ece0f38a60982
review_21380,class_7d54e6ff154ad392b174
review_21381,class_52da9457fdf6740afd51
review_21382,class_0eeaed02d1a961f133b4
review_21383,class_7d54e6ff154ad392b174
review_21384,class_e65aace9237833ec7752
review_21385,class_be68f8ed5877c11b8be4
review_21386,class_7d54e6ff154ad392b174
review_21387,class_e65aace9237833ec7752
review_21388,class_7d54e6ff154ad392b174
review_21389,class_52da9457fdf6740afd51
review_21390,class_7d54e6ff154ad392b174
review_21391,class_1bc7e06ece0f38a60982
review_21392,class_52da9457fdf6740afd51
review_21393,class_52da9457fdf6740afd51
review_21394,class_52da9457fdf6740afd51
review_21395,class_52da9457fdf6740afd51
review_21396,class_7d54e6ff154ad392b174
review_21397,class_52da9457fdf6740afd51
review_21398,class_7d54e6ff154ad392b174
review_21399,class_52da9457fdf6740afd51
review_21400,class_7d54e6ff154ad392b174
review_21401,class_1bc7e06ece0f38a60982
review_21402,class_1bc7e06ece0f38a60982
review_21403,class_7d54e6ff154ad392b174
review_21404,class_1cf1396a0c9bc53f37da
review_21405,class_9deef4712756d30ffaa3
review_21406,class_b89f90f328fa7e7781c0
review_21407,class_7d54e6ff154ad392b174
review_21408,class_1cf1396a0c9bc53f37da
review_21409,class_1cf1396a0c9bc53f37da
review_21410,class_52da9457fdf6740afd51
review_21411,class_52da9457fdf6740afd51
review_21412,class_1bc7e06ece0f38a60982
review_21413,class_9deef4712756d30ffaa3
review_21414,class_1bc7e06ece0f38a60982
review_21415,class_b89f90f328fa7e7781c0
review_21416,class_1bc7e06ece0f38a60982
review_21417,class_1bc7e06ece0f38a60982
review_21418,class_0eeaed02d1a961f133b4
review_21419,class_1bc7e06ece0f38a60982
review_21420,class_1bc7e06ece0f38a60982
review_21421,class_1bc7e06ece0f38a60982
review_21422,class_9deef4712756d30ffaa3
review_21423,class_1bc7e06ece0f38a60982
review_21424,class_1bc7e06ece0f38a60982
review_21425,class_0eeaed02d1a961f133b4
review_21426,class_9deef4712756d30ffaa3
review_21427,class_c3ca5f787365eae0dea8
review_21428,class_1bc7e06ece0f38a60982
review_21429,class_1bc7e06ece0f38a60982
review_21430,class_1bc7e06ece0f38a60982
review_21431,class_1bc7e06ece0f38a60982
review_21432,class_1bc7e06ece0f38a60982
review_21433,class_1bc7e06ece0f38a60982
review_21434,class_1bc7e06ece0f38a60982
review_21435,class_9e32d15b246e504af33c
review_21436,class_9e32d15b246e504af33c
review_21437,class_7d54e6ff154ad392b174
review_21438,class_1bc7e06ece0f38a60982
review_21439,class_9e32d15b246e504af33c
review_21440,class_1bc7e06ece0f38a60982
review_21441,class_1bc7e06ece0f38a60982
review_21442,class_1bc7e06ece0f38a60982
review_21443,class_1bc7e06ece0f38a60982
review_21444,class_1bc7e06ece0f38a60982
review_21445,class_1bc7e06ece0f38a60982
review_21446,class_1bc7e06ece0f38a60982
review_21447,class_1bc7e06ece0f38a60982
review_21448,class_1bc7e06ece0f38a60982
review_21449,class_1bc7e06ece0f38a60982
review_21450,class_1bc7e06ece0f38a60982
review_21451,class_9e32d15b246e504af33c
review_21452,class_1bc7e06ece0f38a60982
review_21453,class_9e32d15b246e504af33c
review_21454,class_1bc7e06ece0f38a60982
review_21455,class_1bc7e06ece0f38a60982
review_21456,class_0eeaed02d1a961f133b4
review_21457,class_1bc7e06ece0f38a60982
review_21458,class_1bc7e06ece0f38a60982
review_21459,class_c3ca5f787365eae0dea8
review_21460,class_1bc7e06ece0f38a60982
review_21461,class_1bc7e06ece0f38a60982
review_21462,class_e65aace9237833ec7752
review_21463,class_9e32d15b246e504af33c
review_21464,class_1bc7e06ece0f38a60982
review_21465,class_1bc7e06ece0f38a60982
review_21466,class_1bc7e06ece0f38a60982
review_21467,class_1bc7e06ece0f38a60982
review_21468,class_1bc7e06ece0f38a60982
review_21469,class_52da9457fdf6740afd51
review_21470,class_9deef4712756d30ffaa3
review_21471,class_f6efb94c9ae061247bed
review_21472,class_1bc7e06ece0f38a60982
review_21473,class_1bc7e06ece0f38a60982
review_21474,class_1bc7e06ece0f38a60982
review_21475,class_1bc7e06ece0f38a60982
review_21476,class_1bc7e06ece0f38a60982
review_21477,class_1bc7e06ece0f38a60982
review_21478,class_1bc7e06ece0f38a60982
review_21479,class_1bc7e06ece0f38a60982
review_21480,class_1bc7e06ece0f38a60982
review_21481,class_1bc7e06ece0f38a60982
review_21482,class_1bc7e06ece0f38a60982
review_21483,class_9e32d15b246e504af33c
review_21484,class_1bc7e06ece0f38a60982
review_21485,class_7d54e6ff154ad392b174
review_21486,class_e65aace9237833ec7752
review_21487,class_e65aace9237833ec7752
review_21488,class_1bc7e06ece0f38a60982
review_21489,class_1bc7e06ece0f38a60982
review_21490,class_e65aace9237833ec7752
review_21491,class_1bc7e06ece0f38a60982
review_21492,class_e65aace9237833ec7752
review_21493,class_52da9457fdf6740afd51
review_21494,class_7d54e6ff154ad392b174
review_21495,class_1bc7e06ece0f38a60982
review_21496,class_7d54e6ff154ad392b174
review_21497,class_1cf1396a0c9bc53f37da
review_21498,class_e65aace9237833ec7752
review_21499,class_7d54e6ff154ad392b174
review_21500,class_7d54e6ff154ad392b174
review_21501,class_e65aace9237833ec7752
review_21502,class_1bc7e06ece0f38a60982
review_21503,class_7d54e6ff154ad392b174
review_21504,class_5da3128be1ff7664a1b2
review_21505,class_1cf1396a0c9bc53f37da
review_21506,class_1bc7e06ece0f38a60982
review_21507,class_1cf1396a0c9bc53f37da
review_21508,class_1cf1396a0c9bc53f37da
review_21509,class_7d54e6ff154ad392b174
review_21510,class_1cf1396a0c9bc53f37da
review_21511,class_e65aace9237833ec7752
review_21512,class_e65aace9237833ec7752
review_21513,class_e65aace9237833ec7752
review_21514,class_1cf1396a0c9bc53f37da
review_21515,class_1cf1396a0c9bc53f37da
review_21516,class_e65aace9237833ec7752
review_21517,class_5da3128be1ff7664a1b2
review_21518,class_e65aace9237833ec7752
review_21519,class_1cf1396a0c9bc53f37da
review_21520,class_1cf1396a0c9bc53f37da
review_21521,class_e65aace9237833ec7752
review_21522,class_1cf1396a0c9bc53f37da
review_21523,class_5da3128be1ff7664a1b2
review_21524,class_e65aace9237833ec7752
review_21525,class_7d54e6ff154ad392b174
review_21526,class_7d54e6ff154ad392b174
review_21527,class_b89f90f328fa7e7781c0
review_21528,class_7d54e6ff154ad392b174
review_21529,class_7d54e6ff154ad392b174
review_21530,class_9e32d15b246e504af33c
review_21531,class_9e32d15b246e504af33c
review_21533,class_7d54e6ff154ad392b174
review_21534,class_b89f90f328fa7e7781c0
review_21535,class_7d54e6ff154ad392b174
review_21536,class_9e32d15b246e504af33c
review_21537,class_9deef4712756d30ffaa3
review_21538,class_b89f90f328fa7e7781c0
review_21539,class_7d54e6ff154ad392b174
review_21540,class_7d54e6ff154ad392b174
review_21541,class_b89f90f328fa7e7781c0
review_21542,class_e65aace9237833ec7752
review_21543,class_1318693c237b7b97c0c0
review_21544,class_1318693c237b7b97c0c0
review_21545,class_1bc7e06ece0f38a60982
review_21546,class_1bc7e06ece0f38a60982
review_21547,class_1bc7e06ece0f38a60982
review_21548,class_7d54e6ff154ad392b174
review_21549,class_1bc7e06ece0f38a60982
review_21550,class_1bc7e06ece0f38a60982
review_21551,class_1bc7e06ece0f38a60982
review_21552,class_1bc7e06ece0f38a60982
review_21553,class_1bc7e06ece0f38a60982
review_21554,class_e65aace9237833ec7752
review_21555,class_1bc7e06ece0f38a60982
review_21556,class_e65aace9237833ec7752
review_21557,class_1318693c237b7b97c0c0
review_21558,class_7d54e6ff154ad392b174
review_21559,class_1bc7e06ece0f38a60982
review_21560,class_1bc7e06ece0f38a60982
review_21561,class_1bc7e06ece0f38a60982
review_21562,class_e65aace9237833ec7752
review_21563,class_1cf1396a0c9bc53f37da
review_21564,class_1bc7e06ece0f38a60982
review_21565,class_7d54e6ff154ad392b174
review_21566,class_48075864b2596de25a65
review_21567,class_e65aace9237833ec7752
review_21568,class_1bc7e06ece0f38a60982
review_21569,class_1bc7e06ece0f38a60982
review_21570,class_1bc7e06ece0f38a60982
review_21571,class_1bc7e06ece0f38a60982
review_21572,class_7d54e6ff154ad392b174
review_21573,class_1bc7e06ece0f38a60982
review_21574,class_52da9457fdf6740afd51
review_21575,class_48075864b2596de25a65
review_21576,class_7d54e6ff154ad392b174
review_21577,class_1bc7e06ece0f38a60982
review_21578,class_1318693c237b7b97c0c0
review_21579,class_1bc7e06ece0f38a60982
review_21580,class_1318693c237b7b97c0c0
review_21581,class_1bc7e06ece0f38a60982
review_21582,class_1318693c237b7b97c0c0
review_21583,class_52da9457fdf6740afd51
review_21584,class_1318693c237b7b97c0c0
review_21585,class_1318693c237b7b97c0c0
review_21586,class_1318693c237b7b97c0c0
review_21587,class_7d54e6ff154ad392b174
review_21588,class_1bc7e06ece0f38a60982
review_21589,class_1318693c237b7b97c0c0
review_21590,class_1bc7e06ece0f38a60982
review_21591,class_7d54e6ff154ad392b174
review_21592,class_1bc7e06ece0f38a60982
review_21593,class_7d54e6ff154ad392b174
review_21594,class_7d54e6ff154ad392b174
review_21595,class_7d54e6ff154ad392b174
review_21596,class_7d54e6ff154ad392b174
review_21597,class_7d54e6ff154ad392b174
review_21598,class_7d54e6ff154ad392b174
review_21599,class_48075864b2596de25a65
review_21600,class_7d54e6ff154ad392b174
review_21601,class_7d54e6ff154ad392b174
review_21602,class_7d54e6ff154ad392b174
review_21603,class_1bc7e06ece0f38a60982
review_21604,class_7d54e6ff154ad392b174
review_21605,class_7d54e6ff154ad392b174
review_21606,class_7d54e6ff154ad392b174
review_21607,class_7d54e6ff154ad392b174
review_21608,class_7d54e6ff154ad392b174
review_21609,class_1bc7e06ece0f38a60982
review_21610,class_7d54e6ff154ad392b174
review_21611,class_1bc7e06ece0f38a60982
review_21612,class_7d54e6ff154ad392b174
review_21613,class_7d54e6ff154ad392b174
review_21614,class_7d54e6ff154ad392b174
review_21615,class_7d54e6ff154ad392b174
review_21616,class_7d54e6ff154ad392b174
review_21617,class_7d54e6ff154ad392b174
review_21618,class_7d54e6ff154ad392b174
review_21619,class_7d54e6ff154ad392b174
review_21620,class_7d54e6ff154ad392b174
review_21621,class_1bc7e06ece0f38a60982
review_21622,class_7d54e6ff154ad392b174
review_21623,class_1bc7e06ece0f38a60982
review_21624,class_1bc7e06ece0f38a60982
review_21625,class_7d54e6ff154ad392b174
review_21626,class_7d54e6ff154ad392b174
review_21627,class_7d54e6ff154ad392b174
review_21628,class_7d54e6ff154ad392b174
review_21629,class_7d54e6ff154ad392b174
review_21630,class_7d54e6ff154ad392b174
review_21631,class_7d54e6ff154ad392b174
review_21632,class_7d54e6ff154ad392b174
review_21633,class_1bc7e06ece0f38a60982
review_21634,class_7d54e6ff154ad392b174
review_21635,class_7d54e6ff154ad392b174
review_21636,class_7d54e6ff154ad392b174
review_21637,class_7d54e6ff154ad392b174
review_21638,class_7d54e6ff154ad392b174
review_21639,class_7d54e6ff154ad392b174
review_21640,class_7d54e6ff154ad392b174
review_21641,class_0eeaed02d1a961f133b4
review_21642,class_7d54e6ff154ad392b174
review_21643,class_1bc7e06ece0f38a60982
review_21644,class_7d54e6ff154ad392b174
review_21645,class_1bc7e06ece0f38a60982
review_21646,class_1bc7e06ece0f38a60982
review_21647,class_7d54e6ff154ad392b174
review_21648,class_7d54e6ff154ad392b174
review_21649,class_0eeaed02d1a961f133b4
review_21650,class_0eeaed02d1a961f133b4
review_21651,class_1cf1396a0c9bc53f37da
review_21652,class_0eeaed02d1a961f133b4
review_21653,class_e65aace9237833ec7752
review_21654,class_0eeaed02d1a961f133b4
review_21655,class_52da9457fdf6740afd51
review_21656,class_0eeaed02d1a961f133b4
review_21657,class_0eeaed02d1a961f133b4
review_21658,class_0eeaed02d1a961f133b4
review_21659,class_7d54e6ff154ad392b174
review_21660,class_9e32d15b246e504af33c
review_21661,class_0eeaed02d1a961f133b4
review_21662,class_0eeaed02d1a961f133b4
review_21663,class_e65aace9237833ec7752
review_21664,class_e65aace9237833ec7752
review_21665,class_0eeaed02d1a961f133b4
review_21666,class_0eeaed02d1a961f133b4
review_21667,class_e65aace9237833ec7752
review_21668,class_0eeaed02d1a961f133b4
review_21669,class_52da9457fdf6740afd51
review_21670,class_0eeaed02d1a961f133b4
review_21671,class_0eeaed02d1a961f133b4
review_21672,class_0eeaed02d1a961f133b4
review_21673,class_e65aace9237833ec7752
review_21674,class_0eeaed02d1a961f133b4
review_21675,class_0eeaed02d1a961f133b4
review_21676,class_e65aace9237833ec7752
review_21677,class_1318693c237b7b97c0c0
review_21678,class_0eeaed02d1a961f133b4
review_21679,class_0eeaed02d1a961f133b4
review_21680,class_1cf1396a0c9bc53f37da
review_21681,class_0eeaed02d1a961f133b4
review_21682,class_0eeaed02d1a961f133b4
review_21683,class_0eeaed02d1a961f133b4
review_21684,class_0eeaed02d1a961f133b4
review_21685,class_0eeaed02d1a961f133b4
review_21686,class_52da9457fdf6740afd51
review_21687,class_f6efb94c9ae061247bed
review_21688,class_1cf1396a0c9bc53f37da
review_21689,class_52da9457fdf6740afd51
review_21690,class_1bc7e06ece0f38a60982
review_21691,class_f6efb94c9ae061247bed
review_21692,class_52da9457fdf6740afd51
review_21693,class_52438e68a549a636811e
review_21694,class_1cf1396a0c9bc53f37da
review_21695,class_1bc7e06ece0f38a60982
review_21696,class_1bc7e06ece0f38a60982
review_21697,class_52da9457fdf6740afd51
review_21698,class_e65aace9237833ec7752
review_21699,class_1bc7e06ece0f38a60982
review_21700,class_1bc7e06ece0f38a60982
review_21701,class_9deef4712756d30ffaa3
review_21702,class_f6efb94c9ae061247bed
review_21703,class_52da9457fdf6740afd51
review_21704,class_9deef4712756d30ffaa3
review_21705,class_9deef4712756d30ffaa3
review_21706,class_9deef4712756d30ffaa3
review_21707,class_e65aace9237833ec7752
review_21708,class_1bc7e06ece0f38a60982
review_21709,class_1bc7e06ece0f38a60982
review_21710,class_9deef4712756d30ffaa3
review_21711,class_9deef4712756d30ffaa3
review_21712,class_f6efb94c9ae061247bed
review_21713,class_9deef4712756d30ffaa3
review_21714,class_f6efb94c9ae061247bed
review_21715,class_9deef4712756d30ffaa3
review_21716,class_1bc7e06ece0f38a60982
review_21717,class_1cf1396a0c9bc53f37da
review_21718,class_52da9457fdf6740afd51
review_21719,class_52da9457fdf6740afd51
review_21720,class_0eeaed02d1a961f133b4
review_21721,class_1cf1396a0c9bc53f37da
review_21722,class_1bc7e06ece0f38a60982
review_21723,class_9deef4712756d30ffaa3
review_21724,class_1bc7e06ece0f38a60982
review_21725,class_52da9457fdf6740afd51
review_21726,class_9deef4712756d30ffaa3
review_21727,class_e65aace9237833ec7752
review_21728,class_1bc7e06ece0f38a60982
review_21729,class_52da9457fdf6740afd51
review_21730,class_1cf1396a0c9bc53f37da
review_21731,class_1cf1396a0c9bc53f37da
review_21732,class_1bc7e06ece0f38a60982
review_21733,class_f6efb94c9ae061247bed
review_21734,class_1bc7e06ece0f38a60982
review_21735,class_e65aace9237833ec7752
review_21736,class_e65aace9237833ec7752
review_21737,class_f6efb94c9ae061247bed
review_21738,class_b89f90f328fa7e7781c0
review_21739,class_e65aace9237833ec7752
review_21740,class_1cf1396a0c9bc53f37da
review_21741,class_f6efb94c9ae061247bed
review_21742,class_1bc7e06ece0f38a60982
review_21743,class_7d54e6ff154ad392b174
review_21744,class_1bc7e06ece0f38a60982
review_21745,class_1bc7e06ece0f38a60982
review_21746,class_1bc7e06ece0f38a60982
review_21747,class_1bc7e06ece0f38a60982
review_21748,class_7d54e6ff154ad392b174
review_21749,class_1bc7e06ece0f38a60982
review_21750,class_1bc7e06ece0f38a60982
review_21751,class_1bc7e06ece0f38a60982
review_21752,class_7d54e6ff154ad392b174
review_21753,class_1bc7e06ece0f38a60982
review_21754,class_1bc7e06ece0f38a60982
review_21755,class_1bc7e06ece0f38a60982
review_21756,class_1bc7e06ece0f38a60982
review_21757,class_7d54e6ff154ad392b174
review_21758,class_1bc7e06ece0f38a60982
review_21759,class_1bc7e06ece0f38a60982
review_21760,class_52438e68a549a636811e
review_21761,class_be68f8ed5877c11b8be4
review_21762,class_1bc7e06ece0f38a60982
review_21763,class_1bc7e06ece0f38a60982
review_21764,class_7d54e6ff154ad392b174
review_21765,class_1bc7e06ece0f38a60982
review_21766,class_1bc7e06ece0f38a60982
review_21767,class_1cf1396a0c9bc53f37da
review_21768,class_1bc7e06ece0f38a60982
review_21769,class_1bc7e06ece0f38a60982
review_21770,class_7d54e6ff154ad392b174
review_21771,class_7d54e6ff154ad392b174
review_21772,class_1bc7e06ece0f38a60982
review_21773,class_1bc7e06ece0f38a60982
review_21774,class_1bc7e06ece0f38a60982
review_21775,class_1bc7e06ece0f38a60982
review_21776,class_1bc7e06ece0f38a60982
review_21777,class_f6efb94c9ae061247bed
review_21778,class_7d54e6ff154ad392b174
review_21779,class_1bc7e06ece0f38a60982
review_21780,class_7d54e6ff154ad392b174
review_21781,class_1bc7e06ece0f38a60982
review_21782,class_f6efb94c9ae061247bed
review_21783,class_1bc7e06ece0f38a60982
review_21784,class_0eeaed02d1a961f133b4
review_21785,class_1bc7e06ece0f38a60982
review_21786,class_1bc7e06ece0f38a60982
review_21787,class_1bc7e06ece0f38a60982
review_21788,class_1bc7e06ece0f38a60982
review_21789,class_1bc7e06ece0f38a60982
review_21790,class_f6efb94c9ae061247bed
review_21791,class_1bc7e06ece0f38a60982
review_21792,class_1bc7e06ece0f38a60982
review_21793,class_1bc7e06ece0f38a60982
review_21794,class_7d54e6ff154ad392b174
review_21795,class_1bc7e06ece0f38a60982
review_21796,class_5da3128be1ff7664a1b2
review_21797,class_1bc7e06ece0f38a60982
review_21798,class_1bc7e06ece0f38a60982
review_21799,class_1cf1396a0c9bc53f37da
review_21800,class_52da9457fdf6740afd51
review_21801,class_be68f8ed5877c11b8be4
review_21802,class_52da9457fdf6740afd51
review_21803,class_be68f8ed5877c11b8be4
review_21804,class_be68f8ed5877c11b8be4
review_21805,class_1318693c237b7b97c0c0
review_21806,class_1318693c237b7b97c0c0
review_21807,class_1318693c237b7b97c0c0
review_21808,class_7d54e6ff154ad392b174
review_21809,class_52da9457fdf6740afd51
review_21810,class_b89f90f328fa7e7781c0
review_21811,class_0eeaed02d1a961f133b4
review_21812,class_7d54e6ff154ad392b174
review_21813,class_7d54e6ff154ad392b174
review_21814,class_7d54e6ff154ad392b174
review_21815,class_7d54e6ff154ad392b174
review_21816,class_1bc7e06ece0f38a60982
review_21817,class_1bc7e06ece0f38a60982
review_21818,class_7d54e6ff154ad392b174
review_21819,class_7d54e6ff154ad392b174
review_21820,class_7d54e6ff154ad392b174
review_21821,class_1bc7e06ece0f38a60982
review_21822,class_7d54e6ff154ad392b174
review_21823,class_1318693c237b7b97c0c0
review_21824,class_7d54e6ff154ad392b174
review_21825,class_7d54e6ff154ad392b174
review_21826,class_7d54e6ff154ad392b174
review_21827,class_1318693c237b7b97c0c0
review_21828,class_7d54e6ff154ad392b174
review_21829,class_7d54e6ff154ad392b174
review_21830,class_e65aace9237833ec7752
review_21831,class_1bc7e06ece0f38a60982
review_21832,class_7d54e6ff154ad392b174
review_21833,class_1bc7e06ece0f38a60982
review_21834,class_0eeaed02d1a961f133b4
review_21835,class_7d54e6ff154ad392b174
review_21836,class_5da3128be1ff7664a1b2
review_21837,class_7d54e6ff154ad392b174
review_21838,class_7d54e6ff154ad392b174
review_21839,class_7d54e6ff154ad392b174
review_21840,class_7d54e6ff154ad392b174
review_21841,class_7d54e6ff154ad392b174
review_21842,class_7d54e6ff154ad392b174
review_21843,class_1bc7e06ece0f38a60982
review_21844,class_0eeaed02d1a961f133b4
review_21845,class_1318693c237b7b97c0c0
review_21846,class_1318693c237b7b97c0c0
review_21847,class_52da9457fdf6740afd51
review_21848,class_52da9457fdf6740afd51
review_21849,class_7d54e6ff154ad392b174
review_21850,class_52da9457fdf6740afd51
review_21851,class_9deef4712756d30ffaa3
review_21852,class_1bc7e06ece0f38a60982
review_21853,class_be68f8ed5877c11b8be4
review_21854,class_7d54e6ff154ad392b174
review_21855,class_1318693c237b7b97c0c0
review_21856,class_1318693c237b7b97c0c0
review_21857,class_1318693c237b7b97c0c0
review_21858,class_1318693c237b7b97c0c0
review_21859,class_52da9457fdf6740afd51
review_21860,class_7d54e6ff154ad392b174
review_21861,class_1bc7e06ece0f38a60982
review_21862,class_1318693c237b7b97c0c0
review_21863,class_52da9457fdf6740afd51
review_21864,class_7d54e6ff154ad392b174
review_21865,class_1bc7e06ece0f38a60982
review_21866,class_7d54e6ff154ad392b174
review_21867,class_be68f8ed5877c11b8be4
review_21868,class_7d54e6ff154ad392b174
review_21869,class_7d54e6ff154ad392b174
review_21870,class_52da9457fdf6740afd51
review_21871,class_1318693c237b7b97c0c0
review_21872,class_7d54e6ff154ad392b174
review_21873,class_0eeaed02d1a961f133b4
review_21874,class_1bc7e06ece0f38a60982
review_21875,class_9deef4712756d30ffaa3
review_21876,class_7d54e6ff154ad392b174
review_21877,class_52438e68a549a636811e
review_21878,class_52438e68a549a636811e
review_21879,class_1bc7e06ece0f38a60982
review_21880,class_5da3128be1ff7664a1b2
review_21881,class_e65aace9237833ec7752
review_21882,class_1cf1396a0c9bc53f37da
review_21883,class_52438e68a549a636811e
review_21884,class_5da3128be1ff7664a1b2
review_21885,class_52438e68a549a636811e
review_21886,class_52da9457fdf6740afd51
review_21887,class_1bc7e06ece0f38a60982
review_21888,class_1cf1396a0c9bc53f37da
review_21889,class_4397d106b671d697b6e0
review_21890,class_5da3128be1ff7664a1b2
review_21891,class_52da9457fdf6740afd51
review_21892,class_7d54e6ff154ad392b174
review_21893,class_52da9457fdf6740afd51
review_21894,class_52da9457fdf6740afd51
review_21895,class_52438e68a549a636811e
review_21896,class_1cf1396a0c9bc53f37da
review_21897,class_52da9457fdf6740afd51
review_21898,class_52da9457fdf6740afd51
review_21899,class_1bc7e06ece0f38a60982
review_21900,class_1bc7e06ece0f38a60982
review_21901,class_52da9457fdf6740afd51
review_21902,class_52da9457fdf6740afd51
review_21903,class_1bc7e06ece0f38a60982
review_21904,class_5da3128be1ff7664a1b2
review_21905,class_1bc7e06ece0f38a60982
review_21906,class_52438e68a549a636811e
review_21907,class_1bc7e06ece0f38a60982
review_21908,class_52da9457fdf6740afd51
review_21909,class_7d54e6ff154ad392b174
review_21910,class_9e32d15b246e504af33c
review_21911,class_1bc7e06ece0f38a60982
review_21912,class_7d54e6ff154ad392b174
review_21913,class_5da3128be1ff7664a1b2
review_21914,class_5da3128be1ff7664a1b2
review_21915,class_5da3128be1ff7664a1b2
review_21916,class_52da9457fdf6740afd51
review_21917,class_7d54e6ff154ad392b174
review_21918,class_52da9457fdf6740afd51
review_21919,class_1bc7e06ece0f38a60982
review_21920,class_1bc7e06ece0f38a60982
review_21921,class_52438e68a549a636811e
review_21922,class_52da9457fdf6740afd51
review_21923,class_1bc7e06ece0f38a60982
review_21924,class_52438e68a549a636811e
review_21925,class_52da9457fdf6740afd51
review_21926,class_1bc7e06ece0f38a60982
review_21927,class_52438e68a549a636811e
review_21928,class_1cf1396a0c9bc53f37da
review_21929,class_52438e68a549a636811e
review_21930,class_52438e68a549a636811e
review_21931,class_7d54e6ff154ad392b174
review_21932,class_52da9457fdf6740afd51
review_21933,class_52da9457fdf6740afd51
review_21934,class_9deef4712756d30ffaa3
review_21935,class_9deef4712756d30ffaa3
review_21936,class_52da9457fdf6740afd51
review_21937,class_52438e68a549a636811e
review_21938,class_52da9457fdf6740afd51
review_21939,class_52da9457fdf6740afd51
review_21940,class_1bc7e06ece0f38a60982
review_21941,class_7d54e6ff154ad392b174
review_21942,class_1cf1396a0c9bc53f37da
review_21943,class_52da9457fdf6740afd51
review_21944,class_5da3128be1ff7664a1b2
review_21945,class_1bc7e06ece0f38a60982
review_21946,class_1bc7e06ece0f38a60982
review_21947,class_7d54e6ff154ad392b174
review_21948,class_7d54e6ff154ad392b174
review_21949,class_52da9457fdf6740afd51
review_21950,class_1cf1396a0c9bc53f37da
review_21951,class_1bc7e06ece0f38a60982
review_21952,class_7d54e6ff154ad392b174
review_21953,class_7d54e6ff154ad392b174
review_21954,class_52da9457fdf6740afd51
review_21955,class_5da3128be1ff7664a1b2
review_21956,class_48075864b2596de25a65
review_21957,class_0eeaed02d1a961f133b4
review_21958,class_48075864b2596de25a65
review_21959,class_7d54e6ff154ad392b174
review_21960,class_7d54e6ff154ad392b174
review_21961,class_0eeaed02d1a961f133b4
review_21962,class_0eeaed02d1a961f133b4
review_21963,class_7d54e6ff154ad392b174
review_21964,class_e65aace9237833ec7752
review_21965,class_7d54e6ff154ad392b174
review_21966,class_1cf1396a0c9bc53f37da
review_21967,class_1bc7e06ece0f38a60982
review_21968,class_1bc7e06ece0f38a60982
review_21969,class_1bc7e06ece0f38a60982
review_21970,class_0eeaed02d1a961f133b4
review_21971,class_e65aace9237833ec7752
review_21972,class_0eeaed02d1a961f133b4
review_21973,class_e65aace9237833ec7752
review_21974,class_52da9457fdf6740afd51
review_21975,class_0eeaed02d1a961f133b4
review_21976,class_1bc7e06ece0f38a60982
review_21977,class_52da9457fdf6740afd51
review_21978,class_1bc7e06ece0f38a60982
review_21979,class_1bc7e06ece0f38a60982
review_21980,class_48075864b2596de25a65
review_21981,class_1bc7e06ece0f38a60982
review_21982,class_e65aace9237833ec7752
review_21983,class_7d54e6ff154ad392b174
review_21984,class_1bc7e06ece0f38a60982
review_21985,class_7d54e6ff154ad392b174
review_21986,class_0eeaed02d1a961f133b4
review_21987,class_1bc7e06ece0f38a60982
review_21988,class_52da9457fdf6740afd51
review_21989,class_7d54e6ff154ad392b174
review_21990,class_52da9457fdf6740afd51
review_21991,class_1bc7e06ece0f38a60982
review_21992,class_7d54e6ff154ad392b174
review_21993,class_1bc7e06ece0f38a60982
review_21994,class_1bc7e06ece0f38a60982
review_21995,class_52da9457fdf6740afd51
review_21996,class_7d54e6ff154ad392b174
review_21997,class_52da9457fdf6740afd51
review_21998,class_52da9457fdf6740afd51
review_21999,class_52da9457fdf6740afd51
review_22000,class_1bc7e06ece0f38a60982
review_22001,class_52da9457fdf6740afd51
review_22002,class_1bc7e06ece0f38a60982
review_22003,class_1bc7e06ece0f38a60982
review_22004,class_1bc7e06ece0f38a60982
review_22005,class_1bc7e06ece0f38a60982
review_22006,class_52da9457fdf6740afd51
review_22007,class_7d54e6ff154ad392b174
review_22008,class_7d54e6ff154ad392b174
review_22009,class_52da9457fdf6740afd51
review_22010,class_9deef4712756d30ffaa3
review_22011,class_52da9457fdf6740afd51
review_22012,class_1bc7e06ece0f38a60982
review_22013,class_52da9457fdf6740afd51
review_22014,class_1bc7e06ece0f38a60982
review_22015,class_52da9457fdf6740afd51
review_22016,class_7d54e6ff154ad392b174
review_22017,class_52da9457fdf6740afd51
review_22018,class_1bc7e06ece0f38a60982
review_22019,class_52da9457fdf6740afd51
review_22020,class_1bc7e06ece0f38a60982
review_22021,class_52da9457fdf6740afd51
review_22022,class_52da9457fdf6740afd51
review_22023,class_1bc7e06ece0f38a60982
review_22024,class_52da9457fdf6740afd51
review_22025,class_7d54e6ff154ad392b174
review_22026,class_1bc7e06ece0f38a60982
review_22027,class_52da9457fdf6740afd51
review_22028,class_52da9457fdf6740afd51
review_22029,class_9deef4712756d30ffaa3
review_22030,class_52da9457fdf6740afd51
review_22031,class_7d54e6ff154ad392b174
review_22032,class_1bc7e06ece0f38a60982
review_22033,class_52da9457fdf6740afd51
review_22034,class_1bc7e06ece0f38a60982
review_22035,class_1bc7e06ece0f38a60982
review_22036,class_1bc7e06ece0f38a60982
review_22037,class_1bc7e06ece0f38a60982
review_22038,class_1bc7e06ece0f38a60982
review_22039,class_7d54e6ff154ad392b174
review_22040,class_1bc7e06ece0f38a60982
review_22041,class_52da9457fdf6740afd51
review_22042,class_52da9457fdf6740afd51
review_22043,class_7d54e6ff154ad392b174
review_22044,class_1bc7e06ece0f38a60982
review_22045,class_52da9457fdf6740afd51
review_22046,class_52da9457fdf6740afd51
review_22047,class_7d54e6ff154ad392b174
review_22048,class_52da9457fdf6740afd51
review_22049,class_1bc7e06ece0f38a60982
review_22050,class_7d54e6ff154ad392b174
review_22051,class_1bc7e06ece0f38a60982
review_22052,class_52da9457fdf6740afd51
review_22053,class_0eeaed02d1a961f133b4
review_22054,class_52da9457fdf6740afd51
review_22055,class_52da9457fdf6740afd51
review_22056,class_52da9457fdf6740afd51
review_22057,class_1cf1396a0c9bc53f37da
review_22058,class_52da9457fdf6740afd51
review_22059,class_52da9457fdf6740afd51
review_22060,class_52da9457fdf6740afd51
review_22061,class_1cf1396a0c9bc53f37da
review_22062,class_52da9457fdf6740afd51
review_22063,class_52da9457fdf6740afd51
review_22064,class_52da9457fdf6740afd51
review_22065,class_1bc7e06ece0f38a60982
review_22066,class_52da9457fdf6740afd51
review_22067,class_0eeaed02d1a961f133b4
review_22068,class_52da9457fdf6740afd51
review_22069,class_52da9457fdf6740afd51
review_22070,class_52da9457fdf6740afd51
review_22071,class_52da9457fdf6740afd51
review_22072,class_52da9457fdf6740afd51
review_22073,class_52da9457fdf6740afd51
review_22074,class_52da9457fdf6740afd51
review_22075,class_52da9457fdf6740afd51
review_22076,class_52da9457fdf6740afd51
review_22077,class_7d54e6ff154ad392b174
review_22078,class_5da3128be1ff7664a1b2
review_22079,class_52da9457fdf6740afd51
review_22080,class_52da9457fdf6740afd51
review_22081,class_52da9457fdf6740afd51
review_22082,class_52da9457fdf6740afd51
review_22083,class_7d54e6ff154ad392b174
review_22084,class_9e32d15b246e504af33c
review_22085,class_52da9457fdf6740afd51
review_22086,class_52da9457fdf6740afd51
review_22087,class_52da9457fdf6740afd51
review_22088,class_9e32d15b246e504af33c
review_22089,class_52da9457fdf6740afd51
review_22090,class_7d54e6ff154ad392b174
review_22091,class_52da9457fdf6740afd51
review_22092,class_5da3128be1ff7664a1b2
review_22093,class_52da9457fdf6740afd51
review_22094,class_52da9457fdf6740afd51
review_22095,class_52da9457fdf6740afd51
review_22096,class_0eeaed02d1a961f133b4
review_22097,class_4397d106b671d697b6e0
review_22098,class_7d54e6ff154ad392b174
review_22099,class_0eeaed02d1a961f133b4
review_22100,class_4397d106b671d697b6e0
review_22101,class_4397d106b671d697b6e0
review_22102,class_7d54e6ff154ad392b174
review_22103,class_4397d106b671d697b6e0
review_22104,class_4397d106b671d697b6e0
review_22105,class_7d54e6ff154ad392b174
review_22106,class_4397d106b671d697b6e0
review_22107,class_52da9457fdf6740afd51
review_22108,class_4397d106b671d697b6e0
review_22109,class_52da9457fdf6740afd51
review_22110,class_4397d106b671d697b6e0
review_22111,class_4397d106b671d697b6e0
review_22112,class_4397d106b671d697b6e0
review_22113,class_4397d106b671d697b6e0
review_22114,class_1cf1396a0c9bc53f37da
review_22115,class_7d54e6ff154ad392b174
review_22116,class_4397d106b671d697b6e0
review_22117,class_7d54e6ff154ad392b174
review_22118,class_7d54e6ff154ad392b174
review_22119,class_4397d106b671d697b6e0
review_22120,class_4397d106b671d697b6e0
review_22121,class_1cf1396a0c9bc53f37da
review_22122,class_0eeaed02d1a961f133b4
review_22123,class_4397d106b671d697b6e0
review_22124,class_4397d106b671d697b6e0
review_22125,class_0eeaed02d1a961f133b4
review_22126,class_4397d106b671d697b6e0
review_22127,class_7d54e6ff154ad392b174
review_22128,class_4397d106b671d697b6e0
review_22129,class_1bc7e06ece0f38a60982
review_22130,class_7d54e6ff154ad392b174
review_22131,class_4397d106b671d697b6e0
review_22132,class_7d54e6ff154ad392b174
review_22133,class_4397d106b671d697b6e0
review_22134,class_1bc7e06ece0f38a60982
review_22135,class_7d54e6ff154ad392b174
review_22136,class_4397d106b671d697b6e0
review_22137,class_1cf1396a0c9bc53f37da
review_22138,class_0eeaed02d1a961f133b4
review_22139,class_0eeaed02d1a961f133b4
review_22140,class_52da9457fdf6740afd51
review_22141,class_52da9457fdf6740afd51
review_22142,class_4397d106b671d697b6e0
review_22143,class_4397d106b671d697b6e0
review_22144,class_52da9457fdf6740afd51
review_22145,class_4397d106b671d697b6e0
review_22146,class_4397d106b671d697b6e0
review_22147,class_4397d106b671d697b6e0
review_22148,class_7d54e6ff154ad392b174
review_22149,class_4397d106b671d697b6e0
review_22150,class_4397d106b671d697b6e0
review_22151,class_7d54e6ff154ad392b174
review_22152,class_4397d106b671d697b6e0
review_22153,class_9e32d15b246e504af33c
review_22154,class_0eeaed02d1a961f133b4
review_22155,class_7d54e6ff154ad392b174
review_22156,class_7d54e6ff154ad392b174
review_22157,class_0eeaed02d1a961f133b4
review_22158,class_4397d106b671d697b6e0
review_22159,class_4397d106b671d697b6e0
review_22160,class_7d54e6ff154ad392b174
review_22161,class_1bc7e06ece0f38a60982
review_22162,class_4397d106b671d697b6e0
review_22163,class_52da9457fdf6740afd51
review_22164,class_7d54e6ff154ad392b174
review_22165,class_0eeaed02d1a961f133b4
review_22166,class_4397d106b671d697b6e0
review_22167,class_1bc7e06ece0f38a60982
review_22168,class_4397d106b671d697b6e0
review_22169,class_4397d106b671d697b6e0
review_22170,class_4397d106b671d697b6e0
review_22171,class_9e32d15b246e504af33c
review_22172,class_1bc7e06ece0f38a60982
review_22173,class_7d54e6ff154ad392b174
review_22174,class_7d54e6ff154ad392b174
review_22175,class_52da9457fdf6740afd51
review_22176,class_be68f8ed5877c11b8be4
review_22177,class_9deef4712756d30ffaa3
review_22178,class_52da9457fdf6740afd51
review_22179,class_52da9457fdf6740afd51
review_22180,class_9deef4712756d30ffaa3
review_22181,class_be68f8ed5877c11b8be4
review_22182,class_7d54e6ff154ad392b174
review_22183,class_be68f8ed5877c11b8be4
review_22184,class_1bc7e06ece0f38a60982
review_22185,class_1bc7e06ece0f38a60982
review_22186,class_be68f8ed5877c11b8be4
review_22187,class_1bc7e06ece0f38a60982
review_22188,class_9deef4712756d30ffaa3
review_22189,class_7d54e6ff154ad392b174
review_22190,class_7d54e6ff154ad392b174
review_22191,class_7d54e6ff154ad392b174
review_22192,class_52da9457fdf6740afd51
review_22193,class_7d54e6ff154ad392b174
review_22194,class_0eeaed02d1a961f133b4
review_22195,class_1bc7e06ece0f38a60982
review_22196,class_7d54e6ff154ad392b174
review_22197,class_0eeaed02d1a961f133b4
review_22198,class_7d54e6ff154ad392b174
review_22199,class_1bc7e06ece0f38a60982
review_22200,class_1bc7e06ece0f38a60982
review_22201,class_7d54e6ff154ad392b174
review_22202,class_1bc7e06ece0f38a60982
review_22203,class_7d54e6ff154ad392b174
review_22204,class_1bc7e06ece0f38a60982
review_22205,class_7d54e6ff154ad392b174
review_22206,class_7d54e6ff154ad392b174
review_22207,class_b89f90f328fa7e7781c0
review_22208,class_7d54e6ff154ad392b174
review_22209,class_0eeaed02d1a961f133b4
review_22210,class_7d54e6ff154ad392b174
review_22211,class_52da9457fdf6740afd51
review_22212,class_52da9457fdf6740afd51
review_22213,class_7d54e6ff154ad392b174
review_22214,class_7d54e6ff154ad392b174
review_22215,class_0eeaed02d1a961f133b4
review_22216,class_4397d106b671d697b6e0
review_22217,class_9e32d15b246e504af33c
review_22218,class_5da3128be1ff7664a1b2
review_22219,class_be68f8ed5877c11b8be4
review_22220,class_9deef4712756d30ffaa3
review_22221,class_be68f8ed5877c11b8be4
review_22222,class_52da9457fdf6740afd51
review_22223,class_7d54e6ff154ad392b174
review_22224,class_9e32d15b246e504af33c
review_22225,class_9e32d15b246e504af33c
review_22226,class_1cf1396a0c9bc53f37da
review_22227,class_7d54e6ff154ad392b174
review_22228,class_9deef4712756d30ffaa3
review_22229,class_9deef4712756d30ffaa3
review_22230,class_9e32d15b246e504af33c
review_22231,class_52da9457fdf6740afd51
review_22232,class_1cf1396a0c9bc53f37da
review_22233,class_9e32d15b246e504af33c
review_22234,class_9e32d15b246e504af33c
review_22235,class_7d54e6ff154ad392b174
review_22236,class_be68f8ed5877c11b8be4
review_22237,class_7d54e6ff154ad392b174
review_22238,class_52da9457fdf6740afd51
review_22239,class_9deef4712756d30ffaa3
review_22240,class_52da9457fdf6740afd51
review_22241,class_9e32d15b246e504af33c
review_22242,class_9deef4712756d30ffaa3
review_22243,class_7d54e6ff154ad392b174
review_22244,class_9deef4712756d30ffaa3
review_22245,class_be68f8ed5877c11b8be4
review_22246,class_9deef4712756d30ffaa3
review_22247,class_5da3128be1ff7664a1b2
review_22248,class_7d54e6ff154ad392b174
review_22249,class_e65aace9237833ec7752
review_22250,class_7d54e6ff154ad392b174
review_22251,class_5da3128be1ff7664a1b2
review_22252,class_52438e68a549a636811e
review_22253,class_9e32d15b246e504af33c
review_22254,class_1bc7e06ece0f38a60982
review_22255,class_1bc7e06ece0f38a60982
review_22256,class_52438e68a549a636811e
review_22257,class_52da9457fdf6740afd51
review_22258,class_7d54e6ff154ad392b174
review_22259,class_9e32d15b246e504af33c
review_22260,class_7d54e6ff154ad392b174
review_22261,class_7d54e6ff154ad392b174
review_22262,class_7d54e6ff154ad392b174
review_22263,class_1bc7e06ece0f38a60982
review_22264,class_e65aace9237833ec7752
review_22265,class_7d54e6ff154ad392b174
review_22266,class_1bc7e06ece0f38a60982
review_22267,class_1bc7e06ece0f38a60982
review_22268,class_1bc7e06ece0f38a60982
review_22269,class_7d54e6ff154ad392b174
review_22270,class_7d54e6ff154ad392b174
review_22271,class_1bc7e06ece0f38a60982
review_22272,class_1bc7e06ece0f38a60982
review_22273,class_5da3128be1ff7664a1b2
review_22274,class_f6efb94c9ae061247bed
review_22275,class_5da3128be1ff7664a1b2
review_22276,class_1bc7e06ece0f38a60982
review_22277,class_f6efb94c9ae061247bed
review_22278,class_7d54e6ff154ad392b174
review_22279,class_f6efb94c9ae061247bed
review_22280,class_1cf1396a0c9bc53f37da
review_22281,class_1bc7e06ece0f38a60982
review_22282,class_1bc7e06ece0f38a60982
review_22283,class_9e32d15b246e504af33c
review_22284,class_7d54e6ff154ad392b174
review_22285,class_7d54e6ff154ad392b174
review_22286,class_5da3128be1ff7664a1b2
review_22287,class_1bc7e06ece0f38a60982
review_22288,class_9e32d15b246e504af33c
review_22289,class_1bc7e06ece0f38a60982
review_22290,class_7d54e6ff154ad392b174
review_22291,class_7d54e6ff154ad392b174
review_22292,class_1bc7e06ece0f38a60982
review_22293,class_7d54e6ff154ad392b174
review_22294,class_7d54e6ff154ad392b174
review_22295,class_f6efb94c9ae061247bed
review_22296,class_1bc7e06ece0f38a60982
review_22297,class_1bc7e06ece0f38a60982
review_22298,class_1bc7e06ece0f38a60982
review_22299,class_52438e68a549a636811e
review_22300,class_7d54e6ff154ad392b174
review_22301,class_9e32d15b246e504af33c
review_22302,class_5da3128be1ff7664a1b2
review_22303,class_1bc7e06ece0f38a60982
review_22304,class_7d54e6ff154ad392b174
review_22305,class_1bc7e06ece0f38a60982
review_22306,class_7d54e6ff154ad392b174
review_22307,class_7d54e6ff154ad392b174
review_22308,class_7d54e6ff154ad392b174
review_22309,class_1bc7e06ece0f38a60982
review_22310,class_1bc7e06ece0f38a60982
review_22311,class_1bc7e06ece0f38a60982
review_22312,class_7d54e6ff154ad392b174
review_22313,class_7d54e6ff154ad392b174
review_22314,class_1bc7e06ece0f38a60982
review_22315,class_7d54e6ff154ad392b174
review_22316,class_7d54e6ff154ad392b174
review_22317,class_1bc7e06ece0f38a60982
review_22318,class_52da9457fdf6740afd51
review_22319,class_b7f740446b63715473af
review_22320,class_7d54e6ff154ad392b174
review_22321,class_7d54e6ff154ad392b174
review_22322,class_9e32d15b246e504af33c
review_22323,class_9e32d15b246e504af33c
review_22324,class_7d54e6ff154ad392b174
review_22325,class_7d54e6ff154ad392b174
review_22326,class_9e32d15b246e504af33c
review_22327,class_1bc7e06ece0f38a60982
review_22328,class_7d54e6ff154ad392b174
review_22329,class_0eeaed02d1a961f133b4
review_22330,class_9e32d15b246e504af33c
review_22331,class_7d54e6ff154ad392b174
review_22332,class_9e32d15b246e504af33c
review_22333,class_52da9457fdf6740afd51
review_22334,class_7d54e6ff154ad392b174
review_22335,class_9e32d15b246e504af33c
review_22336,class_7d54e6ff154ad392b174
review_22337,class_9e32d15b246e504af33c
review_22338,class_9deef4712756d30ffaa3
review_22339,class_52da9457fdf6740afd51
review_22340,class_9e32d15b246e504af33c
review_22341,class_1318693c237b7b97c0c0
review_22342,class_7d54e6ff154ad392b174
review_22343,class_9e32d15b246e504af33c
review_22344,class_1318693c237b7b97c0c0
review_22345,class_7d54e6ff154ad392b174
review_22346,class_9e32d15b246e504af33c
review_22347,class_7d54e6ff154ad392b174
review_22348,class_9e32d15b246e504af33c
review_22349,class_7d54e6ff154ad392b174
review_22350,class_7d54e6ff154ad392b174
review_22351,class_52da9457fdf6740afd51
review_22352,class_9e32d15b246e504af33c
review_22353,class_52da9457fdf6740afd51
review_22354,class_1318693c237b7b97c0c0
review_22355,class_52da9457fdf6740afd51
review_22356,class_9e32d15b246e504af33c
review_22357,class_0eeaed02d1a961f133b4
review_22358,class_9e32d15b246e504af33c
review_22359,class_7d54e6ff154ad392b174
review_22360,class_7d54e6ff154ad392b174
review_22361,class_9e32d15b246e504af33c
review_22362,class_9e32d15b246e504af33c
review_22363,class_1318693c237b7b97c0c0
review_22364,class_7d54e6ff154ad392b174
review_22365,class_7d54e6ff154ad392b174
review_22366,class_52da9457fdf6740afd51
review_22367,class_9e32d15b246e504af33c
review_22368,class_7d54e6ff154ad392b174
review_22369,class_7d54e6ff154ad392b174
review_22370,class_7d54e6ff154ad392b174
review_22371,class_52da9457fdf6740afd51
review_22372,class_7d54e6ff154ad392b174
review_22373,class_1318693c237b7b97c0c0
review_22374,class_9e32d15b246e504af33c
review_22375,class_7d54e6ff154ad392b174
review_22376,class_7d54e6ff154ad392b174
review_22377,class_7d54e6ff154ad392b174
review_22378,class_7d54e6ff154ad392b174
review_22379,class_7d54e6ff154ad392b174
review_22380,class_1318693c237b7b97c0c0
review_22381,class_52da9457fdf6740afd51
review_22382,class_52da9457fdf6740afd51
review_22383,class_7d54e6ff154ad392b174
review_22384,class_7d54e6ff154ad392b174
review_22385,class_7d54e6ff154ad392b174
review_22386,class_52da9457fdf6740afd51
review_22387,class_7d54e6ff154ad392b174
review_22388,class_7d54e6ff154ad392b174
review_22389,class_c3ca5f787365eae0dea8
review_22390,class_1bc7e06ece0f38a60982
review_22391,class_1bc7e06ece0f38a60982
review_22392,class_1bc7e06ece0f38a60982
review_22393,class_5da3128be1ff7664a1b2
review_22394,class_1bc7e06ece0f38a60982
review_22395,class_e65aace9237833ec7752
review_22396,class_1bc7e06ece0f38a60982
review_22397,class_1bc7e06ece0f38a60982
review_22398,class_1cf1396a0c9bc53f37da
review_22399,class_1bc7e06ece0f38a60982
review_22400,class_1bc7e06ece0f38a60982
review_22401,class_7d54e6ff154ad392b174
review_22402,class_1cf1396a0c9bc53f37da
review_22403,class_9deef4712756d30ffaa3
review_22404,class_1bc7e06ece0f38a60982
review_22405,class_1bc7e06ece0f38a60982
review_22406,class_1bc7e06ece0f38a60982
review_22407,class_1bc7e06ece0f38a60982
review_22408,class_1bc7e06ece0f38a60982
review_22409,class_1bc7e06ece0f38a60982
review_22410,class_1bc7e06ece0f38a60982
review_22411,class_1bc7e06ece0f38a60982
review_22412,class_1bc7e06ece0f38a60982
review_22413,class_1bc7e06ece0f38a60982
review_22414,class_1bc7e06ece0f38a60982
review_22415,class_7d54e6ff154ad392b174
review_22416,class_7d54e6ff154ad392b174
review_22417,class_1bc7e06ece0f38a60982
review_22418,class_1bc7e06ece0f38a60982
review_22419,class_1bc7e06ece0f38a60982
review_22420,class_1bc7e06ece0f38a60982
review_22421,class_1bc7e06ece0f38a60982
review_22422,class_1318693c237b7b97c0c0
review_22423,class_1bc7e06ece0f38a60982
review_22424,class_1bc7e06ece0f38a60982
review_22425,class_1bc7e06ece0f38a60982
review_22426,class_7d54e6ff154ad392b174
review_22427,class_52da9457fdf6740afd51
review_22428,class_52da9457fdf6740afd51
review_22429,class_1bc7e06ece0f38a60982
review_22430,class_1bc7e06ece0f38a60982
review_22431,class_b89f90f328fa7e7781c0
review_22432,class_7d54e6ff154ad392b174
review_22433,class_b89f90f328fa7e7781c0
review_22434,class_1bc7e06ece0f38a60982
review_22435,class_52da9457fdf6740afd51
review_22436,class_1bc7e06ece0f38a60982
review_22437,class_1bc7e06ece0f38a60982
review_22438,class_1bc7e06ece0f38a60982
review_22439,class_1bc7e06ece0f38a60982
review_22440,class_1bc7e06ece0f38a60982
review_22441,class_1bc7e06ece0f38a60982
review_22442,class_1bc7e06ece0f38a60982
review_22443,class_52da9457fdf6740afd51
review_22444,class_f6efb94c9ae061247bed
review_22445,class_52da9457fdf6740afd51
review_22446,class_f6efb94c9ae061247bed
review_22447,class_1bc7e06ece0f38a60982
review_22448,class_1bc7e06ece0f38a60982
review_22449,class_1bc7e06ece0f38a60982
review_22450,class_1bc7e06ece0f38a60982
review_22451,class_b7f740446b63715473af
review_22452,class_b89f90f328fa7e7781c0
review_22453,class_1bc7e06ece0f38a60982
review_22454,class_f6efb94c9ae061247bed
review_22455,class_52da9457fdf6740afd51
review_22456,class_1318693c237b7b97c0c0
review_22457,class_1bc7e06ece0f38a60982
review_22458,class_1bc7e06ece0f38a60982
review_22459,class_be68f8ed5877c11b8be4
review_22460,class_be68f8ed5877c11b8be4
review_22461,class_be68f8ed5877c11b8be4
review_22462,class_1bc7e06ece0f38a60982
review_22463,class_be68f8ed5877c11b8be4
review_22464,class_1bc7e06ece0f38a60982
review_22465,class_1bc7e06ece0f38a60982
review_22466,class_1bc7e06ece0f38a60982
review_22467,class_be68f8ed5877c11b8be4
review_22468,class_be68f8ed5877c11b8be4
review_22469,class_1bc7e06ece0f38a60982
review_22470,class_f6efb94c9ae061247bed
review_22471,class_1bc7e06ece0f38a60982
review_22472,class_be68f8ed5877c11b8be4
review_22473,class_1bc7e06ece0f38a60982
review_22474,class_be68f8ed5877c11b8be4
review_22475,class_1bc7e06ece0f38a60982
review_22476,class_be68f8ed5877c11b8be4
review_22477,class_be68f8ed5877c11b8be4
review_22478,class_0eeaed02d1a961f133b4
review_22479,class_1318693c237b7b97c0c0
review_22480,class_be68f8ed5877c11b8be4
review_22481,class_1318693c237b7b97c0c0
review_22482,class_be68f8ed5877c11b8be4
review_22483,class_c3ca5f787365eae0dea8
review_22484,class_9deef4712756d30ffaa3
review_22485,class_52da9457fdf6740afd51
review_22486,class_e65aace9237833ec7752
review_22487,class_52da9457fdf6740afd51
review_22488,class_52da9457fdf6740afd51
review_22489,class_e65aace9237833ec7752
review_22490,class_b89f90f328fa7e7781c0
review_22491,class_e65aace9237833ec7752
review_22492,class_c3ca5f787365eae0dea8
review_22493,class_9deef4712756d30ffaa3
review_22494,class_1cf1396a0c9bc53f37da
review_22495,class_1cf1396a0c9bc53f37da
review_22496,class_1cf1396a0c9bc53f37da
review_22497,class_9deef4712756d30ffaa3
review_22498,class_1cf1396a0c9bc53f37da
review_22499,class_1cf1396a0c9bc53f37da
review_22500,class_7d54e6ff154ad392b174
review_22501,class_1cf1396a0c9bc53f37da
review_22502,class_1bc7e06ece0f38a60982
review_22503,class_7d54e6ff154ad392b174
review_22504,class_9deef4712756d30ffaa3
review_22505,class_9deef4712756d30ffaa3
review_22506,class_52da9457fdf6740afd51
review_22507,class_9deef4712756d30ffaa3
review_22508,class_1cf1396a0c9bc53f37da
review_22509,class_9deef4712756d30ffaa3
review_22510,class_7d54e6ff154ad392b174
review_22511,class_1bc7e06ece0f38a60982
review_22512,class_9deef4712756d30ffaa3
review_22513,class_1cf1396a0c9bc53f37da
review_22514,class_7d54e6ff154ad392b174
review_22515,class_0eeaed02d1a961f133b4
review_22516,class_1cf1396a0c9bc53f37da
review_22517,class_9deef4712756d30ffaa3
review_22518,class_9deef4712756d30ffaa3
review_22519,class_1bc7e06ece0f38a60982
review_22520,class_1cf1396a0c9bc53f37da
review_22521,class_1cf1396a0c9bc53f37da
review_22522,class_1cf1396a0c9bc53f37da
review_22523,class_1cf1396a0c9bc53f37da
review_22524,class_0eeaed02d1a961f133b4
review_22525,class_1cf1396a0c9bc53f37da
review_22526,class_52da9457fdf6740afd51
review_22527,class_9deef4712756d30ffaa3
review_22528,class_52da9457fdf6740afd51
review_22529,class_1bc7e06ece0f38a60982
review_22530,class_1cf1396a0c9bc53f37da
review_22531,class_1cf1396a0c9bc53f37da
review_22532,class_7d54e6ff154ad392b174
review_22533,class_1cf1396a0c9bc53f37da
review_22534,class_52da9457fdf6740afd51
review_22535,class_1cf1396a0c9bc53f37da
review_22536,class_1bc7e06ece0f38a60982
review_22537,class_1cf1396a0c9bc53f37da
review_22538,class_9deef4712756d30ffaa3
review_22539,class_1cf1396a0c9bc53f37da
review_22540,class_1cf1396a0c9bc53f37da
review_22541,class_9deef4712756d30ffaa3
review_22542,class_1cf1396a0c9bc53f37da
review_22543,class_1cf1396a0c9bc53f37da
review_22544,class_9deef4712756d30ffaa3
review_22545,class_1cf1396a0c9bc53f37da
review_22546,class_7d54e6ff154ad392b174
review_22547,class_7d54e6ff154ad392b174
review_22548,class_7d54e6ff154ad392b174
review_22549,class_52da9457fdf6740afd51
review_22550,class_7d54e6ff154ad392b174
review_22551,class_1bc7e06ece0f38a60982
review_22552,class_1bc7e06ece0f38a60982
review_22553,class_7d54e6ff154ad392b174
review_22554,class_7d54e6ff154ad392b174
review_22555,class_7d54e6ff154ad392b174
review_22556,class_52da9457fdf6740afd51
review_22557,class_1cf1396a0c9bc53f37da
review_22558,class_9deef4712756d30ffaa3
review_22559,class_1bc7e06ece0f38a60982
review_22560,class_1bc7e06ece0f38a60982
review_22561,class_1cf1396a0c9bc53f37da
review_22562,class_1cf1396a0c9bc53f37da
review_22563,class_1cf1396a0c9bc53f37da
review_22564,class_52da9457fdf6740afd51
review_22565,class_7d54e6ff154ad392b174
review_22566,class_1bc7e06ece0f38a60982
review_22567,class_1cf1396a0c9bc53f37da
review_22568,class_1bc7e06ece0f38a60982
review_22569,class_7d54e6ff154ad392b174
review_22570,class_9deef4712756d30ffaa3
review_22571,class_1bc7e06ece0f38a60982
review_22572,class_b89f90f328fa7e7781c0
review_22573,class_7d54e6ff154ad392b174
review_22574,class_7d54e6ff154ad392b174
review_22575,class_1bc7e06ece0f38a60982
review_22576,class_e65aace9237833ec7752
review_22577,class_1318693c237b7b97c0c0
review_22578,class_e65aace9237833ec7752
review_22579,class_e65aace9237833ec7752
review_22580,class_1bc7e06ece0f38a60982
review_22581,class_1bc7e06ece0f38a60982
review_22582,class_1cf1396a0c9bc53f37da
review_22583,class_1bc7e06ece0f38a60982
review_22584,class_7d54e6ff154ad392b174
review_22585,class_52da9457fdf6740afd51
review_22586,class_1318693c237b7b97c0c0
review_22587,class_1bc7e06ece0f38a60982
review_22588,class_1bc7e06ece0f38a60982
review_22589,class_1bc7e06ece0f38a60982
review_22590,class_1bc7e06ece0f38a60982
review_22591,class_1bc7e06ece0f38a60982
review_22592,class_1bc7e06ece0f38a60982
review_22593,class_1bc7e06ece0f38a60982
review_22594,class_1bc7e06ece0f38a60982
review_22595,class_b89f90f328fa7e7781c0
review_22596,class_1bc7e06ece0f38a60982
review_22597,class_e65aace9237833ec7752
review_22598,class_1bc7e06ece0f38a60982
review_22599,class_1bc7e06ece0f38a60982
review_22600,class_1cf1396a0c9bc53f37da
review_22601,class_1bc7e06ece0f38a60982
review_22602,class_f6efb94c9ae061247bed
review_22603,class_7d54e6ff154ad392b174
review_22604,class_7d54e6ff154ad392b174
review_22605,class_1bc7e06ece0f38a60982
review_22606,class_7d54e6ff154ad392b174
review_22607,class_f6efb94c9ae061247bed
review_22608,class_9deef4712756d30ffaa3
review_22609,class_7d54e6ff154ad392b174
review_22610,class_7d54e6ff154ad392b174
review_22611,class_7d54e6ff154ad392b174
review_22612,class_7d54e6ff154ad392b174
review_22613,class_1bc7e06ece0f38a60982
review_22614,class_7d54e6ff154ad392b174
review_22615,class_1bc7e06ece0f38a60982
review_22616,class_7d54e6ff154ad392b174
review_22617,class_7d54e6ff154ad392b174
review_22618,class_7d54e6ff154ad392b174
review_22619,class_1bc7e06ece0f38a60982
review_22620,class_7d54e6ff154ad392b174
review_22621,class_7d54e6ff154ad392b174
review_22622,class_f6efb94c9ae061247bed
review_22623,class_1bc7e06ece0f38a60982
review_22624,class_1bc7e06ece0f38a60982
review_22625,class_1bc7e06ece0f38a60982
review_22626,class_9deef4712756d30ffaa3
review_22627,class_1bc7e06ece0f38a60982
review_22628,class_9deef4712756d30ffaa3
review_22629,class_7d54e6ff154ad392b174
review_22630,class_7d54e6ff154ad392b174
review_22631,class_f6efb94c9ae061247bed
review_22632,class_f6efb94c9ae061247bed
review_22633,class_1bc7e06ece0f38a60982
review_22634,class_7d54e6ff154ad392b174
review_22635,class_1bc7e06ece0f38a60982
review_22636,class_7d54e6ff154ad392b174
review_22637,class_1bc7e06ece0f38a60982
review_22638,class_9deef4712756d30ffaa3
review_22639,class_1bc7e06ece0f38a60982
review_22640,class_7d54e6ff154ad392b174
review_22641,class_9deef4712756d30ffaa3
review_22642,class_7d54e6ff154ad392b174
review_22643,class_7d54e6ff154ad392b174
review_22644,class_1bc7e06ece0f38a60982
review_22645,class_1bc7e06ece0f38a60982
review_22646,class_1bc7e06ece0f38a60982
review_22647,class_7d54e6ff154ad392b174
review_22648,class_1bc7e06ece0f38a60982
review_22649,class_f6efb94c9ae061247bed
review_22650,class_9deef4712756d30ffaa3
review_22651,class_9deef4712756d30ffaa3
review_22652,class_1bc7e06ece0f38a60982
review_22653,class_1bc7e06ece0f38a60982
review_22654,class_7d54e6ff154ad392b174
review_22655,class_7d54e6ff154ad392b174
review_22656,class_7d54e6ff154ad392b174
review_22657,class_9deef4712756d30ffaa3
review_22658,class_7d54e6ff154ad392b174
review_22659,class_7d54e6ff154ad392b174
review_22660,class_7d54e6ff154ad392b174
review_22661,class_1cf1396a0c9bc53f37da
review_22662,class_1bc7e06ece0f38a60982
review_22663,class_1bc7e06ece0f38a60982
review_22664,class_7d54e6ff154ad392b174
review_22665,class_1bc7e06ece0f38a60982
review_22666,class_1bc7e06ece0f38a60982
review_22667,class_7d54e6ff154ad392b174
review_22668,class_1bc7e06ece0f38a60982
review_22669,class_1bc7e06ece0f38a60982
review_22670,class_1bc7e06ece0f38a60982
review_22671,class_7d54e6ff154ad392b174
review_22672,class_f6efb94c9ae061247bed
review_22673,class_1bc7e06ece0f38a60982
review_22674,class_1bc7e06ece0f38a60982
review_22675,class_1bc7e06ece0f38a60982
review_22676,class_7d54e6ff154ad392b174
review_22677,class_1bc7e06ece0f38a60982
review_22678,class_1bc7e06ece0f38a60982
review_22679,class_1bc7e06ece0f38a60982
review_22680,class_1bc7e06ece0f38a60982
review_22681,class_1bc7e06ece0f38a60982
review_22682,class_1bc7e06ece0f38a60982
review_22683,class_1bc7e06ece0f38a60982
review_22684,class_7d54e6ff154ad392b174
review_22685,class_7d54e6ff154ad392b174
review_22686,class_7d54e6ff154ad392b174
review_22687,class_7d54e6ff154ad392b174
review_22688,class_52da9457fdf6740afd51
review_22689,class_7d54e6ff154ad392b174
review_22690,class_7d54e6ff154ad392b174
review_22691,class_7d54e6ff154ad392b174
review_22692,class_7d54e6ff154ad392b174
review_22693,class_7d54e6ff154ad392b174
review_22694,class_7d54e6ff154ad392b174
review_22695,class_7d54e6ff154ad392b174
review_22696,class_1bc7e06ece0f38a60982
review_22697,class_7d54e6ff154ad392b174
review_22698,class_7d54e6ff154ad392b174
review_22699,class_7d54e6ff154ad392b174
review_22700,class_7d54e6ff154ad392b174
review_22701,class_7d54e6ff154ad392b174
review_22702,class_7d54e6ff154ad392b174
review_22703,class_7d54e6ff154ad392b174
review_22704,class_7d54e6ff154ad392b174
review_22705,class_7d54e6ff154ad392b174
review_22706,class_7d54e6ff154ad392b174
review_22707,class_7d54e6ff154ad392b174
review_22708,class_1318693c237b7b97c0c0
review_22709,class_7d54e6ff154ad392b174
review_22710,class_7d54e6ff154ad392b174
review_22711,class_7d54e6ff154ad392b174
review_22712,class_7d54e6ff154ad392b174
review_22713,class_7d54e6ff154ad392b174
review_22714,class_7d54e6ff154ad392b174
review_22715,class_1bc7e06ece0f38a60982
review_22716,class_7d54e6ff154ad392b174
review_22717,class_7d54e6ff154ad392b174
review_22718,class_1bc7e06ece0f38a60982
review_22719,class_7d54e6ff154ad392b174
review_22720,class_7d54e6ff154ad392b174
review_22721,class_7d54e6ff154ad392b174
review_22722,class_7d54e6ff154ad392b174
review_22723,class_5da3128be1ff7664a1b2
review_22724,class_7d54e6ff154ad392b174
review_22725,class_1bc7e06ece0f38a60982
review_22726,class_7d54e6ff154ad392b174
review_22727,class_7d54e6ff154ad392b174
review_22728,class_7d54e6ff154ad392b174
review_22729,class_7d54e6ff154ad392b174
review_22730,class_52da9457fdf6740afd51
review_22731,class_7d54e6ff154ad392b174
review_22732,class_7d54e6ff154ad392b174
review_22733,class_7d54e6ff154ad392b174
review_22734,class_7d54e6ff154ad392b174
review_22735,class_7d54e6ff154ad392b174
review_22736,class_7d54e6ff154ad392b174
review_22737,class_7d54e6ff154ad392b174
review_22738,class_7d54e6ff154ad392b174
review_22739,class_7d54e6ff154ad392b174
review_22740,class_7d54e6ff154ad392b174
review_22741,class_e65aace9237833ec7752
review_22742,class_52438e68a549a636811e
review_22743,class_52438e68a549a636811e
review_22744,class_e65aace9237833ec7752
review_22745,class_9deef4712756d30ffaa3
review_22746,class_e65aace9237833ec7752
review_22747,class_7d54e6ff154ad392b174
review_22748,class_e65aace9237833ec7752
review_22749,class_52438e68a549a636811e
review_22750,class_e65aace9237833ec7752
review_22751,class_7d54e6ff154ad392b174
review_22752,class_e65aace9237833ec7752
review_22753,class_e65aace9237833ec7752
review_22754,class_1cf1396a0c9bc53f37da
review_22755,class_7d54e6ff154ad392b174
review_22756,class_e65aace9237833ec7752
review_22757,class_9deef4712756d30ffaa3
review_22758,class_52438e68a549a636811e
review_22759,class_e65aace9237833ec7752
review_22760,class_7d54e6ff154ad392b174
review_22761,class_52438e68a549a636811e
review_22762,class_7d54e6ff154ad392b174
review_22763,class_e65aace9237833ec7752
review_22764,class_e65aace9237833ec7752
review_22765,class_9deef4712756d30ffaa3
review_22766,class_7d54e6ff154ad392b174
review_22767,class_9deef4712756d30ffaa3
review_22768,class_7d54e6ff154ad392b174
review_22769,class_1bc7e06ece0f38a60982
review_22770,class_f6efb94c9ae061247bed
review_22771,class_f6efb94c9ae061247bed
review_22772,class_7d54e6ff154ad392b174
review_22773,class_1318693c237b7b97c0c0
review_22774,class_9deef4712756d30ffaa3
review_22775,class_7d54e6ff154ad392b174
review_22776,class_7d54e6ff154ad392b174
review_22777,class_52da9457fdf6740afd51
review_22778,class_1cf1396a0c9bc53f37da
review_22779,class_1bc7e06ece0f38a60982
review_22780,class_7d54e6ff154ad392b174
review_22781,class_7d54e6ff154ad392b174
review_22782,class_1cf1396a0c9bc53f37da
review_22783,class_52da9457fdf6740afd51
review_22784,class_f6efb94c9ae061247bed
review_22785,class_52da9457fdf6740afd51
review_22786,class_f6efb94c9ae061247bed
review_22787,class_1bc7e06ece0f38a60982
review_22788,class_1cf1396a0c9bc53f37da
review_22789,class_7d54e6ff154ad392b174
review_22790,class_f6efb94c9ae061247bed
review_22791,class_7d54e6ff154ad392b174
review_22792,class_52da9457fdf6740afd51
review_22793,class_1bc7e06ece0f38a60982
review_22794,class_7d54e6ff154ad392b174
review_22795,class_1bc7e06ece0f38a60982
review_22796,class_7d54e6ff154ad392b174
review_22797,class_1bc7e06ece0f38a60982
review_22798,class_52da9457fdf6740afd51
review_22799,class_1318693c237b7b97c0c0
review_22800,class_1bc7e06ece0f38a60982
review_22801,class_7d54e6ff154ad392b174
review_22802,class_7d54e6ff154ad392b174
review_22803,class_7d54e6ff154ad392b174
review_22804,class_52da9457fdf6740afd51
review_22805,class_7d54e6ff154ad392b174
review_22806,class_52da9457fdf6740afd51
review_22807,class_7d54e6ff154ad392b174
review_22808,class_1bc7e06ece0f38a60982
review_22809,class_1318693c237b7b97c0c0
review_22810,class_7d54e6ff154ad392b174
review_22811,class_9deef4712756d30ffaa3
review_22812,class_9e32d15b246e504af33c
review_22813,class_1bc7e06ece0f38a60982
review_22814,class_1bc7e06ece0f38a60982
review_22815,class_1bc7e06ece0f38a60982
review_22816,class_1bc7e06ece0f38a60982
review_22817,class_52da9457fdf6740afd51
review_22818,class_7d54e6ff154ad392b174
review_22819,class_52da9457fdf6740afd51
review_22820,class_1318693c237b7b97c0c0
review_22821,class_52da9457fdf6740afd51
review_22822,class_1bc7e06ece0f38a60982
review_22823,class_52da9457fdf6740afd51
review_22824,class_0eeaed02d1a961f133b4
review_22825,class_1318693c237b7b97c0c0
review_22826,class_7d54e6ff154ad392b174
review_22827,class_9deef4712756d30ffaa3
review_22828,class_1bc7e06ece0f38a60982
review_22829,class_52da9457fdf6740afd51
review_22830,class_7d54e6ff154ad392b174
review_22831,class_52da9457fdf6740afd51
review_22832,class_1318693c237b7b97c0c0
review_22833,class_1318693c237b7b97c0c0
review_22834,class_7d54e6ff154ad392b174
review_22835,class_be68f8ed5877c11b8be4
review_22836,class_52da9457fdf6740afd51
review_22837,class_7d54e6ff154ad392b174
review_22838,class_1bc7e06ece0f38a60982
review_22839,class_7d54e6ff154ad392b174
review_22840,class_7d54e6ff154ad392b174
review_22841,class_7d54e6ff154ad392b174
review_22842,class_7d54e6ff154ad392b174
review_22843,class_1bc7e06ece0f38a60982
review_22844,class_1318693c237b7b97c0c0
review_22845,class_1318693c237b7b97c0c0
review_22846,class_1318693c237b7b97c0c0
review_22847,class_9deef4712756d30ffaa3
review_22848,class_7d54e6ff154ad392b174
review_22849,class_9deef4712756d30ffaa3
review_22850,class_7d54e6ff154ad392b174
review_22851,class_7d54e6ff154ad392b174
review_22852,class_9deef4712756d30ffaa3
review_22853,class_1318693c237b7b97c0c0
review_22854,class_7d54e6ff154ad392b174
review_22855,class_e65aace9237833ec7752
review_22856,class_9deef4712756d30ffaa3
review_22857,class_9deef4712756d30ffaa3
review_22858,class_9deef4712756d30ffaa3
review_22859,class_7d54e6ff154ad392b174
review_22860,class_7d54e6ff154ad392b174
review_22861,class_9deef4712756d30ffaa3
review_22862,class_1318693c237b7b97c0c0
review_22863,class_7d54e6ff154ad392b174
review_22864,class_9deef4712756d30ffaa3
review_22865,class_7d54e6ff154ad392b174
review_22866,class_9deef4712756d30ffaa3
review_22867,class_e65aace9237833ec7752
review_22868,class_e65aace9237833ec7752
review_22869,class_7d54e6ff154ad392b174
review_22870,class_7d54e6ff154ad392b174
review_22871,class_7d54e6ff154ad392b174
review_22872,class_e65aace9237833ec7752
review_22873,class_e65aace9237833ec7752
review_22874,class_7d54e6ff154ad392b174
review_22875,class_7d54e6ff154ad392b174
review_22876,class_7d54e6ff154ad392b174
review_22877,class_9deef4712756d30ffaa3
review_22878,class_9deef4712756d30ffaa3
review_22879,class_e65aace9237833ec7752
review_22880,class_7d54e6ff154ad392b174
review_22881,class_1318693c237b7b97c0c0
review_22882,class_e65aace9237833ec7752
review_22883,class_1318693c237b7b97c0c0
review_22884,class_9deef4712756d30ffaa3
review_22885,class_9deef4712756d30ffaa3
review_22886,class_e65aace9237833ec7752
review_22887,class_7d54e6ff154ad392b174
review_22888,class_7d54e6ff154ad392b174
review_22889,class_7d54e6ff154ad392b174
review_22890,class_7d54e6ff154ad392b174
review_22891,class_9deef4712756d30ffaa3
review_22892,class_7d54e6ff154ad392b174
review_22893,class_7d54e6ff154ad392b174
review_22894,class_9deef4712756d30ffaa3
review_22895,class_9deef4712756d30ffaa3
review_22896,class_7d54e6ff154ad392b174
review_22897,class_7d54e6ff154ad392b174
review_22898,class_9deef4712756d30ffaa3
review_22899,class_7d54e6ff154ad392b174
review_22900,class_9deef4712756d30ffaa3
review_22901,class_9deef4712756d30ffaa3
review_22902,class_9deef4712756d30ffaa3
review_22903,class_9deef4712756d30ffaa3
review_22904,class_0eeaed02d1a961f133b4
review_22905,class_1318693c237b7b97c0c0
review_22906,class_9deef4712756d30ffaa3
review_22907,class_9deef4712756d30ffaa3
review_22908,class_9deef4712756d30ffaa3
review_22909,class_7d54e6ff154ad392b174
review_22910,class_9deef4712756d30ffaa3
review_22911,class_7d54e6ff154ad392b174
review_22912,class_4397d106b671d697b6e0
review_22913,class_7d54e6ff154ad392b174
review_22914,class_9deef4712756d30ffaa3
review_22915,class_e65aace9237833ec7752
review_22916,class_7d54e6ff154ad392b174
review_22917,class_7d54e6ff154ad392b174
review_22918,class_1318693c237b7b97c0c0
review_22919,class_9deef4712756d30ffaa3
review_22920,class_7d54e6ff154ad392b174
review_22921,class_0eeaed02d1a961f133b4
review_22922,class_e65aace9237833ec7752
review_22923,class_9deef4712756d30ffaa3
review_22924,class_0eeaed02d1a961f133b4
review_22925,class_e65aace9237833ec7752
review_22926,class_7d54e6ff154ad392b174
review_22927,class_7d54e6ff154ad392b174
review_22928,class_7d54e6ff154ad392b174
review_22929,class_9deef4712756d30ffaa3
review_22930,class_9deef4712756d30ffaa3
review_22931,class_9deef4712756d30ffaa3
review_22932,class_9deef4712756d30ffaa3
review_22933,class_0eeaed02d1a961f133b4
review_22934,class_7d54e6ff154ad392b174
review_22935,class_7d54e6ff154ad392b174
review_22936,class_7d54e6ff154ad392b174
review_22937,class_7d54e6ff154ad392b174
review_22938,class_9deef4712756d30ffaa3
review_22939,class_9deef4712756d30ffaa3
review_22940,class_7d54e6ff154ad392b174
review_22941,class_7d54e6ff154ad392b174
review_22942,class_0eeaed02d1a961f133b4
review_22943,class_1318693c237b7b97c0c0
review_22944,class_7d54e6ff154ad392b174
review_22945,class_7d54e6ff154ad392b174
review_22946,class_9deef4712756d30ffaa3
review_22947,class_52da9457fdf6740afd51
review_22948,class_1318693c237b7b97c0c0
review_22949,class_7d54e6ff154ad392b174
review_22950,class_9deef4712756d30ffaa3
review_22951,class_0eeaed02d1a961f133b4
review_22952,class_52da9457fdf6740afd51
review_22953,class_7d54e6ff154ad392b174
review_22954,class_7d54e6ff154ad392b174
review_22955,class_9deef4712756d30ffaa3
review_22956,class_0eeaed02d1a961f133b4
review_22957,class_7d54e6ff154ad392b174
review_22958,class_7d54e6ff154ad392b174
review_22959,class_7d54e6ff154ad392b174
review_22960,class_7d54e6ff154ad392b174
review_22961,class_7d54e6ff154ad392b174
review_22962,class_7d54e6ff154ad392b174
review_22963,class_7d54e6ff154ad392b174
review_22964,class_7d54e6ff154ad392b174
review_22965,class_7d54e6ff154ad392b174
review_22966,class_7d54e6ff154ad392b174
review_22967,class_9deef4712756d30ffaa3
review_22968,class_9deef4712756d30ffaa3
review_22969,class_7d54e6ff154ad392b174
review_22970,class_7d54e6ff154ad392b174
review_22971,class_1318693c237b7b97c0c0
review_22972,class_7d54e6ff154ad392b174
review_22973,class_7d54e6ff154ad392b174
review_22974,class_7d54e6ff154ad392b174
review_22975,class_e65aace9237833ec7752
review_22976,class_9deef4712756d30ffaa3
review_22977,class_1318693c237b7b97c0c0
review_22978,class_1bc7e06ece0f38a60982
review_22979,class_e65aace9237833ec7752
review_22980,class_f6efb94c9ae061247bed
review_22981,class_0eeaed02d1a961f133b4
review_22982,class_7d54e6ff154ad392b174
review_22983,class_0eeaed02d1a961f133b4
review_22984,class_e65aace9237833ec7752
review_22985,class_7d54e6ff154ad392b174
review_22986,class_e65aace9237833ec7752
review_22987,class_52da9457fdf6740afd51
review_22988,class_1bc7e06ece0f38a60982
review_22989,class_0eeaed02d1a961f133b4
review_22990,class_7d54e6ff154ad392b174
review_22991,class_1bc7e06ece0f38a60982
review_22992,class_7d54e6ff154ad392b174
review_22993,class_f6efb94c9ae061247bed
review_22994,class_7d54e6ff154ad392b174
review_22995,class_f6efb94c9ae061247bed
review_22996,class_f6efb94c9ae061247bed
review_22998,class_7d54e6ff154ad392b174
review_22999,class_f6efb94c9ae061247bed
review_23000,class_e65aace9237833ec7752
review_23001,class_f6efb94c9ae061247bed
review_23002,class_1cf1396a0c9bc53f37da
review_23003,class_1cf1396a0c9bc53f37da
review_23004,class_7d54e6ff154ad392b174
review_23005,class_52da9457fdf6740afd51
review_23007,class_f6efb94c9ae061247bed
review_23008,class_e65aace9237833ec7752
review_23009,class_f6efb94c9ae061247bed
review_23010,class_be68f8ed5877c11b8be4
review_23012,class_1cf1396a0c9bc53f37da
review_23013,class_1cf1396a0c9bc53f37da
review_23014,class_be68f8ed5877c11b8be4
review_23015,class_7d54e6ff154ad392b174
review_23016,class_7d54e6ff154ad392b174
review_23017,class_1bc7e06ece0f38a60982
review_23018,class_52da9457fdf6740afd51
review_23019,class_0eeaed02d1a961f133b4
review_23020,class_48075864b2596de25a65
review_23021,class_1bc7e06ece0f38a60982
review_23022,class_52da9457fdf6740afd51
review_23023,class_1bc7e06ece0f38a60982
review_23024,class_1cf1396a0c9bc53f37da
review_23025,class_7d54e6ff154ad392b174
review_23026,class_1bc7e06ece0f38a60982
review_23027,class_7d54e6ff154ad392b174
review_23028,class_1318693c237b7b97c0c0
review_23029,class_0eeaed02d1a961f133b4
review_23030,class_1bc7e06ece0f38a60982
review_23031,class_7d54e6ff154ad392b174
review_23032,class_1bc7e06ece0f38a60982
review_23033,class_1bc7e06ece0f38a60982
review_23034,class_1318693c237b7b97c0c0
review_23035,class_7d54e6ff154ad392b174
review_23036,class_0eeaed02d1a961f133b4
review_23037,class_1cf1396a0c9bc53f37da
review_23038,class_7d54e6ff154ad392b174
review_23039,class_1318693c237b7b97c0c0
review_23040,class_1318693c237b7b97c0c0
review_23041,class_b7f740446b63715473af
review_23042,class_b7f740446b63715473af
review_23043,class_f6efb94c9ae061247bed
review_23044,class_7d54e6ff154ad392b174
review_23045,class_1318693c237b7b97c0c0
review_23046,class_e65aace9237833ec7752
review_23047,class_0eeaed02d1a961f133b4
review_23048,class_7d54e6ff154ad392b174
review_23049,class_0eeaed02d1a961f133b4
review_23050,class_0eeaed02d1a961f133b4
review_23051,class_48075864b2596de25a65
review_23052,class_52da9457fdf6740afd51
review_23053,class_0eeaed02d1a961f133b4
review_23054,class_1bc7e06ece0f38a60982
review_23055,class_1bc7e06ece0f38a60982
review_23056,class_1bc7e06ece0f38a60982
review_23057,class_1cf1396a0c9bc53f37da
review_23058,class_1318693c237b7b97c0c0
review_23059,class_1bc7e06ece0f38a60982
review_23060,class_f6efb94c9ae061247bed
review_23061,class_1bc7e06ece0f38a60982
review_23062,class_b89f90f328fa7e7781c0
review_23063,class_1318693c237b7b97c0c0
review_23064,class_1bc7e06ece0f38a60982
review_23065,class_1bc7e06ece0f38a60982
review_23066,class_e65aace9237833ec7752
review_23067,class_b89f90f328fa7e7781c0
review_23068,class_1318693c237b7b97c0c0
review_23069,class_e65aace9237833ec7752
review_23070,class_e65aace9237833ec7752
review_23071,class_1bc7e06ece0f38a60982
review_23072,class_1bc7e06ece0f38a60982
review_23073,class_1bc7e06ece0f38a60982
review_23074,class_7d54e6ff154ad392b174
review_23075,class_7d54e6ff154ad392b174
review_23076,class_1bc7e06ece0f38a60982
review_23077,class_1bc7e06ece0f38a60982
review_23078,class_b89f90f328fa7e7781c0
review_23079,class_e65aace9237833ec7752
review_23080,class_1bc7e06ece0f38a60982
review_23081,class_1bc7e06ece0f38a60982
review_23082,class_1bc7e06ece0f38a60982
review_23083,class_1318693c237b7b97c0c0
review_23084,class_1bc7e06ece0f38a60982
review_23085,class_e65aace9237833ec7752
review_23086,class_e65aace9237833ec7752
review_23087,class_1318693c237b7b97c0c0
review_23088,class_b89f90f328fa7e7781c0
review_23089,class_b89f90f328fa7e7781c0
review_23090,class_f6efb94c9ae061247bed
review_23091,class_1bc7e06ece0f38a60982
review_23092,class_e65aace9237833ec7752
review_23093,class_1bc7e06ece0f38a60982
review_23094,class_1318693c237b7b97c0c0
review_23095,class_e65aace9237833ec7752
review_23096,class_1318693c237b7b97c0c0
review_23097,class_1bc7e06ece0f38a60982
review_23098,class_1318693c237b7b97c0c0
review_23099,class_e65aace9237833ec7752
review_23100,class_7d54e6ff154ad392b174
review_23101,class_7d54e6ff154ad392b174
review_23102,class_0eeaed02d1a961f133b4
review_23103,class_7d54e6ff154ad392b174
review_23104,class_7d54e6ff154ad392b174
review_23105,class_1bc7e06ece0f38a60982
review_23106,class_7d54e6ff154ad392b174
review_23107,class_0eeaed02d1a961f133b4
review_23108,class_7d54e6ff154ad392b174
review_23109,class_7d54e6ff154ad392b174
review_23110,class_7d54e6ff154ad392b174
review_23111,class_7d54e6ff154ad392b174
review_23112,class_7d54e6ff154ad392b174
review_23113,class_7d54e6ff154ad392b174
review_23114,class_0eeaed02d1a961f133b4
review_23115,class_7d54e6ff154ad392b174
review_23116,class_7d54e6ff154ad392b174
review_23117,class_7d54e6ff154ad392b174
review_23118,class_7d54e6ff154ad392b174
review_23119,class_7d54e6ff154ad392b174
review_23120,class_7d54e6ff154ad392b174
review_23121,class_1bc7e06ece0f38a60982
review_23122,class_0eeaed02d1a961f133b4
review_23123,class_0eeaed02d1a961f133b4
review_23124,class_7d54e6ff154ad392b174
review_23125,class_7d54e6ff154ad392b174
review_23126,class_e65aace9237833ec7752
review_23127,class_7d54e6ff154ad392b174
review_23128,class_e65aace9237833ec7752
review_23129,class_7d54e6ff154ad392b174
review_23130,class_7d54e6ff154ad392b174
review_23131,class_e65aace9237833ec7752
review_23132,class_7d54e6ff154ad392b174
review_23133,class_7d54e6ff154ad392b174
review_23134,class_e65aace9237833ec7752
review_23135,class_7d54e6ff154ad392b174
review_23136,class_e65aace9237833ec7752
review_23137,class_7d54e6ff154ad392b174
review_23138,class_7d54e6ff154ad392b174
review_23139,class_7d54e6ff154ad392b174
review_23140,class_e65aace9237833ec7752
review_23141,class_1cf1396a0c9bc53f37da
review_23142,class_9e32d15b246e504af33c
review_23143,class_7d54e6ff154ad392b174
review_23144,class_9e32d15b246e504af33c
review_23145,class_7d54e6ff154ad392b174
review_23146,class_7d54e6ff154ad392b174
review_23147,class_9e32d15b246e504af33c
review_23148,class_7d54e6ff154ad392b174
review_23149,class_7d54e6ff154ad392b174
review_23150,class_7d54e6ff154ad392b174
review_23151,class_7d54e6ff154ad392b174
review_23152,class_7d54e6ff154ad392b174
review_23153,class_7d54e6ff154ad392b174
review_23154,class_1cf1396a0c9bc53f37da
review_23155,class_7d54e6ff154ad392b174
review_23156,class_7d54e6ff154ad392b174
review_23157,class_7d54e6ff154ad392b174
review_23158,class_1318693c237b7b97c0c0
review_23159,class_7d54e6ff154ad392b174
review_23160,class_b89f90f328fa7e7781c0
review_23161,class_7d54e6ff154ad392b174
review_23162,class_7d54e6ff154ad392b174
review_23163,class_7d54e6ff154ad392b174
review_23164,class_7d54e6ff154ad392b174
review_23165,class_7d54e6ff154ad392b174
review_23166,class_7d54e6ff154ad392b174
review_23167,class_7d54e6ff154ad392b174
review_23168,class_7d54e6ff154ad392b174
review_23169,class_7d54e6ff154ad392b174
review_23170,class_7d54e6ff154ad392b174
review_23171,class_9deef4712756d30ffaa3
review_23172,class_7d54e6ff154ad392b174
review_23173,class_7d54e6ff154ad392b174
review_23174,class_b89f90f328fa7e7781c0
review_23175,class_7d54e6ff154ad392b174
review_23176,class_7d54e6ff154ad392b174
review_23177,class_7d54e6ff154ad392b174
review_23178,class_7d54e6ff154ad392b174
review_23179,class_7d54e6ff154ad392b174
review_23180,class_1bc7e06ece0f38a60982
review_23181,class_e65aace9237833ec7752
review_23182,class_7d54e6ff154ad392b174
review_23183,class_7d54e6ff154ad392b174
review_23184,class_7d54e6ff154ad392b174
review_23185,class_7d54e6ff154ad392b174
review_23186,class_7d54e6ff154ad392b174
review_23187,class_c3ca5f787365eae0dea8
review_23188,class_9e32d15b246e504af33c
review_23189,class_7d54e6ff154ad392b174
review_23190,class_7d54e6ff154ad392b174
review_23191,class_1bc7e06ece0f38a60982
review_23192,class_5da3128be1ff7664a1b2
review_23193,class_7d54e6ff154ad392b174
review_23194,class_be68f8ed5877c11b8be4
review_23195,class_5da3128be1ff7664a1b2
review_23196,class_be68f8ed5877c11b8be4
review_23197,class_1318693c237b7b97c0c0
review_23198,class_7d54e6ff154ad392b174
review_23199,class_5da3128be1ff7664a1b2
review_23200,class_1cf1396a0c9bc53f37da
review_23201,class_52da9457fdf6740afd51
review_23202,class_7d54e6ff154ad392b174
review_23203,class_f6efb94c9ae061247bed
review_23204,class_7d54e6ff154ad392b174
review_23205,class_5da3128be1ff7664a1b2
review_23206,class_be68f8ed5877c11b8be4
review_23207,class_5da3128be1ff7664a1b2
review_23208,class_1cf1396a0c9bc53f37da
review_23209,class_b7f740446b63715473af
review_23210,class_7d54e6ff154ad392b174
review_23211,class_f6efb94c9ae061247bed
review_23212,class_7d54e6ff154ad392b174
review_23213,class_7d54e6ff154ad392b174
review_23214,class_52da9457fdf6740afd51
review_23215,class_be68f8ed5877c11b8be4
review_23216,class_7d54e6ff154ad392b174
review_23217,class_7d54e6ff154ad392b174
review_23218,class_7d54e6ff154ad392b174
review_23219,class_7d54e6ff154ad392b174
review_23220,class_be68f8ed5877c11b8be4
review_23221,class_7d54e6ff154ad392b174
review_23222,class_be68f8ed5877c11b8be4
review_23223,class_5da3128be1ff7664a1b2
review_23224,class_7d54e6ff154ad392b174
review_23225,class_7d54e6ff154ad392b174
review_23226,class_be68f8ed5877c11b8be4
review_23227,class_1318693c237b7b97c0c0
review_23228,class_5da3128be1ff7664a1b2
review_23229,class_be68f8ed5877c11b8be4
review_23230,class_1cf1396a0c9bc53f37da
review_23231,class_be68f8ed5877c11b8be4
review_23232,class_1318693c237b7b97c0c0
review_23233,class_7d54e6ff154ad392b174
review_23234,class_52438e68a549a636811e
review_23235,class_52438e68a549a636811e
review_23236,class_1bc7e06ece0f38a60982
review_23237,class_1bc7e06ece0f38a60982
review_23238,class_52da9457fdf6740afd51
review_23239,class_4397d106b671d697b6e0
review_23240,class_1bc7e06ece0f38a60982
review_23241,class_1bc7e06ece0f38a60982
review_23242,class_1cf1396a0c9bc53f37da
review_23243,class_1cf1396a0c9bc53f37da
review_23244,class_52da9457fdf6740afd51
review_23245,class_e65aace9237833ec7752
review_23246,class_1bc7e06ece0f38a60982
review_23247,class_1bc7e06ece0f38a60982
review_23248,class_0eeaed02d1a961f133b4
review_23249,class_b7f740446b63715473af
review_23250,class_7d54e6ff154ad392b174
review_23251,class_52da9457fdf6740afd51
review_23252,class_9deef4712756d30ffaa3
review_23253,class_7d54e6ff154ad392b174
review_23254,class_1cf1396a0c9bc53f37da
review_23255,class_e65aace9237833ec7752
review_23256,class_e65aace9237833ec7752
review_23257,class_9deef4712756d30ffaa3
review_23258,class_1bc7e06ece0f38a60982
review_23259,class_0eeaed02d1a961f133b4
review_23260,class_52da9457fdf6740afd51
review_23261,class_e65aace9237833ec7752
review_23262,class_52da9457fdf6740afd51
review_23263,class_e65aace9237833ec7752
review_23264,class_1bc7e06ece0f38a60982
review_23265,class_e65aace9237833ec7752
review_23266,class_1bc7e06ece0f38a60982
review_23267,class_52da9457fdf6740afd51
review_23268,class_52da9457fdf6740afd51
review_23269,class_1bc7e06ece0f38a60982
review_23270,class_1cf1396a0c9bc53f37da
review_23271,class_7d54e6ff154ad392b174
review_23272,class_1bc7e06ece0f38a60982
review_23273,class_52da9457fdf6740afd51
review_23274,class_1bc7e06ece0f38a60982
review_23275,class_52da9457fdf6740afd51
review_23276,class_0eeaed02d1a961f133b4
review_23277,class_1bc7e06ece0f38a60982
review_23278,class_0eeaed02d1a961f133b4
review_23279,class_e65aace9237833ec7752
review_23280,class_1cf1396a0c9bc53f37da
review_23281,class_52da9457fdf6740afd51
review_23282,class_1cf1396a0c9bc53f37da
review_23283,class_0eeaed02d1a961f133b4
review_23284,class_e65aace9237833ec7752
review_23285,class_1bc7e06ece0f38a60982
review_23286,class_e65aace9237833ec7752
review_23287,class_52da9457fdf6740afd51
review_23288,class_7d54e6ff154ad392b174
review_23289,class_9deef4712756d30ffaa3
review_23290,class_9deef4712756d30ffaa3
review_23291,class_1cf1396a0c9bc53f37da
review_23292,class_1bc7e06ece0f38a60982
review_23293,class_9deef4712756d30ffaa3
review_23294,class_9deef4712756d30ffaa3
review_23295,class_52da9457fdf6740afd51
review_23296,class_52da9457fdf6740afd51
review_23297,class_1cf1396a0c9bc53f37da
review_23298,class_9deef4712756d30ffaa3
review_23299,class_9deef4712756d30ffaa3
review_23300,class_7d54e6ff154ad392b174
review_23301,class_1bc7e06ece0f38a60982
review_23302,class_1cf1396a0c9bc53f37da
review_23303,class_52da9457fdf6740afd51
review_23304,class_0eeaed02d1a961f133b4
review_23305,class_f6efb94c9ae061247bed
review_23306,class_52da9457fdf6740afd51
review_23307,class_0eeaed02d1a961f133b4
review_23308,class_7d54e6ff154ad392b174
review_23309,class_0eeaed02d1a961f133b4
review_23310,class_1cf1396a0c9bc53f37da
review_23311,class_52da9457fdf6740afd51
review_23312,class_1bc7e06ece0f38a60982
review_23313,class_1bc7e06ece0f38a60982
review_23314,class_e65aace9237833ec7752
review_23315,class_1cf1396a0c9bc53f37da
review_23316,class_1bc7e06ece0f38a60982
review_23317,class_52da9457fdf6740afd51
review_23318,class_b89f90f328fa7e7781c0
review_23319,class_52da9457fdf6740afd51
review_23320,class_f6efb94c9ae061247bed
review_23321,class_9deef4712756d30ffaa3
review_23322,class_1318693c237b7b97c0c0
review_23323,class_52da9457fdf6740afd51
review_23324,class_1bc7e06ece0f38a60982
review_23325,class_7d54e6ff154ad392b174
review_23326,class_48075864b2596de25a65
review_23327,class_7d54e6ff154ad392b174
review_23328,class_7d54e6ff154ad392b174
review_23329,class_7d54e6ff154ad392b174
review_23330,class_7d54e6ff154ad392b174
review_23331,class_7d54e6ff154ad392b174
review_23332,class_e65aace9237833ec7752
review_23333,class_7d54e6ff154ad392b174
review_23334,class_7d54e6ff154ad392b174
review_23335,class_52da9457fdf6740afd51
review_23336,class_7d54e6ff154ad392b174
review_23337,class_52da9457fdf6740afd51
review_23338,class_7d54e6ff154ad392b174
review_23339,class_7d54e6ff154ad392b174
review_23340,class_7d54e6ff154ad392b174
review_23341,class_1bc7e06ece0f38a60982
review_23342,class_52da9457fdf6740afd51
review_23343,class_7d54e6ff154ad392b174
review_23344,class_7d54e6ff154ad392b174
review_23345,class_7d54e6ff154ad392b174
review_23346,class_52da9457fdf6740afd51
review_23347,class_7d54e6ff154ad392b174
review_23348,class_7d54e6ff154ad392b174
review_23349,class_52da9457fdf6740afd51
review_23350,class_52da9457fdf6740afd51
review_23351,class_7d54e6ff154ad392b174
review_23352,class_7d54e6ff154ad392b174
review_23353,class_e65aace9237833ec7752
review_23354,class_52da9457fdf6740afd51
review_23355,class_52da9457fdf6740afd51
review_23356,class_7d54e6ff154ad392b174
review_23357,class_52da9457fdf6740afd51
review_23358,class_52da9457fdf6740afd51
review_23359,class_7d54e6ff154ad392b174
review_23360,class_52da9457fdf6740afd51
review_23361,class_52da9457fdf6740afd51
review_23362,class_52da9457fdf6740afd51
review_23363,class_7d54e6ff154ad392b174
review_23364,class_7d54e6ff154ad392b174
review_23365,class_7d54e6ff154ad392b174
review_23366,class_52da9457fdf6740afd51
review_23367,class_7d54e6ff154ad392b174
review_23368,class_9e32d15b246e504af33c
review_23369,class_7d54e6ff154ad392b174
review_23370,class_7d54e6ff154ad392b174
review_23371,class_7d54e6ff154ad392b174
review_23372,class_7d54e6ff154ad392b174
review_23373,class_7d54e6ff154ad392b174
review_23374,class_7d54e6ff154ad392b174
review_23375,class_7d54e6ff154ad392b174
review_23376,class_7d54e6ff154ad392b174
review_23377,class_9e32d15b246e504af33c
review_23378,class_7d54e6ff154ad392b174
review_23379,class_7d54e6ff154ad392b174
review_23380,class_7d54e6ff154ad392b174
review_23381,class_7d54e6ff154ad392b174
review_23382,class_7d54e6ff154ad392b174
review_23383,class_1bc7e06ece0f38a60982
review_23384,class_52da9457fdf6740afd51
review_23385,class_7d54e6ff154ad392b174
review_23386,class_7d54e6ff154ad392b174
review_23387,class_52da9457fdf6740afd51
review_23388,class_7d54e6ff154ad392b174
review_23389,class_52da9457fdf6740afd51
review_23390,class_7d54e6ff154ad392b174
review_23391,class_1bc7e06ece0f38a60982
review_23392,class_52da9457fdf6740afd51
review_23393,class_7d54e6ff154ad392b174
review_23394,class_52da9457fdf6740afd51
review_23395,class_9e32d15b246e504af33c
review_23396,class_e65aace9237833ec7752
review_23397,class_7d54e6ff154ad392b174
review_23398,class_52da9457fdf6740afd51
review_23399,class_7d54e6ff154ad392b174
review_23400,class_52da9457fdf6740afd51
review_23401,class_52da9457fdf6740afd51
review_23402,class_52da9457fdf6740afd51
review_23403,class_7d54e6ff154ad392b174
review_23404,class_52da9457fdf6740afd51
review_23405,class_1318693c237b7b97c0c0
review_23406,class_7d54e6ff154ad392b174
review_23407,class_7d54e6ff154ad392b174
review_23408,class_7d54e6ff154ad392b174
review_23409,class_52da9457fdf6740afd51
review_23410,class_0eeaed02d1a961f133b4
review_23411,class_1318693c237b7b97c0c0
review_23412,class_1bc7e06ece0f38a60982
review_23413,class_1bc7e06ece0f38a60982
review_23414,class_1bc7e06ece0f38a60982
review_23415,class_0eeaed02d1a961f133b4
review_23416,class_7d54e6ff154ad392b174
review_23417,class_52da9457fdf6740afd51
review_23418,class_1bc7e06ece0f38a60982
review_23419,class_0eeaed02d1a961f133b4
review_23420,class_1bc7e06ece0f38a60982
review_23421,class_52da9457fdf6740afd51
review_23422,class_1bc7e06ece0f38a60982
review_23423,class_1bc7e06ece0f38a60982
review_23424,class_1bc7e06ece0f38a60982
review_23425,class_b7f740446b63715473af
review_23426,class_1bc7e06ece0f38a60982
review_23427,class_1bc7e06ece0f38a60982
review_23428,class_1318693c237b7b97c0c0
review_23429,class_1bc7e06ece0f38a60982
review_23430,class_1bc7e06ece0f38a60982
review_23431,class_1bc7e06ece0f38a60982
review_23432,class_7d54e6ff154ad392b174
review_23433,class_7d54e6ff154ad392b174
review_23434,class_1bc7e06ece0f38a60982
review_23435,class_f6efb94c9ae061247bed
review_23436,class_7d54e6ff154ad392b174
review_23437,class_7d54e6ff154ad392b174
review_23438,class_4397d106b671d697b6e0
review_23439,class_f6efb94c9ae061247bed
review_23440,class_7d54e6ff154ad392b174
review_23441,class_7d54e6ff154ad392b174
review_23442,class_7d54e6ff154ad392b174
review_23443,class_1bc7e06ece0f38a60982
review_23444,class_1bc7e06ece0f38a60982
review_23445,class_1bc7e06ece0f38a60982
review_23446,class_1bc7e06ece0f38a60982
review_23447,class_7d54e6ff154ad392b174
review_23448,class_7d54e6ff154ad392b174
review_23449,class_f6efb94c9ae061247bed
review_23450,class_5da3128be1ff7664a1b2
review_23451,class_7d54e6ff154ad392b174
review_23452,class_0eeaed02d1a961f133b4
review_23453,class_7d54e6ff154ad392b174
review_23454,class_0eeaed02d1a961f133b4
review_23455,class_7d54e6ff154ad392b174
review_23456,class_7d54e6ff154ad392b174
review_23457,class_f6efb94c9ae061247bed
review_23458,class_1bc7e06ece0f38a60982
review_23459,class_7d54e6ff154ad392b174
review_23460,class_7d54e6ff154ad392b174
review_23461,class_f6efb94c9ae061247bed
review_23462,class_0eeaed02d1a961f133b4
review_23463,class_f6efb94c9ae061247bed
review_23464,class_7d54e6ff154ad392b174
review_23465,class_7d54e6ff154ad392b174
review_23466,class_7d54e6ff154ad392b174
review_23467,class_7d54e6ff154ad392b174
review_23468,class_f6efb94c9ae061247bed
review_23469,class_f6efb94c9ae061247bed
review_23470,class_7d54e6ff154ad392b174
review_23471,class_f6efb94c9ae061247bed
review_23472,class_1bc7e06ece0f38a60982
review_23473,class_7d54e6ff154ad392b174
review_23474,class_7d54e6ff154ad392b174
review_23475,class_7d54e6ff154ad392b174
review_23476,class_b89f90f328fa7e7781c0
review_23477,class_7d54e6ff154ad392b174
review_23478,class_7d54e6ff154ad392b174
review_23479,class_0eeaed02d1a961f133b4
review_23480,class_1bc7e06ece0f38a60982
review_23481,class_7d54e6ff154ad392b174
review_23482,class_1bc7e06ece0f38a60982
review_23483,class_7d54e6ff154ad392b174
review_23484,class_7d54e6ff154ad392b174
review_23485,class_7d54e6ff154ad392b174
