review_id,product_id
review_0,clothing_767
review_1,clothing_1080
review_2,clothing_1077
review_3,clothing_1049
review_4,clothing_847
review_5,clothing_1080
review_6,clothing_858
review_7,clothing_858
review_8,clothing_1077
review_9,clothing_1077
review_10,clothing_1077
review_11,clothing_1095
review_12,clothing_1095
review_13,clothing_767
review_14,clothing_1077
review_15,clothing_1065
review_16,clothing_1065
review_17,clothing_853
review_18,clothing_1120
review_19,clothing_1077
review_20,clothing_847
review_21,clothing_1080
review_22,clothing_1077
review_23,clothing_1077
review_24,clothing_847
review_25,clothing_697
review_26,clothing_949
review_27,clothing_1003
review_28,clothing_684
review_29,clothing_4
review_30,clothing_1060
review_31,clothing_1060
review_32,clothing_1060
review_33,clothing_949
review_34,clothing_697
review_35,clothing_1060
review_36,clothing_1002
review_37,clothing_949
review_38,clothing_684
review_39,clothing_862
review_40,clothing_862
review_41,clothing_862
review_42,clothing_910
review_43,clothing_89
review_44,clothing_862
review_45,clothing_862
review_46,clothing_862
review_47,clothing_823
review_48,clothing_910
review_49,clothing_862
review_50,clothing_862
review_51,clothing_862
review_52,clothing_1104
review_53,clothing_862
review_54,clothing_862
review_55,clothing_862
review_56,clothing_368
review_57,clothing_862
review_58,clothing_1095
review_59,clothing_368
review_60,clothing_1095
review_61,clothing_368
review_62,clothing_862
review_63,clothing_862
review_64,clothing_862
review_65,clothing_862
review_66,clothing_862
review_67,clothing_862
review_68,clothing_862
review_69,clothing_1078
review_70,clothing_845
review_71,clothing_822
review_72,clothing_850
review_73,clothing_866
review_74,clothing_1081
review_75,clothing_845
review_76,clothing_1082
review_77,clothing_850
review_78,clothing_836
review_79,clothing_1081
review_80,clothing_1072
review_81,clothing_863
review_82,clothing_1133
review_83,clothing_822
review_84,clothing_861
review_85,clothing_866
review_86,clothing_850
review_87,clothing_1081
review_88,clothing_845
review_89,clothing_836
review_90,clothing_1078
review_91,clothing_850
review_92,clothing_861
review_93,clothing_1081
review_94,clothing_850
review_95,clothing_863
review_96,clothing_845
review_97,clothing_861
review_98,clothing_1133
review_99,clothing_861
review_100,clothing_861
review_101,clothing_863
review_102,clothing_822
review_103,clothing_822
review_104,clothing_863
review_105,clothing_836
review_106,clothing_836
review_107,clothing_836
review_108,clothing_836
review_109,clothing_1081
review_110,clothing_861
review_111,clothing_1081
review_112,clothing_836
review_113,clothing_1081
review_114,clothing_1082
review_115,clothing_863
review_116,clothing_1072
review_117,clothing_1078
review_118,clothing_850
review_119,clothing_836
review_120,clothing_861
review_121,clothing_966
review_122,clothing_1196
review_123,clothing_836
review_124,clothing_923
review_125,clothing_1072
review_126,clothing_1133
review_127,clothing_1133
review_128,clothing_966
review_129,clothing_863
review_130,clothing_845
review_131,clothing_1081
review_132,clothing_861
review_133,clothing_966
review_134,clothing_845
review_135,clothing_861
review_136,clothing_966
review_137,clothing_836
review_138,clothing_126
review_139,clothing_1008
review_140,clothing_829
review_141,clothing_828
review_142,clothing_1126
review_143,clothing_1008
review_144,clothing_829
review_145,clothing_828
review_146,clothing_1008
review_147,clothing_1011
review_148,clothing_1008
review_149,clothing_1008
review_150,clothing_1008
review_151,clothing_1008
review_152,clothing_829
review_153,clothing_829
review_154,clothing_829
review_155,clothing_829
review_156,clothing_1008
review_157,clothing_523
review_158,clothing_829
review_159,clothing_829
review_160,clothing_1126
review_161,clothing_829
review_162,clothing_829
review_163,clothing_1008
review_164,clothing_1126
review_165,clothing_829
review_166,clothing_1020
review_167,clothing_895
review_168,clothing_862
review_169,clothing_1104
review_170,clothing_670
review_171,clothing_329
review_172,clothing_670
review_173,clothing_868
review_174,clothing_1020
review_175,clothing_862
review_176,clothing_895
review_177,clothing_895
review_178,clothing_1094
review_179,clothing_895
review_180,clothing_895
review_181,clothing_1020
review_182,clothing_895
review_183,clothing_1020
review_184,clothing_895
review_185,clothing_895
review_186,clothing_1020
review_187,clothing_596
review_188,clothing_1094
review_189,clothing_1020
review_190,clothing_895
review_191,clothing_895
review_192,clothing_895
review_193,clothing_1020
review_194,clothing_1098
review_195,clothing_895
review_196,clothing_862
review_197,clothing_1020
review_198,clothing_895
review_199,clothing_1020
review_200,clothing_895
review_201,clothing_895
review_202,clothing_895
review_203,clothing_895
review_204,clothing_828
review_205,clothing_1020
review_206,clothing_862
review_207,clothing_1020
review_208,clothing_895
review_209,clothing_862
review_210,clothing_895
review_211,clothing_1020
review_212,clothing_1075
review_213,clothing_1104
review_214,clothing_1020
review_215,clothing_1094
review_216,clothing_305
review_217,clothing_828
review_218,clothing_1094
review_219,clothing_828
review_220,clothing_895
review_221,clothing_1020
review_222,clothing_895
review_223,clothing_647
review_224,clothing_1025
review_225,clothing_1025
review_226,clothing_815
review_227,clothing_1066
review_228,clothing_840
review_229,clothing_1026
review_230,clothing_840
review_231,clothing_1066
review_232,clothing_840
review_233,clothing_1030
review_234,clothing_840
review_235,clothing_1066
review_236,clothing_647
review_237,clothing_1066
review_238,clothing_872
review_239,clothing_840
review_240,clothing_1066
review_241,clothing_647
review_242,clothing_1066
review_243,clothing_840
review_244,clothing_1066
review_245,clothing_872
review_246,clothing_1066
review_247,clothing_1115
review_248,clothing_1030
review_249,clothing_1018
review_250,clothing_1026
review_251,clothing_840
review_252,clothing_1066
review_253,clothing_647
review_254,clothing_840
review_255,clothing_840
review_256,clothing_840
review_257,clothing_1018
review_258,clothing_840
review_259,clothing_824
review_260,clothing_1115
review_261,clothing_840
review_262,clothing_878
review_263,clothing_984
review_264,clothing_1104
review_265,clothing_878
review_266,clothing_1104
review_267,clothing_984
review_268,clothing_866
review_269,clothing_1104
review_270,clothing_868
review_271,clothing_984
review_272,clothing_984
review_273,clothing_1104
review_274,clothing_878
review_275,clothing_1182
review_276,clothing_868
review_277,clothing_868
review_278,clothing_868
review_279,clothing_565
review_280,clothing_984
review_281,clothing_1104
review_282,clothing_868
review_283,clothing_878
review_284,clothing_868
review_285,clothing_1104
review_286,clothing_868
review_287,clothing_984
review_288,clothing_878
review_289,clothing_984
review_290,clothing_984
review_291,clothing_984
review_292,clothing_1024
review_293,clothing_984
review_294,clothing_984
review_295,clothing_1104
review_296,clothing_1024
review_297,clothing_984
review_298,clothing_1104
review_299,clothing_984
review_300,clothing_1104
review_301,clothing_984
review_302,clothing_895
review_303,clothing_1104
review_304,clothing_1131
review_305,clothing_984
review_306,clothing_1104
review_307,clothing_831
review_308,clothing_984
review_309,clothing_1104
review_310,clothing_836
review_311,clothing_1089
review_312,clothing_844
review_313,clothing_836
review_314,clothing_836
review_315,clothing_836
review_316,clothing_836
review_317,clothing_844
review_318,clothing_936
review_319,clothing_895
review_320,clothing_836
review_321,clothing_831
review_322,clothing_844
review_323,clothing_895
review_324,clothing_1066
review_325,clothing_844
review_326,clothing_836
review_327,clothing_836
review_328,clothing_907
review_329,clothing_836
review_330,clothing_844
review_331,clothing_1103
review_332,clothing_866
review_333,clothing_907
review_334,clothing_844
review_335,clothing_895
review_336,clothing_895
review_337,clothing_1080
review_338,clothing_831
review_339,clothing_844
review_340,clothing_844
review_341,clothing_831
review_342,clothing_836
review_343,clothing_907
review_344,clothing_844
review_345,clothing_895
review_346,clothing_895
review_347,clothing_907
review_348,clothing_844
review_349,clothing_836
review_350,clothing_844
review_351,clothing_844
review_352,clothing_844
review_353,clothing_936
review_354,clothing_907
review_355,clothing_936
review_356,clothing_831
review_357,clothing_907
review_358,clothing_862
review_359,clothing_836
review_360,clothing_936
review_361,clothing_895
review_362,clothing_836
review_363,clothing_580
review_364,clothing_895
review_365,clothing_862
review_366,clothing_862
review_367,clothing_844
review_368,clothing_836
review_369,clothing_895
review_370,clothing_836
review_371,clothing_895
review_372,clothing_895
review_373,clothing_895
review_374,clothing_836
review_375,clothing_859
review_376,clothing_862
review_377,clothing_1049
review_378,clothing_862
review_379,clothing_1089
review_380,clothing_1089
review_381,clothing_1104
review_382,clothing_127
review_383,clothing_1104
review_384,clothing_936
review_385,clothing_902
review_386,clothing_995
review_387,clothing_936
review_388,clothing_127
review_389,clothing_1104
review_390,clothing_1086
review_391,clothing_936
review_392,clothing_746
review_393,clothing_1081
review_394,clothing_127
review_395,clothing_936
review_396,clothing_127
review_397,clothing_1035
review_398,clothing_902
review_399,clothing_995
review_400,clothing_1104
review_401,clothing_1089
review_402,clothing_1086
review_403,clothing_902
review_404,clothing_902
review_405,clothing_1094
review_406,clothing_1086
review_407,clothing_936
review_408,clothing_1036
review_409,clothing_936
review_410,clothing_1094
review_411,clothing_1094
review_412,clothing_1086
review_413,clothing_127
review_414,clothing_127
review_415,clothing_1083
review_416,clothing_872
review_417,clothing_1083
review_418,clothing_831
review_419,clothing_1080
review_420,clothing_1077
review_421,clothing_872
review_422,clothing_964
review_423,clothing_1089
review_424,clothing_872
review_425,clothing_1083
review_426,clothing_829
review_427,clothing_964
review_428,clothing_1089
review_429,clothing_829
review_430,clothing_829
review_431,clothing_967
review_432,clothing_829
review_433,clothing_829
review_434,clothing_872
review_435,clothing_872
review_436,clothing_149
review_437,clothing_964
review_438,clothing_1030
review_439,clothing_964
review_440,clothing_1083
review_441,clothing_872
review_442,clothing_872
review_443,clothing_829
review_444,clothing_872
review_445,clothing_964
review_446,clothing_1089
review_447,clothing_872
review_448,clothing_872
review_449,clothing_872
review_450,clothing_1077
review_451,clothing_967
review_452,clothing_872
review_453,clothing_964
review_454,clothing_872
review_455,clothing_234
review_456,clothing_149
review_457,clothing_829
review_458,clothing_829
review_459,clothing_872
review_460,clothing_872
review_461,clothing_850
review_462,clothing_850
review_463,clothing_724
review_464,clothing_833
review_465,clothing_862
review_466,clothing_850
review_467,clothing_1078
review_468,clothing_850
review_469,clothing_1104
review_470,clothing_1078
review_471,clothing_984
review_472,clothing_850
review_473,clothing_204
review_474,clothing_1078
review_475,clothing_862
review_476,clothing_1078
review_477,clothing_984
review_478,clothing_1008
review_479,clothing_841
review_480,clothing_1104
review_481,clothing_850
review_482,clothing_1081
review_483,clothing_833
review_484,clothing_850
review_485,clothing_862
review_486,clothing_1078
review_487,clothing_850
review_488,clothing_850
review_489,clothing_831
review_490,clothing_833
review_491,clothing_984
review_492,clothing_1078
review_493,clothing_1104
review_494,clothing_1081
review_495,clothing_833
review_496,clothing_850
review_497,clothing_1078
review_498,clothing_850
review_499,clothing_1078
review_500,clothing_850
review_501,clothing_850
review_502,clothing_1078
review_503,clothing_948
review_504,clothing_850
review_505,clothing_833
review_506,clothing_1078
review_507,clothing_850
review_508,clothing_1078
review_509,clothing_1078
review_510,clothing_850
review_511,clothing_948
review_512,clothing_1078
review_513,clothing_850
review_514,clothing_1081
review_515,clothing_833
review_516,clothing_1081
review_517,clothing_850
review_518,clothing_850
review_519,clothing_850
review_520,clothing_984
review_521,clothing_850
review_522,clothing_1104
review_523,clothing_1104
review_524,clothing_1104
review_525,clothing_1078
review_526,clothing_850
review_527,clothing_850
review_528,clothing_984
review_529,clothing_1078
review_530,clothing_984
review_531,clothing_850
review_532,clothing_833
review_533,clothing_1078
review_534,clothing_850
review_535,clothing_1081
review_536,clothing_984
review_537,clothing_850
review_538,clothing_850
review_539,clothing_1104
review_540,clothing_1078
review_541,clothing_984
review_542,clothing_984
review_543,clothing_1078
review_544,clothing_1104
review_545,clothing_984
review_546,clothing_1078
review_547,clothing_984
review_548,clothing_833
review_549,clothing_850
review_550,clothing_1078
review_551,clothing_1078
review_552,clothing_984
review_553,clothing_850
review_554,clothing_1078
review_555,clothing_984
review_556,clothing_831
review_557,clothing_1086
review_558,clothing_1044
review_559,clothing_820
review_560,clothing_1094
review_561,clothing_1094
review_562,clothing_995
review_563,clothing_1094
review_564,clothing_1060
review_565,clothing_833
review_566,clothing_1037
review_567,clothing_875
review_568,clothing_875
review_569,clothing_820
review_570,clothing_1037
review_571,clothing_820
review_572,clothing_1037
review_573,clothing_820
review_574,clothing_833
review_575,clothing_1094
review_576,clothing_833
review_577,clothing_995
review_578,clothing_1094
review_579,clothing_875
review_580,clothing_1037
review_581,clothing_875
review_582,clothing_833
review_583,clothing_1060
review_584,clothing_1094
review_585,clothing_835
review_586,clothing_1094
review_587,clothing_1094
review_588,clothing_875
review_589,clothing_823
review_590,clothing_835
review_591,clothing_833
review_592,clothing_833
review_593,clothing_820
review_594,clothing_835
review_595,clothing_1060
review_596,clothing_1037
review_597,clothing_820
review_598,clothing_1079
review_599,clothing_1060
review_600,clothing_875
review_601,clothing_835
review_602,clothing_1078
review_603,clothing_1037
review_604,clothing_820
review_605,clothing_1072
review_606,clothing_1094
review_607,clothing_833
review_608,clothing_1037
review_609,clothing_1094
review_610,clothing_995
review_611,clothing_252
review_612,clothing_634
review_613,clothing_985
review_614,clothing_1059
review_615,clothing_985
review_616,clothing_1059
review_617,clothing_634
review_618,clothing_1059
review_619,clothing_252
review_620,clothing_634
review_621,clothing_252
review_622,clothing_117
review_623,clothing_117
review_624,clothing_634
review_625,clothing_252
review_626,clothing_252
review_627,clothing_634
review_628,clothing_1059
review_629,clothing_838
review_630,clothing_252
review_631,clothing_838
review_632,clothing_838
review_633,clothing_634
review_634,clothing_1059
review_635,clothing_634
review_636,clothing_1008
review_637,clothing_838
review_638,clothing_620
review_639,clothing_634
review_640,clothing_1059
review_641,clothing_1059
review_642,clothing_1059
review_643,clothing_634
review_644,clothing_1059
review_645,clothing_634
review_646,clothing_1059
review_647,clothing_985
review_648,clothing_252
review_649,clothing_1059
review_650,clothing_1059
review_651,clothing_252
review_652,clothing_1059
review_653,clothing_1059
review_654,clothing_252
review_655,clothing_1008
review_656,clothing_943
review_657,clothing_634
review_658,clothing_1008
review_659,clothing_252
review_660,clothing_838
review_661,clothing_1059
review_662,clothing_1059
review_663,clothing_620
review_664,clothing_1059
review_665,clothing_117
review_666,clothing_252
review_667,clothing_252
review_668,clothing_634
review_669,clothing_838
review_670,clothing_1008
review_671,clothing_1059
review_672,clothing_838
review_673,clothing_634
review_674,clothing_1059
review_675,clothing_1059
review_676,clothing_1059
review_677,clothing_1059
review_678,clothing_1008
review_679,clothing_117
review_680,clothing_886
review_681,clothing_1087
review_682,clothing_873
review_683,clothing_1087
review_684,clothing_886
review_685,clothing_745
review_686,clothing_886
review_687,clothing_937
review_688,clothing_1087
review_689,clothing_937
review_690,clothing_937
review_691,clothing_1059
review_692,clothing_1110
review_693,clothing_1059
review_694,clothing_1110
review_695,clothing_873
review_696,clothing_886
review_697,clothing_1087
review_698,clothing_937
review_699,clothing_1110
review_700,clothing_886
review_701,clothing_937
review_702,clothing_886
review_703,clothing_1137
review_704,clothing_1165
review_705,clothing_937
review_706,clothing_1110
review_707,clothing_1087
review_708,clothing_1059
review_709,clothing_1137
review_710,clothing_745
review_711,clothing_937
review_712,clothing_1110
review_713,clothing_1110
review_714,clothing_886
review_715,clothing_937
review_716,clothing_886
review_717,clothing_937
review_718,clothing_937
review_719,clothing_873
review_720,clothing_937
review_721,clothing_886
review_722,clothing_873
review_723,clothing_886
review_724,clothing_245
review_725,clothing_886
review_726,clothing_886
review_727,clothing_1087
review_728,clothing_937
review_729,clothing_1087
review_730,clothing_1087
review_731,clothing_886
review_732,clothing_1110
review_733,clothing_886
review_734,clothing_1110
review_735,clothing_1165
review_736,clothing_937
review_737,clothing_886
review_738,clothing_1137
review_739,clothing_1087
review_740,clothing_937
review_741,clothing_886
review_742,clothing_886
review_743,clothing_1087
review_744,clothing_937
review_745,clothing_937
review_746,clothing_886
review_747,clothing_1137
review_748,clothing_886
review_749,clothing_886
review_750,clothing_937
review_751,clothing_937
review_752,clothing_1087
review_753,clothing_1087
review_754,clothing_1087
review_755,clothing_1087
review_756,clothing_886
review_757,clothing_886
review_758,clothing_937
review_759,clothing_245
review_760,clothing_937
review_761,clothing_886
review_762,clothing_937
review_763,clothing_937
review_764,clothing_1087
review_765,clothing_745
review_766,clothing_745
review_767,clothing_1087
review_768,clothing_937
review_769,clothing_937
review_770,clothing_1110
review_771,clothing_1087
review_772,clothing_745
review_773,clothing_1087
review_774,clothing_1110
review_775,clothing_1110
review_776,clothing_873
review_777,clothing_895
review_778,clothing_895
review_779,clothing_895
review_780,clothing_1072
review_781,clothing_895
review_782,clothing_945
review_783,clothing_895
review_784,clothing_850
review_785,clothing_945
review_786,clothing_895
review_787,clothing_805
review_788,clothing_850
review_789,clothing_850
review_790,clothing_895
review_791,clothing_1072
review_792,clothing_805
review_793,clothing_945
review_794,clothing_833
review_795,clothing_833
review_796,clothing_833
review_797,clothing_850
review_798,clothing_833
review_799,clothing_1072
review_800,clothing_895
review_801,clothing_850
review_802,clothing_833
review_803,clothing_895
review_804,clothing_895
review_805,clothing_833
review_806,clothing_895
review_807,clothing_886
review_808,clothing_886
review_809,clothing_886
review_810,clothing_886
review_811,clothing_1078
review_812,clothing_1089
review_813,clothing_895
review_814,clothing_886
review_815,clothing_895
review_816,clothing_1105
review_817,clothing_886
review_818,clothing_886
review_819,clothing_886
review_820,clothing_969
review_821,clothing_886
review_822,clothing_1078
review_823,clothing_1060
review_824,clothing_886
review_825,clothing_886
review_826,clothing_895
review_827,clothing_895
review_828,clothing_886
review_829,clothing_895
review_830,clothing_895
review_831,clothing_1089
review_832,clothing_886
review_833,clothing_895
review_834,clothing_868
review_835,clothing_895
review_836,clothing_886
review_837,clothing_886
review_838,clothing_886
review_839,clothing_1089
review_840,clothing_1078
review_841,clothing_895
review_842,clothing_975
review_843,clothing_975
review_844,clothing_886
review_845,clothing_548
review_846,clothing_1078
review_847,clothing_1060
review_848,clothing_886
review_849,clothing_886
review_850,clothing_886
review_851,clothing_886
review_852,clothing_1078
review_853,clothing_1078
review_854,clothing_1078
review_855,clothing_895
review_856,clothing_886
review_857,clothing_594
review_858,clothing_895
review_859,clothing_886
review_860,clothing_886
review_861,clothing_1089
review_862,clothing_975
review_863,clothing_886
review_864,clothing_1078
review_865,clothing_895
review_866,clothing_1060
review_867,clothing_895
review_868,clothing_975
review_869,clothing_886
review_870,clothing_975
review_871,clothing_815
review_872,clothing_1026
review_873,clothing_823
review_874,clothing_1055
review_875,clothing_1081
review_876,clothing_2
review_877,clothing_1081
review_878,clothing_936
review_879,clothing_1026
review_880,clothing_1081
review_881,clothing_299
review_882,clothing_1055
review_883,clothing_1055
review_884,clothing_1026
review_885,clothing_1010
review_886,clothing_1086
review_887,clothing_1055
review_888,clothing_1026
review_889,clothing_1081
review_890,clothing_754
review_891,clothing_815
review_892,clothing_1164
review_893,clothing_860
review_894,clothing_952
review_895,clothing_952
review_896,clothing_861
review_897,clothing_1008
review_898,clothing_952
review_899,clothing_1066
review_900,clothing_1008
review_901,clothing_1025
review_902,clothing_832
review_903,clothing_861
review_904,clothing_1066
review_905,clothing_1008
review_906,clothing_1015
review_907,clothing_1008
review_908,clothing_862
review_909,clothing_1008
review_910,clothing_952
review_911,clothing_1025
review_912,clothing_1111
review_913,clothing_1066
review_914,clothing_80
review_915,clothing_1008
review_916,clothing_861
review_917,clothing_862
review_918,clothing_1066
review_919,clothing_1008
review_920,clothing_1066
review_921,clothing_1066
review_922,clothing_1008
review_923,clothing_861
review_924,clothing_1028
review_925,clothing_1080
review_926,clothing_1008
review_927,clothing_1008
review_928,clothing_952
review_929,clothing_952
review_930,clothing_1066
review_931,clothing_862
review_932,clothing_1015
review_933,clothing_1066
review_934,clothing_1066
review_935,clothing_1066
review_936,clothing_1047
review_937,clothing_1094
review_938,clothing_936
review_939,clothing_1033
review_940,clothing_936
review_941,clothing_1094
review_942,clothing_1094
review_943,clothing_154
review_944,clothing_1094
review_945,clothing_1094
review_946,clothing_154
review_947,clothing_1140
review_948,clothing_154
review_949,clothing_936
review_950,clothing_1094
review_951,clothing_158
review_952,clothing_1033
review_953,clothing_154
review_954,clothing_1094
review_955,clothing_936
review_956,clothing_1094
review_957,clothing_936
review_958,clothing_936
review_959,clothing_1154
review_960,clothing_1022
review_961,clothing_949
review_962,clothing_154
review_963,clothing_1033
review_964,clothing_154
review_965,clothing_1140
review_966,clothing_936
review_967,clothing_1047
review_968,clothing_936
review_969,clothing_868
review_970,clothing_1094
review_971,clothing_936
review_972,clothing_1094
review_973,clothing_1033
review_974,clothing_936
review_975,clothing_1094
review_976,clothing_154
review_977,clothing_936
review_978,clothing_1094
review_979,clothing_154
review_980,clothing_1094
review_981,clothing_936
review_982,clothing_1094
review_983,clothing_936
review_984,clothing_1094
review_985,clothing_878
review_986,clothing_1145
review_987,clothing_1033
review_988,clothing_936
review_989,clothing_936
review_990,clothing_936
review_991,clothing_1033
review_992,clothing_878
review_993,clothing_1094
review_994,clothing_936
review_995,clothing_1047
review_996,clothing_936
review_997,clothing_936
review_998,clothing_854
review_999,clothing_936
review_1000,clothing_154
review_1001,clothing_1033
review_1002,clothing_1033
review_1003,clothing_936
review_1004,clothing_1094
review_1005,clothing_936
review_1006,clothing_936
review_1007,clothing_1047
review_1008,clothing_1094
review_1009,clothing_936
review_1010,clothing_936
review_1011,clothing_1047
review_1012,clothing_1094
review_1013,clothing_936
review_1014,clothing_936
review_1015,clothing_1094
review_1016,clothing_936
review_1017,clothing_1154
review_1018,clothing_936
review_1019,clothing_936
review_1020,clothing_936
review_1021,clothing_868
review_1022,clothing_854
review_1023,clothing_936
review_1024,clothing_949
review_1025,clothing_1094
review_1026,clothing_936
review_1027,clothing_1047
review_1028,clothing_1083
review_1029,clothing_949
review_1030,clothing_949
review_1031,clothing_949
review_1032,clothing_909
review_1033,clothing_949
review_1034,clothing_873
review_1035,clothing_873
review_1036,clothing_909
review_1037,clothing_1083
review_1038,clothing_873
review_1039,clothing_1172
review_1040,clothing_1083
review_1041,clothing_949
review_1042,clothing_949
review_1043,clothing_909
review_1044,clothing_864
review_1045,clothing_949
review_1046,clothing_949
review_1047,clothing_873
review_1048,clothing_873
review_1049,clothing_949
review_1050,clothing_949
review_1051,clothing_949
review_1052,clothing_873
review_1053,clothing_949
review_1054,clothing_873
review_1055,clothing_864
review_1056,clothing_864
review_1057,clothing_873
review_1058,clothing_873
review_1059,clothing_949
review_1060,clothing_1083
review_1061,clothing_909
review_1062,clothing_949
review_1063,clothing_949
review_1064,clothing_949
review_1065,clothing_864
review_1066,clothing_864
review_1067,clothing_873
review_1068,clothing_1099
review_1069,clothing_1001
review_1070,clothing_829
review_1071,clothing_815
review_1072,clothing_1099
review_1073,clothing_831
review_1074,clothing_738
review_1075,clothing_1099
review_1076,clothing_1094
review_1077,clothing_831
review_1078,clothing_1001
review_1079,clothing_895
review_1080,clothing_831
review_1081,clothing_895
review_1082,clothing_987
review_1083,clothing_1099
review_1084,clothing_1099
review_1085,clothing_868
review_1086,clothing_831
review_1087,clothing_829
review_1088,clothing_1099
review_1089,clothing_829
review_1090,clothing_829
review_1091,clothing_868
review_1092,clothing_831
review_1093,clothing_868
review_1094,clothing_1001
review_1095,clothing_829
review_1096,clothing_815
review_1097,clothing_895
review_1098,clothing_831
review_1099,clothing_815
review_1100,clothing_1099
review_1101,clothing_1099
review_1102,clothing_829
review_1103,clothing_831
review_1104,clothing_815
review_1105,clothing_1076
review_1106,clothing_815
review_1107,clothing_831
review_1108,clothing_815
review_1109,clothing_831
review_1110,clothing_877
review_1111,clothing_1068
review_1112,clothing_1020
review_1113,clothing_1068
review_1114,clothing_1020
review_1115,clothing_1068
review_1116,clothing_691
review_1117,clothing_831
review_1118,clothing_1068
review_1119,clothing_1089
review_1120,clothing_1089
review_1121,clothing_777
review_1122,clothing_860
review_1123,clothing_1089
review_1124,clothing_875
review_1125,clothing_992
review_1126,clothing_860
review_1127,clothing_777
review_1128,clothing_777
review_1129,clothing_860
review_1130,clothing_860
review_1131,clothing_927
review_1132,clothing_1089
review_1133,clothing_777
review_1134,clothing_992
review_1135,clothing_1068
review_1136,clothing_1068
review_1137,clothing_860
review_1138,clothing_831
review_1139,clothing_1020
review_1140,clothing_1089
review_1141,clothing_1068
review_1142,clothing_1089
review_1143,clothing_860
review_1144,clothing_993
review_1145,clothing_860
review_1146,clothing_777
review_1147,clothing_197
review_1148,clothing_860
review_1149,clothing_1068
review_1150,clothing_860
review_1151,clothing_860
review_1152,clothing_1042
review_1153,clothing_1060
review_1154,clothing_59
review_1155,clothing_1060
review_1156,clothing_1094
review_1157,clothing_1060
review_1158,clothing_1110
review_1159,clothing_235
review_1160,clothing_720
review_1161,clothing_1098
review_1162,clothing_59
review_1163,clothing_1060
review_1164,clothing_1060
review_1165,clothing_1110
review_1166,clothing_1082
review_1167,clothing_1060
review_1168,clothing_1060
review_1169,clothing_1060
review_1170,clothing_1042
review_1171,clothing_1060
review_1172,clothing_1060
review_1173,clothing_1110
review_1174,clothing_1060
review_1175,clothing_235
review_1176,clothing_1072
review_1177,clothing_1094
review_1178,clothing_1204
review_1179,clothing_1204
review_1180,clothing_1082
review_1181,clothing_1072
review_1182,clothing_1060
review_1183,clothing_1098
review_1184,clothing_1060
review_1185,clothing_1060
review_1186,clothing_1060
review_1187,clothing_1060
review_1188,clothing_1060
review_1189,clothing_1060
review_1190,clothing_1072
review_1191,clothing_1094
review_1192,clothing_1082
review_1193,clothing_720
review_1194,clothing_1060
review_1195,clothing_720
review_1196,clothing_1110
review_1197,clothing_1094
review_1198,clothing_1060
review_1199,clothing_720
review_1200,clothing_720
review_1201,clothing_1060
review_1202,clothing_1072
review_1203,clothing_1022
review_1204,clothing_1060
review_1205,clothing_1094
review_1206,clothing_1042
review_1207,clothing_1072
review_1208,clothing_1110
review_1209,clothing_1094
review_1210,clothing_1060
review_1211,clothing_1060
review_1212,clothing_868
review_1213,clothing_1094
review_1214,clothing_1094
review_1215,clothing_1095
review_1216,clothing_1028
review_1217,clothing_1095
review_1218,clothing_850
review_1219,clothing_850
review_1220,clothing_850
review_1221,clothing_850
review_1222,clothing_940
review_1223,clothing_868
review_1224,clothing_1028
review_1225,clothing_1095
review_1226,clothing_868
review_1227,clothing_1095
review_1228,clothing_850
review_1229,clothing_850
review_1230,clothing_1028
review_1231,clothing_1055
review_1232,clothing_850
review_1233,clothing_1095
review_1234,clothing_850
review_1235,clothing_1095
review_1236,clothing_1094
review_1237,clothing_850
review_1238,clothing_850
review_1239,clothing_850
review_1240,clothing_875
review_1241,clothing_850
review_1242,clothing_1094
review_1243,clothing_979
review_1244,clothing_979
review_1245,clothing_850
review_1246,clothing_850
review_1247,clothing_850
review_1248,clothing_850
review_1249,clothing_1095
review_1250,clothing_850
review_1251,clothing_940
review_1252,clothing_850
review_1253,clothing_850
review_1254,clothing_850
review_1255,clothing_1094
review_1256,clothing_868
review_1257,clothing_850
review_1258,clothing_850
review_1259,clothing_1095
review_1260,clothing_850
review_1261,clothing_979
review_1262,clothing_1095
review_1263,clothing_1095
review_1264,clothing_850
review_1265,clothing_1095
review_1266,clothing_1095
review_1267,clothing_1095
review_1268,clothing_850
review_1269,clothing_850
review_1270,clothing_850
review_1271,clothing_850
review_1272,clothing_850
review_1273,clothing_850
review_1274,clothing_1095
review_1275,clothing_850
review_1276,clothing_850
review_1277,clothing_850
review_1278,clothing_850
review_1279,clothing_850
review_1280,clothing_940
review_1281,clothing_875
review_1282,clothing_868
review_1283,clothing_850
review_1284,clothing_1095
review_1285,clothing_979
review_1286,clothing_875
review_1287,clothing_1095
review_1288,clothing_850
review_1289,clothing_850
review_1290,clothing_1095
review_1291,clothing_850
review_1292,clothing_873
review_1293,clothing_850
review_1294,clothing_1095
review_1295,clothing_875
review_1296,clothing_1095
review_1297,clothing_1095
review_1298,clothing_1095
review_1299,clothing_868
review_1300,clothing_850
review_1301,clothing_1028
review_1302,clothing_1095
review_1303,clothing_1095
review_1304,clothing_850
review_1305,clothing_875
review_1306,clothing_850
review_1307,clothing_940
review_1308,clothing_1095
review_1309,clothing_868
review_1310,clothing_875
review_1311,clothing_940
review_1312,clothing_850
review_1313,clothing_873
review_1314,clothing_1095
review_1315,clothing_836
review_1316,clothing_836
review_1317,clothing_836
review_1318,clothing_836
review_1319,clothing_836
review_1320,clothing_865
review_1321,clothing_836
review_1322,clothing_819
review_1323,clothing_865
review_1324,clothing_836
review_1325,clothing_819
review_1326,clothing_819
review_1327,clothing_1080
review_1328,clothing_865
review_1329,clothing_836
review_1330,clothing_836
review_1331,clothing_836
review_1332,clothing_836
review_1333,clothing_836
review_1334,clothing_836
review_1335,clothing_1003
review_1336,clothing_836
review_1337,clothing_860
review_1338,clothing_867
review_1339,clothing_1022
review_1340,clothing_1098
review_1341,clothing_1098
review_1342,clothing_825
review_1343,clothing_708
review_1344,clothing_867
review_1345,clothing_850
review_1346,clothing_860
review_1347,clothing_946
review_1348,clothing_1098
review_1349,clothing_867
review_1350,clothing_1098
review_1351,clothing_860
review_1352,clothing_1098
review_1353,clothing_1098
review_1354,clothing_1022
review_1355,clothing_946
review_1356,clothing_850
review_1357,clothing_895
review_1358,clothing_850
review_1359,clothing_895
review_1360,clothing_861
review_1361,clothing_1098
review_1362,clothing_825
review_1363,clothing_850
review_1364,clothing_861
review_1365,clothing_1110
review_1366,clothing_867
review_1367,clothing_860
review_1368,clothing_860
review_1369,clothing_860
review_1370,clothing_946
review_1371,clothing_946
review_1372,clothing_867
review_1373,clothing_850
review_1374,clothing_867
review_1375,clothing_867
review_1376,clothing_850
review_1377,clothing_867
review_1378,clothing_860
review_1379,clothing_850
review_1380,clothing_867
review_1381,clothing_946
review_1382,clothing_1110
review_1383,clothing_1083
review_1384,clothing_867
review_1385,clothing_861
review_1386,clothing_860
review_1387,clothing_1081
review_1388,clothing_1110
review_1389,clothing_1098
review_1390,clothing_1083
review_1391,clothing_946
review_1392,clothing_936
review_1393,clothing_1098
review_1394,clothing_1081
review_1395,clothing_867
review_1396,clothing_1081
review_1397,clothing_860
review_1398,clothing_1110
review_1399,clothing_1110
review_1400,clothing_1022
review_1401,clothing_850
review_1402,clothing_860
review_1403,clothing_1110
review_1404,clothing_1074
review_1405,clothing_1094
review_1406,clothing_1025
review_1407,clothing_1094
review_1408,clothing_230
review_1409,clothing_837
review_1410,clothing_1081
review_1411,clothing_837
review_1412,clothing_442
review_1413,clothing_1025
review_1414,clothing_1094
review_1415,clothing_744
review_1416,clothing_1081
review_1417,clothing_1094
review_1418,clothing_1081
review_1419,clothing_837
review_1420,clothing_1094
review_1421,clothing_1094
review_1422,clothing_1081
review_1423,clothing_1081
review_1424,clothing_1081
review_1425,clothing_1081
review_1426,clothing_1094
review_1427,clothing_1081
review_1428,clothing_1094
review_1429,clothing_1025
review_1430,clothing_775
review_1431,clothing_1081
review_1432,clothing_1094
review_1433,clothing_1094
review_1434,clothing_1094
review_1435,clothing_1094
review_1436,clothing_442
review_1437,clothing_1081
review_1438,clothing_1081
review_1439,clothing_1081
review_1440,clothing_1087
review_1441,clothing_1081
review_1442,clothing_1025
review_1443,clothing_1094
review_1444,clothing_1094
review_1445,clothing_1087
review_1446,clothing_1094
review_1447,clothing_1094
review_1448,clothing_1081
review_1449,clothing_442
review_1450,clothing_1072
review_1451,clothing_829
review_1452,clothing_1175
review_1453,clothing_952
review_1454,clothing_411
review_1455,clothing_829
review_1456,clothing_411
review_1457,clothing_411
review_1458,clothing_952
review_1459,clothing_829
review_1460,clothing_829
review_1461,clothing_829
review_1462,clothing_411
review_1463,clothing_839
review_1464,clothing_411
review_1465,clothing_839
review_1466,clothing_952
review_1467,clothing_829
review_1468,clothing_411
review_1469,clothing_952
review_1470,clothing_1072
review_1471,clothing_993
review_1472,clothing_829
review_1473,clothing_829
review_1474,clothing_860
review_1475,clothing_860
review_1476,clothing_1027
review_1477,clothing_1098
review_1478,clothing_829
review_1479,clothing_936
review_1480,clothing_1066
review_1481,clothing_936
review_1482,clothing_1022
review_1483,clothing_860
review_1484,clothing_860
review_1485,clothing_1098
review_1486,clothing_949
review_1487,clothing_1066
review_1488,clothing_1027
review_1489,clothing_829
review_1490,clothing_936
review_1491,clothing_936
review_1492,clothing_860
review_1493,clothing_860
review_1494,clothing_1066
review_1495,clothing_949
review_1496,clothing_860
review_1497,clothing_1066
review_1498,clothing_949
review_1499,clothing_829
review_1500,clothing_1003
review_1501,clothing_860
review_1502,clothing_1008
review_1503,clothing_1080
review_1504,clothing_927
review_1505,clothing_1098
review_1506,clothing_831
review_1507,clothing_1020
review_1508,clothing_863
review_1509,clothing_1020
review_1510,clothing_977
review_1511,clothing_1080
review_1512,clothing_912
review_1513,clothing_865
review_1514,clothing_850
review_1515,clothing_1080
review_1516,clothing_1080
review_1517,clothing_947
review_1518,clothing_1020
review_1519,clothing_850
review_1520,clothing_947
review_1521,clothing_947
review_1522,clothing_424
review_1523,clothing_850
review_1524,clothing_485
review_1525,clothing_947
review_1526,clothing_927
review_1527,clothing_927
review_1528,clothing_927
review_1529,clothing_1020
review_1530,clothing_1020
review_1531,clothing_927
review_1532,clothing_977
review_1533,clothing_1080
review_1534,clothing_947
review_1535,clothing_831
review_1536,clothing_603
review_1537,clothing_865
review_1538,clothing_947
review_1539,clothing_947
review_1540,clothing_947
review_1541,clothing_424
review_1542,clothing_1020
review_1543,clothing_1122
review_1544,clothing_947
review_1545,clothing_947
review_1546,clothing_850
review_1547,clothing_1020
review_1548,clothing_947
review_1549,clothing_1020
review_1550,clothing_850
review_1551,clothing_1080
review_1552,clothing_947
review_1553,clothing_947
review_1554,clothing_850
review_1555,clothing_1022
review_1556,clothing_862
review_1557,clothing_1078
review_1558,clothing_1078
review_1559,clothing_1077
review_1560,clothing_1078
review_1561,clothing_985
review_1562,clothing_1201
review_1563,clothing_996
review_1564,clothing_864
review_1565,clothing_927
review_1566,clothing_1046
review_1567,clothing_864
review_1568,clothing_985
review_1569,clothing_1078
review_1570,clothing_862
review_1571,clothing_1046
review_1572,clothing_862
review_1573,clothing_1072
review_1574,clothing_1080
review_1575,clothing_985
review_1576,clothing_864
review_1577,clothing_927
review_1578,clothing_1078
review_1579,clothing_1072
review_1580,clothing_1078
review_1581,clothing_862
review_1582,clothing_1201
review_1583,clothing_1046
review_1584,clothing_942
review_1585,clothing_1059
review_1586,clothing_1059
review_1587,clothing_1094
review_1588,clothing_833
review_1589,clothing_1051
review_1590,clothing_833
review_1591,clothing_115
review_1592,clothing_878
review_1593,clothing_1094
review_1594,clothing_942
review_1595,clothing_115
review_1596,clothing_1059
review_1597,clothing_1078
review_1598,clothing_833
review_1599,clothing_1051
review_1600,clothing_1059
review_1601,clothing_1059
review_1602,clothing_1059
review_1603,clothing_1051
review_1604,clothing_1059
review_1605,clothing_1078
review_1606,clothing_1051
review_1607,clothing_833
review_1608,clothing_1051
review_1609,clothing_1059
review_1610,clothing_1051
review_1611,clothing_992
review_1612,clothing_1051
review_1613,clothing_1053
review_1614,clothing_1059
review_1615,clothing_825
review_1616,clothing_1059
review_1617,clothing_1094
review_1618,clothing_942
review_1619,clothing_1078
review_1620,clothing_992
review_1621,clothing_833
review_1622,clothing_1059
review_1623,clothing_1059
review_1624,clothing_1059
review_1625,clothing_1078
review_1626,clothing_1051
review_1627,clothing_1059
review_1628,clothing_1059
review_1629,clothing_1051
review_1630,clothing_833
review_1631,clothing_1094
review_1632,clothing_992
review_1633,clothing_1094
review_1634,clothing_1094
review_1635,clothing_942
review_1636,clothing_878
review_1637,clothing_992
review_1638,clothing_1051
review_1639,clothing_833
review_1640,clothing_1051
review_1641,clothing_1094
review_1642,clothing_1059
review_1643,clothing_867
review_1644,clothing_1013
review_1645,clothing_1044
review_1646,clothing_835
review_1647,clothing_1059
review_1648,clothing_835
review_1649,clothing_857
review_1650,clothing_867
review_1651,clothing_1104
review_1652,clothing_835
review_1653,clothing_835
review_1654,clothing_434
review_1655,clothing_878
review_1656,clothing_1020
review_1657,clothing_867
review_1658,clothing_1104
review_1659,clothing_867
review_1660,clothing_1059
review_1661,clothing_835
review_1662,clothing_835
review_1663,clothing_835
review_1664,clothing_1020
review_1665,clothing_835
review_1666,clothing_835
review_1667,clothing_867
review_1668,clothing_1020
review_1669,clothing_1059
review_1670,clothing_835
review_1671,clothing_1059
review_1672,clothing_1059
review_1673,clothing_867
review_1674,clothing_835
review_1675,clothing_835
review_1676,clothing_835
review_1677,clothing_1020
review_1678,clothing_878
review_1679,clothing_964
review_1680,clothing_178
review_1681,clothing_860
review_1682,clothing_860
review_1683,clothing_899
review_1684,clothing_914
review_1685,clothing_860
review_1686,clothing_225
review_1687,clothing_841
review_1688,clothing_862
review_1689,clothing_970
review_1690,clothing_862
review_1691,clothing_225
review_1692,clothing_899
review_1693,clothing_862
review_1694,clothing_899
review_1695,clothing_862
review_1696,clothing_899
review_1697,clothing_862
review_1698,clothing_899
review_1699,clothing_862
review_1700,clothing_860
review_1701,clothing_225
review_1702,clothing_860
review_1703,clothing_860
review_1704,clothing_860
review_1705,clothing_862
review_1706,clothing_860
review_1707,clothing_862
review_1708,clothing_899
review_1709,clothing_899
review_1710,clothing_398
review_1711,clothing_970
review_1712,clothing_860
review_1713,clothing_964
review_1714,clothing_862
review_1715,clothing_225
review_1716,clothing_899
review_1717,clothing_860
review_1718,clothing_964
review_1719,clothing_899
review_1720,clothing_862
review_1721,clothing_225
review_1722,clothing_895
review_1723,clothing_431
review_1724,clothing_862
review_1725,clothing_831
review_1726,clothing_899
review_1727,clothing_860
review_1728,clothing_225
review_1729,clothing_964
review_1730,clothing_862
review_1731,clothing_862
review_1732,clothing_841
review_1733,clothing_899
review_1734,clothing_841
review_1735,clothing_830
review_1736,clothing_1081
review_1737,clothing_1035
review_1738,clothing_984
review_1739,clothing_1008
review_1740,clothing_830
review_1741,clothing_984
review_1742,clothing_769
review_1743,clothing_1025
review_1744,clothing_830
review_1745,clothing_888
review_1746,clothing_1008
review_1747,clothing_34
review_1748,clothing_1008
review_1749,clothing_1008
review_1750,clothing_1081
review_1751,clothing_1008
review_1752,clothing_984
review_1753,clothing_888
review_1754,clothing_1008
review_1755,clothing_1095
review_1756,clothing_1095
review_1757,clothing_1008
review_1758,clothing_1013
review_1759,clothing_1027
review_1760,clothing_1095
review_1761,clothing_1095
review_1762,clothing_867
review_1763,clothing_1008
review_1764,clothing_867
review_1765,clothing_1008
review_1766,clothing_1095
review_1767,clothing_825
review_1768,clothing_825
review_1769,clothing_867
review_1770,clothing_867
review_1771,clothing_867
review_1772,clothing_1095
review_1773,clothing_1095
review_1774,clothing_1095
review_1775,clothing_867
review_1776,clothing_1008
review_1777,clothing_1095
review_1778,clothing_1008
review_1779,clothing_1008
review_1780,clothing_867
review_1781,clothing_867
review_1782,clothing_1008
review_1783,clothing_1095
review_1784,clothing_825
review_1785,clothing_825
review_1786,clothing_867
review_1787,clothing_867
review_1788,clothing_825
review_1789,clothing_1095
review_1790,clothing_1095
review_1791,clothing_825
review_1792,clothing_1095
review_1793,clothing_867
review_1794,clothing_825
review_1795,clothing_825
review_1796,clothing_1008
review_1797,clothing_867
review_1798,clothing_825
review_1799,clothing_1008
review_1800,clothing_921
review_1801,clothing_1095
review_1802,clothing_867
review_1803,clothing_1030
review_1804,clothing_1095
review_1805,clothing_867
review_1806,clothing_867
review_1807,clothing_1095
review_1808,clothing_822
review_1809,clothing_867
review_1810,clothing_1094
review_1811,clothing_994
review_1812,clothing_868
review_1813,clothing_481
review_1814,clothing_481
review_1815,clothing_1080
review_1816,clothing_1080
review_1817,clothing_994
review_1818,clothing_481
review_1819,clothing_481
review_1820,clothing_902
review_1821,clothing_1054
review_1822,clothing_1094
review_1823,clothing_1026
review_1824,clothing_868
review_1825,clothing_1054
review_1826,clothing_1080
review_1827,clothing_994
review_1828,clothing_1080
review_1829,clothing_1080
review_1830,clothing_1094
review_1831,clothing_1001
review_1832,clothing_1080
review_1833,clothing_903
review_1834,clothing_1026
review_1835,clothing_994
review_1836,clothing_1094
review_1837,clothing_1094
review_1838,clothing_481
review_1839,clothing_868
review_1840,clothing_994
review_1841,clothing_1094
review_1842,clothing_868
review_1843,clothing_1026
review_1844,clothing_1080
review_1845,clothing_1026
review_1846,clothing_1026
review_1847,clothing_1094
review_1848,clothing_1080
review_1849,clothing_1080
review_1850,clothing_1080
review_1851,clothing_868
review_1852,clothing_481
review_1853,clothing_1080
review_1854,clothing_857
review_1855,clothing_1080
review_1856,clothing_481
review_1857,clothing_1094
review_1858,clothing_1094
review_1859,clothing_857
review_1860,clothing_1094
review_1861,clothing_1026
review_1862,clothing_1026
review_1863,clothing_903
review_1864,clothing_1054
review_1865,clothing_1094
review_1866,clothing_1080
review_1867,clothing_1080
review_1868,clothing_1094
review_1869,clothing_857
review_1870,clothing_1080
review_1871,clothing_1094
review_1872,clothing_1094
review_1873,clothing_1001
review_1874,clothing_1080
review_1875,clothing_857
review_1876,clothing_1054
review_1877,clothing_1080
review_1878,clothing_860
review_1879,clothing_1059
review_1880,clothing_1066
review_1881,clothing_1094
review_1882,clothing_371
review_1883,clothing_1066
review_1884,clothing_828
review_1885,clothing_1035
review_1886,clothing_1059
review_1887,clothing_1059
review_1888,clothing_1066
review_1889,clothing_860
review_1890,clothing_838
review_1891,clothing_1081
review_1892,clothing_828
review_1893,clothing_898
review_1894,clothing_860
review_1895,clothing_1035
review_1896,clothing_1066
review_1897,clothing_1035
review_1898,clothing_1035
review_1899,clothing_860
review_1900,clothing_1066
review_1901,clothing_1066
review_1902,clothing_1066
review_1903,clothing_1036
review_1904,clothing_1078
review_1905,clothing_1094
review_1906,clothing_1081
review_1907,clothing_1059
review_1908,clothing_860
review_1909,clothing_1066
review_1910,clothing_1146
review_1911,clothing_206
review_1912,clothing_1066
review_1913,clothing_1059
review_1914,clothing_1066
review_1915,clothing_1082
review_1916,clothing_1035
review_1917,clothing_1066
review_1918,clothing_1066
review_1919,clothing_1035
review_1920,clothing_828
review_1921,clothing_1066
review_1922,clothing_1066
review_1923,clothing_828
review_1924,clothing_1059
review_1925,clothing_1078
review_1926,clothing_1082
review_1927,clothing_1059
review_1928,clothing_860
review_1929,clothing_1066
review_1930,clothing_1081
review_1931,clothing_860
review_1932,clothing_860
review_1933,clothing_1035
review_1934,clothing_1009
review_1935,clothing_1092
review_1936,clothing_872
review_1937,clothing_1016
review_1938,clothing_1197
review_1939,clothing_862
review_1940,clothing_1092
review_1941,clothing_1016
review_1942,clothing_862
review_1943,clothing_1092
review_1944,clothing_862
review_1945,clothing_1016
review_1946,clothing_1016
review_1947,clothing_862
review_1948,clothing_872
review_1949,clothing_1092
review_1950,clothing_807
review_1951,clothing_1197
review_1952,clothing_1016
review_1953,clothing_872
review_1954,clothing_1016
review_1955,clothing_1197
review_1956,clothing_1009
review_1957,clothing_793
review_1958,clothing_1009
review_1959,clothing_872
review_1960,clothing_1016
review_1961,clothing_1009
review_1962,clothing_1092
review_1963,clothing_1083
review_1964,clothing_1009
review_1965,clothing_1016
review_1966,clothing_1009
review_1967,clothing_1009
review_1968,clothing_862
review_1969,clothing_872
review_1970,clothing_862
review_1971,clothing_1016
review_1972,clothing_1016
review_1973,clothing_1092
review_1974,clothing_1092
review_1975,clothing_862
review_1976,clothing_872
review_1977,clothing_1016
review_1978,clothing_321
review_1979,clothing_807
review_1980,clothing_807
review_1981,clothing_872
review_1982,clothing_1092
review_1983,clothing_862
review_1984,clothing_1016
review_1985,clothing_1116
review_1986,clothing_1009
review_1987,clothing_1022
review_1988,clothing_831
review_1989,clothing_872
review_1990,clothing_831
review_1991,clothing_831
review_1992,clothing_831
review_1993,clothing_1146
review_1994,clothing_1097
review_1995,clothing_867
review_1996,clothing_927
review_1997,clothing_1022
review_1998,clothing_164
review_1999,clothing_1110
review_2000,clothing_1083
review_2001,clothing_1083
review_2002,clothing_1044
review_2003,clothing_1022
review_2004,clothing_1110
review_2005,clothing_1083
review_2006,clothing_1080
review_2007,clothing_1095
review_2008,clothing_1083
review_2009,clothing_164
review_2010,clothing_1083
review_2011,clothing_862
review_2012,clothing_862
review_2013,clothing_1134
review_2014,clothing_1110
review_2015,clothing_867
review_2016,clothing_862
review_2017,clothing_927
review_2018,clothing_63
review_2019,clothing_1095
review_2020,clothing_1022
review_2021,clothing_1110
review_2022,clothing_867
review_2023,clothing_1044
review_2024,clothing_862
review_2025,clothing_1075
review_2026,clothing_1095
review_2027,clothing_1083
review_2028,clothing_862
review_2029,clothing_1110
review_2030,clothing_1095
review_2031,clothing_1095
review_2032,clothing_1083
review_2033,clothing_1079
review_2034,clothing_1072
review_2035,clothing_872
review_2036,clothing_1072
review_2037,clothing_815
review_2038,clothing_1072
review_2039,clothing_862
review_2040,clothing_1072
review_2041,clothing_862
review_2042,clothing_1072
review_2043,clothing_896
review_2044,clothing_872
review_2045,clothing_1068
review_2046,clothing_1092
review_2047,clothing_1072
review_2048,clothing_1092
review_2049,clothing_1092
review_2050,clothing_872
review_2051,clothing_1072
review_2052,clothing_850
review_2053,clothing_1072
review_2054,clothing_1092
review_2055,clothing_896
review_2056,clothing_1072
review_2057,clothing_862
review_2058,clothing_862
review_2059,clothing_1072
review_2060,clothing_1092
review_2061,clothing_1126
review_2062,clothing_896
review_2063,clothing_872
review_2064,clothing_896
review_2065,clothing_872
review_2066,clothing_1072
review_2067,clothing_850
review_2068,clothing_872
review_2069,clothing_1126
review_2070,clothing_850
review_2071,clothing_862
review_2072,clothing_1072
review_2073,clothing_862
review_2074,clothing_1072
review_2075,clothing_1072
review_2076,clothing_896
review_2077,clothing_872
review_2078,clothing_1072
review_2079,clothing_1072
review_2080,clothing_850
review_2081,clothing_912
review_2082,clothing_912
review_2083,clothing_896
review_2084,clothing_1126
review_2085,clothing_862
review_2086,clothing_1072
review_2087,clothing_872
review_2088,clothing_912
review_2089,clothing_862
review_2090,clothing_1072
review_2091,clothing_862
review_2092,clothing_1092
review_2093,clothing_896
review_2094,clothing_872
review_2095,clothing_1072
review_2096,clothing_850
review_2097,clothing_1072
review_2098,clothing_896
review_2099,clothing_1092
review_2100,clothing_862
review_2101,clothing_1092
review_2102,clothing_1092
review_2103,clothing_912
review_2104,clothing_896
review_2105,clothing_896
review_2106,clothing_1092
review_2107,clothing_1126
review_2108,clothing_1126
review_2109,clothing_1092
review_2110,clothing_862
review_2111,clothing_1068
review_2112,clothing_1111
review_2113,clothing_896
review_2114,clothing_1092
review_2115,clothing_912
review_2116,clothing_1092
review_2117,clothing_1092
review_2118,clothing_1072
review_2119,clothing_862
review_2120,clothing_850
review_2121,clothing_850
review_2122,clothing_912
review_2123,clothing_1072
review_2124,clothing_1092
review_2125,clothing_850
review_2126,clothing_872
review_2127,clothing_1072
review_2128,clothing_862
review_2129,clothing_862
review_2130,clothing_872
review_2131,clothing_862
review_2132,clothing_872
review_2133,clothing_896
review_2134,clothing_1072
review_2135,clothing_896
review_2136,clothing_1126
review_2137,clothing_1072
review_2138,clothing_850
review_2139,clothing_872
review_2140,clothing_1072
review_2141,clothing_1072
review_2142,clothing_872
review_2143,clothing_1089
review_2144,clothing_911
review_2145,clothing_872
review_2146,clothing_872
review_2147,clothing_872
review_2148,clothing_872
review_2149,clothing_1082
review_2150,clothing_872
review_2151,clothing_867
review_2152,clothing_940
review_2153,clothing_1086
review_2154,clothing_160
review_2155,clothing_872
review_2156,clothing_872
review_2157,clothing_872
review_2158,clothing_1052
review_2159,clothing_1086
review_2160,clothing_872
review_2161,clothing_872
review_2162,clothing_872
review_2163,clothing_984
review_2164,clothing_867
review_2165,clothing_940
review_2166,clothing_872
review_2167,clothing_872
review_2168,clothing_867
review_2169,clothing_1086
review_2170,clothing_1094
review_2171,clothing_876
review_2172,clothing_867
review_2173,clothing_872
review_2174,clothing_1089
review_2175,clothing_1072
review_2176,clothing_867
review_2177,clothing_872
review_2178,clothing_872
review_2179,clothing_872
review_2180,clothing_872
review_2181,clothing_872
review_2182,clothing_876
review_2183,clothing_872
review_2184,clothing_1086
review_2185,clothing_146
review_2186,clothing_872
review_2187,clothing_867
review_2188,clothing_984
review_2189,clothing_872
review_2190,clothing_876
review_2191,clothing_872
review_2192,clothing_867
review_2193,clothing_1052
review_2194,clothing_940
review_2195,clothing_146
review_2196,clothing_1086
review_2197,clothing_940
review_2198,clothing_872
review_2199,clothing_872
review_2200,clothing_940
review_2201,clothing_872
review_2202,clothing_870
review_2203,clothing_1086
review_2204,clothing_940
review_2205,clothing_1086
review_2206,clothing_1102
review_2207,clothing_872
review_2208,clothing_1102
review_2209,clothing_867
review_2210,clothing_872
review_2211,clothing_146
review_2212,clothing_1052
review_2213,clothing_1086
review_2214,clothing_146
review_2215,clothing_876
review_2216,clothing_1052
review_2217,clothing_867
review_2218,clothing_870
review_2219,clothing_876
review_2220,clothing_872
review_2221,clothing_870
review_2222,clothing_872
review_2223,clothing_867
review_2224,clothing_872
review_2225,clothing_870
review_2226,clothing_1086
review_2227,clothing_867
review_2228,clothing_872
review_2229,clothing_876
review_2230,clothing_1089
review_2231,clothing_940
review_2232,clothing_1082
review_2233,clothing_872
review_2234,clothing_949
review_2235,clothing_1086
review_2236,clothing_867
review_2237,clothing_1102
review_2238,clothing_872
review_2239,clothing_872
review_2240,clothing_872
review_2241,clothing_1086
review_2242,clothing_867
review_2243,clothing_870
review_2244,clothing_1089
review_2245,clothing_940
review_2246,clothing_872
review_2247,clothing_876
review_2248,clothing_984
review_2249,clothing_876
review_2250,clothing_1052
review_2251,clothing_1072
review_2252,clothing_129
review_2253,clothing_1011
review_2254,clothing_1072
review_2255,clothing_875
review_2256,clothing_129
review_2257,clothing_129
review_2258,clothing_875
review_2259,clothing_1011
review_2260,clothing_875
review_2261,clothing_1072
review_2262,clothing_822
review_2263,clothing_129
review_2264,clothing_832
review_2265,clothing_1072
review_2266,clothing_129
review_2267,clothing_418
review_2268,clothing_129
review_2269,clothing_822
review_2270,clothing_418
review_2271,clothing_875
review_2272,clothing_1173
review_2273,clothing_129
review_2274,clothing_822
review_2275,clothing_941
review_2276,clothing_129
review_2277,clothing_1072
review_2278,clothing_1173
review_2279,clothing_1072
review_2280,clothing_1083
review_2281,clothing_875
review_2282,clothing_1072
review_2283,clothing_875
review_2284,clothing_129
review_2285,clothing_1072
review_2286,clothing_943
review_2287,clothing_1072
review_2288,clothing_875
review_2289,clothing_828
review_2290,clothing_1094
review_2291,clothing_1094
review_2292,clothing_1094
review_2293,clothing_1094
review_2294,clothing_1094
review_2295,clothing_1022
review_2296,clothing_1094
review_2297,clothing_992
review_2298,clothing_828
review_2299,clothing_1022
review_2300,clothing_992
review_2301,clothing_1094
review_2302,clothing_1094
review_2303,clothing_1028
review_2304,clothing_828
review_2305,clothing_517
review_2306,clothing_1094
review_2307,clothing_935
review_2308,clothing_1094
review_2309,clothing_828
review_2310,clothing_1094
review_2311,clothing_828
review_2312,clothing_860
review_2313,clothing_1094
review_2314,clothing_1028
review_2315,clothing_860
review_2316,clothing_1100
review_2317,clothing_992
review_2318,clothing_1094
review_2319,clothing_1094
review_2320,clothing_1094
review_2321,clothing_825
review_2322,clothing_992
review_2323,clothing_860
review_2324,clothing_828
review_2325,clothing_992
review_2326,clothing_1094
review_2327,clothing_1100
review_2328,clothing_1094
review_2329,clothing_1022
review_2330,clothing_964
review_2331,clothing_835
review_2332,clothing_835
review_2333,clothing_964
review_2334,clothing_1047
review_2335,clothing_1047
review_2336,clothing_964
review_2337,clothing_964
review_2338,clothing_835
review_2339,clothing_835
review_2340,clothing_835
review_2341,clothing_844
review_2342,clothing_132
review_2343,clothing_1047
review_2344,clothing_993
review_2345,clothing_964
review_2346,clothing_1047
review_2347,clothing_132
review_2348,clothing_844
review_2349,clothing_835
review_2350,clothing_132
review_2351,clothing_844
review_2352,clothing_1047
review_2353,clothing_993
review_2354,clothing_964
review_2355,clothing_1047
review_2356,clothing_835
review_2357,clothing_964
review_2358,clothing_835
review_2359,clothing_1047
review_2360,clothing_1047
review_2361,clothing_835
review_2362,clothing_132
review_2363,clothing_1047
review_2364,clothing_1047
review_2365,clothing_1047
review_2366,clothing_872
review_2367,clothing_1025
review_2368,clothing_1047
review_2369,clothing_872
review_2370,clothing_844
review_2371,clothing_1028
review_2372,clothing_1047
review_2373,clothing_132
review_2374,clothing_1110
review_2375,clothing_176
review_2376,clothing_1078
review_2377,clothing_248
review_2378,clothing_1110
review_2379,clothing_1078
review_2380,clothing_1110
review_2381,clothing_1110
review_2382,clothing_1110
review_2383,clothing_873
review_2384,clothing_1110
review_2385,clothing_176
review_2386,clothing_873
review_2387,clothing_1110
review_2388,clothing_873
review_2389,clothing_1002
review_2390,clothing_873
review_2391,clothing_1099
review_2392,clothing_873
review_2393,clothing_1078
review_2394,clothing_873
review_2395,clothing_1078
review_2396,clothing_1134
review_2397,clothing_248
review_2398,clothing_873
review_2399,clothing_1078
review_2400,clothing_873
review_2401,clothing_1110
review_2402,clothing_1110
review_2403,clothing_873
review_2404,clothing_1078
review_2405,clothing_930
review_2406,clothing_176
review_2407,clothing_873
review_2408,clothing_1110
review_2409,clothing_1110
review_2410,clothing_873
review_2411,clothing_1110
review_2412,clothing_1110
review_2413,clothing_1078
review_2414,clothing_969
review_2415,clothing_1110
review_2416,clothing_176
review_2417,clothing_1099
review_2418,clothing_248
review_2419,clothing_1110
review_2420,clothing_798
review_2421,clothing_176
review_2422,clothing_1134
review_2423,clothing_341
review_2424,clothing_341
review_2425,clothing_873
review_2426,clothing_1110
review_2427,clothing_939
review_2428,clothing_820
review_2429,clothing_872
review_2430,clothing_1085
review_2431,clothing_820
review_2432,clothing_1116
review_2433,clothing_861
review_2434,clothing_1076
review_2435,clothing_1116
review_2436,clothing_939
review_2437,clothing_1085
review_2438,clothing_895
review_2439,clothing_895
review_2440,clothing_1085
review_2441,clothing_1085
review_2442,clothing_820
review_2443,clothing_895
review_2444,clothing_1085
review_2445,clothing_939
review_2446,clothing_1085
review_2447,clothing_859
review_2448,clothing_1085
review_2449,clothing_1085
review_2450,clothing_895
review_2451,clothing_861
review_2452,clothing_820
review_2453,clothing_895
review_2454,clothing_872
review_2455,clothing_1085
review_2456,clothing_861
review_2457,clothing_861
review_2458,clothing_1085
review_2459,clothing_1116
review_2460,clothing_820
review_2461,clothing_1116
review_2462,clothing_872
review_2463,clothing_1085
review_2464,clothing_861
review_2465,clothing_1085
review_2466,clothing_1085
review_2467,clothing_820
review_2468,clothing_939
review_2469,clothing_895
review_2470,clothing_895
review_2471,clothing_1085
review_2472,clothing_753
review_2473,clothing_820
review_2474,clothing_895
review_2475,clothing_872
review_2476,clothing_895
review_2477,clothing_1027
review_2478,clothing_872
review_2479,clothing_820
review_2480,clothing_895
review_2481,clothing_753
review_2482,clothing_96
review_2483,clothing_939
review_2484,clothing_1078
review_2485,clothing_1081
review_2486,clothing_939
review_2487,clothing_1095
review_2488,clothing_1095
review_2489,clothing_939
review_2490,clothing_872
review_2491,clothing_1078
review_2492,clothing_1078
review_2493,clothing_939
review_2494,clothing_1078
review_2495,clothing_14
review_2496,clothing_1078
review_2497,clothing_1078
review_2498,clothing_1077
review_2499,clothing_939
review_2500,clothing_1078
review_2501,clothing_1077
review_2502,clothing_1078
review_2503,clothing_939
review_2504,clothing_1078
review_2505,clothing_996
review_2506,clothing_1078
review_2507,clothing_1078
review_2508,clothing_1078
review_2509,clothing_1081
review_2510,clothing_839
review_2511,clothing_1077
review_2512,clothing_1095
review_2513,clothing_996
review_2514,clothing_1078
review_2515,clothing_1078
review_2516,clothing_1078
review_2517,clothing_1078
review_2518,clothing_1078
review_2519,clothing_996
review_2520,clothing_1077
review_2521,clothing_1078
review_2522,clothing_1078
review_2523,clothing_1078
review_2524,clothing_1078
review_2525,clothing_872
review_2526,clothing_1078
review_2527,clothing_1078
review_2528,clothing_862
review_2529,clothing_988
review_2530,clothing_1095
review_2531,clothing_1104
review_2532,clothing_870
review_2533,clothing_1054
review_2534,clothing_1025
review_2535,clothing_850
review_2536,clothing_850
review_2537,clothing_850
review_2538,clothing_870
review_2539,clothing_850
review_2540,clothing_850
review_2541,clothing_850
review_2542,clothing_944
review_2543,clothing_1095
review_2544,clothing_850
review_2545,clothing_850
review_2546,clothing_1054
review_2547,clothing_870
review_2548,clothing_1104
review_2549,clothing_850
review_2550,clothing_1095
review_2551,clothing_1095
review_2552,clothing_870
review_2553,clothing_1104
review_2554,clothing_944
review_2555,clothing_870
review_2556,clothing_900
review_2557,clothing_900
review_2558,clothing_850
review_2559,clothing_850
review_2560,clothing_870
review_2561,clothing_1095
review_2562,clothing_900
review_2563,clothing_870
review_2564,clothing_1010
review_2565,clothing_850
review_2566,clothing_1104
review_2567,clothing_1095
review_2568,clothing_1054
review_2569,clothing_1095
review_2570,clothing_1054
review_2571,clothing_1054
review_2572,clothing_900
review_2573,clothing_864
review_2574,clothing_870
review_2575,clothing_1095
review_2576,clothing_1054
review_2577,clothing_1054
review_2578,clothing_1110
review_2579,clothing_18
review_2580,clothing_1089
review_2581,clothing_1110
review_2582,clothing_1089
review_2583,clothing_1110
review_2584,clothing_1110
review_2585,clothing_1110
review_2586,clothing_1110
review_2587,clothing_1110
review_2588,clothing_1110
review_2589,clothing_1110
review_2590,clothing_975
review_2591,clothing_1110
review_2592,clothing_863
review_2593,clothing_1089
review_2594,clothing_1110
review_2595,clothing_818
review_2596,clothing_1110
review_2597,clothing_851
review_2598,clothing_851
review_2599,clothing_1110
review_2600,clothing_975
review_2601,clothing_1110
review_2602,clothing_975
review_2603,clothing_863
review_2604,clothing_659
review_2605,clothing_1089
review_2606,clothing_1110
review_2607,clothing_1110
review_2608,clothing_863
review_2609,clothing_1059
review_2610,clothing_1059
review_2611,clothing_834
review_2612,clothing_1085
review_2613,clothing_829
review_2614,clothing_1085
review_2615,clothing_829
review_2616,clothing_1044
review_2617,clothing_829
review_2618,clothing_831
review_2619,clothing_829
review_2620,clothing_829
review_2621,clothing_1111
review_2622,clothing_1082
review_2623,clothing_1044
review_2624,clothing_1044
review_2625,clothing_1080
review_2626,clothing_831
review_2627,clothing_1059
review_2628,clothing_829
review_2629,clothing_1081
review_2630,clothing_945
review_2631,clothing_1059
review_2632,clothing_1044
review_2633,clothing_829
review_2634,clothing_1059
review_2635,clothing_598
review_2636,clothing_1086
review_2637,clothing_649
review_2638,clothing_1085
review_2639,clothing_1044
review_2640,clothing_828
review_2641,clothing_649
review_2642,clothing_945
review_2643,clothing_1044
review_2644,clothing_598
review_2645,clothing_1059
review_2646,clothing_935
review_2647,clothing_829
review_2648,clothing_1044
review_2649,clothing_1059
review_2650,clothing_1044
review_2651,clothing_1104
review_2652,clothing_1059
review_2653,clothing_1044
review_2654,clothing_282
review_2655,clothing_282
review_2656,clothing_282
review_2657,clothing_52
review_2658,clothing_282
review_2659,clothing_859
review_2660,clothing_282
review_2661,clothing_881
review_2662,clothing_282
review_2663,clothing_282
review_2664,clothing_1095
review_2665,clothing_1128
review_2666,clothing_1033
review_2667,clothing_881
review_2668,clothing_282
review_2669,clothing_282
review_2670,clothing_282
review_2671,clothing_859
review_2672,clothing_282
review_2673,clothing_282
review_2674,clothing_282
review_2675,clothing_282
review_2676,clothing_1131
review_2677,clothing_282
review_2678,clothing_1095
review_2679,clothing_282
review_2680,clothing_52
review_2681,clothing_1033
review_2682,clothing_282
review_2683,clothing_282
review_2684,clothing_282
review_2685,clothing_282
review_2686,clothing_282
review_2687,clothing_282
review_2688,clothing_282
review_2689,clothing_881
review_2690,clothing_282
review_2691,clothing_881
review_2692,clothing_1095
review_2693,clothing_282
review_2694,clothing_881
review_2695,clothing_282
review_2696,clothing_817
review_2697,clothing_859
review_2698,clothing_881
review_2699,clothing_282
review_2700,clothing_282
review_2701,clothing_818
review_2702,clothing_282
review_2703,clothing_1128
review_2704,clothing_282
review_2705,clothing_282
review_2706,clothing_1095
review_2707,clothing_862
review_2708,clothing_282
review_2709,clothing_817
review_2710,clothing_282
review_2711,clothing_282
review_2712,clothing_282
review_2713,clothing_818
review_2714,clothing_1094
review_2715,clothing_1086
review_2716,clothing_1022
review_2717,clothing_1030
review_2718,clothing_872
review_2719,clothing_984
review_2720,clothing_872
review_2721,clothing_945
review_2722,clothing_1094
review_2723,clothing_945
review_2724,clothing_1094
review_2725,clothing_872
review_2726,clothing_984
review_2727,clothing_1094
review_2728,clothing_21
review_2729,clothing_1094
review_2730,clothing_984
review_2731,clothing_1094
review_2732,clothing_872
review_2733,clothing_1086
review_2734,clothing_988
review_2735,clothing_872
review_2736,clothing_872
review_2737,clothing_988
review_2738,clothing_921
review_2739,clothing_1094
review_2740,clothing_1086
review_2741,clothing_872
review_2742,clothing_1094
review_2743,clothing_984
review_2744,clothing_872
review_2745,clothing_1022
review_2746,clothing_1086
review_2747,clothing_732
review_2748,clothing_868
review_2749,clothing_872
review_2750,clothing_1094
review_2751,clothing_868
review_2752,clothing_872
review_2753,clothing_1086
review_2754,clothing_1094
review_2755,clothing_1123
review_2756,clothing_872
review_2757,clothing_878
review_2758,clothing_1086
review_2759,clothing_878
review_2760,clothing_878
review_2761,clothing_1080
review_2762,clothing_1086
review_2763,clothing_878
review_2764,clothing_1080
review_2765,clothing_1086
review_2766,clothing_878
review_2767,clothing_868
review_2768,clothing_972
review_2769,clothing_868
review_2770,clothing_868
review_2771,clothing_868
review_2772,clothing_1081
review_2773,clothing_868
review_2774,clothing_864
review_2775,clothing_827
review_2776,clothing_868
review_2777,clothing_868
review_2778,clothing_997
review_2779,clothing_868
review_2780,clothing_864
review_2781,clothing_868
review_2782,clothing_868
review_2783,clothing_864
review_2784,clothing_868
review_2785,clothing_868
review_2786,clothing_1099
review_2787,clothing_868
review_2788,clothing_868
review_2789,clothing_868
review_2790,clothing_1099
review_2791,clothing_909
review_2792,clothing_491
review_2793,clothing_997
review_2794,clothing_868
review_2795,clothing_868
review_2796,clothing_864
review_2797,clothing_997
review_2798,clothing_1009
review_2799,clothing_1081
review_2800,clothing_868
review_2801,clothing_868
review_2802,clothing_868
review_2803,clothing_868
review_2804,clothing_864
review_2805,clothing_868
review_2806,clothing_827
review_2807,clothing_1099
review_2808,clothing_868
review_2809,clothing_868
review_2810,clothing_843
review_2811,clothing_868
review_2812,clothing_869
review_2813,clothing_868
review_2814,clothing_521
review_2815,clothing_868
review_2816,clothing_1028
review_2817,clothing_1084
review_2818,clothing_486
review_2819,clothing_1083
review_2820,clothing_949
review_2821,clothing_1084
review_2822,clothing_788
review_2823,clothing_949
review_2824,clothing_984
review_2825,clothing_984
review_2826,clothing_984
review_2827,clothing_1093
review_2828,clothing_984
review_2829,clothing_984
review_2830,clothing_1050
review_2831,clothing_1050
review_2832,clothing_949
review_2833,clothing_984
review_2834,clothing_1004
review_2835,clothing_984
review_2836,clothing_486
review_2837,clothing_984
review_2838,clothing_984
review_2839,clothing_949
review_2840,clothing_1020
review_2841,clothing_949
review_2842,clothing_1050
review_2843,clothing_20
review_2844,clothing_1125
review_2845,clothing_863
review_2846,clothing_212
review_2847,clothing_1125
review_2848,clothing_429
review_2849,clothing_863
review_2850,clothing_863
review_2851,clothing_863
review_2852,clothing_1103
review_2853,clothing_995
review_2854,clothing_863
review_2855,clothing_863
review_2856,clothing_863
review_2857,clothing_829
review_2858,clothing_573
review_2859,clothing_829
review_2860,clothing_863
review_2861,clothing_829
review_2862,clothing_863
review_2863,clothing_863
review_2864,clothing_863
review_2865,clothing_573
review_2866,clothing_895
review_2867,clothing_863
review_2868,clothing_829
review_2869,clothing_863
review_2870,clothing_895
review_2871,clothing_863
review_2872,clothing_829
review_2873,clothing_1072
review_2874,clothing_573
review_2875,clothing_895
review_2876,clothing_573
review_2877,clothing_895
review_2878,clothing_995
review_2879,clothing_863
review_2880,clothing_829
review_2881,clothing_829
review_2882,clothing_1125
review_2883,clothing_829
review_2884,clothing_863
review_2885,clothing_863
review_2886,clothing_829
review_2887,clothing_829
review_2888,clothing_863
review_2889,clothing_863
review_2890,clothing_863
review_2891,clothing_863
review_2892,clothing_863
review_2893,clothing_863
review_2894,clothing_829
review_2895,clothing_895
review_2896,clothing_863
review_2897,clothing_863
review_2898,clothing_829
review_2899,clothing_890
review_2900,clothing_863
review_2901,clothing_863
review_2902,clothing_829
review_2903,clothing_573
review_2904,clothing_863
review_2905,clothing_895
review_2906,clothing_895
review_2907,clothing_863
review_2908,clothing_1125
review_2909,clothing_863
review_2910,clothing_995
review_2911,clothing_573
review_2912,clothing_1125
review_2913,clothing_995
review_2914,clothing_829
review_2915,clothing_573
review_2916,clothing_1125
review_2917,clothing_1125
review_2918,clothing_995
review_2919,clothing_863
review_2920,clothing_863
review_2921,clothing_863
review_2922,clothing_829
review_2923,clothing_863
review_2924,clothing_1125
review_2925,clothing_863
review_2926,clothing_863
review_2927,clothing_573
review_2928,clothing_890
review_2929,clothing_863
review_2930,clothing_863
review_2931,clothing_573
review_2932,clothing_1125
review_2933,clothing_863
review_2934,clothing_995
review_2935,clothing_829
review_2936,clothing_1125
review_2937,clothing_895
review_2938,clothing_995
review_2939,clothing_1125
review_2940,clothing_838
review_2941,clothing_829
review_2942,clothing_573
review_2943,clothing_863
review_2944,clothing_863
review_2945,clothing_863
review_2946,clothing_288
review_2947,clothing_1125
review_2948,clothing_863
review_2949,clothing_1090
review_2950,clothing_1094
review_2951,clothing_873
review_2952,clothing_1094
review_2953,clothing_1094
review_2954,clothing_1094
review_2955,clothing_1094
review_2956,clothing_1097
review_2957,clothing_1001
review_2958,clothing_1094
review_2959,clothing_1094
review_2960,clothing_1078
review_2961,clothing_854
review_2962,clothing_1094
review_2963,clothing_873
review_2964,clothing_873
review_2965,clothing_1094
review_2966,clothing_1094
review_2967,clothing_854
review_2968,clothing_873
review_2969,clothing_890
review_2970,clothing_854
review_2971,clothing_1094
review_2972,clothing_873
review_2973,clothing_1094
review_2974,clothing_873
review_2975,clothing_1078
review_2976,clothing_1094
review_2977,clothing_1078
review_2978,clothing_1094
review_2979,clothing_1094
review_2980,clothing_1097
review_2981,clothing_1001
review_2982,clothing_1094
review_2983,clothing_1094
review_2984,clothing_862
review_2985,clothing_1082
review_2986,clothing_1082
review_2987,clothing_862
review_2988,clothing_862
review_2989,clothing_1082
review_2990,clothing_862
review_2991,clothing_1082
review_2992,clothing_862
review_2993,clothing_1082
review_2994,clothing_1092
review_2995,clothing_999
review_2996,clothing_1080
review_2997,clothing_302
review_2998,clothing_862
review_2999,clothing_862
review_3000,clothing_868
review_3001,clothing_1082
review_3002,clothing_862
review_3003,clothing_999
review_3004,clothing_999
review_3005,clothing_1082
review_3006,clothing_862
review_3007,clothing_862
review_3008,clothing_1082
review_3009,clothing_862
review_3010,clothing_1082
review_3011,clothing_1082
review_3012,clothing_1028
review_3013,clothing_1044
review_3014,clothing_1082
review_3015,clothing_1082
review_3016,clothing_1104
review_3017,clothing_862
review_3018,clothing_1080
review_3019,clothing_999
review_3020,clothing_862
review_3021,clothing_999
review_3022,clothing_999
review_3023,clothing_302
review_3024,clothing_1082
review_3025,clothing_862
review_3026,clothing_862
review_3027,clothing_862
review_3028,clothing_1082
review_3029,clothing_862
review_3030,clothing_1082
review_3031,clothing_862
review_3032,clothing_1094
review_3033,clothing_999
review_3034,clothing_1082
review_3035,clothing_862
review_3036,clothing_1082
review_3037,clothing_302
review_3038,clothing_1044
review_3039,clothing_1092
review_3040,clothing_1094
review_3041,clothing_781
review_3042,clothing_302
review_3043,clothing_862
review_3044,clothing_1082
review_3045,clothing_878
review_3046,clothing_872
review_3047,clothing_1020
review_3048,clothing_1024
review_3049,clothing_907
review_3050,clothing_907
review_3051,clothing_872
review_3052,clothing_895
review_3053,clothing_505
review_3054,clothing_1020
review_3055,clothing_907
review_3056,clothing_1080
review_3057,clothing_907
review_3058,clothing_907
review_3059,clothing_878
review_3060,clothing_872
review_3061,clothing_872
review_3062,clothing_907
review_3063,clothing_895
review_3064,clothing_1080
review_3065,clothing_1020
review_3066,clothing_505
review_3067,clothing_1009
review_3068,clothing_872
review_3069,clothing_907
review_3070,clothing_895
review_3071,clothing_1080
review_3072,clothing_1020
review_3073,clothing_374
review_3074,clothing_153
review_3075,clothing_1009
review_3076,clothing_907
review_3077,clothing_872
review_3078,clothing_895
review_3079,clothing_1009
review_3080,clothing_907
review_3081,clothing_505
review_3082,clothing_1020
review_3083,clothing_872
review_3084,clothing_505
review_3085,clothing_872
review_3086,clothing_895
review_3087,clothing_374
review_3088,clothing_1009
review_3089,clothing_872
review_3090,clothing_374
review_3091,clothing_1020
review_3092,clothing_895
review_3093,clothing_895
review_3094,clothing_895
review_3095,clothing_374
review_3096,clothing_907
review_3097,clothing_895
review_3098,clothing_907
review_3099,clothing_895
review_3100,clothing_374
review_3101,clothing_872
review_3102,clothing_907
review_3103,clothing_1020
review_3104,clothing_1020
review_3105,clothing_906
review_3106,clothing_862
review_3107,clothing_1104
review_3108,clothing_285
review_3109,clothing_862
review_3110,clothing_906
review_3111,clothing_862
review_3112,clothing_909
review_3113,clothing_906
review_3114,clothing_862
review_3115,clothing_835
review_3116,clothing_835
review_3117,clothing_933
review_3118,clothing_906
review_3119,clothing_903
review_3120,clothing_1022
review_3121,clothing_862
review_3122,clothing_862
review_3123,clothing_906
review_3124,clothing_862
review_3125,clothing_835
review_3126,clothing_862
review_3127,clothing_835
review_3128,clothing_1104
review_3129,clothing_862
review_3130,clothing_835
review_3131,clothing_862
review_3132,clothing_906
review_3133,clothing_903
review_3134,clothing_906
review_3135,clothing_835
review_3136,clothing_906
review_3137,clothing_835
review_3138,clothing_862
review_3139,clothing_909
review_3140,clothing_862
review_3141,clothing_909
review_3142,clothing_835
review_3143,clothing_862
review_3144,clothing_862
review_3145,clothing_862
review_3146,clothing_506
review_3147,clothing_1104
review_3148,clothing_903
review_3149,clothing_835
review_3150,clothing_906
review_3151,clothing_862
review_3152,clothing_412
review_3153,clothing_906
review_3154,clothing_906
review_3155,clothing_506
review_3156,clothing_1054
review_3157,clothing_862
review_3158,clothing_862
review_3159,clothing_909
review_3160,clothing_906
review_3161,clothing_906
review_3162,clothing_906
review_3163,clothing_909
review_3164,clothing_835
review_3165,clothing_862
review_3166,clothing_546
review_3167,clothing_1104
review_3168,clothing_1022
review_3169,clothing_909
review_3170,clothing_1100
review_3171,clothing_862
review_3172,clothing_862
review_3173,clothing_862
review_3174,clothing_862
review_3175,clothing_835
review_3176,clothing_835
review_3177,clothing_909
review_3178,clothing_909
review_3179,clothing_862
review_3180,clothing_909
review_3181,clothing_906
review_3182,clothing_862
review_3183,clothing_862
review_3184,clothing_1100
review_3185,clothing_903
review_3186,clothing_906
review_3187,clothing_835
review_3188,clothing_909
review_3189,clothing_862
review_3190,clothing_506
review_3191,clothing_506
review_3192,clothing_909
review_3193,clothing_906
review_3194,clothing_909
review_3195,clothing_1100
review_3196,clothing_906
review_3197,clothing_909
review_3198,clothing_835
review_3199,clothing_909
review_3200,clothing_933
review_3201,clothing_862
review_3202,clothing_862
review_3203,clothing_506
review_3204,clothing_862
review_3205,clothing_862
review_3206,clothing_909
review_3207,clothing_862
review_3208,clothing_835
review_3209,clothing_906
review_3210,clothing_903
review_3211,clothing_862
review_3212,clothing_906
review_3213,clothing_862
review_3214,clothing_862
review_3215,clothing_906
review_3216,clothing_862
review_3217,clothing_862
review_3218,clothing_909
review_3219,clothing_862
review_3220,clothing_835
review_3221,clothing_1104
review_3222,clothing_1009
review_3223,clothing_1033
review_3224,clothing_1033
review_3225,clothing_380
review_3226,clothing_1011
review_3227,clothing_945
review_3228,clothing_1077
review_3229,clothing_1033
review_3230,clothing_945
review_3231,clothing_543
review_3232,clothing_1035
review_3233,clothing_839
review_3234,clothing_945
review_3235,clothing_380
review_3236,clothing_1077
review_3237,clothing_380
review_3238,clothing_380
review_3239,clothing_1035
review_3240,clothing_945
review_3241,clothing_1079
review_3242,clothing_937
review_3243,clothing_1035
review_3244,clothing_1094
review_3245,clothing_839
review_3246,clothing_1009
review_3247,clothing_1054
review_3248,clothing_1054
review_3249,clothing_380
review_3250,clothing_1043
review_3251,clothing_787
review_3252,clothing_1054
review_3253,clothing_380
review_3254,clothing_1033
review_3255,clothing_1035
review_3256,clothing_512
review_3257,clothing_1054
review_3258,clothing_1033
review_3259,clothing_1035
review_3260,clothing_1094
review_3261,clothing_945
review_3262,clothing_839
review_3263,clothing_1011
review_3264,clothing_1011
review_3265,clothing_1033
review_3266,clothing_1033
review_3267,clothing_945
review_3268,clothing_543
review_3269,clothing_1035
review_3270,clothing_1035
review_3271,clothing_1033
review_3272,clothing_945
review_3273,clothing_1035
review_3274,clothing_1033
review_3275,clothing_380
review_3276,clothing_1035
review_3277,clothing_1033
review_3278,clothing_1033
review_3279,clothing_1011
review_3280,clothing_839
review_3281,clothing_1035
review_3282,clothing_1084
review_3283,clothing_872
review_3284,clothing_872
review_3285,clothing_877
review_3286,clothing_949
review_3287,clothing_1084
review_3288,clothing_422
review_3289,clothing_984
review_3290,clothing_984
review_3291,clothing_872
review_3292,clothing_984
review_3293,clothing_984
review_3294,clothing_931
review_3295,clothing_872
review_3296,clothing_422
review_3297,clothing_984
review_3298,clothing_984
review_3299,clothing_1084
review_3300,clothing_872
review_3301,clothing_872
review_3302,clothing_872
review_3303,clothing_984
review_3304,clothing_930
review_3305,clothing_1084
review_3306,clothing_872
review_3307,clothing_872
review_3308,clothing_860
review_3309,clothing_860
review_3310,clothing_1084
review_3311,clothing_1084
review_3312,clothing_984
review_3313,clothing_930
review_3314,clothing_872
review_3315,clothing_1084
review_3316,clothing_949
review_3317,clothing_984
review_3318,clothing_422
review_3319,clothing_860
review_3320,clothing_984
review_3321,clothing_984
review_3322,clothing_422
review_3323,clothing_984
review_3324,clothing_984
review_3325,clothing_1052
review_3326,clothing_984
review_3327,clothing_872
review_3328,clothing_860
review_3329,clothing_984
review_3330,clothing_877
review_3331,clothing_984
review_3332,clothing_872
review_3333,clothing_872
review_3334,clothing_984
review_3335,clothing_872
review_3336,clothing_872
review_3337,clothing_949
review_3338,clothing_872
review_3339,clothing_860
review_3340,clothing_836
review_3341,clothing_883
review_3342,clothing_836
review_3343,clothing_1092
review_3344,clothing_883
review_3345,clothing_860
review_3346,clothing_883
review_3347,clothing_883
review_3348,clothing_836
review_3349,clothing_836
review_3350,clothing_458
review_3351,clothing_1092
review_3352,clothing_860
review_3353,clothing_833
review_3354,clothing_836
review_3355,clothing_883
review_3356,clothing_833
review_3357,clothing_836
review_3358,clothing_860
review_3359,clothing_836
review_3360,clothing_860
review_3361,clothing_883
review_3362,clothing_1092
review_3363,clothing_883
review_3364,clothing_883
review_3365,clothing_1092
review_3366,clothing_860
review_3367,clothing_883
review_3368,clothing_883
review_3369,clothing_860
review_3370,clothing_1092
review_3371,clothing_836
review_3372,clothing_883
review_3373,clothing_883
review_3374,clothing_836
review_3375,clothing_883
review_3376,clothing_984
review_3377,clothing_1092
review_3378,clothing_883
review_3379,clothing_860
review_3380,clothing_883
review_3381,clothing_883
review_3382,clothing_836
review_3383,clothing_860
review_3384,clothing_836
review_3385,clothing_1092
review_3386,clothing_986
review_3387,clothing_854
review_3388,clothing_860
review_3389,clothing_860
review_3390,clothing_833
review_3391,clothing_836
review_3392,clothing_836
review_3393,clothing_860
review_3394,clothing_860
review_3395,clothing_1092
review_3396,clothing_867
review_3397,clothing_883
review_3398,clothing_836
review_3399,clothing_836
review_3400,clothing_836
review_3401,clothing_984
review_3402,clothing_867
review_3403,clothing_984
review_3404,clothing_836
review_3405,clothing_860
review_3406,clothing_1092
review_3407,clothing_883
review_3408,clothing_867
review_3409,clothing_883
review_3410,clothing_841
review_3411,clothing_860
review_3412,clothing_867
review_3413,clothing_836
review_3414,clothing_860
review_3415,clothing_860
review_3416,clothing_1056
review_3417,clothing_1056
review_3418,clothing_1056
review_3419,clothing_1094
review_3420,clothing_939
review_3421,clothing_1056
review_3422,clothing_939
review_3423,clothing_1056
review_3424,clothing_898
review_3425,clothing_854
review_3426,clothing_1056
review_3427,clothing_1056
review_3428,clothing_1056
review_3429,clothing_872
review_3430,clothing_898
review_3431,clothing_939
review_3432,clothing_1056
review_3433,clothing_939
review_3434,clothing_853
review_3435,clothing_1056
review_3436,clothing_1094
review_3437,clothing_841
review_3438,clothing_1080
review_3439,clothing_1056
review_3440,clothing_898
review_3441,clothing_683
review_3442,clothing_854
review_3443,clothing_872
review_3444,clothing_939
review_3445,clothing_1056
review_3446,clothing_841
review_3447,clothing_898
review_3448,clothing_872
review_3449,clothing_1056
review_3450,clothing_1056
review_3451,clothing_1056
review_3452,clothing_1056
review_3453,clothing_1056
review_3454,clothing_1056
review_3455,clothing_1056
review_3456,clothing_854
review_3457,clothing_1056
review_3458,clothing_1056
review_3459,clothing_939
review_3460,clothing_939
review_3461,clothing_828
review_3462,clothing_854
review_3463,clothing_939
review_3464,clothing_898
review_3465,clothing_1056
review_3466,clothing_939
review_3467,clothing_1056
review_3468,clothing_828
review_3469,clothing_1056
review_3470,clothing_1056
review_3471,clothing_1056
review_3472,clothing_1056
review_3473,clothing_939
review_3474,clothing_1056
review_3475,clothing_939
review_3476,clothing_872
review_3477,clothing_1056
review_3478,clothing_959
review_3479,clothing_854
review_3480,clothing_1156
review_3481,clothing_872
review_3482,clothing_1056
review_3483,clothing_939
review_3484,clothing_1056
review_3485,clothing_1056
review_3486,clothing_854
review_3487,clothing_1056
review_3488,clothing_1056
review_3489,clothing_939
review_3490,clothing_1094
review_3491,clothing_898
review_3492,clothing_898
review_3493,clothing_1056
review_3494,clothing_1094
review_3495,clothing_854
review_3496,clothing_468
review_3497,clothing_931
review_3498,clothing_1070
review_3499,clothing_872
review_3500,clothing_872
review_3501,clothing_872
review_3502,clothing_872
review_3503,clothing_872
review_3504,clothing_1070
review_3505,clothing_818
review_3506,clothing_872
review_3507,clothing_872
review_3508,clothing_1070
review_3509,clothing_1070
review_3510,clothing_872
review_3511,clothing_872
review_3512,clothing_1070
review_3513,clothing_872
review_3514,clothing_955
review_3515,clothing_818
review_3516,clothing_1080
review_3517,clothing_844
review_3518,clothing_844
review_3519,clothing_872
review_3520,clothing_872
review_3521,clothing_797
review_3522,clothing_818
review_3523,clothing_872
review_3524,clothing_1080
review_3525,clothing_929
review_3526,clothing_872
review_3527,clothing_872
review_3528,clothing_929
review_3529,clothing_872
review_3530,clothing_872
review_3531,clothing_872
review_3532,clothing_872
review_3533,clothing_872
review_3534,clothing_929
review_3535,clothing_895
review_3536,clothing_1077
review_3537,clothing_869
review_3538,clothing_869
review_3539,clothing_1077
review_3540,clothing_1077
review_3541,clothing_895
review_3542,clothing_869
review_3543,clothing_1077
review_3544,clothing_1077
review_3545,clothing_869
review_3546,clothing_1077
review_3547,clothing_652
review_3548,clothing_1077
review_3549,clothing_1077
review_3550,clothing_895
review_3551,clothing_1077
review_3552,clothing_1147
review_3553,clothing_1077
review_3554,clothing_875
review_3555,clothing_1077
review_3556,clothing_830
review_3557,clothing_1031
review_3558,clothing_1147
review_3559,clothing_1077
review_3560,clothing_869
review_3561,clothing_869
review_3562,clothing_433
review_3563,clothing_1077
review_3564,clothing_895
review_3565,clothing_869
review_3566,clothing_1077
review_3567,clothing_869
review_3568,clothing_1077
review_3569,clothing_1077
review_3570,clothing_433
review_3571,clothing_1147
review_3572,clothing_813
review_3573,clothing_895
review_3574,clothing_1077
review_3575,clothing_1077
review_3576,clothing_869
review_3577,clothing_1077
review_3578,clothing_895
review_3579,clothing_1077
review_3580,clothing_950
review_3581,clothing_1077
review_3582,clothing_1077
review_3583,clothing_652
review_3584,clothing_869
review_3585,clothing_903
review_3586,clothing_1077
review_3587,clothing_652
review_3588,clothing_1077
review_3589,clothing_1031
review_3590,clothing_869
review_3591,clothing_1147
review_3592,clothing_1077
review_3593,clothing_950
review_3594,clothing_1077
review_3595,clothing_869
review_3596,clothing_1077
review_3597,clothing_1077
review_3598,clothing_869
review_3599,clothing_869
review_3600,clothing_1077
review_3601,clothing_1077
review_3602,clothing_1077
review_3603,clothing_1077
review_3604,clothing_1077
review_3605,clothing_1147
review_3606,clothing_942
review_3607,clothing_881
review_3608,clothing_903
review_3609,clothing_1008
review_3610,clothing_942
review_3611,clothing_1094
review_3612,clothing_1094
review_3613,clothing_854
review_3614,clothing_881
review_3615,clothing_854
review_3616,clothing_1094
review_3617,clothing_854
review_3618,clothing_854
review_3619,clothing_1094
review_3620,clothing_854
review_3621,clothing_854
review_3622,clothing_854
review_3623,clothing_1094
review_3624,clothing_942
review_3625,clothing_835
review_3626,clothing_942
review_3627,clothing_903
review_3628,clothing_838
review_3629,clothing_854
review_3630,clothing_903
review_3631,clothing_854
review_3632,clothing_1094
review_3633,clothing_1094
review_3634,clothing_1033
review_3635,clothing_835
review_3636,clothing_854
review_3637,clothing_1094
review_3638,clothing_1094
review_3639,clothing_854
review_3640,clothing_881
review_3641,clothing_1094
review_3642,clothing_854
review_3643,clothing_1125
review_3644,clothing_903
review_3645,clothing_1094
review_3646,clothing_942
review_3647,clothing_942
review_3648,clothing_1094
review_3649,clothing_854
review_3650,clothing_1094
review_3651,clothing_965
review_3652,clothing_1008
review_3653,clothing_872
review_3654,clothing_1030
review_3655,clothing_912
review_3656,clothing_912
review_3657,clothing_965
review_3658,clothing_872
review_3659,clothing_1049
review_3660,clothing_1030
review_3661,clothing_872
review_3662,clothing_872
review_3663,clothing_1025
review_3664,clothing_872
review_3665,clothing_872
review_3666,clothing_936
review_3667,clothing_1008
review_3668,clothing_1111
review_3669,clothing_965
review_3670,clothing_872
review_3671,clothing_872
review_3672,clothing_872
review_3673,clothing_1049
review_3674,clothing_936
review_3675,clothing_547
review_3676,clothing_547
review_3677,clothing_872
review_3678,clothing_1025
review_3679,clothing_547
review_3680,clothing_872
review_3681,clothing_872
review_3682,clothing_965
review_3683,clothing_872
review_3684,clothing_872
review_3685,clothing_936
review_3686,clothing_872
review_3687,clothing_965
review_3688,clothing_1049
review_3689,clothing_965
review_3690,clothing_872
review_3691,clothing_1049
review_3692,clothing_965
review_3693,clothing_1025
review_3694,clothing_936
review_3695,clothing_899
review_3696,clothing_1008
review_3697,clothing_1025
review_3698,clothing_965
review_3699,clothing_1030
review_3700,clothing_936
review_3701,clothing_965
review_3702,clothing_1081
review_3703,clothing_308
review_3704,clothing_1080
review_3705,clothing_1078
review_3706,clothing_936
review_3707,clothing_1078
review_3708,clothing_1078
review_3709,clothing_1078
review_3710,clothing_1030
review_3711,clothing_878
review_3712,clothing_1080
review_3713,clothing_835
review_3714,clothing_1080
review_3715,clothing_1059
review_3716,clothing_1059
review_3717,clothing_878
review_3718,clothing_835
review_3719,clothing_1078
review_3720,clothing_1078
review_3721,clothing_1080
review_3722,clothing_1081
review_3723,clothing_1081
review_3724,clothing_1022
review_3725,clothing_1080
review_3726,clothing_1022
review_3727,clothing_835
review_3728,clothing_878
review_3729,clothing_1080
review_3730,clothing_1080
review_3731,clothing_996
review_3732,clothing_1080
review_3733,clothing_1080
review_3734,clothing_1078
review_3735,clothing_1078
review_3736,clothing_936
review_3737,clothing_996
review_3738,clothing_1081
review_3739,clothing_1078
review_3740,clothing_936
review_3741,clothing_464
review_3742,clothing_996
review_3743,clothing_1080
review_3744,clothing_1078
review_3745,clothing_1080
review_3746,clothing_1078
review_3747,clothing_1080
review_3748,clothing_936
review_3749,clothing_835
review_3750,clothing_1080
review_3751,clothing_1078
review_3752,clothing_1078
review_3753,clothing_1080
review_3754,clothing_936
review_3755,clothing_613
review_3756,clothing_1078
review_3757,clothing_861
review_3758,clothing_1091
review_3759,clothing_1091
review_3760,clothing_1195
review_3761,clothing_1091
review_3762,clothing_1091
review_3763,clothing_1086
review_3764,clothing_861
review_3765,clothing_861
review_3766,clothing_1091
review_3767,clothing_1086
review_3768,clothing_861
review_3769,clothing_1086
review_3770,clothing_861
review_3771,clothing_1025
review_3772,clothing_1091
review_3773,clothing_1025
review_3774,clothing_1025
review_3775,clothing_1091
review_3776,clothing_1091
review_3777,clothing_861
review_3778,clothing_1086
review_3779,clothing_1195
review_3780,clothing_850
review_3781,clothing_1086
review_3782,clothing_1091
review_3783,clothing_959
review_3784,clothing_1086
review_3785,clothing_1086
review_3786,clothing_861
review_3787,clothing_1091
review_3788,clothing_868
review_3789,clothing_1091
review_3790,clothing_1091
review_3791,clothing_861
review_3792,clothing_1091
review_3793,clothing_1091
review_3794,clothing_1091
review_3795,clothing_861
review_3796,clothing_850
review_3797,clothing_861
review_3798,clothing_863
review_3799,clothing_636
review_3800,clothing_636
review_3801,clothing_232
review_3802,clothing_636
review_3803,clothing_863
review_3804,clothing_636
review_3805,clothing_863
review_3806,clothing_232
review_3807,clothing_636
review_3808,clothing_863
review_3809,clothing_636
review_3810,clothing_863
review_3811,clothing_636
review_3812,clothing_996
review_3813,clothing_792
review_3814,clothing_996
review_3815,clothing_828
review_3816,clothing_861
review_3817,clothing_828
review_3818,clothing_819
review_3819,clothing_828
review_3820,clothing_828
review_3821,clothing_996
review_3822,clothing_818
review_3823,clothing_996
review_3824,clothing_861
review_3825,clothing_135
review_3826,clothing_828
review_3827,clothing_861
review_3828,clothing_716
review_3829,clothing_135
review_3830,clothing_996
review_3831,clothing_135
review_3832,clothing_135
review_3833,clothing_861
review_3834,clothing_861
review_3835,clothing_830
review_3836,clothing_939
review_3837,clothing_828
review_3838,clothing_830
review_3839,clothing_861
review_3840,clothing_1009
review_3841,clothing_831
review_3842,clothing_1072
review_3843,clothing_1081
review_3844,clothing_1052
review_3845,clothing_1081
review_3846,clothing_1099
review_3847,clothing_1081
review_3848,clothing_860
review_3849,clothing_860
review_3850,clothing_1081
review_3851,clothing_867
review_3852,clothing_1081
review_3853,clothing_1099
review_3854,clothing_1099
review_3855,clothing_1081
review_3856,clothing_1081
review_3857,clothing_1081
review_3858,clothing_932
review_3859,clothing_1081
review_3860,clothing_1099
review_3861,clothing_1081
review_3862,clothing_860
review_3863,clothing_1081
review_3864,clothing_1099
review_3865,clothing_1063
review_3866,clothing_860
review_3867,clothing_860
review_3868,clothing_1081
review_3869,clothing_1081
review_3870,clothing_1081
review_3871,clothing_867
review_3872,clothing_860
review_3873,clothing_1099
review_3874,clothing_1081
review_3875,clothing_1081
review_3876,clothing_867
review_3877,clothing_860
review_3878,clothing_1081
review_3879,clothing_1081
review_3880,clothing_843
review_3881,clothing_860
review_3882,clothing_867
review_3883,clothing_1081
review_3884,clothing_1099
review_3885,clothing_860
review_3886,clothing_860
review_3887,clothing_1099
review_3888,clothing_860
review_3889,clothing_1081
review_3890,clothing_1081
review_3891,clothing_1081
review_3892,clothing_860
review_3893,clothing_1081
review_3894,clothing_843
review_3895,clothing_1081
review_3896,clothing_860
review_3897,clothing_1100
review_3898,clothing_1081
review_3899,clothing_1099
review_3900,clothing_986
review_3901,clothing_1099
review_3902,clothing_843
review_3903,clothing_1099
review_3904,clothing_1081
review_3905,clothing_1099
review_3906,clothing_1100
review_3907,clothing_1081
review_3908,clothing_860
review_3909,clothing_1135
review_3910,clothing_860
review_3911,clothing_860
review_3912,clothing_460
review_3913,clothing_819
review_3914,clothing_460
review_3915,clothing_831
review_3916,clothing_933
review_3917,clothing_460
review_3918,clothing_460
review_3919,clothing_460
review_3920,clothing_460
review_3921,clothing_1081
review_3922,clothing_1033
review_3923,clothing_1081
review_3924,clothing_460
review_3925,clothing_1081
review_3926,clothing_1081
review_3927,clothing_831
review_3928,clothing_819
review_3929,clothing_1081
review_3930,clothing_1081
review_3931,clothing_819
review_3932,clothing_1081
review_3933,clothing_819
review_3934,clothing_1081
review_3935,clothing_1081
review_3936,clothing_1081
review_3937,clothing_898
review_3938,clothing_1081
review_3939,clothing_460
review_3940,clothing_819
review_3941,clothing_819
review_3942,clothing_460
review_3943,clothing_1033
review_3944,clothing_943
review_3945,clothing_819
review_3946,clothing_1081
review_3947,clothing_898
review_3948,clothing_866
review_3949,clothing_1081
review_3950,clothing_460
review_3951,clothing_1081
review_3952,clothing_460
review_3953,clothing_460
review_3954,clothing_460
review_3955,clothing_1033
review_3956,clothing_448
review_3957,clothing_460
review_3958,clothing_460
review_3959,clothing_1094
review_3960,clothing_860
review_3961,clothing_895
review_3962,clothing_1056
review_3963,clothing_1094
review_3964,clothing_1094
review_3965,clothing_257
review_3966,clothing_1055
review_3967,clothing_860
review_3968,clothing_860
review_3969,clothing_1094
review_3970,clothing_895
review_3971,clothing_1056
review_3972,clothing_1030
review_3973,clothing_257
review_3974,clothing_907
review_3975,clothing_1147
review_3976,clothing_1078
review_3977,clothing_257
review_3978,clothing_1094
review_3979,clothing_1055
review_3980,clothing_866
review_3981,clothing_895
review_3982,clothing_1094
review_3983,clothing_863
review_3984,clothing_1094
review_3985,clothing_895
review_3986,clothing_828
review_3987,clothing_860
review_3988,clothing_1055
review_3989,clothing_907
review_3990,clothing_895
review_3991,clothing_1094
review_3992,clothing_1056
review_3993,clothing_895
review_3994,clothing_1094
review_3995,clothing_907
review_3996,clothing_895
review_3997,clothing_860
review_3998,clothing_1056
review_3999,clothing_1055
review_4000,clothing_860
review_4001,clothing_270
review_4002,clothing_860
review_4003,clothing_895
review_4004,clothing_1094
review_4005,clothing_1094
review_4006,clothing_860
review_4007,clothing_1094
review_4008,clothing_1056
review_4009,clothing_257
review_4010,clothing_895
review_4011,clothing_895
review_4012,clothing_1056
review_4013,clothing_828
review_4014,clothing_1078
review_4015,clothing_1094
review_4016,clothing_1056
review_4017,clothing_1117
review_4018,clothing_828
review_4019,clothing_1056
review_4020,clothing_1094
review_4021,clothing_1094
review_4022,clothing_1094
review_4023,clothing_895
review_4024,clothing_895
review_4025,clothing_1094
review_4026,clothing_860
review_4027,clothing_860
review_4028,clothing_895
review_4029,clothing_1030
review_4030,clothing_1056
review_4031,clothing_860
review_4032,clothing_860
review_4033,clothing_1094
review_4034,clothing_1094
review_4035,clothing_1094
review_4036,clothing_895
review_4037,clothing_1056
review_4038,clothing_860
review_4039,clothing_1094
review_4040,clothing_1094
review_4041,clothing_1056
review_4042,clothing_866
review_4043,clothing_1056
review_4044,clothing_257
review_4045,clothing_1094
review_4046,clothing_1094
review_4047,clothing_1056
review_4048,clothing_257
review_4049,clothing_257
review_4050,clothing_895
review_4051,clothing_1094
review_4052,clothing_1056
review_4053,clothing_895
review_4054,clothing_1094
review_4055,clothing_863
review_4056,clothing_1055
review_4057,clothing_860
review_4058,clothing_860
review_4059,clothing_863
review_4060,clothing_1094
review_4061,clothing_860
review_4062,clothing_1094
review_4063,clothing_1056
review_4064,clothing_895
review_4065,clothing_1056
review_4066,clothing_828
review_4067,clothing_1094
review_4068,clothing_1094
review_4069,clothing_1147
review_4070,clothing_1078
review_4071,clothing_1056
review_4072,clothing_1094
review_4073,clothing_1094
review_4074,clothing_257
review_4075,clothing_942
review_4076,clothing_895
review_4077,clothing_1094
review_4078,clothing_907
review_4079,clothing_1056
review_4080,clothing_1056
review_4081,clothing_895
review_4082,clothing_1094
review_4083,clothing_895
review_4084,clothing_863
review_4085,clothing_1117
review_4086,clothing_257
review_4087,clothing_860
review_4088,clothing_1094
review_4089,clothing_1094
review_4090,clothing_1098
review_4091,clothing_829
review_4092,clothing_319
review_4093,clothing_1094
review_4094,clothing_855
review_4095,clothing_1098
review_4096,clothing_1094
review_4097,clothing_1098
review_4098,clothing_1094
review_4099,clothing_1094
review_4100,clothing_1098
review_4101,clothing_855
review_4102,clothing_1094
review_4103,clothing_1098
review_4104,clothing_1094
review_4105,clothing_992
review_4106,clothing_121
review_4107,clothing_121
review_4108,clothing_829
review_4109,clothing_940
review_4110,clothing_1094
review_4111,clothing_121
review_4112,clothing_1094
review_4113,clothing_1098
review_4114,clothing_940
review_4115,clothing_1009
review_4116,clothing_1094
review_4117,clothing_975
review_4118,clothing_1094
review_4119,clothing_121
review_4120,clothing_121
review_4121,clothing_1098
review_4122,clothing_121
review_4123,clothing_855
review_4124,clothing_1098
review_4125,clothing_1098
review_4126,clothing_940
review_4127,clothing_1094
review_4128,clothing_1094
review_4129,clothing_975
review_4130,clothing_1094
review_4131,clothing_1098
review_4132,clothing_908
review_4133,clothing_1104
review_4134,clothing_144
review_4135,clothing_1046
review_4136,clothing_829
review_4137,clothing_1104
review_4138,clothing_1104
review_4139,clothing_1104
review_4140,clothing_648
review_4141,clothing_144
review_4142,clothing_1104
review_4143,clothing_1104
review_4144,clothing_829
review_4145,clothing_1104
review_4146,clothing_1046
review_4147,clothing_829
review_4148,clothing_829
review_4149,clothing_144
review_4150,clothing_1064
review_4151,clothing_1104
review_4152,clothing_1053
review_4153,clothing_829
review_4154,clothing_144
review_4155,clothing_1104
review_4156,clothing_1029
review_4157,clothing_56
review_4158,clothing_829
review_4159,clothing_1104
review_4160,clothing_829
review_4161,clothing_1046
review_4162,clothing_1114
review_4163,clothing_144
review_4164,clothing_173
review_4165,clothing_144
review_4166,clothing_1035
review_4167,clothing_857
review_4168,clothing_964
review_4169,clothing_1001
review_4170,clothing_1035
review_4171,clothing_1035
review_4172,clothing_413
review_4173,clothing_860
review_4174,clothing_1035
review_4175,clothing_1001
review_4176,clothing_1001
review_4177,clothing_860
review_4178,clothing_964
review_4179,clothing_857
review_4180,clothing_1001
review_4181,clothing_896
review_4182,clothing_860
review_4183,clothing_860
review_4184,clothing_1001
review_4185,clothing_1035
review_4186,clothing_964
review_4187,clothing_860
review_4188,clothing_203
review_4189,clothing_1001
review_4190,clothing_857
review_4191,clothing_1025
review_4192,clothing_857
review_4193,clothing_1001
review_4194,clothing_1025
review_4195,clothing_1001
review_4196,clothing_860
review_4197,clothing_867
review_4198,clothing_857
review_4199,clothing_860
review_4200,clothing_1025
review_4201,clothing_1025
review_4202,clothing_964
review_4203,clothing_964
review_4204,clothing_860
review_4205,clothing_1001
review_4206,clothing_1001
review_4207,clothing_860
review_4208,clothing_1001
review_4209,clothing_857
review_4210,clothing_1001
review_4211,clothing_964
review_4212,clothing_1001
review_4213,clothing_860
review_4214,clothing_964
review_4215,clothing_857
review_4216,clothing_1001
review_4217,clothing_857
review_4218,clothing_889
review_4219,clothing_857
review_4220,clothing_1024
review_4221,clothing_940
review_4222,clothing_1053
review_4223,clothing_1053
review_4224,clothing_1024
review_4225,clothing_624
review_4226,clothing_1086
review_4227,clothing_1081
review_4228,clothing_1053
review_4229,clothing_1053
review_4230,clothing_1081
review_4231,clothing_1086
review_4232,clothing_1086
review_4233,clothing_1086
review_4234,clothing_940
review_4235,clothing_1081
review_4236,clothing_1081
review_4237,clothing_1086
review_4238,clothing_857
review_4239,clothing_1086
review_4240,clothing_1081
review_4241,clothing_1068
review_4242,clothing_1086
review_4243,clothing_1081
review_4244,clothing_624
review_4245,clothing_837
review_4246,clothing_1053
review_4247,clothing_1053
review_4248,clothing_1081
review_4249,clothing_1081
review_4250,clothing_1081
review_4251,clothing_1024
review_4252,clothing_1086
review_4253,clothing_995
review_4254,clothing_1068
review_4255,clothing_1081
review_4256,clothing_828
review_4257,clothing_1081
review_4258,clothing_1086
review_4259,clothing_1053
review_4260,clothing_1086
review_4261,clothing_1068
review_4262,clothing_837
review_4263,clothing_940
review_4264,clothing_940
review_4265,clothing_1086
review_4266,clothing_1068
review_4267,clothing_1081
review_4268,clothing_1081
review_4269,clothing_1086
review_4270,clothing_1024
review_4271,clothing_1086
review_4272,clothing_1081
review_4273,clothing_1081
review_4274,clothing_857
review_4275,clothing_1086
review_4276,clothing_837
review_4277,clothing_1068
review_4278,clothing_1086
review_4279,clothing_828
review_4280,clothing_1078
review_4281,clothing_1094
review_4282,clothing_1081
review_4283,clothing_1078
review_4284,clothing_1094
review_4285,clothing_1078
review_4286,clothing_1078
review_4287,clothing_1078
review_4288,clothing_1078
review_4289,clothing_1078
review_4290,clothing_1078
review_4291,clothing_1081
review_4292,clothing_1081
review_4293,clothing_1078
review_4294,clothing_1078
review_4295,clothing_1078
review_4296,clothing_1081
review_4297,clothing_1094
review_4298,clothing_1078
review_4299,clothing_1081
review_4300,clothing_1078
review_4301,clothing_1081
review_4302,clothing_1078
review_4303,clothing_1094
review_4304,clothing_1078
review_4305,clothing_1078
review_4306,clothing_1078
review_4307,clothing_1081
review_4308,clothing_1078
review_4309,clothing_1078
review_4310,clothing_1094
review_4311,clothing_1094
review_4312,clothing_1078
review_4313,clothing_1081
review_4314,clothing_1081
review_4315,clothing_1078
review_4316,clothing_1078
review_4317,clothing_1078
review_4318,clothing_1078
review_4319,clothing_935
review_4320,clothing_1081
review_4321,clothing_1094
review_4322,clothing_1081
review_4323,clothing_1094
review_4324,clothing_1078
review_4325,clothing_1078
review_4326,clothing_1094
review_4327,clothing_1078
review_4328,clothing_1094
review_4329,clothing_1094
review_4330,clothing_1081
review_4331,clothing_1078
review_4332,clothing_1078
review_4333,clothing_1078
review_4334,clothing_1078
review_4335,clothing_1094
review_4336,clothing_1078
review_4337,clothing_1078
review_4338,clothing_1081
review_4339,clothing_1094
review_4340,clothing_1078
review_4341,clothing_1078
review_4342,clothing_1081
review_4343,clothing_1081
review_4344,clothing_1078
review_4345,clothing_1094
review_4346,clothing_1082
review_4347,clothing_1078
review_4348,clothing_1081
review_4349,clothing_1081
review_4350,clothing_1078
review_4351,clothing_1081
review_4352,clothing_1078
review_4353,clothing_1081
review_4354,clothing_1094
review_4355,clothing_1078
review_4356,clothing_1078
review_4357,clothing_1078
review_4358,clothing_1078
review_4359,clothing_1094
review_4360,clothing_1078
review_4361,clothing_1094
review_4362,clothing_1078
review_4363,clothing_838
review_4364,clothing_1078
review_4365,clothing_1094
review_4366,clothing_1094
review_4367,clothing_1078
review_4368,clothing_1081
review_4369,clothing_1094
review_4370,clothing_1078
review_4371,clothing_1081
review_4372,clothing_1078
review_4373,clothing_1078
review_4374,clothing_1028
review_4375,clothing_1081
review_4376,clothing_1094
review_4377,clothing_1081
review_4378,clothing_1081
review_4379,clothing_1078
review_4380,clothing_1078
review_4381,clothing_1094
review_4382,clothing_1094
review_4383,clothing_1081
review_4384,clothing_1078
review_4385,clothing_1028
review_4386,clothing_1081
review_4387,clothing_1081
review_4388,clothing_1078
review_4389,clothing_1078
review_4390,clothing_1081
review_4391,clothing_1094
review_4392,clothing_1081
review_4393,clothing_1028
review_4394,clothing_1078
review_4395,clothing_1081
review_4396,clothing_1094
review_4397,clothing_1094
review_4398,clothing_1094
review_4399,clothing_1078
review_4400,clothing_1078
review_4401,clothing_1078
review_4402,clothing_1094
review_4403,clothing_1094
review_4404,clothing_1094
review_4405,clothing_1094
review_4406,clothing_1094
review_4407,clothing_1081
review_4408,clothing_1078
review_4409,clothing_1094
review_4410,clothing_1081
review_4411,clothing_1078
review_4412,clothing_1078
review_4413,clothing_1078
review_4414,clothing_1081
review_4415,clothing_1078
review_4416,clothing_1078
review_4417,clothing_1081
review_4418,clothing_1078
review_4419,clothing_1094
review_4420,clothing_1078
review_4421,clothing_933
review_4422,clothing_1078
review_4423,clothing_1081
review_4424,clothing_1081
review_4425,clothing_1078
review_4426,clothing_834
review_4427,clothing_1081
review_4428,clothing_834
review_4429,clothing_1078
review_4430,clothing_1078
review_4431,clothing_1078
review_4432,clothing_1094
review_4433,clothing_1081
review_4434,clothing_689
review_4435,clothing_1078
review_4436,clothing_1094
review_4437,clothing_1094
review_4438,clothing_1094
review_4439,clothing_1081
review_4440,clothing_1081
review_4441,clothing_1078
review_4442,clothing_1094
review_4443,clothing_868
review_4444,clothing_868
review_4445,clothing_107
review_4446,clothing_868
review_4447,clothing_1094
review_4448,clothing_868
review_4449,clothing_107
review_4450,clothing_1094
review_4451,clothing_896
review_4452,clothing_1094
review_4453,clothing_868
review_4454,clothing_868
review_4455,clothing_107
review_4456,clothing_850
review_4457,clothing_868
review_4458,clothing_1145
review_4459,clothing_107
review_4460,clothing_896
review_4461,clothing_975
review_4462,clothing_1094
review_4463,clothing_868
review_4464,clothing_1145
review_4465,clothing_107
review_4466,clothing_1145
review_4467,clothing_868
review_4468,clothing_107
review_4469,clothing_868
review_4470,clothing_868
review_4471,clothing_107
review_4472,clothing_868
review_4473,clothing_107
review_4474,clothing_1095
review_4475,clothing_1095
review_4476,clothing_1038
review_4477,clothing_1030
review_4478,clothing_1038
review_4479,clothing_1086
review_4480,clothing_1095
review_4481,clothing_1038
review_4482,clothing_1095
review_4483,clothing_1095
review_4484,clothing_988
review_4485,clothing_850
review_4486,clothing_1109
review_4487,clothing_1095
review_4488,clothing_1095
review_4489,clothing_912
review_4490,clothing_1095
review_4491,clothing_1038
review_4492,clothing_1038
review_4493,clothing_1038
review_4494,clothing_1086
review_4495,clothing_1086
review_4496,clothing_1095
review_4497,clothing_1086
review_4498,clothing_1038
review_4499,clothing_1086
review_4500,clothing_1038
review_4501,clothing_1038
review_4502,clothing_1095
review_4503,clothing_1095
review_4504,clothing_937
review_4505,clothing_1038
review_4506,clothing_1095
review_4507,clothing_1095
review_4508,clothing_1086
review_4509,clothing_1095
review_4510,clothing_1095
review_4511,clothing_1095
review_4512,clothing_1086
review_4513,clothing_1095
review_4514,clothing_1086
review_4515,clothing_1095
review_4516,clothing_829
review_4517,clothing_1111
review_4518,clothing_820
review_4519,clothing_1110
review_4520,clothing_820
review_4521,clothing_820
review_4522,clothing_820
review_4523,clothing_829
review_4524,clothing_1078
review_4525,clothing_830
review_4526,clothing_820
review_4527,clothing_820
review_4528,clothing_820
review_4529,clothing_863
review_4530,clothing_495
review_4531,clothing_820
review_4532,clothing_820
review_4533,clothing_801
review_4534,clothing_1078
review_4535,clothing_1078
review_4536,clothing_1110
review_4537,clothing_820
review_4538,clothing_830
review_4539,clothing_1187
review_4540,clothing_829
review_4541,clothing_820
review_4542,clothing_820
review_4543,clothing_829
review_4544,clothing_1078
review_4545,clothing_820
review_4546,clothing_820
review_4547,clothing_820
review_4548,clothing_829
review_4549,clothing_820
review_4550,clothing_831
review_4551,clothing_820
review_4552,clothing_829
review_4553,clothing_1078
review_4554,clothing_829
review_4555,clothing_820
review_4556,clothing_50
review_4557,clothing_820
review_4558,clothing_820
review_4559,clothing_820
review_4560,clothing_1078
review_4561,clothing_820
review_4562,clothing_831
review_4563,clothing_1187
review_4564,clothing_820
review_4565,clothing_820
review_4566,clothing_820
review_4567,clothing_820
review_4568,clothing_820
review_4569,clothing_820
review_4570,clothing_820
review_4571,clothing_801
review_4572,clothing_820
review_4573,clothing_820
review_4574,clothing_820
review_4575,clothing_820
review_4576,clothing_820
review_4577,clothing_820
review_4578,clothing_1110
review_4579,clothing_829
review_4580,clothing_820
review_4581,clothing_1078
review_4582,clothing_1110
review_4583,clothing_820
review_4584,clothing_820
review_4585,clothing_1078
review_4586,clothing_495
review_4587,clothing_829
review_4588,clothing_820
review_4589,clothing_1078
review_4590,clothing_863
review_4591,clothing_1110
review_4592,clothing_1078
review_4593,clothing_872
review_4594,clothing_1094
review_4595,clothing_872
review_4596,clothing_872
review_4597,clothing_1014
review_4598,clothing_1094
review_4599,clothing_872
review_4600,clothing_1082
review_4601,clothing_570
review_4602,clothing_1094
review_4603,clothing_1059
review_4604,clothing_840
review_4605,clothing_1094
review_4606,clothing_782
review_4607,clothing_872
review_4608,clothing_1006
review_4609,clothing_1094
review_4610,clothing_872
review_4611,clothing_1014
review_4612,clothing_54
review_4613,clothing_872
review_4614,clothing_1082
review_4615,clothing_963
review_4616,clothing_872
review_4617,clothing_872
review_4618,clothing_1094
review_4619,clothing_872
review_4620,clothing_840
review_4621,clothing_782
review_4622,clothing_872
review_4623,clothing_1082
review_4624,clothing_872
review_4625,clothing_1094
review_4626,clothing_872
review_4627,clothing_829
review_4628,clothing_872
review_4629,clothing_872
review_4630,clothing_1094
review_4631,clothing_872
review_4632,clothing_1059
review_4633,clothing_963
review_4634,clothing_872
review_4635,clothing_872
review_4636,clothing_963
review_4637,clothing_872
review_4638,clothing_872
review_4639,clothing_782
review_4640,clothing_872
review_4641,clothing_1094
review_4642,clothing_840
review_4643,clothing_963
review_4644,clothing_829
review_4645,clothing_1059
review_4646,clothing_1094
review_4647,clothing_1082
review_4648,clothing_829
review_4649,clothing_873
review_4650,clothing_871
review_4651,clothing_871
review_4652,clothing_871
review_4653,clothing_878
review_4654,clothing_1048
review_4655,clothing_1095
review_4656,clothing_1081
review_4657,clothing_871
review_4658,clothing_1048
review_4659,clothing_1027
review_4660,clothing_871
review_4661,clothing_1072
review_4662,clothing_1048
review_4663,clothing_1078
review_4664,clothing_1048
review_4665,clothing_871
review_4666,clothing_1048
review_4667,clothing_871
review_4668,clothing_829
review_4669,clothing_871
review_4670,clothing_878
review_4671,clothing_1048
review_4672,clothing_878
review_4673,clothing_1048
review_4674,clothing_871
review_4675,clothing_878
review_4676,clothing_871
review_4677,clothing_871
review_4678,clothing_871
review_4679,clothing_871
review_4680,clothing_878
review_4681,clothing_871
review_4682,clothing_1072
review_4683,clothing_1048
review_4684,clothing_1078
review_4685,clothing_871
review_4686,clothing_836
review_4687,clothing_836
review_4688,clothing_1078
review_4689,clothing_1027
review_4690,clothing_836
review_4691,clothing_836
review_4692,clothing_954
review_4693,clothing_836
review_4694,clothing_836
review_4695,clothing_1081
review_4696,clothing_831
review_4697,clothing_836
review_4698,clothing_1081
review_4699,clothing_836
review_4700,clothing_836
review_4701,clothing_1072
review_4702,clothing_836
review_4703,clothing_836
review_4704,clothing_836
review_4705,clothing_832
review_4706,clothing_836
review_4707,clothing_836
review_4708,clothing_836
review_4709,clothing_836
review_4710,clothing_836
review_4711,clothing_826
review_4712,clothing_836
review_4713,clothing_836
review_4714,clothing_1027
review_4715,clothing_836
review_4716,clothing_836
review_4717,clothing_1100
review_4718,clothing_1076
review_4719,clothing_1080
review_4720,clothing_381
review_4721,clothing_381
review_4722,clothing_1080
review_4723,clothing_381
review_4724,clothing_933
review_4725,clothing_1080
review_4726,clothing_1080
review_4727,clothing_381
review_4728,clothing_999
review_4729,clothing_1080
review_4730,clothing_1080
review_4731,clothing_1100
review_4732,clothing_381
review_4733,clothing_1080
review_4734,clothing_1080
review_4735,clothing_273
review_4736,clothing_1080
review_4737,clothing_1080
review_4738,clothing_1080
review_4739,clothing_1100
review_4740,clothing_1080
review_4741,clothing_1076
review_4742,clothing_1080
review_4743,clothing_1080
review_4744,clothing_862
review_4745,clothing_1080
review_4746,clothing_1080
review_4747,clothing_1080
review_4748,clothing_1080
review_4749,clothing_1080
review_4750,clothing_1080
review_4751,clothing_1080
review_4752,clothing_1080
review_4753,clothing_1100
review_4754,clothing_999
review_4755,clothing_1080
review_4756,clothing_1080
review_4757,clothing_1028
review_4758,clothing_381
review_4759,clothing_1080
review_4760,clothing_999
review_4761,clothing_1100
review_4762,clothing_1080
review_4763,clothing_1080
review_4764,clothing_381
review_4765,clothing_999
review_4766,clothing_1080
review_4767,clothing_1080
review_4768,clothing_1080
review_4769,clothing_1080
review_4770,clothing_381
review_4771,clothing_1080
review_4772,clothing_381
review_4773,clothing_1080
review_4774,clothing_1059
review_4775,clothing_1080
review_4776,clothing_1080
review_4777,clothing_829
review_4778,clothing_940
review_4779,clothing_1024
review_4780,clothing_829
review_4781,clothing_829
review_4782,clothing_829
review_4783,clothing_829
review_4784,clothing_829
review_4785,clothing_940
review_4786,clothing_1094
review_4787,clothing_940
review_4788,clothing_1145
review_4789,clothing_829
review_4790,clothing_829
review_4791,clothing_829
review_4792,clothing_1110
review_4793,clothing_829
review_4794,clothing_829
review_4795,clothing_829
review_4796,clothing_940
review_4797,clothing_829
review_4798,clothing_940
review_4799,clothing_829
review_4800,clothing_829
review_4801,clothing_829
review_4802,clothing_1094
review_4803,clothing_825
review_4804,clothing_1094
review_4805,clothing_829
review_4806,clothing_1145
review_4807,clothing_829
review_4808,clothing_1024
review_4809,clothing_829
review_4810,clothing_1024
review_4811,clothing_829
review_4812,clothing_904
review_4813,clothing_1024
review_4814,clothing_862
review_4815,clothing_829
review_4816,clothing_829
review_4817,clothing_829
review_4818,clothing_829
review_4819,clothing_306
review_4820,clothing_829
review_4821,clothing_829
review_4822,clothing_1110
review_4823,clothing_829
review_4824,clothing_829
review_4825,clothing_862
review_4826,clothing_829
review_4827,clothing_940
review_4828,clothing_327
review_4829,clothing_940
review_4830,clothing_327
review_4831,clothing_829
review_4832,clothing_829
review_4833,clothing_1075
review_4834,clothing_940
review_4835,clothing_829
review_4836,clothing_829
review_4837,clothing_829
review_4838,clothing_829
review_4839,clothing_825
review_4840,clothing_1024
review_4841,clothing_940
review_4842,clothing_538
review_4843,clothing_829
review_4844,clothing_306
review_4845,clothing_829
review_4846,clothing_829
review_4847,clothing_829
review_4848,clothing_829
review_4849,clothing_1024
review_4850,clothing_829
review_4851,clothing_829
review_4852,clothing_829
review_4853,clothing_1024
review_4854,clothing_1094
review_4855,clothing_829
review_4856,clothing_1110
review_4857,clothing_829
review_4858,clothing_829
review_4859,clothing_829
review_4860,clothing_829
review_4861,clothing_327
review_4862,clothing_829
review_4863,clothing_1110
review_4864,clothing_829
review_4865,clothing_1083
review_4866,clothing_834
review_4867,clothing_834
review_4868,clothing_823
review_4869,clothing_834
review_4870,clothing_834
review_4871,clothing_1099
review_4872,clothing_823
review_4873,clothing_823
review_4874,clothing_834
review_4875,clothing_826
review_4876,clothing_823
review_4877,clothing_823
review_4878,clothing_1086
review_4879,clothing_463
review_4880,clothing_1036
review_4881,clothing_872
review_4882,clothing_463
review_4883,clothing_984
review_4884,clothing_834
review_4885,clothing_834
review_4886,clothing_823
review_4887,clothing_826
review_4888,clothing_826
review_4889,clothing_834
review_4890,clothing_834
review_4891,clothing_363
review_4892,clothing_834
review_4893,clothing_823
review_4894,clothing_823
review_4895,clothing_463
review_4896,clothing_872
review_4897,clothing_463
review_4898,clothing_823
review_4899,clothing_984
review_4900,clothing_823
review_4901,clothing_823
review_4902,clothing_834
review_4903,clothing_1086
review_4904,clothing_834
review_4905,clothing_834
review_4906,clothing_826
review_4907,clothing_463
review_4908,clothing_363
review_4909,clothing_823
review_4910,clothing_1086
review_4911,clothing_898
review_4912,clothing_363
review_4913,clothing_1086
review_4914,clothing_834
review_4915,clothing_823
review_4916,clothing_834
review_4917,clothing_1083
review_4918,clothing_826
review_4919,clothing_1099
review_4920,clothing_872
review_4921,clothing_823
review_4922,clothing_826
review_4923,clothing_834
review_4924,clothing_834
review_4925,clothing_872
review_4926,clothing_1099
review_4927,clothing_823
review_4928,clothing_1099
review_4929,clothing_1022
review_4930,clothing_823
review_4931,clothing_834
review_4932,clothing_834
review_4933,clothing_1036
review_4934,clothing_823
review_4935,clothing_823
review_4936,clothing_912
review_4937,clothing_940
review_4938,clothing_865
review_4939,clothing_1110
review_4940,clothing_927
review_4941,clothing_927
review_4942,clothing_1110
review_4943,clothing_878
review_4944,clothing_927
review_4945,clothing_1110
review_4946,clothing_927
review_4947,clothing_927
review_4948,clothing_1081
review_4949,clothing_1110
review_4950,clothing_1110
review_4951,clothing_1110
review_4952,clothing_1111
review_4953,clothing_1021
review_4954,clothing_1110
review_4955,clothing_1110
review_4956,clothing_927
review_4957,clothing_1110
review_4958,clothing_964
review_4959,clothing_927
review_4960,clothing_1110
review_4961,clothing_927
review_4962,clothing_927
review_4963,clothing_912
review_4964,clothing_878
review_4965,clothing_964
review_4966,clothing_1110
review_4967,clothing_927
review_4968,clothing_1110
review_4969,clothing_1110
review_4970,clothing_940
review_4971,clothing_865
review_4972,clothing_1110
review_4973,clothing_1110
review_4974,clothing_1110
review_4975,clothing_927
review_4976,clothing_927
review_4977,clothing_940
review_4978,clothing_1110
review_4979,clothing_1021
review_4980,clothing_1110
review_4981,clothing_1110
review_4982,clothing_940
review_4983,clothing_862
review_4984,clothing_927
review_4985,clothing_1110
review_4986,clothing_1081
review_4987,clothing_1110
review_4988,clothing_927
review_4989,clothing_1110
review_4990,clothing_1110
review_4991,clothing_1070
review_4992,clothing_945
review_4993,clothing_945
review_4994,clothing_868
review_4995,clothing_993
review_4996,clothing_1068
review_4997,clothing_868
review_4998,clothing_1068
review_4999,clothing_1025
review_5000,clothing_836
review_5001,clothing_1068
review_5002,clothing_562
review_5003,clothing_868
review_5004,clothing_1025
review_5005,clothing_945
review_5006,clothing_831
review_5007,clothing_836
review_5008,clothing_868
review_5009,clothing_831
review_5010,clothing_675
review_5011,clothing_1068
review_5012,clothing_836
review_5013,clothing_562
review_5014,clothing_562
review_5015,clothing_875
review_5016,clothing_1095
review_5017,clothing_875
review_5018,clothing_875
review_5019,clothing_1095
review_5020,clothing_1095
review_5021,clothing_334
review_5022,clothing_1059
review_5023,clothing_875
review_5024,clothing_977
review_5025,clothing_977
review_5026,clothing_977
review_5027,clothing_1095
review_5028,clothing_829
review_5029,clothing_875
review_5030,clothing_1095
review_5031,clothing_875
review_5032,clothing_826
review_5033,clothing_1095
review_5034,clothing_829
review_5035,clothing_1059
review_5036,clothing_875
review_5037,clothing_334
review_5038,clothing_1095
review_5039,clothing_1095
review_5040,clothing_1095
review_5041,clothing_875
review_5042,clothing_875
review_5043,clothing_829
review_5044,clothing_875
review_5045,clothing_875
review_5046,clothing_875
review_5047,clothing_1095
review_5048,clothing_875
review_5049,clothing_1059
review_5050,clothing_875
review_5051,clothing_875
review_5052,clothing_875
review_5053,clothing_1095
review_5054,clothing_1095
review_5055,clothing_875
review_5056,clothing_1095
review_5057,clothing_875
review_5058,clothing_1095
review_5059,clothing_1095
review_5060,clothing_977
review_5061,clothing_875
review_5062,clothing_1095
review_5063,clothing_1095
review_5064,clothing_829
review_5065,clothing_875
review_5066,clothing_875
review_5067,clothing_1095
review_5068,clothing_977
review_5069,clothing_1059
review_5070,clothing_1095
review_5071,clothing_868
review_5072,clothing_875
review_5073,clothing_1059
review_5074,clothing_1095
review_5075,clothing_1095
review_5076,clothing_875
review_5077,clothing_1095
review_5078,clothing_826
review_5079,clothing_875
review_5080,clothing_828
review_5081,clothing_1095
review_5082,clothing_1095
review_5083,clothing_1059
review_5084,clothing_1095
review_5085,clothing_829
review_5086,clothing_873
review_5087,clothing_863
review_5088,clothing_1035
review_5089,clothing_1078
review_5090,clothing_863
review_5091,clothing_863
review_5092,clothing_1078
review_5093,clothing_824
review_5094,clothing_1078
review_5095,clothing_863
review_5096,clothing_1086
review_5097,clothing_824
review_5098,clothing_1133
review_5099,clothing_1078
review_5100,clothing_1078
review_5101,clothing_863
review_5102,clothing_1078
review_5103,clothing_863
review_5104,clothing_824
review_5105,clothing_824
review_5106,clothing_873
review_5107,clothing_1035
review_5108,clothing_678
review_5109,clothing_823
review_5110,clothing_863
review_5111,clothing_978
review_5112,clothing_863
review_5113,clothing_873
review_5114,clothing_863
review_5115,clothing_863
review_5116,clothing_678
review_5117,clothing_1072
review_5118,clothing_863
review_5119,clothing_863
review_5120,clothing_678
review_5121,clothing_823
review_5122,clothing_863
review_5123,clothing_873
review_5124,clothing_1078
review_5125,clothing_1078
review_5126,clothing_873
review_5127,clothing_1078
review_5128,clothing_873
review_5129,clothing_1133
review_5130,clothing_824
review_5131,clothing_873
review_5132,clothing_1035
review_5133,clothing_1072
review_5134,clothing_844
review_5135,clothing_678
review_5136,clothing_678
review_5137,clothing_824
review_5138,clothing_863
review_5139,clothing_823
review_5140,clothing_1078
review_5141,clothing_1078
review_5142,clothing_1035
review_5143,clothing_678
review_5144,clothing_863
review_5145,clothing_824
review_5146,clothing_1035
review_5147,clothing_903
review_5148,clothing_844
review_5149,clothing_881
review_5150,clothing_881
review_5151,clothing_865
review_5152,clothing_881
review_5153,clothing_881
review_5154,clothing_881
review_5155,clothing_881
review_5156,clothing_865
review_5157,clothing_881
review_5158,clothing_903
review_5159,clothing_881
review_5160,clothing_881
review_5161,clothing_865
review_5162,clothing_818
review_5163,clothing_881
review_5164,clothing_881
review_5165,clothing_865
review_5166,clothing_865
review_5167,clothing_881
review_5168,clothing_865
review_5169,clothing_881
review_5170,clothing_865
review_5171,clothing_865
review_5172,clothing_373
review_5173,clothing_844
review_5174,clothing_881
review_5175,clothing_865
review_5176,clothing_865
review_5177,clothing_840
review_5178,clothing_927
review_5179,clothing_1022
review_5180,clothing_854
review_5181,clothing_927
review_5182,clothing_854
review_5183,clothing_927
review_5184,clothing_927
review_5185,clothing_1009
review_5186,clothing_840
review_5187,clothing_927
review_5188,clothing_909
review_5189,clothing_927
review_5190,clothing_927
review_5191,clothing_927
review_5192,clothing_854
review_5193,clothing_1103
review_5194,clothing_1059
review_5195,clothing_1059
review_5196,clothing_840
review_5197,clothing_854
review_5198,clothing_1103
review_5199,clothing_840
review_5200,clothing_927
review_5201,clothing_238
review_5202,clothing_927
review_5203,clothing_854
review_5204,clothing_854
review_5205,clothing_854
review_5206,clothing_854
review_5207,clothing_1094
review_5208,clothing_1033
review_5209,clothing_825
review_5210,clothing_861
review_5211,clothing_1033
review_5212,clothing_1033
review_5213,clothing_1033
review_5214,clothing_1035
review_5215,clothing_1094
review_5216,clothing_1033
review_5217,clothing_1033
review_5218,clothing_866
review_5219,clothing_1033
review_5220,clothing_1094
review_5221,clothing_1099
review_5222,clothing_1033
review_5223,clothing_1094
review_5224,clothing_1033
review_5225,clothing_1094
review_5226,clothing_1033
review_5227,clothing_1033
review_5228,clothing_1094
review_5229,clothing_1033
review_5230,clothing_1094
review_5231,clothing_1033
review_5232,clothing_871
review_5233,clothing_871
review_5234,clothing_1094
review_5235,clothing_871
review_5236,clothing_861
review_5237,clothing_1099
review_5238,clothing_1033
review_5239,clothing_1094
review_5240,clothing_1094
review_5241,clothing_871
review_5242,clothing_992
review_5243,clothing_1033
review_5244,clothing_871
review_5245,clothing_1035
review_5246,clothing_1035
review_5247,clothing_871
review_5248,clothing_896
review_5249,clothing_1094
review_5250,clothing_1033
review_5251,clothing_871
review_5252,clothing_871
review_5253,clothing_862
review_5254,clothing_1094
review_5255,clothing_862
review_5256,clothing_871
review_5257,clothing_1033
review_5258,clothing_1035
review_5259,clothing_1033
review_5260,clothing_871
review_5261,clothing_1033
review_5262,clothing_1033
review_5263,clothing_1035
review_5264,clothing_1033
review_5265,clothing_908
review_5266,clothing_1033
review_5267,clothing_1035
review_5268,clothing_867
review_5269,clothing_895
review_5270,clothing_404
review_5271,clothing_895
review_5272,clothing_1082
review_5273,clothing_895
review_5274,clothing_1082
review_5275,clothing_1020
review_5276,clothing_895
review_5277,clothing_1078
review_5278,clothing_1078
review_5279,clothing_1078
review_5280,clothing_895
review_5281,clothing_1078
review_5282,clothing_404
review_5283,clothing_944
review_5284,clothing_404
review_5285,clothing_895
review_5286,clothing_895
review_5287,clothing_867
review_5288,clothing_895
review_5289,clothing_867
review_5290,clothing_783
review_5291,clothing_1020
review_5292,clothing_1020
review_5293,clothing_867
review_5294,clothing_1020
review_5295,clothing_867
review_5296,clothing_1083
review_5297,clothing_1020
review_5298,clothing_895
review_5299,clothing_867
review_5300,clothing_867
review_5301,clothing_1104
review_5302,clothing_1020
review_5303,clothing_1083
review_5304,clothing_895
review_5305,clothing_751
review_5306,clothing_909
review_5307,clothing_1083
review_5308,clothing_585
review_5309,clothing_895
review_5310,clothing_867
review_5311,clothing_1078
review_5312,clothing_895
review_5313,clothing_895
review_5314,clothing_1020
review_5315,clothing_895
review_5316,clothing_1020
review_5317,clothing_1020
review_5318,clothing_895
review_5319,clothing_867
review_5320,clothing_1078
review_5321,clothing_867
review_5322,clothing_1011
review_5323,clothing_895
review_5324,clothing_895
review_5325,clothing_895
review_5326,clothing_1078
review_5327,clothing_1020
review_5328,clothing_895
review_5329,clothing_895
review_5330,clothing_1011
review_5331,clothing_1020
review_5332,clothing_895
review_5333,clothing_1082
review_5334,clothing_272
review_5335,clothing_1095
review_5336,clothing_1058
review_5337,clothing_1095
review_5338,clothing_985
review_5339,clothing_1094
review_5340,clothing_1095
review_5341,clothing_877
review_5342,clothing_828
review_5343,clothing_1095
review_5344,clothing_1095
review_5345,clothing_1095
review_5346,clothing_1059
review_5347,clothing_1095
review_5348,clothing_1142
review_5349,clothing_1059
review_5350,clothing_985
review_5351,clothing_831
review_5352,clothing_877
review_5353,clothing_1095
review_5354,clothing_965
review_5355,clothing_840
review_5356,clothing_1059
review_5357,clothing_1095
review_5358,clothing_877
review_5359,clothing_1095
review_5360,clothing_831
review_5361,clothing_985
review_5362,clothing_877
review_5363,clothing_1095
review_5364,clothing_1095
review_5365,clothing_1094
review_5366,clothing_877
review_5367,clothing_965
review_5368,clothing_877
review_5369,clothing_985
review_5370,clothing_877
review_5371,clothing_1142
review_5372,clothing_877
review_5373,clothing_1094
review_5374,clothing_877
review_5375,clothing_840
review_5376,clothing_965
review_5377,clothing_1059
review_5378,clothing_840
review_5379,clothing_985
review_5380,clothing_877
review_5381,clothing_1095
review_5382,clothing_985
review_5383,clothing_877
review_5384,clothing_985
review_5385,clothing_1005
review_5386,clothing_965
review_5387,clothing_828
review_5388,clothing_817
review_5389,clothing_831
review_5390,clothing_1095
review_5391,clothing_828
review_5392,clothing_1094
review_5393,clothing_1094
review_5394,clothing_1095
review_5395,clothing_985
review_5396,clothing_1095
review_5397,clothing_1094
review_5398,clothing_1094
review_5399,clothing_877
review_5400,clothing_877
review_5401,clothing_985
review_5402,clothing_817
review_5403,clothing_877
review_5404,clothing_817
review_5405,clothing_1094
review_5406,clothing_985
review_5407,clothing_877
review_5408,clothing_840
review_5409,clothing_1058
review_5410,clothing_965
review_5411,clothing_1094
review_5412,clothing_1059
review_5413,clothing_1059
review_5414,clothing_985
review_5415,clothing_877
review_5416,clothing_877
review_5417,clothing_817
review_5418,clothing_877
review_5419,clothing_985
review_5420,clothing_877
review_5421,clothing_877
review_5422,clothing_1094
review_5423,clothing_831
review_5424,clothing_877
review_5425,clothing_877
review_5426,clothing_877
review_5427,clothing_965
review_5428,clothing_877
review_5429,clothing_877
review_5430,clothing_877
review_5431,clothing_909
review_5432,clothing_939
review_5433,clothing_909
review_5434,clothing_1026
review_5435,clothing_909
review_5436,clothing_939
review_5437,clothing_1087
review_5438,clothing_909
review_5439,clothing_939
review_5440,clothing_909
review_5441,clothing_909
review_5442,clothing_939
review_5443,clothing_909
review_5444,clothing_895
review_5445,clothing_909
review_5446,clothing_939
review_5447,clothing_909
review_5448,clothing_909
review_5449,clothing_939
review_5450,clothing_909
review_5451,clothing_909
review_5452,clothing_939
review_5453,clothing_1026
review_5454,clothing_909
review_5455,clothing_984
review_5456,clothing_939
review_5457,clothing_909
review_5458,clothing_939
review_5459,clothing_1053
review_5460,clothing_862
review_5461,clothing_1026
review_5462,clothing_909
review_5463,clothing_909
review_5464,clothing_939
review_5465,clothing_1026
review_5466,clothing_939
review_5467,clothing_975
review_5468,clothing_939
review_5469,clothing_909
review_5470,clothing_909
review_5471,clothing_909
review_5472,clothing_1026
review_5473,clothing_939
review_5474,clothing_939
review_5475,clothing_909
review_5476,clothing_909
review_5477,clothing_909
review_5478,clothing_1026
review_5479,clothing_909
review_5480,clothing_909
review_5481,clothing_909
review_5482,clothing_909
review_5483,clothing_939
review_5484,clothing_823
review_5485,clothing_939
review_5486,clothing_462
review_5487,clothing_1110
review_5488,clothing_1072
review_5489,clothing_1072
review_5490,clothing_1111
review_5491,clothing_1111
review_5492,clothing_1110
review_5493,clothing_462
review_5494,clothing_1110
review_5495,clothing_1110
review_5496,clothing_462
review_5497,clothing_1072
review_5498,clothing_1110
review_5499,clothing_1110
review_5500,clothing_1111
review_5501,clothing_1111
review_5502,clothing_330
review_5503,clothing_1072
review_5504,clothing_1072
review_5505,clothing_1111
review_5506,clothing_1072
review_5507,clothing_1111
review_5508,clothing_1072
review_5509,clothing_1080
review_5510,clothing_861
review_5511,clothing_1081
review_5512,clothing_974
review_5513,clothing_861
review_5514,clothing_861
review_5515,clothing_1081
review_5516,clothing_867
review_5517,clothing_867
review_5518,clothing_861
review_5519,clothing_1080
review_5520,clothing_861
review_5521,clothing_861
review_5522,clothing_877
review_5523,clothing_861
review_5524,clothing_861
review_5525,clothing_974
review_5526,clothing_937
review_5527,clothing_861
review_5528,clothing_974
review_5529,clothing_831
review_5530,clothing_831
review_5531,clothing_867
review_5532,clothing_861
review_5533,clothing_877
review_5534,clothing_1081
review_5535,clothing_1080
review_5536,clothing_861
review_5537,clothing_861
review_5538,clothing_871
review_5539,clothing_831
review_5540,clothing_861
review_5541,clothing_861
review_5542,clothing_974
review_5543,clothing_730
review_5544,clothing_974
review_5545,clothing_867
review_5546,clothing_974
review_5547,clothing_861
review_5548,clothing_861
review_5549,clothing_861
review_5550,clothing_861
review_5551,clothing_861
review_5552,clothing_861
review_5553,clothing_1081
review_5554,clothing_861
review_5555,clothing_937
review_5556,clothing_1081
review_5557,clothing_877
review_5558,clothing_1083
review_5559,clothing_877
review_5560,clothing_1081
review_5561,clothing_1083
review_5562,clothing_861
review_5563,clothing_974
review_5564,clothing_1081
review_5565,clothing_861
review_5566,clothing_861
review_5567,clothing_861
review_5568,clothing_1081
review_5569,clothing_861
review_5570,clothing_861
review_5571,clothing_861
review_5572,clothing_1080
review_5573,clothing_861
review_5574,clothing_861
review_5575,clothing_1081
review_5576,clothing_831
review_5577,clothing_861
review_5578,clothing_974
review_5579,clothing_861
review_5580,clothing_1080
review_5581,clothing_937
review_5582,clothing_1081
review_5583,clothing_1081
review_5584,clothing_861
review_5585,clothing_1081
review_5586,clothing_861
review_5587,clothing_1080
review_5588,clothing_831
review_5589,clothing_861
review_5590,clothing_861
review_5591,clothing_1025
review_5592,clothing_877
review_5593,clothing_861
review_5594,clothing_974
review_5595,clothing_831
review_5596,clothing_1080
review_5597,clothing_861
review_5598,clothing_974
review_5599,clothing_1083
review_5600,clothing_867
review_5601,clothing_1080
review_5602,clothing_1080
review_5603,clothing_861
review_5604,clothing_861
review_5605,clothing_974
review_5606,clothing_861
review_5607,clothing_937
review_5608,clothing_861
review_5609,clothing_1059
review_5610,clothing_861
review_5611,clothing_974
review_5612,clothing_155
review_5613,clothing_705
review_5614,clothing_155
review_5615,clothing_1089
review_5616,clothing_1081
review_5617,clothing_155
review_5618,clothing_155
review_5619,clothing_1081
review_5620,clothing_155
review_5621,clothing_705
review_5622,clothing_940
review_5623,clothing_155
review_5624,clothing_155
review_5625,clothing_940
review_5626,clothing_155
review_5627,clothing_155
review_5628,clothing_940
review_5629,clothing_1089
review_5630,clothing_155
review_5631,clothing_705
review_5632,clothing_705
review_5633,clothing_155
review_5634,clothing_155
review_5635,clothing_155
review_5636,clothing_35
review_5637,clothing_1099
review_5638,clothing_1078
review_5639,clothing_944
review_5640,clothing_1099
review_5641,clothing_1099
review_5642,clothing_1099
review_5643,clothing_1099
review_5644,clothing_1115
review_5645,clothing_1099
review_5646,clothing_878
review_5647,clothing_1099
review_5648,clothing_1020
review_5649,clothing_878
review_5650,clothing_828
review_5651,clothing_828
review_5652,clothing_35
review_5653,clothing_828
review_5654,clothing_1099
review_5655,clothing_1099
review_5656,clothing_1099
review_5657,clothing_878
review_5658,clothing_818
review_5659,clothing_1099
review_5660,clothing_818
review_5661,clothing_818
review_5662,clothing_828
review_5663,clothing_1078
review_5664,clothing_828
review_5665,clothing_35
review_5666,clothing_828
review_5667,clothing_1099
review_5668,clothing_861
review_5669,clothing_831
review_5670,clothing_830
review_5671,clothing_861
review_5672,clothing_993
review_5673,clothing_993
review_5674,clothing_993
review_5675,clothing_1078
review_5676,clothing_1078
review_5677,clothing_831
review_5678,clothing_1078
review_5679,clothing_1078
review_5680,clothing_1030
review_5681,clothing_902
review_5682,clothing_410
review_5683,clothing_1078
review_5684,clothing_993
review_5685,clothing_993
review_5686,clothing_1020
review_5687,clothing_1020
review_5688,clothing_1078
review_5689,clothing_1078
review_5690,clothing_1078
review_5691,clothing_861
review_5692,clothing_207
review_5693,clothing_1078
review_5694,clothing_993
review_5695,clothing_1020
review_5696,clothing_1075
review_5697,clothing_861
review_5698,clothing_1078
review_5699,clothing_1020
review_5700,clothing_1078
review_5701,clothing_1078
review_5702,clothing_1078
review_5703,clothing_1078
review_5704,clothing_861
review_5705,clothing_1078
review_5706,clothing_1097
review_5707,clothing_1078
review_5708,clothing_880
review_5709,clothing_1081
review_5710,clothing_819
review_5711,clothing_1078
review_5712,clothing_1087
review_5713,clothing_1078
review_5714,clothing_880
review_5715,clothing_819
review_5716,clothing_1078
review_5717,clothing_880
review_5718,clothing_880
review_5719,clothing_880
review_5720,clothing_819
review_5721,clothing_819
review_5722,clothing_880
review_5723,clothing_880
review_5724,clothing_1078
review_5725,clothing_1082
review_5726,clothing_857
review_5727,clothing_819
review_5728,clothing_880
review_5729,clothing_1078
review_5730,clothing_1097
review_5731,clothing_868
review_5732,clothing_868
review_5733,clothing_880
review_5734,clothing_1097
review_5735,clothing_880
review_5736,clothing_880
review_5737,clothing_880
review_5738,clothing_819
review_5739,clothing_857
review_5740,clothing_857
review_5741,clothing_1081
review_5742,clothing_880
review_5743,clothing_880
review_5744,clothing_880
review_5745,clothing_819
review_5746,clothing_1078
review_5747,clothing_880
review_5748,clothing_868
review_5749,clothing_880
review_5750,clothing_819
review_5751,clothing_1078
review_5752,clothing_211
review_5753,clothing_1078
review_5754,clothing_1078
review_5755,clothing_857
review_5756,clothing_880
review_5757,clothing_1081
review_5758,clothing_1078
review_5759,clothing_880
review_5760,clothing_1078
review_5761,clothing_1119
review_5762,clothing_880
review_5763,clothing_880
review_5764,clothing_880
review_5765,clothing_1081
review_5766,clothing_857
review_5767,clothing_857
review_5768,clothing_857
review_5769,clothing_857
review_5770,clothing_690
review_5771,clothing_1081
review_5772,clothing_857
review_5773,clothing_868
review_5774,clothing_1078
review_5775,clothing_1081
review_5776,clothing_868
review_5777,clothing_857
review_5778,clothing_1078
review_5779,clothing_880
review_5780,clothing_1087
review_5781,clothing_1078
review_5782,clothing_857
review_5783,clothing_1078
review_5784,clothing_898
review_5785,clothing_1087
review_5786,clothing_1056
review_5787,clothing_898
review_5788,clothing_842
review_5789,clothing_1025
review_5790,clothing_898
review_5791,clothing_1087
review_5792,clothing_823
review_5793,clothing_818
review_5794,clothing_1049
review_5795,clothing_1049
review_5796,clothing_921
review_5797,clothing_818
review_5798,clothing_1056
review_5799,clothing_1087
review_5800,clothing_1056
review_5801,clothing_818
review_5802,clothing_1049
review_5803,clothing_898
review_5804,clothing_1056
review_5805,clothing_1025
review_5806,clothing_921
review_5807,clothing_1126
review_5808,clothing_1056
review_5809,clothing_1088
review_5810,clothing_1095
review_5811,clothing_1056
review_5812,clothing_1025
review_5813,clothing_921
review_5814,clothing_1056
review_5815,clothing_921
review_5816,clothing_796
review_5817,clothing_842
review_5818,clothing_818
review_5819,clothing_1033
review_5820,clothing_1033
review_5821,clothing_1033
review_5822,clothing_1033
review_5823,clothing_1033
review_5824,clothing_1033
review_5825,clothing_392
review_5826,clothing_1033
review_5827,clothing_1025
review_5828,clothing_895
review_5829,clothing_1033
review_5830,clothing_1025
review_5831,clothing_1033
review_5832,clothing_1077
review_5833,clothing_1033
review_5834,clothing_916
review_5835,clothing_916
review_5836,clothing_1025
review_5837,clothing_1033
review_5838,clothing_1146
review_5839,clothing_1033
review_5840,clothing_392
review_5841,clothing_1077
review_5842,clothing_1025
review_5843,clothing_1077
review_5844,clothing_1025
review_5845,clothing_1025
review_5846,clothing_1077
review_5847,clothing_392
review_5848,clothing_1033
review_5849,clothing_1025
review_5850,clothing_916
review_5851,clothing_1025
review_5852,clothing_1077
review_5853,clothing_1033
review_5854,clothing_1033
review_5855,clothing_1033
review_5856,clothing_1077
review_5857,clothing_1033
review_5858,clothing_1033
review_5859,clothing_1033
review_5860,clothing_1033
review_5861,clothing_916
review_5862,clothing_1033
review_5863,clothing_1033
review_5864,clothing_1033
review_5865,clothing_1033
review_5866,clothing_1033
review_5867,clothing_1077
review_5868,clothing_1030
review_5869,clothing_1033
review_5870,clothing_833
review_5871,clothing_862
review_5872,clothing_815
review_5873,clothing_1094
review_5874,clothing_862
review_5875,clothing_862
review_5876,clothing_833
review_5877,clothing_862
review_5878,clothing_862
review_5879,clothing_833
review_5880,clothing_1094
review_5881,clothing_702
review_5882,clothing_833
review_5883,clothing_815
review_5884,clothing_833
review_5885,clothing_867
review_5886,clothing_833
review_5887,clothing_833
review_5888,clothing_867
review_5889,clothing_833
review_5890,clothing_833
review_5891,clothing_867
review_5892,clothing_1094
review_5893,clothing_1033
review_5894,clothing_862
review_5895,clothing_917
review_5896,clothing_862
review_5897,clothing_815
review_5898,clothing_867
review_5899,clothing_1094
review_5900,clothing_976
review_5901,clothing_1094
review_5902,clothing_862
review_5903,clothing_815
review_5904,clothing_917
review_5905,clothing_1094
review_5906,clothing_862
review_5907,clothing_867
review_5908,clothing_1088
review_5909,clothing_815
review_5910,clothing_867
review_5911,clothing_833
review_5912,clothing_1094
review_5913,clothing_1025
review_5914,clothing_862
review_5915,clothing_1094
review_5916,clothing_833
review_5917,clothing_833
review_5918,clothing_867
review_5919,clothing_862
review_5920,clothing_862
review_5921,clothing_815
review_5922,clothing_833
review_5923,clothing_867
review_5924,clothing_1033
review_5925,clothing_862
review_5926,clothing_1094
review_5927,clothing_917
review_5928,clothing_815
review_5929,clothing_862
review_5930,clothing_833
review_5931,clothing_1094
review_5932,clothing_201
review_5933,clothing_1094
review_5934,clothing_1139
review_5935,clothing_1004
review_5936,clothing_873
review_5937,clothing_873
review_5938,clothing_1110
review_5939,clothing_873
review_5940,clothing_895
review_5941,clothing_1110
review_5942,clothing_873
review_5943,clothing_850
review_5944,clothing_873
review_5945,clothing_873
review_5946,clothing_873
review_5947,clothing_850
review_5948,clothing_873
review_5949,clothing_873
review_5950,clothing_839
review_5951,clothing_873
review_5952,clothing_1004
review_5953,clothing_895
review_5954,clothing_850
review_5955,clothing_850
review_5956,clothing_1110
review_5957,clothing_839
review_5958,clothing_1110
review_5959,clothing_1004
review_5960,clothing_873
review_5961,clothing_873
review_5962,clothing_850
review_5963,clothing_873
review_5964,clothing_1004
review_5965,clothing_873
review_5966,clothing_839
review_5967,clothing_1004
review_5968,clothing_850
review_5969,clothing_873
review_5970,clothing_873
review_5971,clothing_1004
review_5972,clothing_873
review_5973,clothing_873
review_5974,clothing_839
review_5975,clothing_839
review_5976,clothing_1110
review_5977,clothing_850
review_5978,clothing_1086
review_5979,clothing_873
review_5980,clothing_839
review_5981,clothing_839
review_5982,clothing_873
review_5983,clothing_873
review_5984,clothing_1110
review_5985,clothing_850
review_5986,clothing_873
review_5987,clothing_873
review_5988,clothing_850
review_5989,clothing_873
review_5990,clothing_895
review_5991,clothing_839
review_5992,clothing_873
review_5993,clothing_1101
review_5994,clothing_839
review_5995,clothing_873
review_5996,clothing_873
review_5997,clothing_839
review_5998,clothing_873
review_5999,clothing_839
review_6000,clothing_1101
review_6001,clothing_873
review_6002,clothing_873
review_6003,clothing_1086
review_6004,clothing_873
review_6005,clothing_873
review_6006,clothing_873
review_6007,clothing_525
review_6008,clothing_873
review_6009,clothing_873
review_6010,clothing_873
review_6011,clothing_1101
review_6012,clothing_873
review_6013,clothing_873
review_6014,clothing_873
review_6015,clothing_873
review_6016,clothing_1030
review_6017,clothing_1101
review_6018,clothing_873
review_6019,clothing_873
review_6020,clothing_873
review_6021,clothing_850
review_6022,clothing_850
review_6023,clothing_1004
review_6024,clothing_850
review_6025,clothing_1110
review_6026,clothing_873
review_6027,clothing_873
review_6028,clothing_873
review_6029,clothing_850
review_6030,clothing_873
review_6031,clothing_873
review_6032,clothing_839
review_6033,clothing_873
review_6034,clothing_1110
review_6035,clothing_873
review_6036,clothing_873
review_6037,clothing_873
review_6038,clothing_873
review_6039,clothing_873
review_6040,clothing_873
review_6041,clothing_873
review_6042,clothing_839
review_6043,clothing_850
review_6044,clothing_895
review_6045,clothing_850
review_6046,clothing_873
review_6047,clothing_873
review_6048,clothing_1101
review_6049,clothing_873
review_6050,clothing_873
review_6051,clothing_873
review_6052,clothing_873
review_6053,clothing_873
review_6054,clothing_873
review_6055,clothing_985
review_6056,clothing_1092
review_6057,clothing_1110
review_6058,clothing_985
review_6059,clothing_823
review_6060,clothing_1059
review_6061,clothing_1110
review_6062,clothing_985
review_6063,clothing_1081
review_6064,clothing_891
review_6065,clothing_828
review_6066,clothing_828
review_6067,clothing_828
review_6068,clothing_1110
review_6069,clothing_1110
review_6070,clothing_828
review_6071,clothing_985
review_6072,clothing_1092
review_6073,clothing_1110
review_6074,clothing_828
review_6075,clothing_1110
review_6076,clothing_828
review_6077,clothing_1110
review_6078,clothing_940
review_6079,clothing_1087
review_6080,clothing_828
review_6081,clothing_828
review_6082,clothing_1110
review_6083,clothing_828
review_6084,clothing_1092
review_6085,clothing_1131
review_6086,clothing_828
review_6087,clothing_940
review_6088,clothing_985
review_6089,clothing_985
review_6090,clothing_828
review_6091,clothing_828
review_6092,clothing_828
review_6093,clothing_823
review_6094,clothing_985
review_6095,clothing_1059
review_6096,clothing_1110
review_6097,clothing_1081
review_6098,clothing_1024
review_6099,clothing_1087
review_6100,clothing_828
review_6101,clothing_5
review_6102,clothing_1110
review_6103,clothing_1092
review_6104,clothing_1059
review_6105,clothing_940
review_6106,clothing_828
review_6107,clothing_1110
review_6108,clothing_828
review_6109,clothing_1081
review_6110,clothing_1081
review_6111,clothing_1081
review_6112,clothing_1033
review_6113,clothing_1080
review_6114,clothing_860
review_6115,clothing_1081
review_6116,clothing_1081
review_6117,clothing_862
review_6118,clothing_1081
review_6119,clothing_1081
review_6120,clothing_862
review_6121,clothing_1081
review_6122,clothing_860
review_6123,clothing_1145
review_6124,clothing_984
review_6125,clothing_1084
review_6126,clothing_862
review_6127,clothing_862
review_6128,clothing_1084
review_6129,clothing_1033
review_6130,clothing_1110
review_6131,clothing_1081
review_6132,clothing_862
review_6133,clothing_862
review_6134,clothing_900
review_6135,clothing_862
review_6136,clothing_984
review_6137,clothing_1145
review_6138,clothing_1145
review_6139,clothing_868
review_6140,clothing_862
review_6141,clothing_860
review_6142,clothing_1084
review_6143,clothing_1080
review_6144,clothing_868
review_6145,clothing_862
review_6146,clothing_862
review_6147,clothing_1081
review_6148,clothing_862
review_6149,clothing_1033
review_6150,clothing_1081
review_6151,clothing_862
review_6152,clothing_862
review_6153,clothing_1033
review_6154,clothing_868
review_6155,clothing_1081
review_6156,clothing_1081
review_6157,clothing_1081
review_6158,clothing_1081
review_6159,clothing_1081
review_6160,clothing_900
review_6161,clothing_1081
review_6162,clothing_862
review_6163,clothing_984
review_6164,clothing_850
review_6165,clothing_609
review_6166,clothing_850
review_6167,clothing_873
review_6168,clothing_850
review_6169,clothing_880
review_6170,clothing_873
review_6171,clothing_873
review_6172,clothing_850
review_6173,clothing_873
review_6174,clothing_880
review_6175,clothing_850
review_6176,clothing_880
review_6177,clothing_880
review_6178,clothing_850
review_6179,clothing_880
review_6180,clothing_494
review_6181,clothing_138
review_6182,clothing_873
review_6183,clothing_494
review_6184,clothing_881
review_6185,clothing_881
review_6186,clothing_864
review_6187,clothing_864
review_6188,clothing_609
review_6189,clothing_864
review_6190,clothing_850
review_6191,clothing_850
review_6192,clothing_880
review_6193,clothing_850
review_6194,clothing_829
review_6195,clothing_829
review_6196,clothing_829
review_6197,clothing_1081
review_6198,clothing_829
review_6199,clothing_829
review_6200,clothing_872
review_6201,clothing_1081
review_6202,clothing_829
review_6203,clothing_927
review_6204,clothing_1202
review_6205,clothing_872
review_6206,clothing_1081
review_6207,clothing_1081
review_6208,clothing_1202
review_6209,clothing_1056
review_6210,clothing_927
review_6211,clothing_927
review_6212,clothing_360
review_6213,clothing_1056
review_6214,clothing_1202
review_6215,clothing_1202
review_6216,clothing_829
review_6217,clothing_1202
review_6218,clothing_829
review_6219,clothing_836
review_6220,clothing_829
review_6221,clothing_1033
review_6222,clothing_829
review_6223,clothing_829
review_6224,clothing_862
review_6225,clothing_829
review_6226,clothing_360
review_6227,clothing_829
review_6228,clothing_1056
review_6229,clothing_1033
review_6230,clothing_1056
review_6231,clothing_836
review_6232,clothing_862
review_6233,clothing_829
review_6234,clothing_1081
review_6235,clothing_829
review_6236,clothing_1081
review_6237,clothing_1033
review_6238,clothing_829
review_6239,clothing_927
review_6240,clothing_943
review_6241,clothing_862
review_6242,clothing_862
review_6243,clothing_829
review_6244,clothing_1202
review_6245,clothing_360
review_6246,clothing_1033
review_6247,clothing_1081
review_6248,clothing_1081
review_6249,clothing_836
review_6250,clothing_1081
review_6251,clothing_1202
review_6252,clothing_829
review_6253,clothing_1081
review_6254,clothing_1202
review_6255,clothing_836
review_6256,clothing_1033
review_6257,clothing_1202
review_6258,clothing_1056
review_6259,clothing_872
review_6260,clothing_829
review_6261,clothing_836
review_6262,clothing_836
review_6263,clothing_829
review_6264,clothing_1056
review_6265,clothing_829
review_6266,clothing_360
review_6267,clothing_927
review_6268,clothing_829
review_6269,clothing_1081
review_6270,clothing_902
review_6271,clothing_881
review_6272,clothing_1119
review_6273,clothing_866
review_6274,clothing_866
review_6275,clothing_902
review_6276,clothing_854
review_6277,clothing_1110
review_6278,clothing_902
review_6279,clothing_866
review_6280,clothing_854
review_6281,clothing_1072
review_6282,clothing_964
review_6283,clothing_1075
review_6284,clothing_1111
review_6285,clothing_1110
review_6286,clothing_902
review_6287,clothing_902
review_6288,clothing_902
review_6289,clothing_593
review_6290,clothing_1110
review_6291,clothing_964
review_6292,clothing_866
review_6293,clothing_1111
review_6294,clothing_1111
review_6295,clothing_1110
review_6296,clothing_1110
review_6297,clothing_866
review_6298,clothing_841
review_6299,clothing_964
review_6300,clothing_866
review_6301,clothing_1015
review_6302,clothing_1072
review_6303,clothing_964
review_6304,clothing_1072
review_6305,clothing_902
review_6306,clothing_1072
review_6307,clothing_1111
review_6308,clothing_854
review_6309,clothing_964
review_6310,clothing_964
review_6311,clothing_866
review_6312,clothing_902
review_6313,clothing_593
review_6314,clothing_1110
review_6315,clothing_854
review_6316,clothing_872
review_6317,clothing_938
review_6318,clothing_937
review_6319,clothing_938
review_6320,clothing_993
review_6321,clothing_831
review_6322,clothing_938
review_6323,clothing_938
review_6324,clothing_872
review_6325,clothing_938
review_6326,clothing_938
review_6327,clothing_831
review_6328,clothing_938
review_6329,clothing_872
review_6330,clothing_1059
review_6331,clothing_872
review_6332,clothing_385
review_6333,clothing_1024
review_6334,clothing_938
review_6335,clothing_938
review_6336,clothing_872
review_6337,clothing_385
review_6338,clothing_985
review_6339,clothing_993
review_6340,clothing_77
review_6341,clothing_1092
review_6342,clothing_984
review_6343,clothing_938
review_6344,clothing_872
review_6345,clothing_993
review_6346,clothing_872
review_6347,clothing_937
review_6348,clothing_937
review_6349,clothing_871
review_6350,clothing_938
review_6351,clothing_938
review_6352,clothing_938
review_6353,clothing_984
review_6354,clothing_872
review_6355,clothing_1059
review_6356,clothing_872
review_6357,clothing_1059
review_6358,clothing_246
review_6359,clothing_984
review_6360,clothing_1059
review_6361,clothing_1059
review_6362,clothing_938
review_6363,clothing_938
review_6364,clothing_993
review_6365,clothing_1059
review_6366,clothing_938
review_6367,clothing_1059
review_6368,clothing_1059
review_6369,clothing_832
review_6370,clothing_1003
review_6371,clothing_1082
review_6372,clothing_1082
review_6373,clothing_1082
review_6374,clothing_1082
review_6375,clothing_862
review_6376,clothing_1144
review_6377,clothing_1082
review_6378,clothing_1082
review_6379,clothing_1082
review_6380,clothing_1082
review_6381,clothing_832
review_6382,clothing_676
review_6383,clothing_1003
review_6384,clothing_1082
review_6385,clothing_1082
review_6386,clothing_1144
review_6387,clothing_1082
review_6388,clothing_1038
review_6389,clothing_1036
review_6390,clothing_1082
review_6391,clothing_1082
review_6392,clothing_1082
review_6393,clothing_1082
review_6394,clothing_1038
review_6395,clothing_1082
review_6396,clothing_676
review_6397,clothing_1082
review_6398,clothing_1082
review_6399,clothing_676
review_6400,clothing_1082
review_6401,clothing_1082
review_6402,clothing_676
review_6403,clothing_862
review_6404,clothing_1082
review_6405,clothing_676
review_6406,clothing_832
review_6407,clothing_1082
review_6408,clothing_1082
review_6409,clothing_1038
review_6410,clothing_676
review_6411,clothing_895
review_6412,clothing_1000
review_6413,clothing_903
review_6414,clothing_1087
review_6415,clothing_1016
review_6416,clothing_1086
review_6417,clothing_295
review_6418,clothing_1021
review_6419,clothing_903
review_6420,clothing_903
review_6421,clothing_1084
review_6422,clothing_895
review_6423,clothing_973
review_6424,clothing_1086
review_6425,clothing_1016
review_6426,clothing_1021
review_6427,clothing_903
review_6428,clothing_895
review_6429,clothing_1016
review_6430,clothing_895
review_6431,clothing_295
review_6432,clothing_903
review_6433,clothing_1080
review_6434,clothing_1084
review_6435,clothing_964
review_6436,clothing_1003
review_6437,clothing_1080
review_6438,clothing_831
review_6439,clothing_895
review_6440,clothing_216
review_6441,clothing_964
review_6442,clothing_1072
review_6443,clothing_1080
review_6444,clothing_1086
review_6445,clothing_295
review_6446,clothing_895
review_6447,clothing_831
review_6448,clothing_1084
review_6449,clothing_1080
review_6450,clothing_831
review_6451,clothing_1072
review_6452,clothing_831
review_6453,clothing_1003
review_6454,clothing_895
review_6455,clothing_903
review_6456,clothing_895
review_6457,clothing_831
review_6458,clothing_295
review_6459,clothing_170
review_6460,clothing_170
review_6461,clothing_907
review_6462,clothing_854
review_6463,clothing_862
review_6464,clothing_150
review_6465,clothing_907
review_6466,clothing_1184
review_6467,clothing_170
review_6468,clothing_1184
review_6469,clothing_862
review_6470,clothing_907
review_6471,clothing_170
review_6472,clothing_170
review_6473,clothing_854
review_6474,clothing_150
review_6475,clothing_862
review_6476,clothing_862
review_6477,clothing_862
review_6478,clothing_150
review_6479,clothing_907
review_6480,clothing_862
review_6481,clothing_862
review_6482,clothing_150
review_6483,clothing_150
review_6484,clothing_1020
review_6485,clothing_877
review_6486,clothing_1095
review_6487,clothing_1020
review_6488,clothing_1033
review_6489,clothing_903
review_6490,clothing_1095
review_6491,clothing_1095
review_6492,clothing_903
review_6493,clothing_1020
review_6494,clothing_1020
review_6495,clothing_1095
review_6496,clothing_1095
review_6497,clothing_1095
review_6498,clothing_1095
review_6499,clothing_1095
review_6500,clothing_1033
review_6501,clothing_1095
review_6502,clothing_1025
review_6503,clothing_903
review_6504,clothing_877
review_6505,clothing_1020
review_6506,clothing_903
review_6507,clothing_1095
review_6508,clothing_1033
review_6509,clothing_1033
review_6510,clothing_903
review_6511,clothing_1020
review_6512,clothing_1020
review_6513,clothing_1095
review_6514,clothing_903
review_6515,clothing_1033
review_6516,clothing_903
review_6517,clothing_1020
review_6518,clothing_1033
review_6519,clothing_903
review_6520,clothing_1095
review_6521,clothing_903
review_6522,clothing_1033
review_6523,clothing_1020
review_6524,clothing_877
review_6525,clothing_1020
review_6526,clothing_1020
review_6527,clothing_1095
review_6528,clothing_1091
review_6529,clothing_1036
review_6530,clothing_1095
review_6531,clothing_1020
review_6532,clothing_1095
review_6533,clothing_1020
review_6534,clothing_903
review_6535,clothing_1095
review_6536,clothing_1095
review_6537,clothing_1020
review_6538,clothing_1033
review_6539,clothing_903
review_6540,clothing_1091
review_6541,clothing_1095
review_6542,clothing_1030
review_6543,clothing_1095
review_6544,clothing_1020
review_6545,clothing_1020
review_6546,clothing_1033
review_6547,clothing_1095
review_6548,clothing_903
review_6549,clothing_1020
review_6550,clothing_1033
review_6551,clothing_903
review_6552,clothing_1020
review_6553,clothing_1033
review_6554,clothing_1020
review_6555,clothing_1020
review_6556,clothing_1020
review_6557,clothing_1020
review_6558,clothing_1078
review_6559,clothing_336
review_6560,clothing_895
review_6561,clothing_818
review_6562,clothing_1078
review_6563,clothing_124
review_6564,clothing_818
review_6565,clothing_895
review_6566,clothing_828
review_6567,clothing_1078
review_6568,clothing_124
review_6569,clothing_1078
review_6570,clothing_1078
review_6571,clothing_1078
review_6572,clothing_1078
review_6573,clothing_1078
review_6574,clothing_1078
review_6575,clothing_124
review_6576,clothing_336
review_6577,clothing_124
review_6578,clothing_1078
review_6579,clothing_864
review_6580,clothing_1078
review_6581,clothing_124
review_6582,clothing_1078
review_6583,clothing_933
review_6584,clothing_1078
review_6585,clothing_1078
review_6586,clothing_818
review_6587,clothing_1078
review_6588,clothing_828
review_6589,clothing_1078
review_6590,clothing_830
review_6591,clothing_336
review_6592,clothing_933
review_6593,clothing_1078
review_6594,clothing_1078
review_6595,clothing_1078
review_6596,clothing_818
review_6597,clothing_895
review_6598,clothing_1078
review_6599,clothing_828
review_6600,clothing_895
review_6601,clothing_1078
review_6602,clothing_864
review_6603,clothing_1078
review_6604,clothing_895
review_6605,clothing_336
review_6606,clothing_1031
review_6607,clothing_828
review_6608,clothing_836
review_6609,clothing_836
review_6610,clothing_1098
review_6611,clothing_1098
review_6612,clothing_863
review_6613,clothing_975
review_6614,clothing_993
review_6615,clothing_292
review_6616,clothing_863
review_6617,clothing_863
review_6618,clothing_863
review_6619,clothing_975
review_6620,clothing_907
review_6621,clothing_294
review_6622,clothing_1085
review_6623,clothing_830
review_6624,clothing_294
review_6625,clothing_863
review_6626,clothing_863
review_6627,clothing_975
review_6628,clothing_975
review_6629,clothing_863
review_6630,clothing_836
review_6631,clothing_1083
review_6632,clothing_975
review_6633,clothing_975
review_6634,clothing_863
review_6635,clothing_975
review_6636,clothing_863
review_6637,clothing_907
review_6638,clothing_863
review_6639,clothing_830
review_6640,clothing_975
review_6641,clothing_863
review_6642,clothing_863
review_6643,clothing_552
review_6644,clothing_975
review_6645,clothing_975
review_6646,clothing_294
review_6647,clothing_863
review_6648,clothing_975
review_6649,clothing_1085
review_6650,clothing_836
review_6651,clothing_294
review_6652,clothing_863
review_6653,clothing_977
review_6654,clothing_975
review_6655,clothing_292
review_6656,clothing_975
review_6657,clothing_899
review_6658,clothing_977
review_6659,clothing_909
review_6660,clothing_863
review_6661,clothing_294
review_6662,clothing_907
review_6663,clothing_975
review_6664,clothing_1083
review_6665,clothing_907
review_6666,clothing_1085
review_6667,clothing_975
review_6668,clothing_552
review_6669,clothing_552
review_6670,clothing_975
review_6671,clothing_863
review_6672,clothing_863
review_6673,clothing_975
review_6674,clothing_863
review_6675,clothing_830
review_6676,clothing_552
review_6677,clothing_863
review_6678,clothing_909
review_6679,clothing_292
review_6680,clothing_863
review_6681,clothing_975
review_6682,clothing_836
review_6683,clothing_294
review_6684,clothing_830
review_6685,clothing_1100
review_6686,clothing_1100
review_6687,clothing_1100
review_6688,clothing_1100
review_6689,clothing_860
review_6690,clothing_1080
review_6691,clothing_1100
review_6692,clothing_1111
review_6693,clothing_1094
review_6694,clothing_1100
review_6695,clothing_1094
review_6696,clothing_865
review_6697,clothing_865
review_6698,clothing_1060
review_6699,clothing_1100
review_6700,clothing_1111
review_6701,clothing_1080
review_6702,clothing_1100
review_6703,clothing_1080
review_6704,clothing_1111
review_6705,clothing_1053
review_6706,clothing_986
review_6707,clothing_865
review_6708,clothing_844
review_6709,clothing_844
review_6710,clothing_1080
review_6711,clothing_1111
review_6712,clothing_1080
review_6713,clothing_868
review_6714,clothing_1080
review_6715,clothing_179
review_6716,clothing_1080
review_6717,clothing_1033
review_6718,clothing_1094
review_6719,clothing_865
review_6720,clothing_1100
review_6721,clothing_1160
review_6722,clothing_1100
review_6723,clothing_868
review_6724,clothing_1094
review_6725,clothing_878
review_6726,clothing_1100
review_6727,clothing_1080
review_6728,clothing_1111
review_6729,clothing_1094
review_6730,clothing_1100
review_6731,clothing_865
review_6732,clothing_1033
review_6733,clothing_1100
review_6734,clothing_986
review_6735,clothing_1111
review_6736,clothing_1111
review_6737,clothing_1053
review_6738,clothing_844
review_6739,clothing_1100
review_6740,clothing_1111
review_6741,clothing_1053
review_6742,clothing_1100
review_6743,clothing_1033
review_6744,clothing_1111
review_6745,clothing_1111
review_6746,clothing_1094
review_6747,clothing_1094
review_6748,clothing_1053
review_6749,clothing_1080
review_6750,clothing_844
review_6751,clothing_1111
review_6752,clothing_1080
review_6753,clothing_844
review_6754,clothing_831
review_6755,clothing_1100
review_6756,clothing_1033
review_6757,clothing_1033
review_6758,clothing_862
review_6759,clothing_831
review_6760,clothing_1033
review_6761,clothing_1033
review_6762,clothing_818
review_6763,clothing_1126
review_6764,clothing_1033
review_6765,clothing_1033
review_6766,clothing_1033
review_6767,clothing_1024
review_6768,clothing_831
review_6769,clothing_831
review_6770,clothing_831
review_6771,clothing_1033
review_6772,clothing_1033
review_6773,clothing_1033
review_6774,clothing_995
review_6775,clothing_1033
review_6776,clothing_1024
review_6777,clothing_1044
review_6778,clothing_1044
review_6779,clothing_1072
review_6780,clothing_877
review_6781,clothing_1030
review_6782,clothing_895
review_6783,clothing_1030
review_6784,clothing_1078
review_6785,clothing_967
review_6786,clothing_1072
review_6787,clothing_967
review_6788,clothing_877
review_6789,clothing_895
review_6790,clothing_877
review_6791,clothing_895
review_6792,clothing_867
review_6793,clothing_877
review_6794,clothing_1035
review_6795,clothing_877
review_6796,clothing_1044
review_6797,clothing_967
review_6798,clothing_1035
review_6799,clothing_1035
review_6800,clothing_877
review_6801,clothing_895
review_6802,clothing_877
review_6803,clothing_1080
review_6804,clothing_255
review_6805,clothing_829
review_6806,clothing_862
review_6807,clothing_862
review_6808,clothing_1111
review_6809,clothing_862
review_6810,clothing_868
review_6811,clothing_688
review_6812,clothing_868
review_6813,clothing_850
review_6814,clothing_862
review_6815,clothing_850
review_6816,clothing_850
review_6817,clothing_829
review_6818,clothing_1092
review_6819,clothing_1092
review_6820,clothing_255
review_6821,clothing_850
review_6822,clothing_862
review_6823,clothing_862
review_6824,clothing_868
review_6825,clothing_862
review_6826,clothing_862
review_6827,clothing_384
review_6828,clothing_255
review_6829,clothing_1092
review_6830,clothing_313
review_6831,clothing_876
review_6832,clothing_862
review_6833,clothing_868
review_6834,clothing_934
review_6835,clothing_739
review_6836,clothing_1080
review_6837,clothing_876
review_6838,clothing_739
review_6839,clothing_862
review_6840,clothing_862
review_6841,clothing_868
review_6842,clothing_829
review_6843,clothing_862
review_6844,clothing_862
review_6845,clothing_862
review_6846,clothing_862
review_6847,clothing_868
review_6848,clothing_868
review_6849,clothing_688
review_6850,clothing_352
review_6851,clothing_868
review_6852,clothing_911
review_6853,clothing_739
review_6854,clothing_255
review_6855,clothing_688
review_6856,clothing_868
review_6857,clothing_688
review_6858,clothing_862
review_6859,clothing_1092
review_6860,clothing_1092
review_6861,clothing_850
review_6862,clothing_829
review_6863,clothing_1066
review_6864,clothing_251
review_6865,clothing_1077
review_6866,clothing_1077
review_6867,clothing_839
review_6868,clothing_251
review_6869,clothing_1077
review_6870,clothing_251
review_6871,clothing_870
review_6872,clothing_122
review_6873,clothing_1094
review_6874,clothing_251
review_6875,clothing_1094
review_6876,clothing_122
review_6877,clothing_1077
review_6878,clothing_1066
review_6879,clothing_1066
review_6880,clothing_1008
review_6881,clothing_1094
review_6882,clothing_1066
review_6883,clothing_251
review_6884,clothing_251
review_6885,clothing_1094
review_6886,clothing_1094
review_6887,clothing_251
review_6888,clothing_1077
review_6889,clothing_251
review_6890,clothing_191
review_6891,clothing_1094
review_6892,clothing_1094
review_6893,clothing_1077
review_6894,clothing_251
review_6895,clothing_1094
review_6896,clothing_1094
review_6897,clothing_1077
review_6898,clothing_251
review_6899,clothing_1008
review_6900,clothing_1094
review_6901,clothing_251
review_6902,clothing_191
review_6903,clothing_251
review_6904,clothing_251
review_6905,clothing_829
review_6906,clothing_867
review_6907,clothing_860
review_6908,clothing_1022
review_6909,clothing_68
review_6910,clothing_1022
review_6911,clothing_1084
review_6912,clothing_511
review_6913,clothing_860
review_6914,clothing_850
review_6915,clothing_511
review_6916,clothing_1084
review_6917,clothing_615
review_6918,clothing_928
review_6919,clothing_662
review_6920,clothing_867
review_6921,clothing_829
review_6922,clothing_1084
review_6923,clothing_662
review_6924,clothing_871
review_6925,clothing_662
review_6926,clothing_871
review_6927,clothing_867
review_6928,clothing_662
review_6929,clothing_857
review_6930,clothing_860
review_6931,clothing_1099
review_6932,clothing_511
review_6933,clothing_850
review_6934,clothing_867
review_6935,clothing_850
review_6936,clothing_867
review_6937,clothing_867
review_6938,clothing_1084
review_6939,clothing_662
review_6940,clothing_1089
review_6941,clothing_662
review_6942,clothing_850
review_6943,clothing_1089
review_6944,clothing_860
review_6945,clothing_867
review_6946,clothing_867
review_6947,clothing_850
review_6948,clothing_829
review_6949,clothing_1099
review_6950,clothing_867
review_6951,clothing_1084
review_6952,clothing_860
review_6953,clothing_68
review_6954,clothing_860
review_6955,clothing_662
review_6956,clothing_860
review_6957,clothing_867
review_6958,clothing_928
review_6959,clothing_867
review_6960,clothing_850
review_6961,clothing_1022
review_6962,clothing_867
review_6963,clothing_850
review_6964,clothing_663
review_6965,clothing_663
review_6966,clothing_663
review_6967,clothing_663
review_6968,clothing_970
review_6969,clothing_663
review_6970,clothing_663
review_6971,clothing_719
review_6972,clothing_970
review_6973,clothing_719
review_6974,clothing_719
review_6975,clothing_663
review_6976,clothing_663
review_6977,clothing_719
review_6978,clothing_719
review_6979,clothing_663
review_6980,clothing_719
review_6981,clothing_663
review_6982,clothing_1022
review_6983,clothing_719
review_6984,clothing_663
review_6985,clothing_719
review_6986,clothing_719
review_6987,clothing_663
review_6988,clothing_663
review_6989,clothing_719
review_6990,clothing_13
review_6991,clothing_663
review_6992,clothing_663
review_6993,clothing_663
review_6994,clothing_324
review_6995,clothing_719
review_6996,clothing_719
review_6997,clothing_719
review_6998,clothing_1078
review_6999,clothing_641
review_7000,clothing_829
review_7001,clothing_1078
review_7002,clothing_862
review_7003,clothing_862
review_7004,clothing_862
review_7005,clothing_1078
review_7006,clothing_1025
review_7007,clothing_1199
review_7008,clothing_641
review_7009,clothing_912
review_7010,clothing_862
review_7011,clothing_641
review_7012,clothing_1078
review_7013,clothing_862
review_7014,clothing_1094
review_7015,clothing_641
review_7016,clothing_932
review_7017,clothing_1094
review_7018,clothing_641
review_7019,clothing_1078
review_7020,clothing_641
review_7021,clothing_862
review_7022,clothing_1022
review_7023,clothing_641
review_7024,clothing_926
review_7025,clothing_641
review_7026,clothing_871
review_7027,clothing_862
review_7028,clothing_1078
review_7029,clothing_862
review_7030,clothing_1022
review_7031,clothing_1078
review_7032,clothing_1094
review_7033,clothing_1078
review_7034,clothing_1094
review_7035,clothing_1078
review_7036,clothing_862
review_7037,clothing_862
review_7038,clothing_1022
review_7039,clothing_1022
review_7040,clothing_1078
review_7041,clothing_641
review_7042,clothing_932
review_7043,clothing_862
review_7044,clothing_1094
review_7045,clothing_641
review_7046,clothing_1094
review_7047,clothing_862
review_7048,clothing_932
review_7049,clothing_1094
review_7050,clothing_829
review_7051,clothing_831
review_7052,clothing_1078
review_7053,clothing_379
review_7054,clothing_862
review_7055,clothing_1078
review_7056,clothing_1078
review_7057,clothing_1078
review_7058,clothing_1094
review_7059,clothing_1025
review_7060,clothing_1094
review_7061,clothing_366
review_7062,clothing_1022
review_7063,clothing_829
review_7064,clothing_1078
review_7065,clothing_862
review_7066,clothing_1022
review_7067,clothing_862
review_7068,clothing_1078
review_7069,clothing_1094
review_7070,clothing_1078
review_7071,clothing_862
review_7072,clothing_1078
review_7073,clothing_857
review_7074,clothing_862
review_7075,clothing_1035
review_7076,clothing_1081
review_7077,clothing_1081
review_7078,clothing_1117
review_7079,clothing_862
review_7080,clothing_645
review_7081,clothing_984
review_7082,clothing_862
review_7083,clothing_1035
review_7084,clothing_1035
review_7085,clothing_984
review_7086,clothing_868
review_7087,clothing_862
review_7088,clothing_984
review_7089,clothing_1081
review_7090,clothing_1081
review_7091,clothing_1081
review_7092,clothing_868
review_7093,clothing_1117
review_7094,clothing_862
review_7095,clothing_1051
review_7096,clothing_850
review_7097,clothing_862
review_7098,clothing_941
review_7099,clothing_1117
review_7100,clothing_1081
review_7101,clothing_1030
review_7102,clothing_1081
review_7103,clothing_862
review_7104,clothing_645
review_7105,clothing_1025
review_7106,clothing_645
review_7107,clothing_868
review_7108,clothing_862
review_7109,clothing_870
review_7110,clothing_1081
review_7111,clothing_1025
review_7112,clothing_1081
review_7113,clothing_984
review_7114,clothing_1081
review_7115,clothing_1035
review_7116,clothing_1081
review_7117,clothing_941
review_7118,clothing_1035
review_7119,clothing_1035
review_7120,clothing_862
review_7121,clothing_1081
review_7122,clothing_114
review_7123,clothing_984
review_7124,clothing_1095
review_7125,clothing_984
review_7126,clothing_1041
review_7127,clothing_941
review_7128,clothing_984
review_7129,clothing_941
review_7130,clothing_1081
review_7131,clothing_340
review_7132,clothing_1081
review_7133,clothing_1041
review_7134,clothing_862
review_7135,clothing_984
review_7136,clothing_984
review_7137,clothing_863
review_7138,clothing_1005
review_7139,clothing_1005
review_7140,clothing_891
review_7141,clothing_1005
review_7142,clothing_1023
review_7143,clothing_891
review_7144,clothing_1005
review_7145,clothing_1005
review_7146,clothing_1092
review_7147,clothing_1130
review_7148,clothing_1092
review_7149,clothing_860
review_7150,clothing_868
review_7151,clothing_869
review_7152,clothing_1092
review_7153,clothing_868
review_7154,clothing_1092
review_7155,clothing_1100
review_7156,clothing_903
review_7157,clothing_1092
review_7158,clothing_1092
review_7159,clothing_1100
review_7160,clothing_1092
review_7161,clothing_1092
review_7162,clothing_860
review_7163,clothing_863
review_7164,clothing_863
review_7165,clothing_903
review_7166,clothing_1099
review_7167,clothing_1092
review_7168,clothing_1025
review_7169,clothing_903
review_7170,clothing_1098
review_7171,clothing_868
review_7172,clothing_903
review_7173,clothing_1092
review_7174,clothing_1092
review_7175,clothing_825
review_7176,clothing_825
review_7177,clothing_860
review_7178,clothing_800
review_7179,clothing_1099
review_7180,clothing_903
review_7181,clothing_860
review_7182,clothing_1098
review_7183,clothing_1092
review_7184,clothing_1098
review_7185,clothing_860
review_7186,clothing_868
review_7187,clothing_868
review_7188,clothing_869
review_7189,clothing_903
review_7190,clothing_824
review_7191,clothing_860
review_7192,clothing_825
review_7193,clothing_985
review_7194,clothing_903
review_7195,clothing_863
review_7196,clothing_860
review_7197,clothing_868
review_7198,clothing_927
review_7199,clothing_903
review_7200,clothing_1092
review_7201,clothing_903
review_7202,clothing_800
review_7203,clothing_860
review_7204,clothing_903
review_7205,clothing_1092
review_7206,clothing_1092
review_7207,clothing_1099
review_7208,clothing_1092
review_7209,clothing_903
review_7210,clothing_1099
review_7211,clothing_1098
review_7212,clothing_1083
review_7213,clothing_869
review_7214,clothing_1092
review_7215,clothing_1083
review_7216,clothing_903
review_7217,clothing_860
review_7218,clothing_1092
review_7219,clothing_868
review_7220,clothing_1083
review_7221,clothing_1092
review_7222,clothing_1098
review_7223,clothing_869
review_7224,clothing_903
review_7225,clothing_1092
review_7226,clothing_903
review_7227,clothing_409
review_7228,clothing_903
review_7229,clothing_1092
review_7230,clothing_877
review_7231,clothing_183
review_7232,clothing_918
review_7233,clothing_877
review_7234,clothing_877
review_7235,clothing_868
review_7236,clothing_877
review_7237,clothing_906
review_7238,clothing_877
review_7239,clothing_906
review_7240,clothing_877
review_7241,clothing_1050
review_7242,clothing_1028
review_7243,clothing_877
review_7244,clothing_183
review_7245,clothing_868
review_7246,clothing_1082
review_7247,clothing_1028
review_7248,clothing_118
review_7249,clothing_834
review_7250,clothing_1082
review_7251,clothing_877
review_7252,clothing_868
review_7253,clothing_877
review_7254,clothing_183
review_7255,clothing_918
review_7256,clothing_1078
review_7257,clothing_1078
review_7258,clothing_1082
review_7259,clothing_1078
review_7260,clothing_906
review_7261,clothing_183
review_7262,clothing_1078
review_7263,clothing_868
review_7264,clothing_1078
review_7265,clothing_862
review_7266,clothing_1078
review_7267,clothing_867
review_7268,clothing_1080
review_7269,clothing_1078
review_7270,clothing_867
review_7271,clothing_867
review_7272,clothing_862
review_7273,clothing_1035
review_7274,clothing_1035
review_7275,clothing_867
review_7276,clothing_862
review_7277,clothing_862
review_7278,clothing_1080
review_7279,clothing_862
review_7280,clothing_862
review_7281,clothing_1078
review_7282,clothing_862
review_7283,clothing_862
review_7284,clothing_862
review_7285,clothing_862
review_7286,clothing_867
review_7287,clothing_1025
review_7288,clothing_1110
review_7289,clothing_862
review_7290,clothing_1177
review_7291,clothing_860
review_7292,clothing_862
review_7293,clothing_862
review_7294,clothing_1080
review_7295,clothing_1080
review_7296,clothing_1078
review_7297,clothing_1080
review_7298,clothing_861
review_7299,clothing_1022
review_7300,clothing_862
review_7301,clothing_862
review_7302,clothing_862
review_7303,clothing_1078
review_7304,clothing_1080
review_7305,clothing_862
review_7306,clothing_1080
review_7307,clothing_862
review_7308,clothing_1080
review_7309,clothing_862
review_7310,clothing_861
review_7311,clothing_1022
review_7312,clothing_862
review_7313,clothing_867
review_7314,clothing_1177
review_7315,clothing_862
review_7316,clothing_1078
review_7317,clothing_862
review_7318,clothing_1110
review_7319,clothing_862
review_7320,clothing_1080
review_7321,clothing_1110
review_7322,clothing_862
review_7323,clothing_151
review_7324,clothing_766
review_7325,clothing_860
review_7326,clothing_860
review_7327,clothing_1027
review_7328,clothing_874
review_7329,clothing_1077
review_7330,clothing_1077
review_7331,clothing_927
review_7332,clothing_1077
review_7333,clothing_1077
review_7334,clothing_945
review_7335,clothing_1077
review_7336,clothing_1077
review_7337,clothing_1077
review_7338,clothing_1099
review_7339,clothing_1077
review_7340,clothing_1030
review_7341,clothing_1099
review_7342,clothing_1035
review_7343,clothing_863
review_7344,clothing_1077
review_7345,clothing_927
review_7346,clothing_927
review_7347,clothing_927
review_7348,clothing_1030
review_7349,clothing_874
review_7350,clothing_874
review_7351,clothing_1094
review_7352,clothing_1077
review_7353,clothing_1077
review_7354,clothing_1077
review_7355,clothing_1099
review_7356,clothing_1095
review_7357,clothing_1099
review_7358,clothing_1077
review_7359,clothing_1077
review_7360,clothing_1077
review_7361,clothing_1077
review_7362,clothing_820
review_7363,clothing_878
review_7364,clothing_1100
review_7365,clothing_715
review_7366,clothing_965
review_7367,clothing_1086
review_7368,clothing_1022
review_7369,clothing_715
review_7370,clothing_1086
review_7371,clothing_820
review_7372,clothing_820
review_7373,clothing_820
review_7374,clothing_1086
review_7375,clothing_894
review_7376,clothing_820
review_7377,clothing_1086
review_7378,clothing_820
review_7379,clothing_715
review_7380,clothing_820
review_7381,clothing_820
review_7382,clothing_1100
review_7383,clothing_1086
review_7384,clothing_1086
review_7385,clothing_830
review_7386,clothing_1086
review_7387,clothing_715
review_7388,clothing_1066
review_7389,clothing_1086
review_7390,clothing_715
review_7391,clothing_715
review_7392,clothing_820
review_7393,clothing_1100
review_7394,clothing_1086
review_7395,clothing_820
review_7396,clothing_830
review_7397,clothing_820
review_7398,clothing_1100
review_7399,clothing_878
review_7400,clothing_1086
review_7401,clothing_1075
review_7402,clothing_820
review_7403,clothing_820
review_7404,clothing_1075
review_7405,clothing_820
review_7406,clothing_1066
review_7407,clothing_1022
review_7408,clothing_1022
review_7409,clothing_1086
review_7410,clothing_1100
review_7411,clothing_820
review_7412,clothing_820
review_7413,clothing_715
review_7414,clothing_1086
review_7415,clothing_1100
review_7416,clothing_1086
review_7417,clothing_715
review_7418,clothing_820
review_7419,clothing_1100
review_7420,clothing_1086
review_7421,clothing_1086
review_7422,clothing_1123
review_7423,clothing_1086
review_7424,clothing_820
review_7425,clothing_820
review_7426,clothing_820
review_7427,clothing_820
review_7428,clothing_1086
review_7429,clothing_1086
review_7430,clothing_1100
review_7431,clothing_502
review_7432,clothing_948
review_7433,clothing_820
review_7434,clothing_948
review_7435,clothing_948
review_7436,clothing_338
review_7437,clothing_1076
review_7438,clothing_948
review_7439,clothing_30
review_7440,clothing_1103
review_7441,clothing_502
review_7442,clothing_1103
review_7443,clothing_941
review_7444,clothing_1115
review_7445,clothing_1103
review_7446,clothing_907
review_7447,clothing_862
review_7448,clothing_907
review_7449,clothing_439
review_7450,clothing_907
review_7451,clothing_907
review_7452,clothing_862
review_7453,clothing_862
review_7454,clothing_439
review_7455,clothing_907
review_7456,clothing_907
review_7457,clothing_907
review_7458,clothing_907
review_7459,clothing_862
review_7460,clothing_907
review_7461,clothing_862
review_7462,clothing_907
review_7463,clothing_439
review_7464,clothing_907
review_7465,clothing_907
review_7466,clothing_862
review_7467,clothing_862
review_7468,clothing_841
review_7469,clothing_862
review_7470,clothing_907
review_7471,clothing_907
review_7472,clothing_841
review_7473,clothing_116
review_7474,clothing_1075
review_7475,clothing_116
review_7476,clothing_1020
review_7477,clothing_968
review_7478,clothing_836
review_7479,clothing_116
review_7480,clothing_1020
review_7481,clothing_1059
review_7482,clothing_968
review_7483,clothing_1020
review_7484,clothing_116
review_7485,clothing_1059
review_7486,clothing_116
review_7487,clothing_116
review_7488,clothing_1059
review_7489,clothing_836
review_7490,clothing_1020
review_7491,clothing_968
review_7492,clothing_836
review_7493,clothing_1059
review_7494,clothing_1078
review_7495,clothing_968
review_7496,clothing_968
review_7497,clothing_1020
review_7498,clothing_1075
review_7499,clothing_1059
review_7500,clothing_1078
review_7501,clothing_1059
review_7502,clothing_1020
review_7503,clothing_1020
review_7504,clothing_1075
review_7505,clothing_105
review_7506,clothing_1020
review_7507,clothing_836
review_7508,clothing_1020
review_7509,clothing_818
review_7510,clothing_836
review_7511,clothing_968
review_7512,clothing_1081
review_7513,clothing_941
review_7514,clothing_941
review_7515,clothing_1004
review_7516,clothing_825
review_7517,clothing_747
review_7518,clothing_949
review_7519,clothing_941
review_7520,clothing_825
review_7521,clothing_941
review_7522,clothing_949
review_7523,clothing_941
review_7524,clothing_941
review_7525,clothing_829
review_7526,clothing_941
review_7527,clothing_941
review_7528,clothing_829
review_7529,clothing_941
review_7530,clothing_941
review_7531,clothing_863
review_7532,clothing_869
review_7533,clothing_1070
review_7534,clothing_949
review_7535,clothing_941
review_7536,clothing_941
review_7537,clothing_949
review_7538,clothing_825
review_7539,clothing_868
review_7540,clothing_869
review_7541,clothing_829
review_7542,clothing_829
review_7543,clothing_941
review_7544,clothing_825
review_7545,clothing_1086
review_7546,clothing_949
review_7547,clothing_549
review_7548,clothing_1081
review_7549,clothing_949
review_7550,clothing_829
review_7551,clothing_825
review_7552,clothing_869
review_7553,clothing_825
review_7554,clothing_941
review_7555,clothing_941
review_7556,clothing_949
review_7557,clothing_825
review_7558,clothing_1081
review_7559,clothing_829
review_7560,clothing_1086
review_7561,clothing_949
review_7562,clothing_825
review_7563,clothing_549
review_7564,clothing_829
review_7565,clothing_949
review_7566,clothing_829
review_7567,clothing_949
review_7568,clothing_825
review_7569,clothing_829
review_7570,clothing_829
review_7571,clothing_829
review_7572,clothing_1081
review_7573,clothing_842
review_7574,clothing_868
review_7575,clothing_1086
review_7576,clothing_816
review_7577,clothing_816
review_7578,clothing_816
review_7579,clothing_816
review_7580,clothing_1077
review_7581,clothing_868
review_7582,clothing_868
review_7583,clothing_815
review_7584,clothing_639
review_7585,clothing_868
review_7586,clothing_917
review_7587,clothing_895
review_7588,clothing_868
review_7589,clothing_868
review_7590,clothing_917
review_7591,clothing_831
review_7592,clothing_1098
review_7593,clothing_872
review_7594,clothing_1033
review_7595,clothing_1033
review_7596,clothing_895
review_7597,clothing_868
review_7598,clothing_868
review_7599,clothing_912
review_7600,clothing_820
review_7601,clothing_815
review_7602,clothing_815
review_7603,clothing_854
review_7604,clothing_820
review_7605,clothing_833
review_7606,clothing_917
review_7607,clothing_816
review_7608,clothing_868
review_7609,clothing_831
review_7610,clothing_838
review_7611,clothing_868
review_7612,clothing_854
review_7613,clothing_854
review_7614,clothing_868
review_7615,clothing_917
review_7616,clothing_833
review_7617,clothing_816
review_7618,clothing_912
review_7619,clothing_854
review_7620,clothing_868
review_7621,clothing_815
review_7622,clothing_815
review_7623,clothing_1001
review_7624,clothing_820
review_7625,clothing_895
review_7626,clothing_895
review_7627,clothing_838
review_7628,clothing_816
review_7629,clothing_1033
review_7630,clothing_820
review_7631,clothing_838
review_7632,clothing_868
review_7633,clothing_1098
review_7634,clothing_868
review_7635,clothing_964
review_7636,clothing_465
review_7637,clothing_964
review_7638,clothing_820
review_7639,clothing_1166
review_7640,clothing_868
review_7641,clothing_854
review_7642,clothing_831
review_7643,clothing_475
review_7644,clothing_1009
review_7645,clothing_1072
review_7646,clothing_1009
review_7647,clothing_824
review_7648,clothing_1009
review_7649,clothing_1072
review_7650,clothing_1072
review_7651,clothing_1009
review_7652,clothing_1072
review_7653,clothing_1072
review_7654,clothing_1072
review_7655,clothing_1009
review_7656,clothing_877
review_7657,clothing_824
review_7658,clothing_877
review_7659,clothing_824
review_7660,clothing_1009
review_7661,clothing_405
review_7662,clothing_824
review_7663,clothing_877
review_7664,clothing_1078
review_7665,clothing_1072
review_7666,clothing_1009
review_7667,clothing_1009
review_7668,clothing_1009
review_7669,clothing_1009
review_7670,clothing_936
review_7671,clothing_860
review_7672,clothing_1009
review_7673,clothing_936
review_7674,clothing_189
review_7675,clothing_1028
review_7676,clothing_825
review_7677,clothing_860
review_7678,clothing_860
review_7679,clothing_936
review_7680,clothing_936
review_7681,clothing_1009
review_7682,clothing_1009
review_7683,clothing_912
review_7684,clothing_1009
review_7685,clothing_1009
review_7686,clothing_1009
review_7687,clothing_1114
review_7688,clothing_993
review_7689,clothing_860
review_7690,clothing_867
review_7691,clothing_912
review_7692,clothing_936
review_7693,clothing_867
review_7694,clothing_867
review_7695,clothing_1009
review_7696,clothing_867
review_7697,clothing_860
review_7698,clothing_189
review_7699,clothing_993
review_7700,clothing_881
review_7701,clothing_967
review_7702,clothing_1009
review_7703,clothing_867
review_7704,clothing_1009
review_7705,clothing_1009
review_7706,clothing_867
review_7707,clothing_936
review_7708,clothing_867
review_7709,clothing_825
review_7710,clothing_1009
review_7711,clothing_1009
review_7712,clothing_825
review_7713,clothing_936
review_7714,clothing_1009
review_7715,clothing_1009
review_7716,clothing_867
review_7717,clothing_860
review_7718,clothing_967
review_7719,clothing_936
review_7720,clothing_936
review_7721,clothing_860
review_7722,clothing_867
review_7723,clothing_936
review_7724,clothing_936
review_7725,clothing_842
review_7726,clothing_886
review_7727,clothing_1008
review_7728,clothing_1008
review_7729,clothing_824
review_7730,clothing_635
review_7731,clothing_1075
review_7732,clothing_1008
review_7733,clothing_825
review_7734,clothing_1094
review_7735,clothing_872
review_7736,clothing_824
review_7737,clothing_824
review_7738,clothing_855
review_7739,clothing_824
review_7740,clothing_872
review_7741,clothing_824
review_7742,clothing_859
review_7743,clothing_886
review_7744,clothing_824
review_7745,clothing_859
review_7746,clothing_635
review_7747,clothing_824
review_7748,clothing_824
review_7749,clothing_824
review_7750,clothing_635
review_7751,clothing_1008
review_7752,clothing_635
review_7753,clothing_886
review_7754,clothing_824
review_7755,clothing_635
review_7756,clothing_824
review_7757,clothing_824
review_7758,clothing_855
review_7759,clothing_346
review_7760,clothing_986
review_7761,clothing_1016
review_7762,clothing_986
review_7763,clothing_1110
review_7764,clothing_850
review_7765,clothing_986
review_7766,clothing_1016
review_7767,clothing_986
review_7768,clothing_986
review_7769,clothing_1016
review_7770,clothing_986
review_7771,clothing_88
review_7772,clothing_1110
review_7773,clothing_986
review_7774,clothing_986
review_7775,clothing_986
review_7776,clothing_516
review_7777,clothing_867
review_7778,clothing_867
review_7779,clothing_928
review_7780,clothing_872
review_7781,clothing_872
review_7782,clothing_820
review_7783,clothing_872
review_7784,clothing_820
review_7785,clothing_820
review_7786,clothing_867
review_7787,clothing_867
review_7788,clothing_867
review_7789,clothing_867
review_7790,clothing_1059
review_7791,clothing_872
review_7792,clothing_820
review_7793,clothing_867
review_7794,clothing_867
review_7795,clothing_928
review_7796,clothing_867
review_7797,clothing_1059
review_7798,clothing_872
review_7799,clothing_516
review_7800,clothing_872
review_7801,clothing_867
review_7802,clothing_872
review_7803,clothing_1059
review_7804,clothing_1003
review_7805,clothing_928
review_7806,clothing_1059
review_7807,clothing_1003
review_7808,clothing_868
review_7809,clothing_867
review_7810,clothing_1059
review_7811,clothing_928
review_7812,clothing_820
review_7813,clothing_872
review_7814,clothing_1054
review_7815,clothing_1059
review_7816,clothing_1059
review_7817,clothing_867
review_7818,clothing_867
review_7819,clothing_872
review_7820,clothing_872
review_7821,clothing_1059
review_7822,clothing_1059
review_7823,clothing_1110
review_7824,clothing_137
review_7825,clothing_1078
review_7826,clothing_956
review_7827,clothing_1110
review_7828,clothing_1082
review_7829,clothing_1082
review_7830,clothing_839
review_7831,clothing_1082
review_7832,clothing_1078
review_7833,clothing_1078
review_7834,clothing_1082
review_7835,clothing_1110
review_7836,clothing_1082
review_7837,clothing_1059
review_7838,clothing_1053
review_7839,clothing_1082
review_7840,clothing_956
review_7841,clothing_478
review_7842,clothing_1078
review_7843,clothing_1078
review_7844,clothing_478
review_7845,clothing_1059
review_7846,clothing_1078
review_7847,clothing_1053
review_7848,clothing_1110
review_7849,clothing_1078
review_7850,clothing_956
review_7851,clothing_822
review_7852,clothing_835
review_7853,clothing_1078
review_7854,clothing_1082
review_7855,clothing_478
review_7856,clothing_872
review_7857,clothing_1078
review_7858,clothing_1059
review_7859,clothing_965
review_7860,clothing_1078
review_7861,clothing_1078
review_7862,clothing_1110
review_7863,clothing_835
review_7864,clothing_1053
review_7865,clothing_1110
review_7866,clothing_1078
review_7867,clothing_1078
review_7868,clothing_872
review_7869,clothing_478
review_7870,clothing_1082
review_7871,clothing_1078
review_7872,clothing_872
review_7873,clothing_1078
review_7874,clothing_1059
review_7875,clothing_835
review_7876,clothing_1118
review_7877,clothing_1110
review_7878,clothing_1078
review_7879,clothing_1078
review_7880,clothing_1110
review_7881,clothing_1078
review_7882,clothing_1078
review_7883,clothing_1110
review_7884,clothing_1078
review_7885,clothing_1078
review_7886,clothing_1078
review_7887,clothing_860
review_7888,clothing_877
review_7889,clothing_877
review_7890,clothing_943
review_7891,clothing_866
review_7892,clothing_866
review_7893,clothing_866
review_7894,clothing_877
review_7895,clothing_866
review_7896,clothing_866
review_7897,clothing_877
review_7898,clothing_877
review_7899,clothing_866
review_7900,clothing_877
review_7901,clothing_877
review_7902,clothing_866
review_7903,clothing_866
review_7904,clothing_866
review_7905,clothing_866
review_7906,clothing_866
review_7907,clothing_877
review_7908,clothing_877
review_7909,clothing_866
review_7910,clothing_877
review_7911,clothing_866
review_7912,clothing_877
review_7913,clothing_877
review_7914,clothing_866
review_7915,clothing_877
review_7916,clothing_866
review_7917,clothing_877
review_7918,clothing_866
review_7919,clothing_877
review_7920,clothing_866
review_7921,clothing_877
review_7922,clothing_877
review_7923,clothing_877
review_7924,clothing_866
review_7925,clothing_866
review_7926,clothing_866
review_7927,clothing_877
review_7928,clothing_866
review_7929,clothing_866
review_7930,clothing_877
review_7931,clothing_866
review_7932,clothing_866
review_7933,clothing_877
review_7934,clothing_881
review_7935,clothing_866
review_7936,clothing_866
review_7937,clothing_866
review_7938,clothing_866
review_7939,clothing_877
review_7940,clothing_866
review_7941,clothing_866
review_7942,clothing_866
review_7943,clothing_877
review_7944,clothing_877
review_7945,clothing_877
review_7946,clothing_862
review_7947,clothing_1099
review_7948,clothing_862
review_7949,clothing_1099
review_7950,clothing_877
review_7951,clothing_862
review_7952,clothing_939
review_7953,clothing_939
review_7954,clothing_1099
review_7955,clothing_833
review_7956,clothing_1092
review_7957,clothing_833
review_7958,clothing_939
review_7959,clothing_1104
review_7960,clothing_1025
review_7961,clothing_1092
review_7962,clothing_877
review_7963,clothing_1006
review_7964,clothing_939
review_7965,clothing_1099
review_7966,clothing_862
review_7967,clothing_1099
review_7968,clothing_862
review_7969,clothing_1103
review_7970,clothing_1025
review_7971,clothing_862
review_7972,clothing_1099
review_7973,clothing_862
review_7974,clothing_862
review_7975,clothing_862
review_7976,clothing_838
review_7977,clothing_939
review_7978,clothing_939
review_7979,clothing_1099
review_7980,clothing_1092
review_7981,clothing_939
review_7982,clothing_877
review_7983,clothing_833
review_7984,clothing_877
review_7985,clothing_862
review_7986,clothing_1103
review_7987,clothing_1099
review_7988,clothing_939
review_7989,clothing_939
review_7990,clothing_1099
review_7991,clothing_1092
review_7992,clothing_939
review_7993,clothing_939
review_7994,clothing_396
review_7995,clothing_1092
review_7996,clothing_1092
review_7997,clothing_939
review_7998,clothing_877
review_7999,clothing_1092
review_8000,clothing_1092
review_8001,clothing_1092
review_8002,clothing_396
review_8003,clothing_1092
review_8004,clothing_877
review_8005,clothing_1006
review_8006,clothing_939
review_8007,clothing_862
review_8008,clothing_1099
review_8009,clothing_1099
review_8010,clothing_1103
review_8011,clothing_1022
review_8012,clothing_1099
review_8013,clothing_1092
review_8014,clothing_939
review_8015,clothing_862
review_8016,clothing_1104
review_8017,clothing_1099
review_8018,clothing_1092
review_8019,clothing_1104
review_8020,clothing_1099
review_8021,clothing_1099
review_8022,clothing_1099
review_8023,clothing_862
review_8024,clothing_868
review_8025,clothing_877
review_8026,clothing_877
review_8027,clothing_877
review_8028,clothing_939
review_8029,clothing_396
review_8030,clothing_877
review_8031,clothing_877
review_8032,clothing_1092
review_8033,clothing_1006
review_8034,clothing_939
review_8035,clothing_936
review_8036,clothing_872
review_8037,clothing_1078
review_8038,clothing_936
review_8039,clothing_936
review_8040,clothing_936
review_8041,clothing_1078
review_8042,clothing_936
review_8043,clothing_936
review_8044,clothing_936
review_8045,clothing_612
review_8046,clothing_936
review_8047,clothing_1078
review_8048,clothing_998
review_8049,clothing_1078
review_8050,clothing_1078
review_8051,clothing_936
review_8052,clothing_936
review_8053,clothing_1075
review_8054,clothing_1003
review_8055,clothing_1078
review_8056,clothing_406
review_8057,clothing_1079
review_8058,clothing_936
review_8059,clothing_1078
review_8060,clothing_936
review_8061,clothing_872
review_8062,clothing_936
review_8063,clothing_1075
review_8064,clothing_1077
review_8065,clothing_1078
review_8066,clothing_936
review_8067,clothing_1078
review_8068,clothing_1077
review_8069,clothing_1078
review_8070,clothing_998
review_8071,clothing_1078
review_8072,clothing_872
review_8073,clothing_936
review_8074,clothing_1078
review_8075,clothing_872
review_8076,clothing_939
review_8077,clothing_1078
review_8078,clothing_936
review_8079,clothing_1003
review_8080,clothing_1078
review_8081,clothing_1078
review_8082,clothing_1117
review_8083,clothing_936
review_8084,clothing_1078
review_8085,clothing_936
review_8086,clothing_936
review_8087,clothing_1003
review_8088,clothing_936
review_8089,clothing_936
review_8090,clothing_872
review_8091,clothing_936
review_8092,clothing_936
review_8093,clothing_936
review_8094,clothing_406
review_8095,clothing_872
review_8096,clothing_998
review_8097,clothing_872
review_8098,clothing_936
review_8099,clothing_1078
review_8100,clothing_1078
review_8101,clothing_1077
review_8102,clothing_998
review_8103,clothing_872
review_8104,clothing_936
review_8105,clothing_936
review_8106,clothing_936
review_8107,clothing_1078
review_8108,clothing_936
review_8109,clothing_1079
review_8110,clothing_406
review_8111,clothing_1078
review_8112,clothing_1078
review_8113,clothing_406
review_8114,clothing_1078
review_8115,clothing_936
review_8116,clothing_1077
review_8117,clothing_864
review_8118,clothing_1078
review_8119,clothing_920
review_8120,clothing_841
review_8121,clothing_833
review_8122,clothing_472
review_8123,clothing_833
review_8124,clothing_833
review_8125,clothing_472
review_8126,clothing_860
review_8127,clothing_920
review_8128,clothing_920
review_8129,clothing_833
review_8130,clothing_833
review_8131,clothing_860
review_8132,clothing_833
review_8133,clothing_472
review_8134,clothing_860
review_8135,clothing_47
review_8136,clothing_833
review_8137,clothing_323
review_8138,clothing_878
review_8139,clothing_1008
review_8140,clothing_860
review_8141,clothing_833
review_8142,clothing_472
review_8143,clothing_952
review_8144,clothing_949
review_8145,clothing_833
review_8146,clothing_833
review_8147,clothing_949
review_8148,clothing_833
review_8149,clothing_860
review_8150,clothing_472
review_8151,clothing_472
review_8152,clothing_1079
review_8153,clothing_868
review_8154,clothing_71
review_8155,clothing_829
review_8156,clothing_820
review_8157,clothing_1081
review_8158,clothing_1081
review_8159,clothing_819
review_8160,clothing_820
review_8161,clothing_820
review_8162,clothing_790
review_8163,clothing_1081
review_8164,clothing_820
review_8165,clothing_820
review_8166,clothing_820
review_8167,clothing_1081
review_8168,clothing_820
review_8169,clothing_1081
review_8170,clothing_825
review_8171,clothing_1066
review_8172,clothing_1081
review_8173,clothing_1066
review_8174,clothing_1008
review_8175,clothing_831
review_8176,clothing_1081
review_8177,clothing_868
review_8178,clothing_831
review_8179,clothing_1081
review_8180,clothing_868
review_8181,clothing_820
review_8182,clothing_974
review_8183,clothing_829
review_8184,clothing_820
review_8185,clothing_820
review_8186,clothing_820
review_8187,clothing_820
review_8188,clothing_820
review_8189,clothing_1081
review_8190,clothing_820
review_8191,clothing_820
review_8192,clothing_974
review_8193,clothing_820
review_8194,clothing_820
review_8195,clothing_988
review_8196,clothing_1081
review_8197,clothing_820
review_8198,clothing_1066
review_8199,clothing_819
review_8200,clothing_1066
review_8201,clothing_820
review_8202,clothing_1066
review_8203,clothing_820
review_8204,clothing_820
review_8205,clothing_820
review_8206,clothing_427
review_8207,clothing_1086
review_8208,clothing_1116
review_8209,clothing_177
review_8210,clothing_862
review_8211,clothing_868
review_8212,clothing_177
review_8213,clothing_627
review_8214,clothing_867
review_8215,clothing_867
review_8216,clothing_1082
review_8217,clothing_867
review_8218,clothing_1020
review_8219,clothing_1060
review_8220,clothing_823
review_8221,clothing_365
review_8222,clothing_435
review_8223,clothing_862
review_8224,clothing_868
review_8225,clothing_867
review_8226,clothing_177
review_8227,clothing_868
review_8228,clothing_70
review_8229,clothing_867
review_8230,clothing_823
review_8231,clothing_1060
review_8232,clothing_867
review_8233,clothing_1082
review_8234,clothing_940
review_8235,clothing_861
review_8236,clothing_435
review_8237,clothing_177
review_8238,clothing_17
review_8239,clothing_365
review_8240,clothing_867
review_8241,clothing_907
review_8242,clothing_867
review_8243,clothing_1060
review_8244,clothing_867
review_8245,clothing_1116
review_8246,clothing_907
review_8247,clothing_435
review_8248,clothing_862
review_8249,clothing_1116
review_8250,clothing_867
review_8251,clothing_1020
review_8252,clothing_867
review_8253,clothing_823
review_8254,clothing_862
review_8255,clothing_1082
review_8256,clothing_867
review_8257,clothing_1060
review_8258,clothing_867
review_8259,clothing_861
review_8260,clothing_909
review_8261,clothing_862
review_8262,clothing_1096
review_8263,clothing_867
review_8264,clothing_867
review_8265,clothing_823
review_8266,clothing_823
review_8267,clothing_940
review_8268,clothing_1060
review_8269,clothing_862
review_8270,clothing_867
review_8271,clothing_829
review_8272,clothing_823
review_8273,clothing_823
review_8274,clothing_940
review_8275,clothing_867
review_8276,clothing_867
review_8277,clothing_1082
review_8278,clothing_862
review_8279,clothing_1060
review_8280,clothing_1116
review_8281,clothing_1116
review_8282,clothing_1051
review_8283,clothing_1060
review_8284,clothing_867
review_8285,clothing_1060
review_8286,clothing_868
review_8287,clothing_867
review_8288,clothing_1020
review_8289,clothing_823
review_8290,clothing_1116
review_8291,clothing_867
review_8292,clothing_113
review_8293,clothing_1082
review_8294,clothing_1098
review_8295,clothing_1082
review_8296,clothing_862
review_8297,clothing_1098
review_8298,clothing_1087
review_8299,clothing_1078
review_8300,clothing_1047
review_8301,clothing_1087
review_8302,clothing_900
review_8303,clothing_1103
review_8304,clothing_1109
review_8305,clothing_1098
review_8306,clothing_1098
review_8307,clothing_1103
review_8308,clothing_868
review_8309,clothing_1082
review_8310,clothing_940
review_8311,clothing_940
review_8312,clothing_1098
review_8313,clothing_868
review_8314,clothing_1047
review_8315,clothing_1047
review_8316,clothing_1047
review_8317,clothing_876
review_8318,clothing_1094
review_8319,clothing_1082
review_8320,clothing_1082
review_8321,clothing_1087
review_8322,clothing_868
review_8323,clothing_900
review_8324,clothing_1047
review_8325,clothing_1116
review_8326,clothing_1082
review_8327,clothing_1078
review_8328,clothing_1094
review_8329,clothing_1103
review_8330,clothing_1098
review_8331,clothing_1022
review_8332,clothing_1082
review_8333,clothing_940
review_8334,clothing_1047
review_8335,clothing_1098
review_8336,clothing_1098
review_8337,clothing_1098
review_8338,clothing_1098
review_8339,clothing_1098
review_8340,clothing_1098
review_8341,clothing_1116
review_8342,clothing_1098
review_8343,clothing_1094
review_8344,clothing_1087
review_8345,clothing_1047
review_8346,clothing_1098
review_8347,clothing_1078
review_8348,clothing_1087
review_8349,clothing_1098
review_8350,clothing_940
review_8351,clothing_1047
review_8352,clothing_1103
review_8353,clothing_876
review_8354,clothing_1098
review_8355,clothing_900
review_8356,clothing_1098
review_8357,clothing_1116
review_8358,clothing_1047
review_8359,clothing_1087
review_8360,clothing_1098
review_8361,clothing_940
review_8362,clothing_1082
review_8363,clothing_1094
review_8364,clothing_1098
review_8365,clothing_940
review_8366,clothing_1109
review_8367,clothing_862
review_8368,clothing_1098
review_8369,clothing_1098
review_8370,clothing_1098
review_8371,clothing_1047
review_8372,clothing_1059
review_8373,clothing_864
review_8374,clothing_1092
review_8375,clothing_1092
review_8376,clothing_1092
review_8377,clothing_1092
review_8378,clothing_1092
review_8379,clothing_1092
review_8380,clothing_1092
review_8381,clothing_1094
review_8382,clothing_1092
review_8383,clothing_1092
review_8384,clothing_1092
review_8385,clothing_1046
review_8386,clothing_1092
review_8387,clothing_1092
review_8388,clothing_1054
review_8389,clothing_823
review_8390,clothing_1046
review_8391,clothing_823
review_8392,clothing_1092
review_8393,clothing_1046
review_8394,clothing_1054
review_8395,clothing_1092
review_8396,clothing_1092
review_8397,clothing_134
review_8398,clothing_1038
review_8399,clothing_1038
review_8400,clothing_1092
review_8401,clothing_1054
review_8402,clothing_1046
review_8403,clothing_1074
review_8404,clothing_1092
review_8405,clothing_1092
review_8406,clothing_864
review_8407,clothing_864
review_8408,clothing_134
review_8409,clothing_1046
review_8410,clothing_1046
review_8411,clothing_1092
review_8412,clothing_1092
review_8413,clothing_1094
review_8414,clothing_1092
review_8415,clothing_1092
review_8416,clothing_1092
review_8417,clothing_1046
review_8418,clothing_1074
review_8419,clothing_1092
review_8420,clothing_1003
review_8421,clothing_1046
review_8422,clothing_134
review_8423,clothing_1038
review_8424,clothing_1046
review_8425,clothing_1092
review_8426,clothing_1092
review_8427,clothing_864
review_8428,clothing_1054
review_8429,clothing_1046
review_8430,clothing_1003
review_8431,clothing_1094
review_8432,clothing_1092
review_8433,clothing_1046
review_8434,clothing_1074
review_8435,clothing_1094
review_8436,clothing_1092
review_8437,clothing_1092
review_8438,clothing_1094
review_8439,clothing_823
review_8440,clothing_1046
review_8441,clothing_1092
review_8442,clothing_1046
review_8443,clothing_823
review_8444,clothing_863
review_8445,clothing_205
review_8446,clothing_863
review_8447,clothing_863
review_8448,clothing_205
review_8449,clothing_863
review_8450,clothing_1078
review_8451,clothing_895
review_8452,clothing_895
review_8453,clothing_510
review_8454,clothing_863
review_8455,clothing_895
review_8456,clothing_863
review_8457,clothing_510
review_8458,clothing_863
review_8459,clothing_863
review_8460,clothing_205
review_8461,clothing_863
review_8462,clothing_863
review_8463,clothing_863
review_8464,clothing_863
review_8465,clothing_895
review_8466,clothing_1078
review_8467,clothing_510
review_8468,clothing_863
review_8469,clothing_863
review_8470,clothing_863
review_8471,clothing_1078
review_8472,clothing_863
review_8473,clothing_1078
review_8474,clothing_863
review_8475,clothing_863
review_8476,clothing_895
review_8477,clothing_863
review_8478,clothing_863
review_8479,clothing_895
review_8480,clothing_863
review_8481,clothing_861
review_8482,clothing_866
review_8483,clothing_861
review_8484,clothing_861
review_8485,clothing_861
review_8486,clothing_895
review_8487,clothing_1050
review_8488,clothing_861
review_8489,clothing_861
review_8490,clothing_861
review_8491,clothing_866
review_8492,clothing_1152
review_8493,clothing_861
review_8494,clothing_407
review_8495,clothing_861
review_8496,clothing_861
review_8497,clothing_861
review_8498,clothing_861
review_8499,clothing_397
review_8500,clothing_895
review_8501,clothing_861
review_8502,clothing_397
review_8503,clothing_861
review_8504,clothing_861
review_8505,clothing_861
review_8506,clothing_407
review_8507,clothing_1033
review_8508,clothing_916
review_8509,clothing_861
review_8510,clothing_407
review_8511,clothing_900
review_8512,clothing_1050
review_8513,clothing_861
review_8514,clothing_1008
review_8515,clothing_895
review_8516,clothing_1030
review_8517,clothing_1030
review_8518,clothing_651
review_8519,clothing_1086
review_8520,clothing_1074
review_8521,clothing_895
review_8522,clothing_1008
review_8523,clothing_1086
review_8524,clothing_991
review_8525,clothing_312
review_8526,clothing_1008
review_8527,clothing_1074
review_8528,clothing_895
review_8529,clothing_834
review_8530,clothing_964
review_8531,clothing_873
review_8532,clothing_828
review_8533,clothing_964
review_8534,clothing_964
review_8535,clothing_964
review_8536,clothing_964
review_8537,clothing_964
review_8538,clothing_964
review_8539,clothing_834
review_8540,clothing_873
review_8541,clothing_964
review_8542,clothing_1059
review_8543,clothing_952
review_8544,clothing_873
review_8545,clothing_873
review_8546,clothing_952
review_8547,clothing_247
review_8548,clothing_952
review_8549,clothing_964
review_8550,clothing_964
review_8551,clothing_964
review_8552,clothing_952
review_8553,clothing_952
review_8554,clothing_873
review_8555,clothing_828
review_8556,clothing_964
review_8557,clothing_964
review_8558,clothing_873
review_8559,clothing_1059
review_8560,clothing_952
review_8561,clothing_964
review_8562,clothing_873
review_8563,clothing_952
review_8564,clothing_828
review_8565,clothing_1059
review_8566,clothing_964
review_8567,clothing_964
review_8568,clothing_873
review_8569,clothing_952
review_8570,clothing_952
review_8571,clothing_952
review_8572,clothing_873
review_8573,clothing_1083
review_8574,clothing_1078
review_8575,clothing_1078
review_8576,clothing_1078
review_8577,clothing_774
review_8578,clothing_1078
review_8579,clothing_774
review_8580,clothing_1078
review_8581,clothing_260
review_8582,clothing_496
review_8583,clothing_243
review_8584,clothing_774
review_8585,clothing_774
review_8586,clothing_774
review_8587,clothing_830
review_8588,clothing_828
review_8589,clothing_1078
review_8590,clothing_1096
review_8591,clothing_243
review_8592,clothing_943
review_8593,clothing_1078
review_8594,clothing_1174
review_8595,clothing_774
review_8596,clothing_1078
review_8597,clothing_1078
review_8598,clothing_243
review_8599,clothing_260
review_8600,clothing_260
review_8601,clothing_1078
review_8602,clothing_1078
review_8603,clothing_260
review_8604,clothing_1174
review_8605,clothing_279
review_8606,clothing_1096
review_8607,clothing_279
review_8608,clothing_1078
review_8609,clothing_260
review_8610,clothing_243
review_8611,clothing_920
review_8612,clothing_260
review_8613,clothing_1083
review_8614,clothing_260
review_8615,clothing_279
review_8616,clothing_1096
review_8617,clothing_279
review_8618,clothing_1078
review_8619,clothing_1078
review_8620,clothing_1078
review_8621,clothing_279
review_8622,clothing_828
review_8623,clothing_774
review_8624,clothing_1096
review_8625,clothing_1078
review_8626,clothing_774
review_8627,clothing_774
review_8628,clothing_828
review_8629,clothing_1078
review_8630,clothing_774
review_8631,clothing_828
review_8632,clothing_1078
review_8633,clothing_828
review_8634,clothing_1078
review_8635,clothing_774
review_8636,clothing_774
review_8637,clothing_828
review_8638,clothing_1078
review_8639,clothing_1078
review_8640,clothing_1078
review_8641,clothing_828
review_8642,clothing_828
review_8643,clothing_1078
review_8644,clothing_1096
review_8645,clothing_260
review_8646,clothing_260
review_8647,clothing_279
review_8648,clothing_828
review_8649,clothing_1078
review_8650,clothing_943
review_8651,clothing_1096
review_8652,clothing_774
review_8653,clothing_867
review_8654,clothing_774
review_8655,clothing_1096
review_8656,clothing_1096
review_8657,clothing_1083
review_8658,clothing_1078
review_8659,clothing_774
review_8660,clothing_1078
review_8661,clothing_1078
review_8662,clothing_260
review_8663,clothing_872
review_8664,clothing_1096
review_8665,clothing_1083
review_8666,clothing_1096
review_8667,clothing_1078
review_8668,clothing_1078
review_8669,clothing_1078
review_8670,clothing_774
review_8671,clothing_1078
review_8672,clothing_774
review_8673,clothing_828
review_8674,clothing_260
review_8675,clothing_1078
review_8676,clothing_1078
review_8677,clothing_828
review_8678,clothing_279
review_8679,clothing_260
review_8680,clothing_260
review_8681,clothing_828
review_8682,clothing_1078
review_8683,clothing_1078
review_8684,clothing_828
review_8685,clothing_1078
review_8686,clothing_1078
review_8687,clothing_260
review_8688,clothing_1078
review_8689,clothing_1078
review_8690,clothing_1096
review_8691,clothing_1096
review_8692,clothing_1078
review_8693,clothing_774
review_8694,clothing_260
review_8695,clothing_818
review_8696,clothing_841
review_8697,clothing_829
review_8698,clothing_829
review_8699,clothing_841
review_8700,clothing_836
review_8701,clothing_829
review_8702,clothing_836
review_8703,clothing_836
review_8704,clothing_829
review_8705,clothing_1116
review_8706,clothing_829
review_8707,clothing_836
review_8708,clothing_1116
review_8709,clothing_829
review_8710,clothing_829
review_8711,clothing_836
review_8712,clothing_836
review_8713,clothing_836
review_8714,clothing_836
review_8715,clothing_836
review_8716,clothing_1116
review_8717,clothing_943
review_8718,clothing_829
review_8719,clothing_836
review_8720,clothing_836
review_8721,clothing_829
review_8722,clothing_836
review_8723,clothing_836
review_8724,clothing_836
review_8725,clothing_829
review_8726,clothing_829
review_8727,clothing_836
review_8728,clothing_943
review_8729,clothing_836
review_8730,clothing_836
review_8731,clothing_836
review_8732,clothing_936
review_8733,clothing_1050
review_8734,clothing_952
review_8735,clothing_949
review_8736,clothing_1008
review_8737,clothing_1008
review_8738,clothing_952
review_8739,clothing_927
review_8740,clothing_952
review_8741,clothing_952
review_8742,clothing_952
review_8743,clothing_952
review_8744,clothing_952
review_8745,clothing_1019
review_8746,clothing_1098
review_8747,clothing_903
review_8748,clothing_927
review_8749,clothing_952
review_8750,clothing_1098
review_8751,clothing_1008
review_8752,clothing_1021
review_8753,clothing_949
review_8754,clothing_903
review_8755,clothing_952
review_8756,clothing_949
review_8757,clothing_1151
review_8758,clothing_1051
review_8759,clothing_1025
review_8760,clothing_1151
review_8761,clothing_1151
review_8762,clothing_1051
review_8763,clothing_1025
review_8764,clothing_1151
review_8765,clothing_1077
review_8766,clothing_1151
review_8767,clothing_1151
review_8768,clothing_1077
review_8769,clothing_1095
review_8770,clothing_1151
review_8771,clothing_1151
review_8772,clothing_1044
review_8773,clothing_1151
review_8774,clothing_1022
review_8775,clothing_1051
review_8776,clothing_1151
review_8777,clothing_1025
review_8778,clothing_1151
review_8779,clothing_554
review_8780,clothing_936
review_8781,clothing_936
review_8782,clothing_348
review_8783,clothing_866
review_8784,clothing_936
review_8785,clothing_861
review_8786,clothing_936
review_8787,clothing_866
review_8788,clothing_907
review_8789,clothing_907
review_8790,clothing_936
review_8791,clothing_936
review_8792,clothing_881
review_8793,clothing_936
review_8794,clothing_936
review_8795,clothing_861
review_8796,clothing_861
review_8797,clothing_936
review_8798,clothing_1028
review_8799,clothing_881
review_8800,clothing_1025
review_8801,clothing_866
review_8802,clothing_936
review_8803,clothing_936
review_8804,clothing_936
review_8805,clothing_866
review_8806,clothing_861
review_8807,clothing_907
review_8808,clothing_1100
review_8809,clothing_861
review_8810,clothing_866
review_8811,clothing_881
review_8812,clothing_868
review_8813,clothing_936
review_8814,clothing_1030
review_8815,clothing_866
review_8816,clothing_866
review_8817,clothing_936
review_8818,clothing_936
review_8819,clothing_861
review_8820,clothing_936
review_8821,clothing_936
review_8822,clothing_936
review_8823,clothing_936
review_8824,clothing_359
review_8825,clothing_1094
review_8826,clothing_984
review_8827,clothing_846
review_8828,clothing_283
review_8829,clothing_1094
review_8830,clothing_846
review_8831,clothing_1081
review_8832,clothing_1094
review_8833,clothing_993
review_8834,clothing_1094
review_8835,clothing_283
review_8836,clothing_1094
review_8837,clothing_1094
review_8838,clothing_1094
review_8839,clothing_1082
review_8840,clothing_1094
review_8841,clothing_1025
review_8842,clothing_822
review_8843,clothing_1082
review_8844,clothing_1094
review_8845,clothing_725
review_8846,clothing_1094
review_8847,clothing_1094
review_8848,clothing_1081
review_8849,clothing_283
review_8850,clothing_1088
review_8851,clothing_1094
review_8852,clothing_1082
review_8853,clothing_283
review_8854,clothing_1081
review_8855,clothing_1094
review_8856,clothing_1082
review_8857,clothing_1088
review_8858,clothing_1094
review_8859,clothing_877
review_8860,clothing_1094
review_8861,clothing_1094
review_8862,clothing_1094
review_8863,clothing_877
review_8864,clothing_993
review_8865,clothing_1081
review_8866,clothing_1024
review_8867,clothing_1080
review_8868,clothing_984
review_8869,clothing_1082
review_8870,clothing_867
review_8871,clothing_83
review_8872,clothing_867
review_8873,clothing_867
review_8874,clothing_1020
review_8875,clothing_1020
review_8876,clothing_1044
review_8877,clothing_867
review_8878,clothing_1020
review_8879,clothing_1020
review_8880,clothing_867
review_8881,clothing_867
review_8882,clothing_785
review_8883,clothing_867
review_8884,clothing_867
review_8885,clothing_1044
review_8886,clothing_878
review_8887,clothing_867
review_8888,clothing_1020
review_8889,clothing_1020
review_8890,clothing_1020
review_8891,clothing_867
review_8892,clothing_1020
review_8893,clothing_1020
review_8894,clothing_1020
review_8895,clothing_867
review_8896,clothing_1013
review_8897,clothing_828
review_8898,clothing_862
review_8899,clothing_862
review_8900,clothing_1013
review_8901,clothing_1072
review_8902,clothing_828
review_8903,clothing_844
review_8904,clothing_1001
review_8905,clothing_828
review_8906,clothing_862
review_8907,clothing_1084
review_8908,clothing_862
review_8909,clothing_854
review_8910,clothing_1033
review_8911,clothing_1001
review_8912,clothing_862
review_8913,clothing_862
review_8914,clothing_862
review_8915,clothing_862
review_8916,clothing_828
review_8917,clothing_337
review_8918,clothing_1033
review_8919,clothing_1078
review_8920,clothing_1013
review_8921,clothing_1084
review_8922,clothing_828
review_8923,clothing_102
review_8924,clothing_854
review_8925,clothing_1110
review_8926,clothing_1033
review_8927,clothing_1033
review_8928,clothing_844
review_8929,clothing_831
review_8930,clothing_854
review_8931,clothing_862
review_8932,clothing_1110
review_8933,clothing_1001
review_8934,clothing_1072
review_8935,clothing_828
review_8936,clothing_831
review_8937,clothing_844
review_8938,clothing_854
review_8939,clothing_862
review_8940,clothing_862
review_8941,clothing_844
review_8942,clothing_862
review_8943,clothing_1001
review_8944,clothing_854
review_8945,clothing_1001
review_8946,clothing_1022
review_8947,clothing_951
review_8948,clothing_1077
review_8949,clothing_951
review_8950,clothing_1097
review_8951,clothing_1077
review_8952,clothing_760
review_8953,clothing_1065
review_8954,clothing_1079
review_8955,clothing_760
review_8956,clothing_1077
review_8957,clothing_940
review_8958,clothing_940
review_8959,clothing_829
review_8960,clothing_940
review_8961,clothing_1022
review_8962,clothing_1052
review_8963,clothing_829
review_8964,clothing_940
review_8965,clothing_940
review_8966,clothing_829
review_8967,clothing_1086
review_8968,clothing_940
review_8969,clothing_940
review_8970,clothing_829
review_8971,clothing_1052
review_8972,clothing_1052
review_8973,clothing_940
review_8974,clothing_829
review_8975,clothing_829
review_8976,clothing_940
review_8977,clothing_940
review_8978,clothing_940
review_8979,clothing_829
review_8980,clothing_940
review_8981,clothing_940
review_8982,clothing_1052
review_8983,clothing_940
review_8984,clothing_940
review_8985,clothing_940
review_8986,clothing_829
review_8987,clothing_829
review_8988,clothing_940
review_8989,clothing_1094
review_8990,clothing_1052
review_8991,clothing_940
review_8992,clothing_1118
review_8993,clothing_1035
review_8994,clothing_872
review_8995,clothing_861
review_8996,clothing_61
review_8997,clothing_824
review_8998,clothing_861
review_8999,clothing_824
review_9000,clothing_909
review_9001,clothing_824
review_9002,clothing_1118
review_9003,clothing_1035
review_9004,clothing_971
review_9005,clothing_861
review_9006,clothing_1035
review_9007,clothing_872
review_9008,clothing_872
review_9009,clothing_824
review_9010,clothing_1055
review_9011,clothing_872
review_9012,clothing_61
review_9013,clothing_61
review_9014,clothing_1035
review_9015,clothing_824
review_9016,clothing_861
review_9017,clothing_872
review_9018,clothing_872
review_9019,clothing_57
review_9020,clothing_61
review_9021,clothing_861
review_9022,clothing_872
review_9023,clothing_863
review_9024,clothing_824
review_9025,clothing_1189
review_9026,clothing_824
review_9027,clothing_861
review_9028,clothing_872
review_9029,clothing_824
review_9030,clothing_823
review_9031,clothing_863
review_9032,clothing_872
review_9033,clothing_863
review_9034,clothing_863
review_9035,clothing_872
review_9036,clothing_872
review_9037,clothing_1013
review_9038,clothing_865
review_9039,clothing_824
review_9040,clothing_1189
review_9041,clothing_971
review_9042,clothing_872
review_9043,clothing_824
review_9044,clothing_824
review_9045,clothing_898
review_9046,clothing_872
review_9047,clothing_824
review_9048,clothing_1035
review_9049,clothing_824
review_9050,clothing_1189
review_9051,clothing_872
review_9052,clothing_1118
review_9053,clothing_872
review_9054,clothing_1100
review_9055,clothing_971
review_9056,clothing_861
review_9057,clothing_38
review_9058,clothing_1035
review_9059,clothing_830
review_9060,clothing_38
review_9061,clothing_861
review_9062,clothing_1123
review_9063,clothing_830
review_9064,clothing_1123
review_9065,clothing_1094
review_9066,clothing_830
review_9067,clothing_1123
review_9068,clothing_1123
review_9069,clothing_1035
review_9070,clothing_1123
review_9071,clothing_1094
review_9072,clothing_1035
review_9073,clothing_1123
review_9074,clothing_1094
review_9075,clothing_1094
review_9076,clothing_265
review_9077,clothing_1123
review_9078,clothing_871
review_9079,clothing_1123
review_9080,clothing_861
review_9081,clothing_1123
review_9082,clothing_830
review_9083,clothing_1094
review_9084,clothing_830
review_9085,clothing_1123
review_9086,clothing_1035
review_9087,clothing_830
review_9088,clothing_1035
review_9089,clothing_1123
review_9090,clothing_1123
review_9091,clothing_830
review_9092,clothing_1123
review_9093,clothing_1123
review_9094,clothing_1094
review_9095,clothing_1094
review_9096,clothing_861
review_9097,clothing_871
review_9098,clothing_1094
review_9099,clothing_1094
review_9100,clothing_1094
review_9101,clothing_871
review_9102,clothing_1094
review_9103,clothing_1035
review_9104,clothing_1035
review_9105,clothing_828
review_9106,clothing_1123
review_9107,clothing_1094
review_9108,clothing_1123
review_9109,clothing_1035
review_9110,clothing_38
review_9111,clothing_1123
review_9112,clothing_1094
review_9113,clothing_1123
review_9114,clothing_265
review_9115,clothing_1094
review_9116,clothing_622
review_9117,clothing_907
review_9118,clothing_622
review_9119,clothing_870
review_9120,clothing_870
review_9121,clothing_414
review_9122,clothing_825
review_9123,clothing_832
review_9124,clothing_907
review_9125,clothing_870
review_9126,clothing_984
review_9127,clothing_872
review_9128,clothing_622
review_9129,clothing_984
review_9130,clothing_984
review_9131,clothing_984
review_9132,clothing_622
review_9133,clothing_622
review_9134,clothing_622
review_9135,clothing_825
review_9136,clothing_872
review_9137,clothing_622
review_9138,clothing_984
review_9139,clothing_1001
review_9140,clothing_984
review_9141,clothing_907
review_9142,clothing_622
review_9143,clothing_907
review_9144,clothing_1022
review_9145,clothing_984
review_9146,clothing_949
review_9147,clothing_622
review_9148,clothing_872
review_9149,clothing_907
review_9150,clothing_907
review_9151,clothing_1031
review_9152,clothing_870
review_9153,clothing_1031
review_9154,clothing_870
review_9155,clothing_984
review_9156,clothing_622
review_9157,clothing_907
review_9158,clothing_622
review_9159,clothing_993
review_9160,clothing_860
review_9161,clothing_1126
review_9162,clothing_862
review_9163,clothing_860
review_9164,clothing_993
review_9165,clothing_1126
review_9166,clothing_1126
review_9167,clothing_862
review_9168,clothing_1104
review_9169,clothing_862
review_9170,clothing_862
review_9171,clothing_829
review_9172,clothing_993
review_9173,clothing_862
review_9174,clothing_1104
review_9175,clothing_860
review_9176,clothing_860
review_9177,clothing_1104
review_9178,clothing_1104
review_9179,clothing_829
review_9180,clothing_862
review_9181,clothing_1146
review_9182,clothing_1104
review_9183,clothing_1126
review_9184,clothing_862
review_9185,clothing_1104
review_9186,clothing_862
review_9187,clothing_860
review_9188,clothing_862
review_9189,clothing_862
review_9190,clothing_862
review_9191,clothing_862
review_9192,clothing_860
review_9193,clothing_1126
review_9194,clothing_1104
review_9195,clothing_1126
review_9196,clothing_862
review_9197,clothing_862
review_9198,clothing_1126
review_9199,clothing_862
review_9200,clothing_862
review_9201,clothing_862
review_9202,clothing_1074
review_9203,clothing_862
review_9204,clothing_860
review_9205,clothing_860
review_9206,clothing_862
review_9207,clothing_862
review_9208,clothing_860
review_9209,clothing_862
review_9210,clothing_133
review_9211,clothing_862
review_9212,clothing_829
review_9213,clothing_862
review_9214,clothing_862
review_9215,clothing_133
review_9216,clothing_1104
review_9217,clothing_1104
review_9218,clothing_862
review_9219,clothing_862
review_9220,clothing_1060
review_9221,clothing_133
review_9222,clothing_829
review_9223,clothing_1086
review_9224,clothing_912
review_9225,clothing_912
review_9226,clothing_1086
review_9227,clothing_927
review_9228,clothing_868
review_9229,clothing_820
review_9230,clothing_1086
review_9231,clothing_1027
review_9232,clothing_1086
review_9233,clothing_1086
review_9234,clothing_1072
review_9235,clothing_820
review_9236,clothing_916
review_9237,clothing_927
review_9238,clothing_1086
review_9239,clothing_820
review_9240,clothing_831
review_9241,clothing_868
review_9242,clothing_1072
review_9243,clothing_1030
review_9244,clothing_1086
review_9245,clothing_1072
review_9246,clothing_1027
review_9247,clothing_1086
review_9248,clothing_927
review_9249,clothing_1086
review_9250,clothing_1086
review_9251,clothing_863
review_9252,clothing_927
review_9253,clothing_818
review_9254,clothing_820
review_9255,clothing_916
review_9256,clothing_835
review_9257,clothing_835
review_9258,clothing_835
review_9259,clothing_1086
review_9260,clothing_1086
review_9261,clothing_1079
review_9262,clothing_1072
review_9263,clothing_818
review_9264,clothing_1086
review_9265,clothing_831
review_9266,clothing_927
review_9267,clothing_927
review_9268,clothing_868
review_9269,clothing_820
review_9270,clothing_1075
review_9271,clothing_868
review_9272,clothing_1086
review_9273,clothing_1086
review_9274,clothing_1176
review_9275,clothing_818
review_9276,clothing_927
review_9277,clothing_1086
review_9278,clothing_1080
review_9279,clothing_1030
review_9280,clothing_1086
review_9281,clothing_927
review_9282,clothing_1086
review_9283,clothing_1080
review_9284,clothing_927
review_9285,clothing_1072
review_9286,clothing_1086
review_9287,clothing_1086
review_9288,clothing_916
review_9289,clothing_916
review_9290,clothing_1086
review_9291,clothing_820
review_9292,clothing_1080
review_9293,clothing_1027
review_9294,clothing_1072
review_9295,clothing_1086
review_9296,clothing_927
review_9297,clothing_1086
review_9298,clothing_1030
review_9299,clothing_1086
review_9300,clothing_881
review_9301,clothing_959
review_9302,clothing_834
review_9303,clothing_815
review_9304,clothing_940
review_9305,clothing_815
review_9306,clothing_834
review_9307,clothing_815
review_9308,clothing_815
review_9309,clothing_834
review_9310,clothing_834
review_9311,clothing_834
review_9312,clothing_999
review_9313,clothing_1086
review_9314,clothing_815
review_9315,clothing_959
review_9316,clothing_815
review_9317,clothing_834
review_9318,clothing_1039
review_9319,clothing_834
review_9320,clothing_815
review_9321,clothing_1080
review_9322,clothing_999
review_9323,clothing_834
review_9324,clothing_834
review_9325,clothing_834
review_9326,clothing_959
review_9327,clothing_834
review_9328,clothing_940
review_9329,clothing_1086
review_9330,clothing_834
review_9331,clothing_815
review_9332,clothing_834
review_9333,clothing_834
review_9334,clothing_868
review_9335,clothing_1059
review_9336,clothing_895
review_9337,clothing_854
review_9338,clothing_868
review_9339,clothing_965
review_9340,clothing_868
review_9341,clothing_1059
review_9342,clothing_895
review_9343,clothing_1066
review_9344,clothing_895
review_9345,clothing_965
review_9346,clothing_895
review_9347,clothing_868
review_9348,clothing_895
review_9349,clothing_868
review_9350,clothing_868
review_9351,clothing_868
review_9352,clothing_1059
review_9353,clothing_866
review_9354,clothing_895
review_9355,clothing_1110
review_9356,clothing_1059
review_9357,clothing_854
review_9358,clothing_861
review_9359,clothing_854
review_9360,clothing_868
review_9361,clothing_1059
review_9362,clothing_868
review_9363,clothing_1004
review_9364,clothing_861
review_9365,clothing_854
review_9366,clothing_863
review_9367,clothing_861
review_9368,clothing_866
review_9369,clothing_1059
review_9370,clothing_1110
review_9371,clothing_965
review_9372,clothing_854
review_9373,clothing_866
review_9374,clothing_866
review_9375,clothing_866
review_9376,clothing_854
review_9377,clothing_866
review_9378,clothing_965
review_9379,clothing_895
review_9380,clothing_868
review_9381,clothing_895
review_9382,clothing_1110
review_9383,clothing_861
review_9384,clothing_1059
review_9385,clothing_895
review_9386,clothing_895
review_9387,clothing_854
review_9388,clothing_895
review_9389,clothing_1066
review_9390,clothing_318
review_9391,clothing_854
review_9392,clothing_868
review_9393,clothing_861
review_9394,clothing_868
review_9395,clothing_854
review_9396,clothing_318
review_9397,clothing_861
review_9398,clothing_830
review_9399,clothing_830
review_9400,clothing_1094
review_9401,clothing_868
review_9402,clothing_872
review_9403,clothing_868
review_9404,clothing_1094
review_9405,clothing_1030
review_9406,clothing_1030
review_9407,clothing_1094
review_9408,clothing_1094
review_9409,clothing_1022
review_9410,clothing_858
review_9411,clothing_1094
review_9412,clothing_1094
review_9413,clothing_1094
review_9414,clothing_1094
review_9415,clothing_1094
review_9416,clothing_1094
review_9417,clothing_1094
review_9418,clothing_841
review_9419,clothing_1094
review_9420,clothing_1094
review_9421,clothing_850
review_9422,clothing_1094
review_9423,clothing_1094
review_9424,clothing_1094
review_9425,clothing_829
review_9426,clothing_1104
review_9427,clothing_1094
review_9428,clothing_868
review_9429,clothing_1094
review_9430,clothing_1094
review_9431,clothing_1094
review_9432,clothing_868
review_9433,clothing_799
review_9434,clothing_1104
review_9435,clothing_1022
review_9436,clothing_1094
review_9437,clothing_1094
review_9438,clothing_898
review_9439,clothing_829
review_9440,clothing_829
review_9441,clothing_898
review_9442,clothing_872
review_9443,clothing_829
review_9445,clothing_974
review_9446,clothing_1022
review_9447,clothing_1022
review_9448,clothing_829
review_9449,clothing_974
review_9450,clothing_885
review_9451,clothing_825
review_9452,clothing_974
review_9453,clothing_885
review_9454,clothing_872
review_9455,clothing_872
review_9456,clothing_898
review_9457,clothing_872
review_9458,clothing_162
review_9459,clothing_872
review_9460,clothing_872
review_9461,clothing_872
review_9462,clothing_872
review_9463,clothing_162
review_9464,clothing_854
review_9465,clothing_854
review_9466,clothing_1086
review_9467,clothing_854
review_9468,clothing_854
review_9469,clothing_1047
review_9470,clothing_854
review_9471,clothing_829
review_9472,clothing_863
review_9473,clothing_1099
review_9474,clothing_854
review_9475,clothing_1086
review_9476,clothing_863
review_9477,clothing_854
review_9478,clothing_854
review_9479,clothing_829
review_9480,clothing_826
review_9481,clothing_863
review_9482,clothing_854
review_9483,clothing_1047
review_9484,clothing_829
review_9485,clothing_854
review_9486,clothing_843
review_9487,clothing_829
review_9488,clothing_843
review_9489,clothing_1047
review_9490,clothing_854
review_9491,clothing_854
review_9492,clothing_826
review_9493,clothing_1094
review_9494,clothing_1075
review_9495,clothing_1094
review_9496,clothing_1094
review_9497,clothing_1079
review_9498,clothing_895
review_9499,clothing_1094
review_9500,clothing_865
review_9501,clothing_839
review_9502,clothing_895
review_9503,clothing_1094
review_9504,clothing_1075
review_9505,clothing_1094
review_9506,clothing_895
review_9507,clothing_860
review_9508,clothing_1094
review_9509,clothing_867
review_9510,clothing_865
review_9511,clothing_1075
review_9512,clothing_895
review_9513,clothing_871
review_9514,clothing_895
review_9515,clothing_1075
review_9516,clothing_1075
review_9517,clothing_860
review_9518,clothing_1094
review_9519,clothing_865
review_9520,clothing_895
review_9521,clothing_895
review_9522,clothing_1094
review_9523,clothing_1094
review_9524,clothing_895
review_9525,clothing_1075
review_9526,clothing_1075
review_9527,clothing_1094
review_9528,clothing_1094
review_9529,clothing_895
review_9530,clothing_895
review_9531,clothing_1075
review_9532,clothing_895
review_9533,clothing_820
review_9534,clothing_836
review_9535,clothing_862
review_9536,clothing_836
review_9537,clothing_864
review_9538,clothing_862
review_9539,clothing_862
review_9540,clothing_879
review_9541,clothing_1104
review_9542,clothing_912
review_9543,clothing_836
review_9544,clothing_836
review_9545,clothing_996
review_9546,clothing_996
review_9547,clothing_836
review_9548,clothing_862
review_9549,clothing_836
review_9550,clothing_1104
review_9551,clothing_879
review_9552,clothing_879
review_9553,clothing_1104
review_9554,clothing_1104
review_9555,clothing_1104
review_9556,clothing_1104
review_9557,clothing_836
review_9558,clothing_1104
review_9559,clothing_820
review_9560,clothing_864
review_9561,clothing_1104
review_9562,clothing_1104
review_9563,clothing_836
review_9564,clothing_836
review_9565,clothing_862
review_9566,clothing_862
review_9567,clothing_1095
review_9568,clothing_1095
review_9569,clothing_399
review_9570,clothing_1066
review_9571,clothing_862
review_9572,clothing_1083
review_9573,clothing_1066
review_9574,clothing_826
review_9575,clothing_1148
review_9576,clothing_826
review_9577,clothing_1066
review_9578,clothing_862
review_9579,clothing_826
review_9580,clothing_1081
review_9581,clothing_986
review_9582,clothing_1081
review_9583,clothing_1081
review_9584,clothing_1148
review_9585,clothing_1148
review_9586,clothing_826
review_9587,clothing_928
review_9588,clothing_1066
review_9589,clothing_1081
review_9590,clothing_1081
review_9591,clothing_862
review_9592,clothing_1104
review_9593,clothing_1083
review_9594,clothing_941
review_9595,clothing_862
review_9596,clothing_862
review_9597,clothing_1104
review_9598,clothing_1066
review_9599,clothing_826
review_9600,clothing_1066
review_9601,clothing_945
review_9602,clothing_872
review_9603,clothing_820
review_9604,clothing_820
review_9605,clothing_872
review_9606,clothing_872
review_9607,clothing_868
review_9608,clothing_820
review_9609,clothing_872
review_9610,clothing_820
review_9611,clothing_862
review_9612,clothing_868
review_9613,clothing_872
review_9614,clothing_868
review_9615,clothing_868
review_9616,clothing_872
review_9617,clothing_868
review_9618,clothing_868
review_9619,clothing_829
review_9620,clothing_872
review_9621,clothing_872
review_9622,clothing_764
review_9623,clothing_862
review_9624,clothing_872
review_9625,clothing_872
review_9626,clothing_872
review_9627,clothing_862
review_9628,clothing_872
review_9629,clothing_868
review_9630,clothing_868
review_9631,clothing_862
review_9632,clothing_868
review_9633,clothing_862
review_9634,clothing_820
review_9635,clothing_862
review_9636,clothing_820
review_9637,clothing_872
review_9638,clothing_872
review_9639,clothing_868
review_9640,clothing_868
review_9641,clothing_872
review_9642,clothing_945
review_9643,clothing_868
review_9644,clothing_872
review_9645,clothing_828
review_9646,clothing_1095
review_9647,clothing_828
review_9648,clothing_828
review_9649,clothing_219
review_9650,clothing_828
review_9651,clothing_1059
review_9652,clothing_1059
review_9653,clothing_1077
review_9654,clothing_828
review_9655,clothing_828
review_9656,clothing_828
review_9657,clothing_1095
review_9658,clothing_828
review_9659,clothing_828
review_9660,clothing_828
review_9661,clothing_1059
review_9662,clothing_828
review_9663,clothing_827
review_9664,clothing_865
review_9665,clothing_828
review_9666,clothing_828
review_9667,clothing_828
review_9668,clothing_828
review_9669,clothing_828
review_9670,clothing_865
review_9671,clothing_828
review_9672,clothing_826
review_9673,clothing_865
review_9674,clothing_828
review_9675,clothing_865
review_9676,clothing_996
review_9677,clothing_828
review_9678,clothing_1059
review_9679,clothing_1095
review_9680,clothing_828
review_9681,clothing_865
review_9682,clothing_1059
review_9683,clothing_1025
review_9684,clothing_865
review_9685,clothing_828
review_9686,clothing_828
review_9687,clothing_828
review_9688,clothing_865
review_9689,clothing_828
review_9690,clothing_828
review_9691,clothing_822
review_9692,clothing_865
review_9693,clothing_865
review_9694,clothing_828
review_9695,clothing_1095
review_9696,clothing_1095
review_9697,clothing_1077
review_9698,clothing_825
review_9699,clothing_865
review_9700,clothing_1025
review_9701,clothing_828
review_9702,clothing_828
review_9703,clothing_1077
review_9704,clothing_828
review_9705,clothing_828
review_9706,clothing_828
review_9707,clothing_828
review_9708,clothing_1077
review_9709,clothing_828
review_9710,clothing_865
review_9711,clothing_828
review_9712,clothing_865
review_9713,clothing_1025
review_9714,clothing_1095
review_9715,clothing_828
review_9716,clothing_828
review_9717,clothing_1059
review_9718,clothing_827
review_9719,clothing_1077
review_9720,clothing_1056
review_9721,clothing_545
review_9722,clothing_1022
review_9723,clothing_1056
review_9724,clothing_1022
review_9725,clothing_1056
review_9726,clothing_1022
review_9727,clothing_1056
review_9728,clothing_1084
review_9729,clothing_1056
review_9730,clothing_875
review_9731,clothing_1056
review_9732,clothing_1056
review_9733,clothing_1053
review_9734,clothing_1056
review_9735,clothing_1003
review_9736,clothing_1056
review_9737,clothing_1056
review_9738,clothing_1056
review_9739,clothing_1053
review_9740,clothing_1056
review_9741,clothing_1022
review_9742,clothing_1056
review_9743,clothing_1056
review_9744,clothing_1084
review_9745,clothing_1022
review_9746,clothing_850
review_9747,clothing_1072
review_9748,clothing_927
review_9749,clothing_895
review_9750,clothing_895
review_9751,clothing_1135
review_9752,clothing_895
review_9753,clothing_895
review_9754,clothing_895
review_9755,clothing_1075
review_9756,clothing_1075
review_9757,clothing_1075
review_9758,clothing_850
review_9759,clothing_1075
review_9760,clothing_850
review_9761,clothing_261
review_9762,clothing_850
review_9763,clothing_895
review_9764,clothing_850
review_9765,clothing_1072
review_9766,clothing_850
review_9767,clothing_850
review_9768,clothing_1075
review_9769,clothing_895
review_9770,clothing_850
review_9771,clothing_1075
review_9772,clothing_895
review_9773,clothing_1072
review_9774,clothing_850
review_9775,clothing_826
review_9776,clothing_835
review_9777,clothing_895
review_9778,clothing_1072
review_9779,clothing_933
review_9780,clothing_741
review_9781,clothing_933
review_9782,clothing_933
review_9783,clothing_824
review_9784,clothing_944
review_9785,clothing_933
review_9786,clothing_933
review_9787,clothing_933
review_9788,clothing_944
review_9789,clothing_933
review_9790,clothing_933
review_9791,clothing_933
review_9792,clothing_944
review_9793,clothing_741
review_9794,clothing_933
review_9795,clothing_583
review_9796,clothing_741
review_9797,clothing_933
review_9798,clothing_933
review_9799,clothing_933
review_9800,clothing_583
review_9801,clothing_933
review_9802,clothing_583
review_9803,clothing_933
review_9804,clothing_933
review_9805,clothing_583
review_9806,clothing_933
review_9807,clothing_1052
review_9808,clothing_583
review_9809,clothing_1052
review_9810,clothing_933
review_9811,clothing_933
review_9812,clothing_933
review_9813,clothing_828
review_9814,clothing_933
review_9815,clothing_933
review_9816,clothing_933
review_9817,clothing_933
review_9818,clothing_933
review_9819,clothing_824
review_9820,clothing_933
review_9821,clothing_933
review_9822,clothing_933
review_9823,clothing_1089
review_9824,clothing_944
review_9825,clothing_1080
review_9826,clothing_1078
review_9827,clothing_872
review_9828,clothing_872
review_9829,clothing_1078
review_9830,clothing_1135
review_9831,clothing_1056
review_9832,clothing_1078
review_9833,clothing_1089
review_9834,clothing_1078
review_9835,clothing_1078
review_9836,clothing_1080
review_9837,clothing_1078
review_9838,clothing_1082
review_9839,clothing_1082
review_9840,clothing_1080
review_9841,clothing_899
review_9842,clothing_1078
review_9843,clothing_1080
review_9844,clothing_899
review_9845,clothing_1078
review_9846,clothing_944
review_9847,clothing_1056
review_9848,clothing_1056
review_9849,clothing_1078
review_9850,clothing_1056
review_9851,clothing_1089
review_9852,clothing_1089
review_9853,clothing_1078
review_9854,clothing_1089
review_9855,clothing_1080
review_9856,clothing_1135
review_9857,clothing_1056
review_9858,clothing_944
review_9859,clothing_1078
review_9860,clothing_1078
review_9861,clothing_1056
review_9862,clothing_1056
review_9863,clothing_1078
review_9864,clothing_1056
review_9865,clothing_1078
review_9866,clothing_1078
review_9867,clothing_1056
review_9868,clothing_1078
review_9869,clothing_872
review_9870,clothing_1056
review_9871,clothing_1089
review_9872,clothing_1078
review_9873,clothing_825
review_9874,clothing_1056
review_9875,clothing_1115
review_9876,clothing_860
review_9877,clothing_1084
review_9878,clothing_860
review_9879,clothing_1008
review_9880,clothing_860
review_9881,clothing_1115
review_9882,clothing_961
review_9883,clothing_895
review_9884,clothing_1115
review_9885,clothing_1115
review_9886,clothing_860
review_9887,clothing_794
review_9888,clothing_588
review_9889,clothing_588
review_9890,clothing_860
review_9891,clothing_895
review_9892,clothing_860
review_9893,clothing_1084
review_9894,clothing_860
review_9895,clothing_1115
review_9896,clothing_1008
review_9897,clothing_941
review_9898,clothing_1115
review_9899,clothing_868
review_9900,clothing_588
review_9901,clothing_860
review_9902,clothing_1115
review_9903,clothing_1084
review_9904,clothing_860
review_9905,clothing_864
review_9906,clothing_1115
review_9907,clothing_1115
review_9908,clothing_895
review_9909,clothing_961
review_9910,clothing_860
review_9911,clothing_860
review_9912,clothing_1074
review_9913,clothing_860
review_9914,clothing_860
review_9915,clothing_895
review_9916,clothing_1115
review_9917,clothing_1115
review_9918,clothing_588
review_9919,clothing_1084
review_9920,clothing_860
review_9921,clothing_961
review_9922,clothing_1115
review_9923,clothing_860
review_9924,clothing_1084
review_9925,clothing_895
review_9926,clothing_1115
review_9927,clothing_961
review_9928,clothing_860
review_9929,clothing_1115
review_9930,clothing_1115
review_9931,clothing_860
review_9932,clothing_860
review_9933,clothing_864
review_9934,clothing_794
review_9935,clothing_860
review_9936,clothing_961
review_9937,clothing_860
review_9938,clothing_860
review_9939,clothing_1115
review_9940,clothing_873
review_9941,clothing_1115
review_9942,clothing_899
review_9943,clothing_1035
review_9944,clothing_1035
review_9945,clothing_1080
review_9946,clothing_1035
review_9947,clothing_862
review_9948,clothing_1022
review_9949,clothing_1022
review_9950,clothing_1022
review_9951,clothing_899
review_9952,clothing_1022
review_9953,clothing_1035
review_9954,clothing_1022
review_9955,clothing_1035
review_9956,clothing_1022
review_9957,clothing_1022
review_9958,clothing_1111
review_9959,clothing_1022
review_9960,clothing_1035
review_9961,clothing_1022
review_9962,clothing_1111
review_9963,clothing_862
review_9964,clothing_899
review_9965,clothing_1080
review_9966,clothing_1111
review_9967,clothing_899
review_9968,clothing_1062
review_9969,clothing_1022
review_9970,clothing_1035
review_9971,clothing_1080
review_9972,clothing_990
review_9973,clothing_1111
review_9974,clothing_1035
review_9975,clothing_1028
review_9976,clothing_864
review_9977,clothing_965
review_9978,clothing_1110
review_9979,clothing_1110
review_9980,clothing_1110
review_9981,clothing_1110
review_9982,clothing_1110
review_9983,clothing_1110
review_9984,clothing_1110
review_9985,clothing_1110
review_9986,clothing_1110
review_9987,clothing_863
review_9988,clothing_1110
review_9989,clothing_1110
review_9990,clothing_965
review_9991,clothing_1110
review_9992,clothing_1110
review_9993,clothing_1110
review_9994,clothing_1110
review_9995,clothing_1110
review_9996,clothing_1110
review_9997,clothing_863
review_9998,clothing_863
review_9999,clothing_817
review_10000,clothing_863
review_10001,clothing_1110
review_10002,clothing_1028
review_10003,clothing_589
review_10004,clothing_1110
review_10005,clothing_1110
review_10006,clothing_863
review_10007,clothing_1110
review_10008,clothing_1110
review_10009,clothing_817
review_10010,clothing_1110
review_10011,clothing_1110
review_10012,clothing_1110
review_10013,clothing_1110
review_10014,clothing_1110
review_10015,clothing_1110
review_10016,clothing_1110
review_10017,clothing_1110
review_10018,clothing_1110
review_10019,clothing_965
review_10020,clothing_1110
review_10021,clothing_960
review_10022,clothing_1037
review_10023,clothing_1087
review_10024,clothing_1081
review_10025,clothing_829
review_10026,clothing_1081
review_10027,clothing_1087
review_10028,clothing_1037
review_10029,clothing_1037
review_10030,clothing_829
review_10031,clothing_1081
review_10032,clothing_1087
review_10033,clothing_1037
review_10034,clothing_1037
review_10035,clothing_1037
review_10036,clothing_829
review_10037,clothing_1087
review_10038,clothing_1081
review_10039,clothing_1037
review_10040,clothing_1103
review_10041,clothing_829
review_10042,clothing_1037
review_10043,clothing_1037
review_10044,clothing_1087
review_10045,clothing_1037
review_10046,clothing_1103
review_10047,clothing_1103
review_10048,clothing_1087
review_10049,clothing_1081
review_10050,clothing_1081
review_10051,clothing_1037
review_10052,clothing_1037
review_10053,clothing_1081
review_10054,clothing_1081
review_10055,clothing_1037
review_10056,clothing_1081
review_10057,clothing_1081
review_10058,clothing_1037
review_10059,clothing_1103
review_10060,clothing_1037
review_10061,clothing_1171
review_10062,clothing_829
review_10063,clothing_1081
review_10064,clothing_1037
review_10065,clothing_1081
review_10066,clothing_1037
review_10067,clothing_1171
review_10068,clothing_1081
review_10069,clothing_863
review_10070,clothing_1110
review_10071,clothing_498
review_10072,clothing_863
review_10073,clothing_1110
review_10074,clothing_1036
review_10075,clothing_881
review_10076,clothing_1110
review_10077,clothing_863
review_10078,clothing_498
review_10079,clothing_498
review_10080,clothing_863
review_10081,clothing_975
review_10082,clothing_835
review_10083,clothing_1110
review_10084,clothing_863
review_10085,clothing_1095
review_10086,clothing_863
review_10087,clothing_498
review_10088,clothing_863
review_10089,clothing_863
review_10090,clothing_1110
review_10091,clothing_863
review_10092,clothing_498
review_10093,clothing_1074
review_10094,clothing_863
review_10095,clothing_1110
review_10096,clothing_937
review_10097,clothing_1110
review_10098,clothing_863
review_10099,clothing_975
review_10100,clothing_863
review_10101,clothing_881
review_10102,clothing_863
review_10103,clothing_863
review_10104,clothing_863
review_10105,clothing_498
review_10106,clothing_863
review_10107,clothing_937
review_10108,clothing_1110
review_10109,clothing_863
review_10110,clothing_863
review_10111,clothing_975
review_10112,clothing_863
review_10113,clothing_996
review_10114,clothing_863
review_10115,clothing_1036
review_10116,clothing_863
review_10117,clothing_965
review_10118,clothing_835
review_10119,clothing_937
review_10120,clothing_1110
review_10121,clothing_560
review_10122,clothing_820
review_10123,clothing_839
review_10124,clothing_820
review_10125,clothing_1081
review_10126,clothing_820
review_10127,clothing_820
review_10128,clothing_829
review_10129,clothing_872
review_10130,clothing_820
review_10131,clothing_829
review_10132,clothing_872
review_10133,clothing_820
review_10134,clothing_1066
review_10135,clothing_1066
review_10136,clothing_820
review_10137,clothing_872
review_10138,clothing_872
review_10139,clothing_820
review_10140,clothing_839
review_10141,clothing_990
review_10142,clothing_829
review_10143,clothing_837
review_10144,clothing_872
review_10145,clothing_872
review_10146,clothing_820
review_10147,clothing_820
review_10148,clothing_872
review_10149,clothing_839
review_10150,clothing_872
review_10151,clothing_829
review_10152,clothing_872
review_10153,clothing_820
review_10154,clothing_829
review_10155,clothing_872
review_10156,clothing_820
review_10157,clothing_872
review_10158,clothing_820
review_10159,clothing_877
review_10160,clothing_1005
review_10161,clothing_877
review_10162,clothing_376
review_10163,clothing_1104
review_10164,clothing_862
review_10165,clothing_936
review_10166,clothing_936
review_10167,clothing_1096
review_10168,clothing_862
review_10169,clothing_147
review_10170,clothing_1123
review_10171,clothing_862
review_10172,clothing_1096
review_10173,clothing_1076
review_10174,clothing_1123
review_10175,clothing_376
review_10176,clothing_1076
review_10177,clothing_1096
review_10178,clothing_86
review_10179,clothing_877
review_10180,clothing_1123
review_10181,clothing_881
review_10182,clothing_1096
review_10183,clothing_862
review_10184,clothing_376
review_10185,clothing_264
review_10186,clothing_1076
review_10187,clothing_1076
review_10188,clothing_831
review_10189,clothing_1076
review_10190,clothing_147
review_10191,clothing_1096
review_10192,clothing_909
review_10193,clothing_1096
review_10194,clothing_1076
review_10195,clothing_1076
review_10196,clothing_1135
review_10197,clothing_865
review_10198,clothing_1076
review_10199,clothing_936
review_10200,clothing_1059
review_10201,clothing_147
review_10202,clothing_909
review_10203,clothing_1096
review_10204,clothing_1076
review_10205,clothing_1096
review_10206,clothing_877
review_10207,clothing_1096
review_10208,clothing_927
review_10209,clothing_936
review_10210,clothing_936
review_10211,clothing_936
review_10212,clothing_1096
review_10213,clothing_1096
review_10214,clothing_936
review_10215,clothing_936
review_10216,clothing_1123
review_10217,clothing_877
review_10218,clothing_1135
review_10219,clothing_1092
review_10220,clothing_1096
review_10221,clothing_1076
review_10222,clothing_877
review_10223,clothing_1096
review_10224,clothing_147
review_10225,clothing_1123
review_10226,clothing_1123
review_10227,clothing_936
review_10228,clothing_877
review_10229,clothing_935
review_10230,clothing_1096
review_10231,clothing_1096
review_10232,clothing_877
review_10233,clothing_1104
review_10234,clothing_975
review_10235,clothing_131
review_10236,clothing_131
review_10237,clothing_880
review_10238,clothing_870
review_10239,clothing_895
review_10240,clothing_895
review_10241,clothing_592
review_10242,clothing_592
review_10243,clothing_895
review_10244,clothing_895
review_10245,clothing_880
review_10246,clothing_843
review_10247,clothing_863
review_10248,clothing_895
review_10249,clothing_131
review_10250,clothing_592
review_10251,clothing_592
review_10252,clothing_870
review_10253,clothing_880
review_10254,clothing_131
review_10255,clothing_975
review_10256,clothing_895
review_10257,clothing_895
review_10258,clothing_131
review_10259,clothing_1033
review_10260,clothing_860
review_10261,clothing_1056
review_10262,clothing_1110
review_10263,clothing_1116
review_10264,clothing_860
review_10265,clothing_1110
review_10266,clothing_858
review_10267,clothing_1033
review_10268,clothing_1110
review_10269,clothing_950
review_10270,clothing_1110
review_10271,clothing_916
review_10272,clothing_619
review_10273,clothing_1056
review_10274,clothing_1033
review_10275,clothing_916
review_10276,clothing_860
review_10277,clothing_964
review_10278,clothing_1056
review_10279,clothing_1056
review_10280,clothing_860
review_10281,clothing_626
review_10282,clothing_1110
review_10283,clothing_858
review_10284,clothing_1033
review_10285,clothing_964
review_10286,clothing_1033
review_10287,clothing_1110
review_10288,clothing_950
review_10289,clothing_1033
review_10290,clothing_1116
review_10291,clothing_916
review_10292,clothing_860
review_10293,clothing_1056
review_10294,clothing_860
review_10295,clothing_858
review_10296,clothing_1094
review_10297,clothing_148
review_10298,clothing_860
review_10299,clothing_1110
review_10300,clothing_1033
review_10301,clothing_1116
review_10302,clothing_964
review_10303,clothing_1110
review_10304,clothing_619
review_10305,clothing_1033
review_10306,clothing_860
review_10307,clothing_860
review_10308,clothing_1033
review_10309,clothing_1110
review_10310,clothing_1056
review_10311,clothing_1110
review_10312,clothing_860
review_10313,clothing_1033
review_10314,clothing_1080
review_10315,clothing_860
review_10316,clothing_1110
review_10317,clothing_1033
review_10318,clothing_1056
review_10319,clothing_1110
review_10320,clothing_1110
review_10321,clothing_1033
review_10322,clothing_1080
review_10323,clothing_1033
review_10324,clothing_619
review_10325,clothing_626
review_10326,clothing_1033
review_10327,clothing_626
review_10328,clothing_1110
review_10329,clothing_148
review_10330,clothing_619
review_10331,clothing_1110
review_10332,clothing_619
review_10333,clothing_1110
review_10334,clothing_1056
review_10335,clothing_860
review_10336,clothing_148
review_10337,clothing_1110
review_10338,clothing_619
review_10339,clothing_1033
review_10340,clothing_1110
review_10341,clothing_619
review_10342,clothing_844
review_10343,clothing_1110
review_10344,clothing_1094
review_10345,clothing_950
review_10346,clothing_1056
review_10347,clothing_1056
review_10348,clothing_1110
review_10349,clothing_1116
review_10350,clothing_1033
review_10351,clothing_1110
review_10352,clothing_1110
review_10353,clothing_1080
review_10354,clothing_1110
review_10355,clothing_860
review_10356,clothing_1094
review_10357,clothing_1033
review_10358,clothing_1033
review_10359,clothing_964
review_10360,clothing_1033
review_10361,clothing_1072
review_10362,clothing_996
review_10363,clothing_1020
review_10364,clothing_1039
review_10365,clothing_1094
review_10366,clothing_1111
review_10367,clothing_1020
review_10368,clothing_1033
review_10369,clothing_1094
review_10370,clothing_1072
review_10371,clothing_1056
review_10372,clothing_1020
review_10373,clothing_1094
review_10374,clothing_1094
review_10375,clothing_1020
review_10376,clothing_1094
review_10377,clothing_1094
review_10378,clothing_1094
review_10379,clothing_1020
review_10380,clothing_1094
review_10381,clothing_941
review_10382,clothing_1020
review_10383,clothing_1033
review_10384,clothing_830
review_10385,clothing_1094
review_10386,clothing_1008
review_10387,clothing_1094
review_10388,clothing_1094
review_10389,clothing_1072
review_10390,clothing_1085
review_10391,clothing_1013
review_10392,clothing_1033
review_10393,clothing_1094
review_10394,clothing_941
review_10395,clothing_1072
review_10396,clothing_1008
review_10397,clothing_1033
review_10398,clothing_1094
review_10399,clothing_1020
review_10400,clothing_1094
review_10401,clothing_1020
review_10402,clothing_941
review_10403,clothing_1094
review_10404,clothing_941
review_10405,clothing_1020
review_10406,clothing_1039
review_10407,clothing_1072
review_10408,clothing_1094
review_10409,clothing_941
review_10410,clothing_941
review_10411,clothing_1020
review_10412,clothing_1033
review_10413,clothing_1020
review_10414,clothing_1094
review_10415,clothing_1020
review_10416,clothing_1072
review_10417,clothing_1056
review_10418,clothing_1072
review_10419,clothing_996
review_10420,clothing_1020
review_10421,clothing_1072
review_10422,clothing_1072
review_10423,clothing_1094
review_10424,clothing_1078
review_10425,clothing_1078
review_10426,clothing_1078
review_10427,clothing_1038
review_10428,clothing_819
review_10429,clothing_1078
review_10430,clothing_1126
review_10431,clothing_862
review_10432,clothing_1078
review_10433,clothing_819
review_10434,clothing_1078
review_10435,clothing_1038
review_10436,clothing_1078
review_10437,clothing_1078
review_10438,clothing_819
review_10439,clothing_1126
review_10440,clothing_1078
review_10441,clothing_819
review_10442,clothing_1116
review_10443,clothing_1078
review_10444,clothing_862
review_10445,clothing_1116
review_10446,clothing_873
review_10447,clothing_888
review_10448,clothing_827
review_10449,clothing_862
review_10450,clothing_862
review_10451,clothing_1078
review_10452,clothing_1035
review_10453,clothing_819
review_10454,clothing_1116
review_10455,clothing_1126
review_10456,clothing_1116
review_10457,clothing_1116
review_10458,clothing_819
review_10459,clothing_1078
review_10460,clothing_1038
review_10461,clothing_1116
review_10462,clothing_862
review_10463,clothing_1038
review_10464,clothing_1088
review_10465,clothing_862
review_10466,clothing_1078
review_10467,clothing_1116
review_10468,clothing_1078
review_10469,clothing_1038
review_10470,clothing_818
review_10471,clothing_873
review_10472,clothing_1078
review_10473,clothing_1078
review_10474,clothing_1035
review_10475,clothing_1078
review_10476,clothing_1078
review_10477,clothing_1078
review_10478,clothing_862
review_10479,clothing_873
review_10480,clothing_862
review_10481,clothing_1080
review_10482,clothing_1080
review_10483,clothing_574
review_10484,clothing_1110
review_10485,clothing_929
review_10486,clothing_1110
review_10487,clothing_1080
review_10488,clothing_860
review_10489,clothing_909
review_10490,clothing_254
review_10491,clothing_833
review_10492,clothing_1080
review_10493,clothing_1080
review_10494,clothing_1110
review_10495,clothing_1022
review_10496,clothing_254
review_10497,clothing_1080
review_10498,clothing_1080
review_10499,clothing_1110
review_10500,clothing_254
review_10501,clothing_254
review_10502,clothing_1080
review_10503,clothing_1022
review_10504,clothing_1080
review_10505,clothing_1080
review_10506,clothing_929
review_10507,clothing_1080
review_10508,clothing_833
review_10509,clothing_1110
review_10510,clothing_1110
review_10511,clothing_1080
review_10512,clothing_1080
review_10513,clothing_860
review_10514,clothing_1080
review_10515,clothing_254
review_10516,clothing_574
review_10517,clothing_1110
review_10518,clothing_860
review_10519,clothing_254
review_10520,clothing_909
review_10521,clothing_860
review_10522,clothing_1080
review_10523,clothing_1110
review_10524,clothing_1022
review_10525,clothing_1080
review_10526,clothing_1080
review_10527,clothing_1110
review_10528,clothing_860
review_10529,clothing_929
review_10530,clothing_1074
review_10531,clothing_929
review_10532,clothing_833
review_10533,clothing_833
review_10534,clothing_929
review_10535,clothing_1110
review_10536,clothing_1022
review_10537,clothing_1110
review_10538,clothing_1080
review_10539,clothing_860
review_10540,clothing_1110
review_10541,clothing_1080
review_10542,clothing_1080
review_10543,clothing_833
review_10544,clothing_860
review_10545,clothing_1135
review_10546,clothing_1110
review_10547,clothing_833
review_10548,clothing_1028
review_10549,clothing_860
review_10550,clothing_860
review_10551,clothing_254
review_10552,clothing_1022
review_10553,clothing_833
review_10554,clothing_1074
review_10555,clothing_1022
review_10556,clothing_254
review_10557,clothing_574
review_10558,clothing_860
review_10559,clothing_1080
review_10560,clothing_1110
review_10561,clothing_1022
review_10562,clothing_909
review_10563,clothing_1080
review_10564,clothing_929
review_10565,clothing_1080
review_10566,clothing_860
review_10567,clothing_860
review_10568,clothing_1110
review_10569,clothing_929
review_10570,clothing_1110
review_10571,clothing_1080
review_10572,clothing_860
review_10573,clothing_929
review_10574,clothing_860
review_10575,clothing_929
review_10576,clothing_1080
review_10577,clothing_1080
review_10578,clothing_254
review_10579,clothing_1080
review_10580,clothing_1080
review_10581,clothing_1080
review_10582,clothing_1022
review_10583,clothing_1080
review_10584,clothing_254
review_10585,clothing_895
review_10586,clothing_1080
review_10587,clothing_1080
review_10588,clothing_1022
review_10589,clothing_929
review_10590,clothing_1110
review_10591,clothing_1110
review_10592,clothing_860
review_10593,clothing_1080
review_10594,clothing_879
review_10595,clothing_1009
review_10596,clothing_1068
review_10597,clothing_879
review_10598,clothing_1025
review_10599,clothing_284
review_10600,clothing_862
review_10601,clothing_1009
review_10602,clothing_1086
review_10603,clothing_838
review_10604,clothing_838
review_10605,clothing_1100
review_10606,clothing_877
review_10607,clothing_157
review_10608,clothing_1068
review_10609,clothing_862
review_10610,clothing_879
review_10611,clothing_157
review_10612,clothing_838
review_10613,clothing_1028
review_10614,clothing_1028
review_10615,clothing_157
review_10616,clothing_1068
review_10617,clothing_1028
review_10618,clothing_877
review_10619,clothing_1068
review_10620,clothing_838
review_10621,clothing_838
review_10622,clothing_1100
review_10623,clothing_877
review_10624,clothing_877
review_10625,clothing_877
review_10626,clothing_1060
review_10627,clothing_1036
review_10628,clothing_879
review_10629,clothing_836
review_10630,clothing_1036
review_10631,clothing_1068
review_10632,clothing_879
review_10633,clothing_879
review_10634,clothing_1060
review_10635,clothing_1068
review_10636,clothing_862
review_10637,clothing_838
review_10638,clothing_862
review_10639,clothing_1068
review_10640,clothing_879
review_10641,clothing_1068
review_10642,clothing_838
review_10643,clothing_877
review_10644,clothing_771
review_10645,clothing_879
review_10646,clothing_1025
review_10647,clothing_862
review_10648,clothing_1028
review_10649,clothing_1068
review_10650,clothing_877
review_10651,clothing_1083
review_10652,clothing_1078
review_10653,clothing_1083
review_10654,clothing_1083
review_10655,clothing_1083
review_10656,clothing_1083
review_10657,clothing_1083
review_10658,clothing_1083
review_10659,clothing_1083
review_10660,clothing_1083
review_10661,clothing_1083
review_10662,clothing_1083
review_10663,clothing_1083
review_10664,clothing_1083
review_10665,clothing_1078
review_10666,clothing_1083
review_10667,clothing_1083
review_10668,clothing_1083
review_10669,clothing_1083
review_10670,clothing_1083
review_10671,clothing_1083
review_10672,clothing_1083
review_10673,clothing_1083
review_10674,clothing_1002
review_10675,clothing_1083
review_10676,clothing_1083
review_10677,clothing_1078
review_10678,clothing_632
review_10679,clothing_1083
review_10680,clothing_1078
review_10681,clothing_1022
review_10682,clothing_1083
review_10683,clothing_1083
review_10684,clothing_907
review_10685,clothing_1083
review_10686,clothing_1002
review_10687,clothing_1083
review_10688,clothing_1083
review_10689,clothing_1083
review_10690,clothing_1083
review_10691,clothing_1083
review_10692,clothing_1083
review_10693,clothing_1083
review_10694,clothing_1083
review_10695,clothing_1083
review_10696,clothing_1083
review_10697,clothing_1083
review_10698,clothing_1083
review_10699,clothing_1083
review_10700,clothing_907
review_10701,clothing_1083
review_10702,clothing_871
review_10703,clothing_1083
review_10704,clothing_1022
review_10705,clothing_1083
review_10706,clothing_936
review_10707,clothing_1083
review_10708,clothing_632
review_10709,clothing_1083
review_10710,clothing_1083
review_10711,clothing_1022
review_10712,clothing_1022
review_10713,clothing_1083
review_10714,clothing_1083
review_10715,clothing_1083
review_10716,clothing_867
review_10717,clothing_865
review_10718,clothing_1066
review_10719,clothing_867
review_10720,clothing_87
review_10721,clothing_867
review_10722,clothing_456
review_10723,clothing_865
review_10724,clothing_1037
review_10725,clothing_1037
review_10726,clothing_456
review_10727,clothing_1009
review_10728,clothing_865
review_10729,clothing_1066
review_10730,clothing_456
review_10731,clothing_1037
review_10732,clothing_1066
review_10733,clothing_886
review_10734,clothing_865
review_10735,clothing_865
review_10736,clothing_1037
review_10737,clothing_1037
review_10738,clothing_867
review_10739,clothing_1037
review_10740,clothing_1067
review_10741,clothing_477
review_10742,clothing_838
review_10743,clothing_886
review_10744,clothing_1067
review_10745,clothing_1066
review_10746,clothing_1037
review_10747,clothing_1066
review_10748,clothing_1008
review_10749,clothing_1037
review_10750,clothing_886
review_10751,clothing_704
review_10752,clothing_456
review_10753,clothing_864
review_10754,clothing_1037
review_10755,clothing_945
review_10756,clothing_960
review_10757,clothing_864
review_10758,clothing_1030
review_10759,clothing_1030
review_10760,clothing_1037
review_10761,clothing_864
review_10762,clothing_1081
review_10763,clothing_864
review_10764,clothing_1081
review_10765,clothing_864
review_10766,clothing_864
review_10767,clothing_1037
review_10768,clothing_864
review_10769,clothing_1037
review_10770,clothing_960
review_10771,clothing_960
review_10772,clothing_209
review_10773,clothing_864
review_10774,clothing_864
review_10775,clothing_1081
review_10776,clothing_960
review_10777,clothing_1037
review_10778,clothing_1037
review_10779,clothing_867
review_10780,clothing_960
review_10781,clothing_864
review_10782,clothing_1110
review_10783,clothing_904
review_10784,clothing_1110
review_10785,clothing_1110
review_10786,clothing_1038
review_10787,clothing_1078
review_10788,clothing_907
review_10789,clothing_1020
review_10790,clothing_907
review_10791,clothing_996
review_10792,clothing_907
review_10793,clothing_1110
review_10794,clothing_1110
review_10795,clothing_868
review_10796,clothing_315
review_10797,clothing_315
review_10798,clothing_1003
review_10799,clothing_1104
review_10800,clothing_1110
review_10801,clothing_22
review_10802,clothing_125
review_10803,clothing_868
review_10804,clothing_907
review_10805,clothing_1078
review_10806,clothing_907
review_10807,clothing_907
review_10808,clothing_907
review_10809,clothing_1110
review_10810,clothing_437
review_10811,clothing_1110
review_10812,clothing_907
review_10813,clothing_437
review_10814,clothing_1110
review_10815,clothing_907
review_10816,clothing_1110
review_10817,clothing_907
review_10818,clothing_315
review_10819,clothing_1020
review_10820,clothing_907
review_10821,clothing_1110
review_10822,clothing_1110
review_10823,clothing_1020
review_10824,clothing_907
review_10825,clothing_1110
review_10826,clothing_907
review_10827,clothing_1003
review_10828,clothing_1038
review_10829,clothing_1110
review_10830,clothing_907
review_10831,clothing_1110
review_10832,clothing_1078
review_10833,clothing_1110
review_10834,clothing_1038
review_10835,clothing_1038
review_10836,clothing_1110
review_10837,clothing_1078
review_10838,clothing_1110
review_10839,clothing_1078
review_10840,clothing_1110
review_10841,clothing_1078
review_10842,clothing_1110
review_10843,clothing_1078
review_10844,clothing_1078
review_10845,clothing_1110
review_10846,clothing_907
review_10847,clothing_1110
review_10848,clothing_125
review_10849,clothing_437
review_10850,clothing_854
review_10851,clothing_854
review_10852,clothing_1081
review_10853,clothing_1081
review_10854,clothing_939
review_10855,clothing_854
review_10856,clothing_1081
review_10857,clothing_1025
review_10858,clothing_743
review_10859,clothing_1025
review_10860,clothing_863
review_10861,clothing_1081
review_10862,clothing_1081
review_10863,clothing_860
review_10864,clothing_992
review_10865,clothing_1081
review_10866,clothing_1081
review_10867,clothing_863
review_10868,clothing_1081
review_10869,clothing_863
review_10870,clothing_1099
review_10871,clothing_863
review_10872,clothing_1081
review_10873,clothing_1099
review_10874,clothing_860
review_10875,clothing_119
review_10876,clothing_119
review_10877,clothing_1081
review_10878,clothing_860
review_10879,clothing_1099
review_10880,clothing_863
review_10881,clothing_1081
review_10882,clothing_854
review_10883,clothing_863
review_10884,clothing_1081
review_10885,clothing_960
review_10886,clothing_1081
review_10887,clothing_1081
review_10888,clothing_1081
review_10889,clothing_863
review_10890,clothing_1026
review_10891,clothing_1081
review_10892,clothing_863
review_10893,clothing_1099
review_10894,clothing_1099
review_10895,clothing_863
review_10896,clothing_863
review_10897,clothing_119
review_10898,clothing_860
review_10899,clothing_1081
review_10900,clothing_1081
review_10901,clothing_1026
review_10902,clothing_759
review_10903,clothing_1081
review_10904,clothing_815
review_10905,clothing_1081
review_10906,clothing_1025
review_10907,clothing_1081
review_10908,clothing_1081
review_10909,clothing_992
review_10910,clothing_1099
review_10911,clothing_1081
review_10912,clothing_1081
review_10913,clothing_1027
review_10914,clothing_863
review_10915,clothing_854
review_10916,clothing_815
review_10917,clothing_854
review_10918,clothing_960
review_10919,clothing_1083
review_10920,clothing_1086
review_10921,clothing_1092
review_10922,clothing_1092
review_10923,clothing_1094
review_10924,clothing_1083
review_10925,clothing_1083
review_10926,clothing_1092
review_10927,clothing_1083
review_10928,clothing_1086
review_10929,clothing_1083
review_10930,clothing_1083
review_10931,clothing_1083
review_10932,clothing_1094
review_10933,clothing_1083
review_10934,clothing_1092
review_10935,clothing_1092
review_10936,clothing_1092
review_10937,clothing_1083
review_10938,clothing_1083
review_10939,clothing_1092
review_10940,clothing_1094
review_10941,clothing_1086
review_10942,clothing_1092
review_10943,clothing_172
review_10944,clothing_1092
review_10945,clothing_172
review_10946,clothing_172
review_10947,clothing_1107
review_10948,clothing_1092
review_10949,clothing_1107
review_10950,clothing_1092
review_10951,clothing_1083
review_10952,clothing_1083
review_10953,clothing_1083
review_10954,clothing_1094
review_10955,clothing_1092
review_10956,clothing_1092
review_10957,clothing_986
review_10958,clothing_1086
review_10959,clothing_1083
review_10960,clothing_1053
review_10961,clothing_1086
review_10962,clothing_1094
review_10963,clothing_1092
review_10964,clothing_1083
review_10965,clothing_1086
review_10966,clothing_1094
review_10967,clothing_1092
review_10968,clothing_1092
review_10969,clothing_1008
review_10970,clothing_1092
review_10971,clothing_1083
review_10972,clothing_934
review_10973,clothing_172
review_10974,clothing_1092
review_10975,clothing_1092
review_10976,clothing_1092
review_10977,clothing_1086
review_10978,clothing_1008
review_10979,clothing_1092
review_10980,clothing_1092
review_10981,clothing_1092
review_10982,clothing_172
review_10983,clothing_1092
review_10984,clothing_1092
review_10985,clothing_1107
review_10986,clothing_1092
review_10987,clothing_1092
review_10988,clothing_1092
review_10989,clothing_1092
review_10990,clothing_1092
review_10991,clothing_1092
review_10992,clothing_1083
review_10993,clothing_1092
review_10994,clothing_1086
review_10995,clothing_172
review_10996,clothing_1092
review_10997,clothing_172
review_10998,clothing_1008
review_10999,clothing_1086
review_11000,clothing_1086
review_11001,clothing_1086
review_11002,clothing_986
review_11003,clothing_1086
review_11004,clothing_1083
review_11005,clothing_990
review_11006,clothing_1092
review_11007,clothing_1092
review_11008,clothing_1086
review_11009,clothing_172
review_11010,clothing_1066
review_11011,clothing_1093
review_11012,clothing_943
review_11013,clothing_1093
review_11014,clothing_825
review_11015,clothing_1094
review_11016,clothing_1093
review_11017,clothing_1093
review_11018,clothing_1086
review_11019,clothing_1035
review_11020,clothing_877
review_11021,clothing_1035
review_11022,clothing_1093
review_11023,clothing_943
review_11024,clothing_1035
review_11025,clothing_1050
review_11026,clothing_830
review_11027,clothing_830
review_11028,clothing_143
review_11029,clothing_872
review_11030,clothing_877
review_11031,clothing_823
review_11032,clothing_872
review_11033,clothing_1093
review_11034,clothing_877
review_11035,clothing_1093
review_11036,clothing_1093
review_11037,clothing_1050
review_11038,clothing_830
review_11039,clothing_1093
review_11040,clothing_1050
review_11041,clothing_1050
review_11042,clothing_1093
review_11043,clothing_12
review_11044,clothing_877
review_11045,clothing_1093
review_11046,clothing_1093
review_11047,clothing_1094
review_11048,clothing_356
review_11049,clothing_1093
review_11050,clothing_1050
review_11051,clothing_1093
review_11052,clothing_1050
review_11053,clothing_1103
review_11054,clothing_866
review_11055,clothing_1092
review_11056,clothing_866
review_11057,clothing_664
review_11058,clothing_1092
review_11059,clothing_866
review_11060,clothing_403
review_11061,clothing_1103
review_11062,clothing_831
review_11063,clothing_868
review_11064,clothing_791
review_11065,clothing_1092
review_11066,clothing_866
review_11067,clothing_866
review_11068,clothing_403
review_11069,clothing_1086
review_11070,clothing_1086
review_11071,clothing_1103
review_11072,clothing_1092
review_11073,clothing_1086
review_11074,clothing_628
review_11075,clothing_664
review_11076,clothing_866
review_11077,clothing_831
review_11078,clothing_90
review_11079,clothing_876
review_11080,clothing_873
review_11081,clothing_1030
review_11082,clothing_90
review_11083,clothing_90
review_11084,clothing_90
review_11085,clothing_90
review_11086,clothing_208
review_11087,clothing_872
review_11088,clothing_90
review_11089,clothing_829
review_11090,clothing_872
review_11091,clothing_90
review_11092,clothing_829
review_11093,clothing_873
review_11094,clothing_873
review_11095,clothing_1030
review_11096,clothing_873
review_11097,clothing_829
review_11098,clothing_873
review_11099,clothing_873
review_11100,clothing_90
review_11101,clothing_1110
review_11102,clothing_90
review_11103,clothing_873
review_11104,clothing_876
review_11105,clothing_829
review_11106,clothing_829
review_11107,clothing_90
review_11108,clothing_872
review_11109,clothing_90
review_11110,clothing_90
review_11111,clothing_873
review_11112,clothing_829
review_11113,clothing_90
review_11114,clothing_829
review_11115,clothing_873
review_11116,clothing_876
review_11117,clothing_829
review_11118,clothing_829
review_11119,clothing_90
review_11120,clothing_1075
review_11121,clothing_820
review_11122,clothing_862
review_11123,clothing_906
review_11124,clothing_906
review_11125,clothing_996
review_11126,clothing_862
review_11127,clothing_1080
review_11128,clothing_1025
review_11129,clothing_1075
review_11130,clothing_862
review_11131,clothing_862
review_11132,clothing_1025
review_11133,clothing_1020
review_11134,clothing_1078
review_11135,clothing_1028
review_11136,clothing_862
review_11137,clothing_575
review_11138,clothing_1078
review_11139,clothing_862
review_11140,clothing_1078
review_11141,clothing_1115
review_11142,clothing_1025
review_11143,clothing_1075
review_11144,clothing_1075
review_11145,clothing_1028
review_11146,clothing_862
review_11147,clothing_1078
review_11148,clothing_862
review_11149,clothing_862
review_11150,clothing_862
review_11151,clothing_906
review_11152,clothing_1115
review_11153,clothing_1075
review_11154,clothing_1075
review_11155,clothing_1020
review_11156,clothing_862
review_11157,clothing_862
review_11158,clothing_862
review_11159,clothing_1025
review_11160,clothing_1078
review_11161,clothing_906
review_11162,clothing_1020
review_11163,clothing_996
review_11164,clothing_996
review_11165,clothing_862
review_11166,clothing_1078
review_11167,clothing_906
review_11168,clothing_862
review_11169,clothing_862
review_11170,clothing_1075
review_11171,clothing_1025
review_11172,clothing_862
review_11173,clothing_996
review_11174,clothing_1025
review_11175,clothing_1075
review_11176,clothing_906
review_11177,clothing_1078
review_11178,clothing_996
review_11179,clothing_1075
review_11180,clothing_1078
review_11181,clothing_1025
review_11182,clothing_820
review_11183,clothing_996
review_11184,clothing_1025
review_11185,clothing_862
review_11186,clothing_820
review_11187,clothing_1078
review_11188,clothing_1024
review_11189,clothing_375
review_11190,clothing_111
review_11191,clothing_375
review_11192,clothing_864
review_11193,clothing_375
review_11194,clothing_872
review_11195,clothing_864
review_11196,clothing_375
review_11197,clothing_375
review_11198,clothing_949
review_11199,clothing_872
review_11200,clothing_858
review_11201,clothing_558
review_11202,clothing_1095
review_11203,clothing_830
review_11204,clothing_375
review_11205,clothing_872
review_11206,clothing_864
review_11207,clothing_375
review_11208,clothing_375
review_11209,clothing_872
review_11210,clothing_872
review_11211,clothing_830
review_11212,clothing_872
review_11213,clothing_872
review_11214,clothing_1068
review_11215,clothing_1126
review_11216,clothing_375
review_11217,clothing_872
review_11218,clothing_1068
review_11219,clothing_558
review_11220,clothing_375
review_11221,clothing_375
review_11222,clothing_872
review_11223,clothing_872
review_11224,clothing_872
review_11225,clothing_375
review_11226,clothing_375
review_11227,clothing_1126
review_11228,clothing_872
review_11229,clothing_949
review_11230,clothing_1068
review_11231,clothing_872
review_11232,clothing_864
review_11233,clothing_872
review_11234,clothing_872
review_11235,clothing_872
review_11236,clothing_558
review_11237,clothing_872
review_11238,clothing_375
review_11239,clothing_872
review_11240,clothing_558
review_11241,clothing_1068
review_11242,clothing_375
review_11243,clothing_864
review_11244,clothing_830
review_11245,clothing_872
review_11246,clothing_375
review_11247,clothing_1087
review_11248,clothing_1009
review_11249,clothing_375
review_11250,clothing_872
review_11251,clothing_872
review_11252,clothing_864
review_11253,clothing_872
review_11254,clothing_864
review_11255,clothing_864
review_11256,clothing_864
review_11257,clothing_872
review_11258,clothing_375
review_11259,clothing_830
review_11260,clothing_864
review_11261,clothing_1022
review_11262,clothing_872
review_11263,clothing_375
review_11264,clothing_872
review_11265,clothing_1045
review_11266,clothing_1096
review_11267,clothing_1094
review_11268,clothing_829
review_11269,clothing_1096
review_11270,clothing_1096
review_11271,clothing_1096
review_11272,clothing_829
review_11273,clothing_829
review_11274,clothing_829
review_11275,clothing_829
review_11276,clothing_829
review_11277,clothing_829
review_11278,clothing_872
review_11279,clothing_1096
review_11280,clothing_1094
review_11281,clothing_829
review_11282,clothing_1096
review_11283,clothing_829
review_11284,clothing_829
review_11285,clothing_1096
review_11286,clothing_1094
review_11287,clothing_829
review_11288,clothing_829
review_11289,clothing_1096
review_11290,clothing_1096
review_11291,clothing_873
review_11292,clothing_1094
review_11293,clothing_829
review_11294,clothing_829
review_11295,clothing_868
review_11296,clothing_873
review_11297,clothing_1096
review_11298,clothing_829
review_11299,clothing_829
review_11300,clothing_829
review_11301,clothing_1096
review_11302,clothing_829
review_11303,clothing_830
review_11304,clothing_829
review_11305,clothing_877
review_11306,clothing_1096
review_11307,clothing_873
review_11308,clothing_829
review_11309,clothing_986
review_11310,clothing_1094
review_11311,clothing_986
review_11312,clothing_873
review_11313,clothing_829
review_11314,clothing_829
review_11315,clothing_831
review_11316,clothing_873
review_11317,clothing_829
review_11318,clothing_1094
review_11319,clothing_829
review_11320,clothing_829
review_11321,clothing_1094
review_11322,clothing_829
review_11323,clothing_872
review_11324,clothing_1096
review_11325,clothing_873
review_11326,clothing_829
review_11327,clothing_829
review_11328,clothing_1096
review_11329,clothing_1081
review_11330,clothing_1096
review_11331,clothing_829
review_11332,clothing_1096
review_11333,clothing_829
review_11334,clothing_829
review_11335,clothing_873
review_11336,clothing_1096
review_11337,clothing_829
review_11338,clothing_829
review_11339,clothing_1096
review_11340,clothing_829
review_11341,clothing_829
review_11342,clothing_831
review_11343,clothing_829
review_11344,clothing_829
review_11345,clothing_1086
review_11346,clothing_956
review_11347,clothing_1086
review_11348,clothing_1086
review_11349,clothing_561
review_11350,clothing_1022
review_11351,clothing_975
review_11352,clothing_1022
review_11353,clothing_1022
review_11354,clothing_1022
review_11355,clothing_731
review_11356,clothing_1086
review_11357,clothing_1086
review_11358,clothing_995
review_11359,clothing_956
review_11360,clothing_1022
review_11361,clothing_1022
review_11362,clothing_1086
review_11363,clothing_1089
review_11364,clothing_956
review_11365,clothing_975
review_11366,clothing_1086
review_11367,clothing_1022
review_11368,clothing_995
review_11369,clothing_933
review_11370,clothing_1086
review_11371,clothing_1086
review_11372,clothing_1086
review_11373,clothing_1089
review_11374,clothing_731
review_11375,clothing_1022
review_11376,clothing_1022
review_11377,clothing_1022
review_11378,clothing_995
review_11379,clothing_1022
review_11380,clothing_1086
review_11381,clothing_933
review_11382,clothing_1022
review_11383,clothing_1081
review_11384,clothing_895
review_11385,clothing_1025
review_11386,clothing_1094
review_11387,clothing_1025
review_11388,clothing_1025
review_11389,clothing_1081
review_11390,clothing_967
review_11391,clothing_1074
review_11392,clothing_1094
review_11393,clothing_1081
review_11394,clothing_1074
review_11395,clothing_1022
review_11396,clothing_847
review_11397,clothing_1074
review_11398,clothing_1081
review_11399,clothing_1070
review_11400,clothing_1081
review_11401,clothing_1074
review_11402,clothing_834
review_11403,clothing_1030
review_11404,clothing_1081
review_11405,clothing_895
review_11406,clothing_572
review_11407,clothing_834
review_11408,clothing_834
review_11409,clothing_967
review_11410,clothing_1074
review_11411,clothing_1094
review_11412,clothing_1025
review_11413,clothing_1081
review_11414,clothing_1070
review_11415,clothing_1030
review_11416,clothing_1074
review_11417,clothing_895
review_11418,clothing_1081
review_11419,clothing_572
review_11420,clothing_1022
review_11421,clothing_868
review_11422,clothing_861
review_11423,clothing_1072
review_11424,clothing_1072
review_11425,clothing_1104
review_11426,clothing_868
review_11427,clothing_825
review_11428,clothing_1104
review_11429,clothing_1022
review_11430,clothing_1104
review_11431,clothing_903
review_11432,clothing_1104
review_11433,clothing_868
review_11434,clothing_868
review_11435,clothing_868
review_11436,clothing_1072
review_11437,clothing_868
review_11438,clothing_868
review_11439,clothing_868
review_11440,clothing_868
review_11441,clothing_1072
review_11442,clothing_825
review_11443,clothing_1072
review_11444,clothing_868
review_11445,clothing_868
review_11446,clothing_868
review_11447,clothing_1022
review_11448,clothing_868
review_11449,clothing_868
review_11450,clothing_868
review_11451,clothing_1072
review_11452,clothing_1022
review_11453,clothing_868
review_11454,clothing_868
review_11455,clothing_861
review_11456,clothing_701
review_11457,clothing_1065
review_11458,clothing_868
review_11459,clothing_868
review_11460,clothing_868
review_11461,clothing_1072
review_11462,clothing_1072
review_11463,clothing_1072
review_11464,clothing_868
review_11465,clothing_1072
review_11466,clothing_1025
review_11467,clothing_903
review_11468,clothing_1072
review_11469,clothing_1025
review_11470,clothing_1025
review_11471,clothing_1022
review_11472,clothing_903
review_11473,clothing_1025
review_11474,clothing_825
review_11475,clothing_868
review_11476,clothing_1025
review_11477,clothing_868
review_11478,clothing_868
review_11479,clothing_861
review_11480,clothing_1025
review_11481,clothing_868
review_11482,clothing_868
review_11483,clothing_868
review_11484,clothing_868
review_11485,clothing_825
review_11486,clothing_939
review_11487,clothing_868
review_11488,clothing_1025
review_11489,clothing_868
review_11490,clothing_868
review_11491,clothing_868
review_11492,clothing_868
review_11493,clothing_1072
review_11494,clothing_868
review_11495,clothing_1104
review_11496,clothing_868
review_11497,clothing_939
review_11498,clothing_862
review_11499,clothing_941
review_11500,clothing_1081
review_11501,clothing_941
review_11502,clothing_941
review_11503,clothing_1081
review_11504,clothing_862
review_11505,clothing_941
review_11506,clothing_941
review_11507,clothing_941
review_11508,clothing_1081
review_11509,clothing_941
review_11510,clothing_941
review_11511,clothing_1081
review_11512,clothing_1081
review_11513,clothing_1081
review_11514,clothing_1066
review_11515,clothing_1081
review_11516,clothing_941
review_11517,clothing_862
review_11518,clothing_1066
review_11519,clothing_1131
review_11520,clothing_941
review_11521,clothing_141
review_11522,clothing_941
review_11523,clothing_965
review_11524,clothing_941
review_11525,clothing_941
review_11526,clothing_1081
review_11527,clothing_941
review_11528,clothing_1131
review_11529,clothing_862
review_11530,clothing_862
review_11531,clothing_941
review_11532,clothing_941
review_11533,clothing_1119
review_11534,clothing_867
review_11535,clothing_867
review_11536,clothing_949
review_11537,clothing_867
review_11538,clothing_667
review_11539,clothing_863
review_11540,clothing_863
review_11541,clothing_867
review_11542,clothing_998
review_11543,clothing_998
review_11544,clothing_867
review_11545,clothing_949
review_11546,clothing_995
review_11547,clothing_667
review_11548,clothing_949
review_11549,clothing_863
review_11550,clothing_867
review_11551,clothing_867
review_11552,clothing_1119
review_11553,clothing_867
review_11554,clothing_667
review_11555,clothing_858
review_11556,clothing_863
review_11557,clothing_667
review_11558,clothing_867
review_11559,clothing_867
review_11560,clothing_949
review_11561,clothing_867
review_11562,clothing_1119
review_11563,clothing_863
review_11564,clothing_863
review_11565,clothing_863
review_11566,clothing_867
review_11567,clothing_1119
review_11568,clothing_667
review_11569,clothing_667
review_11570,clothing_862
review_11571,clothing_835
review_11572,clothing_983
review_11573,clothing_835
review_11574,clothing_835
review_11575,clothing_862
review_11576,clothing_824
review_11577,clothing_824
review_11578,clothing_1110
review_11579,clothing_862
review_11580,clothing_862
review_11581,clothing_824
review_11582,clothing_1078
review_11583,clothing_903
review_11584,clothing_1110
review_11585,clothing_835
review_11586,clothing_862
review_11587,clothing_862
review_11588,clothing_824
review_11589,clothing_835
review_11590,clothing_903
review_11591,clothing_835
review_11592,clothing_903
review_11593,clothing_1110
review_11594,clothing_950
review_11595,clothing_1078
review_11596,clothing_939
review_11597,clothing_950
review_11598,clothing_1078
review_11599,clothing_835
review_11600,clothing_858
review_11601,clothing_862
review_11602,clothing_835
review_11603,clothing_862
review_11604,clothing_862
review_11605,clothing_835
review_11606,clothing_983
review_11607,clothing_835
review_11608,clothing_1110
review_11609,clothing_824
review_11610,clothing_950
review_11611,clothing_824
review_11612,clothing_835
review_11613,clothing_983
review_11614,clothing_1110
review_11615,clothing_862
review_11616,clothing_1078
review_11617,clothing_939
review_11618,clothing_840
review_11619,clothing_862
review_11620,clothing_862
review_11621,clothing_1078
review_11622,clothing_862
review_11623,clothing_862
review_11624,clothing_983
review_11625,clothing_835
review_11626,clothing_835
review_11627,clothing_983
review_11628,clothing_950
review_11629,clothing_835
review_11630,clothing_840
review_11631,clothing_1078
review_11632,clothing_983
review_11633,clothing_1110
review_11634,clothing_840
review_11635,clothing_862
review_11636,clothing_939
review_11637,clothing_835
review_11638,clothing_1078
review_11639,clothing_824
review_11640,clothing_858
review_11641,clothing_950
review_11642,clothing_840
review_11643,clothing_862
review_11644,clothing_835
review_11645,clothing_824
review_11646,clothing_835
review_11647,clothing_835
review_11648,clothing_868
review_11649,clothing_1078
review_11650,clothing_693
review_11651,clothing_850
review_11652,clothing_1022
review_11653,clothing_1022
review_11654,clothing_861
review_11655,clothing_850
review_11656,clothing_868
review_11657,clothing_1078
review_11658,clothing_850
review_11659,clothing_868
review_11660,clothing_1022
review_11661,clothing_964
review_11662,clothing_1078
review_11663,clothing_861
review_11664,clothing_1022
review_11665,clothing_1078
review_11666,clothing_901
review_11667,clothing_1078
review_11668,clothing_1022
review_11669,clothing_868
review_11670,clothing_682
review_11671,clothing_850
review_11672,clothing_693
review_11673,clothing_693
review_11674,clothing_1078
review_11675,clothing_1092
review_11676,clothing_825
review_11677,clothing_825
review_11678,clothing_830
review_11679,clothing_830
review_11680,clothing_1078
review_11681,clothing_825
review_11682,clothing_825
review_11683,clothing_825
review_11684,clothing_830
review_11685,clothing_825
review_11686,clothing_457
review_11687,clothing_1078
review_11688,clothing_825
review_11689,clothing_830
review_11690,clothing_1078
review_11691,clothing_1092
review_11692,clothing_1078
review_11693,clothing_1028
review_11694,clothing_1028
review_11695,clothing_825
review_11696,clothing_1078
review_11697,clothing_1028
review_11698,clothing_1078
review_11699,clothing_1092
review_11700,clothing_1028
review_11701,clothing_825
review_11702,clothing_1078
review_11703,clothing_1025
review_11704,clothing_1025
review_11705,clothing_1078
review_11706,clothing_1099
review_11707,clothing_867
review_11708,clothing_1036
review_11709,clothing_1078
review_11710,clothing_867
review_11711,clothing_867
review_11712,clothing_1078
review_11713,clothing_815
review_11714,clothing_867
review_11715,clothing_960
review_11716,clothing_927
review_11717,clothing_850
review_11718,clothing_867
review_11719,clothing_850
review_11720,clothing_1078
review_11721,clothing_927
review_11722,clothing_975
review_11723,clothing_1078
review_11724,clothing_867
review_11725,clothing_850
review_11726,clothing_1117
review_11727,clothing_867
review_11728,clothing_960
review_11729,clothing_927
review_11730,clothing_1078
review_11731,clothing_850
review_11732,clothing_960
review_11733,clothing_850
review_11734,clothing_850
review_11735,clothing_867
review_11736,clothing_1078
review_11737,clothing_850
review_11738,clothing_867
review_11739,clothing_960
review_11740,clothing_1078
review_11741,clothing_1078
review_11742,clothing_960
review_11743,clothing_960
review_11744,clothing_1038
review_11745,clothing_1078
review_11746,clothing_867
review_11747,clothing_927
review_11748,clothing_867
review_11749,clothing_1078
review_11750,clothing_1078
review_11751,clothing_867
review_11752,clothing_1078
review_11753,clothing_850
review_11754,clothing_960
review_11755,clothing_818
review_11756,clothing_868
review_11757,clothing_1022
review_11758,clothing_518
review_11759,clothing_1079
review_11760,clothing_1022
review_11761,clothing_907
review_11762,clothing_1079
review_11763,clothing_1022
review_11764,clothing_868
review_11765,clothing_1079
review_11766,clothing_986
review_11767,clothing_1079
review_11768,clothing_1079
review_11769,clothing_1022
review_11770,clothing_829
review_11771,clothing_1054
review_11772,clothing_865
review_11773,clothing_986
review_11774,clothing_1022
review_11775,clothing_829
review_11776,clothing_829
review_11777,clothing_1052
review_11778,clothing_1022
review_11779,clothing_1054
review_11780,clothing_1079
review_11781,clothing_865
review_11782,clothing_1054
review_11783,clothing_868
review_11784,clothing_1052
review_11785,clothing_829
review_11786,clothing_1079
review_11787,clothing_1052
review_11788,clothing_695
review_11789,clothing_1079
review_11790,clothing_865
review_11791,clothing_1079
review_11792,clothing_1052
review_11793,clothing_829
review_11794,clothing_907
review_11795,clothing_907
review_11796,clothing_1054
review_11797,clothing_1022
review_11798,clothing_829
review_11799,clothing_1054
review_11800,clothing_1054
review_11801,clothing_1079
review_11802,clothing_907
review_11803,clothing_1079
review_11804,clothing_907
review_11805,clothing_1079
review_11806,clothing_1079
review_11807,clothing_868
review_11808,clothing_1079
review_11809,clothing_865
review_11810,clothing_695
review_11811,clothing_829
review_11812,clothing_1079
review_11813,clothing_868
review_11814,clothing_518
review_11815,clothing_1079
review_11816,clothing_829
review_11817,clothing_1079
review_11818,clothing_829
review_11819,clothing_1022
review_11820,clothing_1079
review_11821,clothing_1138
review_11822,clothing_1052
review_11823,clothing_1079
review_11824,clothing_1099
review_11825,clothing_865
review_11826,clothing_1022
review_11827,clothing_823
review_11828,clothing_1079
review_11829,clothing_1079
review_11830,clothing_1079
review_11831,clothing_1098
review_11832,clothing_1022
review_11833,clothing_865
review_11834,clothing_1079
review_11835,clothing_829
review_11836,clothing_907
review_11837,clothing_1079
review_11838,clothing_872
review_11839,clothing_872
review_11840,clothing_872
review_11841,clothing_872
review_11842,clothing_1111
review_11843,clothing_333
review_11844,clothing_1059
review_11845,clothing_872
review_11846,clothing_872
review_11847,clothing_333
review_11848,clothing_872
review_11849,clothing_872
review_11850,clothing_333
review_11851,clothing_872
review_11852,clothing_1045
review_11853,clothing_1059
review_11854,clothing_1054
review_11855,clothing_872
review_11856,clothing_333
review_11857,clothing_872
review_11858,clothing_872
review_11859,clothing_872
review_11860,clothing_872
review_11861,clothing_879
review_11862,clothing_872
review_11863,clothing_1059
review_11864,clothing_333
review_11865,clothing_879
review_11866,clothing_872
review_11867,clothing_818
review_11868,clothing_872
review_11869,clothing_1022
review_11870,clothing_879
review_11871,clothing_872
review_11872,clothing_1117
review_11873,clothing_872
review_11874,clothing_1054
review_11875,clothing_936
review_11876,clothing_1059
review_11877,clothing_872
review_11878,clothing_872
review_11879,clothing_872
review_11880,clothing_868
review_11881,clothing_964
review_11882,clothing_829
review_11883,clothing_868
review_11884,clothing_872
review_11885,clothing_872
review_11886,clothing_860
review_11887,clothing_854
review_11888,clothing_860
review_11889,clothing_854
review_11890,clothing_872
review_11891,clothing_872
review_11892,clothing_872
review_11893,clothing_196
review_11894,clothing_964
review_11895,clothing_854
review_11896,clothing_196
review_11897,clothing_872
review_11898,clothing_866
review_11899,clothing_854
review_11900,clothing_1052
review_11901,clothing_860
review_11902,clothing_860
review_11903,clothing_872
review_11904,clothing_964
review_11905,clothing_196
review_11906,clothing_1089
review_11907,clothing_829
review_11908,clothing_1052
review_11909,clothing_872
review_11910,clothing_860
review_11911,clothing_860
review_11912,clothing_78
review_11913,clothing_1089
review_11914,clothing_860
review_11915,clothing_860
review_11916,clothing_860
review_11917,clothing_342
review_11918,clothing_829
review_11919,clothing_872
review_11920,clothing_854
review_11921,clothing_829
review_11922,clothing_860
review_11923,clothing_196
review_11924,clothing_872
review_11925,clothing_860
review_11926,clothing_79
review_11927,clothing_196
review_11928,clothing_829
review_11929,clothing_829
review_11930,clothing_868
review_11931,clothing_829
review_11932,clothing_829
review_11933,clothing_815
review_11934,clothing_829
review_11935,clothing_829
review_11936,clothing_868
review_11937,clothing_829
review_11938,clothing_829
review_11939,clothing_824
review_11940,clothing_829
review_11941,clothing_473
review_11942,clothing_829
review_11943,clothing_829
review_11944,clothing_829
review_11945,clothing_829
review_11946,clothing_829
review_11947,clothing_941
review_11948,clothing_829
review_11949,clothing_829
review_11950,clothing_829
review_11951,clothing_829
review_11952,clothing_829
review_11953,clothing_824
review_11954,clothing_869
review_11955,clothing_1077
review_11956,clothing_829
review_11957,clothing_829
review_11958,clothing_1077
review_11959,clothing_829
review_11960,clothing_829
review_11961,clothing_829
review_11962,clothing_829
review_11963,clothing_829
review_11964,clothing_829
review_11965,clothing_1077
review_11966,clothing_824
review_11967,clothing_869
review_11968,clothing_829
review_11969,clothing_829
review_11970,clothing_824
review_11971,clothing_872
review_11972,clothing_829
review_11973,clothing_872
review_11974,clothing_824
review_11975,clothing_1077
review_11976,clothing_964
review_11977,clothing_829
review_11978,clothing_829
review_11979,clothing_473
review_11980,clothing_829
review_11981,clothing_829
review_11982,clothing_824
review_11983,clothing_829
review_11984,clothing_831
review_11985,clothing_1031
review_11986,clothing_804
review_11987,clothing_1077
review_11988,clothing_602
review_11989,clothing_820
review_11990,clothing_1077
review_11991,clothing_303
review_11992,clothing_1077
review_11993,clothing_1077
review_11994,clothing_1077
review_11995,clothing_1008
review_11996,clothing_1042
review_11997,clothing_804
review_11998,clothing_602
review_11999,clothing_831
review_12000,clothing_602
review_12001,clothing_1094
review_12002,clothing_602
review_12003,clothing_831
review_12004,clothing_1077
review_12005,clothing_1031
review_12006,clothing_1031
review_12007,clothing_602
review_12008,clothing_1008
review_12009,clothing_1077
review_12010,clothing_1008
review_12011,clothing_1077
review_12012,clothing_820
review_12013,clothing_831
review_12014,clothing_1077
review_12015,clothing_1077
review_12016,clothing_602
review_12017,clothing_1042
review_12018,clothing_1042
review_12019,clothing_1008
review_12020,clothing_602
review_12021,clothing_1008
review_12022,clothing_1008
review_12023,clothing_831
review_12024,clothing_602
review_12025,clothing_1008
review_12026,clothing_1077
review_12027,clothing_1077
review_12028,clothing_1077
review_12029,clothing_1042
review_12030,clothing_831
review_12031,clothing_602
review_12032,clothing_776
review_12033,clothing_1077
review_12034,clothing_872
review_12035,clothing_1059
review_12036,clothing_872
review_12037,clothing_872
review_12038,clothing_872
review_12039,clothing_863
review_12040,clothing_1092
review_12041,clothing_1059
review_12042,clothing_1092
review_12043,clothing_1059
review_12044,clothing_863
review_12045,clothing_872
review_12046,clothing_1080
review_12047,clothing_1080
review_12048,clothing_1110
review_12049,clothing_1080
review_12050,clothing_863
review_12051,clothing_1092
review_12052,clothing_828
review_12053,clothing_668
review_12054,clothing_1092
review_12055,clothing_863
review_12056,clothing_872
review_12057,clothing_1027
review_12058,clothing_1092
review_12059,clothing_1059
review_12060,clothing_1059
review_12061,clothing_872
review_12062,clothing_872
review_12063,clothing_1092
review_12064,clothing_1080
review_12065,clothing_1059
review_12066,clothing_1080
review_12067,clothing_1059
review_12068,clothing_1092
review_12069,clothing_1110
review_12070,clothing_1110
review_12071,clothing_1059
review_12072,clothing_1033
review_12073,clothing_633
review_12074,clothing_1059
review_12075,clothing_1059
review_12076,clothing_1092
review_12077,clothing_872
review_12078,clothing_1080
review_12079,clothing_985
review_12080,clothing_734
review_12081,clothing_933
review_12082,clothing_1046
review_12083,clothing_1055
review_12084,clothing_1094
review_12085,clothing_1055
review_12086,clothing_1095
review_12087,clothing_1095
review_12088,clothing_985
review_12089,clothing_985
review_12090,clothing_501
review_12091,clothing_1022
review_12092,clothing_1094
review_12093,clothing_501
review_12094,clothing_1095
review_12095,clothing_933
review_12096,clothing_1055
review_12097,clothing_501
review_12098,clothing_1094
review_12099,clothing_985
review_12100,clothing_1095
review_12101,clothing_711
review_12102,clothing_933
review_12103,clothing_501
review_12104,clothing_1022
review_12105,clothing_629
review_12106,clothing_1095
review_12107,clothing_1095
review_12108,clothing_1095
review_12109,clothing_985
review_12110,clothing_1095
review_12111,clothing_872
review_12112,clothing_872
review_12113,clothing_872
review_12114,clothing_935
review_12115,clothing_872
review_12116,clothing_872
review_12117,clothing_1126
review_12118,clothing_1126
review_12119,clothing_872
review_12120,clothing_872
review_12121,clothing_872
review_12122,clothing_872
review_12123,clothing_868
review_12124,clothing_1126
review_12125,clothing_868
review_12126,clothing_1072
review_12127,clothing_868
review_12128,clothing_1009
review_12129,clothing_964
review_12130,clothing_519
review_12131,clothing_872
review_12132,clothing_872
review_12133,clothing_868
review_12134,clothing_872
review_12135,clothing_1078
review_12136,clothing_828
review_12137,clothing_827
review_12138,clothing_865
review_12139,clothing_1068
review_12140,clothing_563
review_12141,clothing_865
review_12142,clothing_865
review_12143,clothing_1068
review_12144,clothing_862
review_12145,clothing_865
review_12146,clothing_865
review_12147,clothing_857
review_12148,clothing_865
review_12149,clothing_287
review_12150,clothing_865
review_12151,clothing_1078
review_12152,clothing_1068
review_12153,clothing_287
review_12154,clothing_1068
review_12155,clothing_91
review_12156,clothing_828
review_12157,clothing_1068
review_12158,clothing_1078
review_12159,clothing_865
review_12160,clothing_1078
review_12161,clothing_563
review_12162,clothing_1078
review_12163,clothing_287
review_12164,clothing_1078
review_12165,clothing_857
review_12166,clothing_857
review_12167,clothing_287
review_12168,clothing_865
review_12169,clothing_1078
review_12170,clothing_1068
review_12171,clothing_865
review_12172,clothing_1078
review_12173,clothing_862
review_12174,clothing_828
review_12175,clothing_828
review_12176,clothing_1068
review_12177,clothing_1074
review_12178,clothing_869
review_12179,clothing_869
review_12180,clothing_895
review_12181,clothing_1075
review_12182,clothing_869
review_12183,clothing_869
review_12184,clothing_1083
review_12185,clothing_895
review_12186,clothing_828
review_12187,clothing_895
review_12188,clothing_186
review_12189,clothing_1083
review_12190,clothing_869
review_12191,clothing_1068
review_12192,clothing_895
review_12193,clothing_895
review_12194,clothing_869
review_12195,clothing_1083
review_12196,clothing_869
review_12197,clothing_895
review_12198,clothing_966
review_12199,clothing_828
review_12200,clothing_895
review_12201,clothing_828
review_12202,clothing_869
review_12203,clothing_869
review_12204,clothing_1083
review_12205,clothing_828
review_12206,clothing_869
review_12207,clothing_1083
review_12208,clothing_1091
review_12209,clothing_1110
review_12210,clothing_927
review_12211,clothing_1091
review_12212,clothing_1091
review_12213,clothing_301
review_12214,clothing_1091
review_12215,clothing_1091
review_12216,clothing_879
review_12217,clothing_1091
review_12218,clothing_1091
review_12219,clothing_927
review_12220,clothing_927
review_12221,clothing_1091
review_12222,clothing_927
review_12223,clothing_301
review_12224,clothing_879
review_12225,clothing_1110
review_12226,clothing_1091
review_12227,clothing_1091
review_12228,clothing_301
review_12229,clothing_903
review_12230,clothing_903
review_12231,clothing_1074
review_12232,clothing_927
review_12233,clothing_879
review_12234,clothing_1091
review_12235,clothing_1091
review_12236,clothing_301
review_12237,clothing_879
review_12238,clothing_1110
review_12239,clothing_1074
review_12240,clothing_964
review_12241,clothing_964
review_12242,clothing_1110
review_12243,clothing_1078
review_12244,clothing_1110
review_12245,clothing_1110
review_12246,clothing_1078
review_12247,clothing_110
review_12248,clothing_1078
review_12249,clothing_1059
review_12250,clothing_112
review_12251,clothing_1078
review_12252,clothing_1110
review_12253,clothing_1110
review_12254,clothing_377
review_12255,clothing_1110
review_12256,clothing_868
review_12257,clothing_1110
review_12258,clothing_1078
review_12259,clothing_1078
review_12260,clothing_377
review_12261,clothing_377
review_12262,clothing_1059
review_12263,clothing_377
review_12264,clothing_1030
review_12265,clothing_1059
review_12266,clothing_1110
review_12267,clothing_377
review_12268,clothing_112
review_12269,clothing_1028
review_12270,clothing_1110
review_12271,clothing_377
review_12272,clothing_1078
review_12273,clothing_1110
review_12274,clothing_377
review_12275,clothing_1078
review_12276,clothing_1078
review_12277,clothing_377
review_12278,clothing_1078
review_12279,clothing_1059
review_12280,clothing_488
review_12281,clothing_1081
review_12282,clothing_1134
review_12283,clothing_1081
review_12284,clothing_875
review_12285,clothing_873
review_12286,clothing_1081
review_12287,clothing_258
review_12288,clothing_1080
review_12289,clothing_868
review_12290,clothing_873
review_12291,clothing_1081
review_12292,clothing_509
review_12293,clothing_996
review_12294,clothing_569
review_12295,clothing_509
review_12296,clothing_1081
review_12297,clothing_509
review_12298,clothing_569
review_12299,clothing_873
review_12300,clothing_569
review_12301,clothing_899
review_12302,clothing_509
review_12303,clothing_569
review_12304,clothing_1033
review_12305,clothing_1081
review_12306,clothing_569
review_12307,clothing_873
review_12308,clothing_1078
review_12309,clothing_1081
review_12310,clothing_1081
review_12311,clothing_1134
review_12312,clothing_996
review_12313,clothing_509
review_12314,clothing_873
review_12315,clothing_471
review_12316,clothing_1074
review_12317,clothing_875
review_12318,clothing_1012
review_12319,clothing_1081
review_12320,clothing_1022
review_12321,clothing_1060
review_12322,clothing_1022
review_12323,clothing_1022
review_12324,clothing_1060
review_12325,clothing_868
review_12326,clothing_1022
review_12327,clothing_868
review_12328,clothing_1060
review_12329,clothing_999
review_12330,clothing_1060
review_12331,clothing_868
review_12332,clothing_1022
review_12333,clothing_1022
review_12334,clothing_1022
review_12335,clothing_823
review_12336,clothing_1022
review_12337,clothing_868
review_12338,clothing_1081
review_12339,clothing_823
review_12340,clothing_868
review_12341,clothing_1022
review_12342,clothing_1022
review_12343,clothing_823
review_12344,clothing_415
review_12345,clothing_817
review_12346,clothing_868
review_12347,clothing_822
review_12348,clothing_868
review_12349,clothing_850
review_12350,clothing_868
review_12351,clothing_868
review_12352,clothing_1078
review_12353,clothing_868
review_12354,clothing_933
review_12355,clothing_868
review_12356,clothing_822
review_12357,clothing_985
review_12358,clothing_868
review_12359,clothing_1078
review_12360,clothing_822
review_12361,clothing_817
review_12362,clothing_868
review_12363,clothing_868
review_12364,clothing_822
review_12365,clothing_868
review_12366,clothing_903
review_12367,clothing_839
review_12368,clothing_850
review_12369,clothing_868
review_12370,clothing_868
review_12371,clothing_868
review_12372,clothing_934
review_12373,clothing_985
review_12374,clothing_868
review_12375,clothing_1078
review_12376,clothing_868
review_12377,clothing_1078
review_12378,clothing_1078
review_12379,clothing_868
review_12380,clothing_1078
review_12381,clothing_868
review_12382,clothing_850
review_12383,clothing_1078
review_12384,clothing_822
review_12385,clothing_817
review_12386,clothing_822
review_12387,clothing_868
review_12388,clothing_1078
review_12389,clothing_868
review_12390,clothing_1033
review_12391,clothing_936
review_12392,clothing_863
review_12393,clothing_839
review_12394,clothing_839
review_12395,clothing_839
review_12396,clothing_863
review_12397,clothing_45
review_12398,clothing_863
review_12399,clothing_839
review_12400,clothing_863
review_12401,clothing_863
review_12402,clothing_863
review_12403,clothing_839
review_12404,clothing_863
review_12405,clothing_829
review_12406,clothing_863
review_12407,clothing_863
review_12408,clothing_863
review_12409,clothing_828
review_12410,clothing_829
review_12411,clothing_839
review_12412,clothing_863
review_12413,clothing_863
review_12414,clothing_863
review_12415,clothing_863
review_12416,clothing_839
review_12417,clothing_936
review_12418,clothing_863
review_12419,clothing_839
review_12420,clothing_839
review_12421,clothing_267
review_12422,clothing_829
review_12423,clothing_839
review_12424,clothing_863
review_12425,clothing_863
review_12426,clothing_839
review_12427,clothing_815
review_12428,clothing_863
review_12429,clothing_839
review_12430,clothing_267
review_12431,clothing_936
review_12432,clothing_863
review_12433,clothing_828
review_12434,clothing_839
review_12435,clothing_829
review_12436,clothing_863
review_12437,clothing_936
review_12438,clothing_936
review_12439,clothing_936
review_12440,clothing_936
review_12441,clothing_927
review_12442,clothing_1035
review_12443,clothing_936
review_12444,clothing_936
review_12445,clothing_936
review_12446,clothing_936
review_12447,clothing_1035
review_12448,clothing_823
review_12449,clothing_936
review_12450,clothing_858
review_12451,clothing_872
review_12452,clothing_936
review_12453,clothing_862
review_12454,clothing_1035
review_12455,clothing_936
review_12456,clothing_862
review_12457,clothing_1035
review_12458,clothing_862
review_12459,clothing_936
review_12460,clothing_927
review_12461,clothing_823
review_12462,clothing_1072
review_12463,clothing_1108
review_12464,clothing_862
review_12465,clothing_936
review_12466,clothing_927
review_12467,clothing_936
review_12468,clothing_936
review_12469,clothing_1035
review_12470,clothing_936
review_12471,clothing_1035
review_12472,clothing_936
review_12473,clothing_936
review_12474,clothing_1170
review_12475,clothing_936
review_12476,clothing_605
review_12477,clothing_1072
review_12478,clothing_936
review_12479,clothing_936
review_12480,clothing_936
review_12481,clothing_936
review_12482,clothing_872
review_12483,clothing_1035
review_12484,clothing_936
review_12485,clothing_936
review_12486,clothing_48
review_12487,clothing_936
review_12488,clothing_605
review_12489,clothing_936
review_12490,clothing_936
review_12491,clothing_927
review_12492,clothing_862
review_12493,clothing_1108
review_12494,clothing_1035
review_12495,clothing_936
review_12496,clothing_1035
review_12497,clothing_1035
review_12498,clothing_862
review_12499,clothing_1035
review_12500,clothing_936
review_12501,clothing_927
review_12502,clothing_1108
review_12503,clothing_936
review_12504,clothing_936
review_12505,clothing_835
review_12506,clothing_862
review_12507,clothing_1108
review_12508,clothing_975
review_12509,clothing_1035
review_12510,clothing_862
review_12511,clothing_1072
review_12512,clothing_1108
review_12513,clothing_936
review_12514,clothing_936
review_12515,clothing_936
review_12516,clothing_1059
review_12517,clothing_175
review_12518,clothing_1060
review_12519,clothing_883
review_12520,clothing_911
review_12521,clothing_1059
review_12522,clothing_1059
review_12523,clothing_1060
review_12524,clothing_1081
review_12525,clothing_936
review_12526,clothing_1081
review_12527,clothing_883
review_12528,clothing_862
review_12529,clothing_824
review_12530,clothing_1059
review_12531,clothing_883
review_12532,clothing_1059
review_12533,clothing_1059
review_12534,clothing_1081
review_12535,clothing_1060
review_12536,clothing_1059
review_12537,clothing_936
review_12538,clothing_883
review_12539,clothing_1060
review_12540,clothing_862
review_12541,clothing_1060
review_12542,clothing_1060
review_12543,clothing_1081
review_12544,clothing_883
review_12545,clothing_1060
review_12546,clothing_883
review_12547,clothing_883
review_12548,clothing_936
review_12549,clothing_1030
review_12550,clothing_1059
review_12551,clothing_824
review_12552,clothing_936
review_12553,clothing_936
review_12554,clothing_862
review_12555,clothing_936
review_12556,clothing_1060
review_12557,clothing_936
review_12558,clothing_936
review_12559,clothing_1081
review_12560,clothing_883
review_12561,clothing_824
review_12562,clothing_1059
review_12563,clothing_1059
review_12564,clothing_1059
review_12565,clothing_936
review_12566,clothing_1060
review_12567,clothing_1030
review_12568,clothing_1030
review_12569,clothing_936
review_12570,clothing_862
review_12571,clothing_1060
review_12572,clothing_1059
review_12573,clothing_1060
review_12574,clothing_824
review_12575,clothing_936
review_12576,clothing_936
review_12577,clothing_883
review_12578,clothing_1060
review_12579,clothing_1059
review_12580,clothing_883
review_12581,clothing_1060
review_12582,clothing_1060
review_12583,clothing_1060
review_12584,clothing_936
review_12585,clothing_646
review_12586,clothing_820
review_12587,clothing_833
review_12588,clothing_937
review_12589,clothing_862
review_12590,clothing_862
review_12591,clothing_833
review_12592,clothing_937
review_12593,clothing_984
review_12594,clothing_820
review_12595,clothing_824
review_12596,clothing_370
review_12597,clothing_1022
review_12598,clothing_1147
review_12599,clothing_984
review_12600,clothing_1024
review_12601,clothing_1111
review_12602,clothing_1081
review_12603,clothing_996
review_12604,clothing_984
review_12605,clothing_862
review_12606,clothing_104
review_12607,clothing_937
review_12608,clothing_1100
review_12609,clothing_833
review_12610,clothing_937
review_12611,clothing_1111
review_12612,clothing_937
review_12613,clothing_752
review_12614,clothing_1100
review_12615,clothing_728
review_12616,clothing_1111
review_12617,clothing_984
review_12618,clothing_820
review_12619,clothing_860
review_12620,clothing_1024
review_12621,clothing_833
review_12622,clothing_820
review_12623,clothing_1081
review_12624,clothing_1024
review_12625,clothing_820
review_12626,clothing_868
review_12627,clothing_370
review_12628,clothing_984
review_12629,clothing_820
review_12630,clothing_1081
review_12631,clothing_1081
review_12632,clothing_862
review_12633,clothing_824
review_12634,clothing_820
review_12635,clothing_28
review_12636,clothing_984
review_12637,clothing_862
review_12638,clothing_984
review_12639,clothing_820
review_12640,clothing_862
review_12641,clothing_820
review_12642,clothing_1057
review_12643,clothing_984
review_12644,clothing_370
review_12645,clothing_862
review_12646,clothing_752
review_12647,clothing_1057
review_12648,clothing_820
review_12649,clothing_866
review_12650,clothing_875
review_12651,clothing_875
review_12652,clothing_875
review_12653,clothing_875
review_12654,clothing_875
review_12655,clothing_875
review_12656,clothing_875
review_12657,clothing_762
review_12658,clothing_875
review_12659,clothing_1059
review_12660,clothing_1110
review_12661,clothing_866
review_12662,clothing_1059
review_12663,clothing_999
review_12664,clothing_1059
review_12665,clothing_999
review_12666,clothing_1030
review_12667,clothing_875
review_12668,clothing_1059
review_12669,clothing_1110
review_12670,clothing_1110
review_12671,clothing_1110
review_12672,clothing_1059
review_12673,clothing_875
review_12674,clothing_1110
review_12675,clothing_875
review_12676,clothing_1110
review_12677,clothing_937
review_12678,clothing_937
review_12679,clothing_875
review_12680,clothing_875
review_12681,clothing_1059
review_12682,clothing_875
review_12683,clothing_618
review_12684,clothing_937
review_12685,clothing_210
review_12686,clothing_304
review_12687,clothing_866
review_12688,clothing_875
review_12689,clothing_875
review_12690,clothing_866
review_12691,clothing_875
review_12692,clothing_1082
review_12693,clothing_1051
review_12694,clothing_1082
review_12695,clothing_868
review_12696,clothing_1051
review_12697,clothing_1110
review_12698,clothing_829
review_12699,clothing_1110
review_12700,clothing_866
review_12701,clothing_1082
review_12702,clothing_1082
review_12703,clothing_1051
review_12704,clothing_866
review_12705,clothing_1110
review_12706,clothing_1082
review_12707,clothing_829
review_12708,clothing_1110
review_12709,clothing_868
review_12710,clothing_1110
review_12711,clothing_1051
review_12712,clothing_868
review_12713,clothing_1110
review_12714,clothing_829
review_12715,clothing_1082
review_12716,clothing_866
review_12717,clothing_1082
review_12718,clothing_829
review_12719,clothing_1082
review_12720,clothing_1110
review_12721,clothing_1110
review_12722,clothing_1082
review_12723,clothing_829
review_12724,clothing_1082
review_12725,clothing_1082
review_12726,clothing_1110
review_12727,clothing_1082
review_12728,clothing_1082
review_12729,clothing_1082
review_12730,clothing_1082
review_12731,clothing_1110
review_12732,clothing_1051
review_12733,clothing_1082
review_12734,clothing_1110
review_12735,clothing_1082
review_12736,clothing_1110
review_12737,clothing_1082
review_12738,clothing_1051
review_12739,clothing_1110
review_12740,clothing_866
review_12741,clothing_1082
review_12742,clothing_1082
review_12743,clothing_1110
review_12744,clothing_1110
review_12745,clothing_1110
review_12746,clothing_1051
review_12747,clothing_215
review_12748,clothing_876
review_12749,clothing_215
review_12750,clothing_820
review_12751,clothing_834
review_12752,clothing_876
review_12753,clothing_215
review_12754,clothing_876
review_12755,clothing_1022
review_12756,clothing_1084
review_12757,clothing_820
review_12758,clothing_215
review_12759,clothing_428
review_12760,clothing_423
review_12761,clothing_876
review_12762,clothing_876
review_12763,clothing_876
review_12764,clothing_834
review_12765,clothing_876
review_12766,clothing_215
review_12767,clothing_876
review_12768,clothing_820
review_12769,clothing_876
review_12770,clothing_876
review_12771,clothing_876
review_12772,clothing_834
review_12773,clothing_876
review_12774,clothing_215
review_12775,clothing_876
review_12776,clothing_876
review_12777,clothing_215
review_12778,clothing_215
review_12779,clothing_876
review_12780,clothing_876
review_12781,clothing_215
review_12782,clothing_834
review_12783,clothing_860
review_12784,clothing_820
review_12785,clothing_1008
review_12786,clothing_1081
review_12787,clothing_1081
review_12788,clothing_1008
review_12789,clothing_1008
review_12790,clothing_1104
review_12791,clothing_703
review_12792,clothing_828
review_12793,clothing_1028
review_12794,clothing_1081
review_12795,clothing_1081
review_12796,clothing_828
review_12797,clothing_1081
review_12798,clothing_819
review_12799,clothing_822
review_12800,clothing_1028
review_12801,clothing_1081
review_12802,clothing_555
review_12803,clothing_625
review_12804,clothing_1081
review_12805,clothing_1008
review_12806,clothing_625
review_12807,clothing_1008
review_12808,clothing_1081
review_12809,clothing_1081
review_12810,clothing_828
review_12811,clothing_828
review_12812,clothing_828
review_12813,clothing_1008
review_12814,clothing_1081
review_12815,clothing_555
review_12816,clothing_1081
review_12817,clothing_300
review_12818,clothing_300
review_12819,clothing_300
review_12820,clothing_920
review_12821,clothing_975
review_12822,clothing_300
review_12823,clothing_975
review_12824,clothing_1009
review_12825,clothing_975
review_12826,clothing_300
review_12827,clothing_300
review_12828,clothing_975
review_12829,clothing_1100
review_12830,clothing_300
review_12831,clothing_1009
review_12832,clothing_1009
review_12833,clothing_1059
review_12834,clothing_1009
review_12835,clothing_300
review_12836,clothing_300
review_12837,clothing_975
review_12838,clothing_837
review_12839,clothing_1059
review_12840,clothing_975
review_12841,clothing_975
review_12842,clothing_1059
review_12843,clothing_975
review_12844,clothing_975
review_12845,clothing_300
review_12846,clothing_975
review_12847,clothing_975
review_12848,clothing_975
review_12849,clothing_975
review_12850,clothing_1009
review_12851,clothing_300
review_12852,clothing_300
review_12853,clothing_975
review_12854,clothing_1059
review_12855,clothing_1059
review_12856,clothing_975
review_12857,clothing_1009
review_12858,clothing_975
review_12859,clothing_1009
review_12860,clothing_1009
review_12861,clothing_300
review_12862,clothing_300
review_12863,clothing_74
review_12864,clothing_1059
review_12865,clothing_1100
review_12866,clothing_300
review_12867,clothing_1078
review_12868,clothing_1078
review_12869,clothing_1020
review_12870,clothing_1078
review_12871,clothing_1078
review_12872,clothing_984
review_12873,clothing_1030
review_12874,clothing_941
review_12875,clothing_1078
review_12876,clothing_1078
review_12877,clothing_1078
review_12878,clothing_1078
review_12879,clothing_984
review_12880,clothing_984
review_12881,clothing_1078
review_12882,clothing_733
review_12883,clothing_936
review_12884,clothing_1078
review_12885,clothing_1078
review_12886,clothing_984
review_12887,clothing_1078
review_12888,clothing_841
review_12889,clothing_829
review_12890,clothing_540
review_12891,clothing_1030
review_12892,clothing_1099
review_12893,clothing_829
review_12894,clothing_863
review_12895,clothing_991
review_12896,clothing_936
review_12897,clothing_936
review_12898,clothing_941
review_12899,clothing_1078
review_12900,clothing_863
review_12901,clothing_1078
review_12902,clothing_1078
review_12903,clothing_1078
review_12904,clothing_1078
review_12905,clothing_936
review_12906,clothing_984
review_12907,clothing_1099
review_12908,clothing_1078
review_12909,clothing_1078
review_12910,clothing_1078
review_12911,clothing_829
review_12912,clothing_863
review_12913,clothing_1078
review_12914,clothing_1078
review_12915,clothing_941
review_12916,clothing_941
review_12917,clothing_1078
review_12918,clothing_1078
review_12919,clothing_888
review_12920,clothing_1126
review_12921,clothing_1078
review_12922,clothing_733
review_12923,clothing_1099
review_12924,clothing_936
review_12925,clothing_1078
review_12926,clothing_1078
review_12927,clothing_733
review_12928,clothing_733
review_12929,clothing_941
review_12930,clothing_1078
review_12931,clothing_941
review_12932,clothing_1078
review_12933,clothing_941
review_12934,clothing_941
review_12935,clothing_1078
review_12936,clothing_1078
review_12937,clothing_1078
review_12938,clothing_936
review_12939,clothing_927
review_12940,clothing_840
review_12941,clothing_927
review_12942,clothing_927
review_12943,clothing_872
review_12944,clothing_840
review_12945,clothing_444
review_12946,clothing_218
review_12947,clothing_927
review_12948,clothing_736
review_12949,clothing_872
review_12950,clothing_444
review_12951,clothing_736
review_12952,clothing_872
review_12953,clothing_872
review_12954,clothing_838
review_12955,clothing_103
review_12956,clothing_829
review_12957,clothing_859
review_12958,clothing_1078
review_12959,clothing_942
review_12960,clothing_1078
review_12961,clothing_940
review_12962,clothing_829
review_12963,clothing_940
review_12964,clothing_829
review_12965,clothing_829
review_12966,clothing_829
review_12967,clothing_661
review_12968,clothing_829
review_12969,clothing_1078
review_12970,clothing_829
review_12971,clothing_1078
review_12972,clothing_661
review_12973,clothing_871
review_12974,clothing_865
review_12975,clothing_1078
review_12976,clothing_829
review_12977,clothing_1078
review_12978,clothing_1078
review_12979,clothing_829
review_12980,clothing_829
review_12981,clothing_829
review_12982,clothing_1078
review_12983,clothing_829
review_12984,clothing_1078
review_12985,clothing_1078
review_12986,clothing_1081
review_12987,clothing_1078
review_12988,clothing_942
review_12989,clothing_942
review_12990,clothing_661
review_12991,clothing_829
review_12992,clothing_1078
review_12993,clothing_829
review_12994,clothing_829
review_12995,clothing_1078
review_12996,clothing_829
review_12997,clothing_859
review_12998,clothing_808
review_12999,clothing_1094
review_13000,clothing_661
review_13001,clothing_940
review_13002,clothing_829
review_13003,clothing_1078
review_13004,clothing_942
review_13005,clothing_1081
review_13006,clothing_1078
review_13007,clothing_829
review_13008,clothing_1078
review_13009,clothing_1078
review_13010,clothing_1078
review_13011,clothing_1059
review_13012,clothing_1081
review_13013,clothing_1192
review_13014,clothing_926
review_13015,clothing_1042
review_13016,clothing_1078
review_13017,clothing_1059
review_13018,clothing_1081
review_13019,clothing_1059
review_13020,clothing_692
review_13021,clothing_347
review_13022,clothing_969
review_13023,clothing_1078
review_13024,clothing_926
review_13025,clothing_1059
review_13026,clothing_917
review_13027,clothing_1082
review_13028,clothing_1059
review_13029,clothing_917
review_13030,clothing_1059
review_13031,clothing_926
review_13032,clothing_1081
review_13033,clothing_1078
review_13034,clothing_1078
review_13035,clothing_1192
review_13036,clothing_1059
review_13037,clothing_1033
review_13038,clothing_1059
review_13039,clothing_1192
review_13040,clothing_1078
review_13041,clothing_1059
review_13042,clothing_1078
review_13043,clothing_926
review_13044,clothing_926
review_13045,clothing_1081
review_13046,clothing_1192
review_13047,clothing_986
review_13048,clothing_1020
review_13049,clothing_1078
review_13050,clothing_1037
review_13051,clothing_1094
review_13052,clothing_933
review_13053,clothing_975
review_13054,clothing_98
review_13055,clothing_1037
review_13056,clothing_933
review_13057,clothing_936
review_13058,clothing_936
review_13059,clothing_1094
review_13060,clothing_828
review_13061,clothing_1094
review_13062,clothing_1081
review_13063,clothing_936
review_13064,clothing_936
review_13065,clothing_1031
review_13066,clothing_1078
review_13067,clothing_975
review_13068,clothing_1094
review_13069,clothing_1081
review_13070,clothing_1078
review_13071,clothing_1094
review_13072,clothing_1094
review_13073,clothing_1020
review_13074,clothing_1020
review_13075,clothing_1059
review_13076,clothing_975
review_13077,clothing_1081
review_13078,clothing_1078
review_13079,clothing_1094
review_13080,clothing_1094
review_13081,clothing_936
review_13082,clothing_1094
review_13083,clothing_936
review_13084,clothing_1037
review_13085,clothing_1094
review_13086,clothing_1094
review_13087,clothing_1037
review_13088,clothing_1037
review_13089,clothing_1078
review_13090,clothing_975
review_13091,clothing_1094
review_13092,clothing_1094
review_13093,clothing_936
review_13094,clothing_1037
review_13095,clothing_850
review_13096,clothing_1081
review_13097,clothing_1081
review_13098,clothing_1020
review_13099,clothing_1059
review_13100,clothing_933
review_13101,clothing_975
review_13102,clothing_975
review_13103,clothing_1020
review_13104,clothing_1078
review_13105,clothing_1037
review_13106,clothing_1020
review_13107,clothing_1078
review_13108,clothing_1037
review_13109,clothing_1094
review_13110,clothing_1078
review_13111,clothing_1081
review_13112,clothing_1078
review_13113,clothing_1020
review_13114,clothing_1094
review_13115,clothing_1094
review_13116,clothing_1078
review_13117,clothing_1094
review_13118,clothing_1094
review_13119,clothing_975
review_13120,clothing_936
review_13121,clothing_1081
review_13122,clothing_1099
review_13123,clothing_1094
review_13124,clothing_1078
review_13125,clothing_936
review_13126,clothing_1094
review_13127,clothing_1078
review_13128,clothing_975
review_13129,clothing_1099
review_13130,clothing_975
review_13131,clothing_936
review_13132,clothing_1078
review_13133,clothing_1094
review_13134,clothing_1094
review_13135,clothing_933
review_13136,clothing_936
review_13137,clothing_1020
review_13138,clothing_1078
review_13139,clothing_975
review_13140,clothing_1078
review_13141,clothing_1094
review_13142,clothing_1037
review_13143,clothing_1094
review_13144,clothing_975
review_13145,clothing_1078
review_13146,clothing_1020
review_13147,clothing_1037
review_13148,clothing_936
review_13149,clothing_936
review_13150,clothing_1094
review_13151,clothing_936
review_13152,clothing_1037
review_13153,clothing_975
review_13154,clothing_1078
review_13155,clothing_1037
review_13156,clothing_1037
review_13157,clothing_1094
review_13158,clothing_933
review_13159,clothing_975
review_13160,clothing_1078
review_13161,clothing_975
review_13162,clothing_1078
review_13163,clothing_936
review_13164,clothing_1094
review_13165,clothing_1078
review_13166,clothing_1078
review_13167,clothing_1081
review_13168,clothing_1095
review_13169,clothing_1078
review_13170,clothing_1078
review_13171,clothing_850
review_13172,clothing_1084
review_13173,clothing_1078
review_13174,clothing_1095
review_13175,clothing_1078
review_13176,clothing_1081
review_13177,clothing_1030
review_13178,clothing_1025
review_13179,clothing_167
review_13180,clothing_1081
review_13181,clothing_1078
review_13182,clothing_1078
review_13183,clothing_1081
review_13184,clothing_1095
review_13185,clothing_940
review_13186,clothing_1078
review_13187,clothing_1081
review_13188,clothing_1078
review_13189,clothing_1078
review_13190,clothing_1078
review_13191,clothing_1078
review_13192,clothing_1025
review_13193,clothing_263
review_13194,clothing_1078
review_13195,clothing_1078
review_13196,clothing_1084
review_13197,clothing_850
review_13198,clothing_1078
review_13199,clothing_1078
review_13200,clothing_1078
review_13201,clothing_850
review_13202,clothing_1078
review_13203,clothing_1030
review_13204,clothing_1081
review_13205,clothing_1033
review_13206,clothing_850
review_13207,clothing_1078
review_13208,clothing_1078
review_13209,clothing_1078
review_13210,clothing_1078
review_13211,clothing_1078
review_13212,clothing_1078
review_13213,clothing_1078
review_13214,clothing_1078
review_13215,clothing_850
review_13216,clothing_1078
review_13217,clothing_1078
review_13218,clothing_1078
review_13219,clothing_1081
review_13220,clothing_1078
review_13221,clothing_1078
review_13222,clothing_1078
review_13223,clothing_167
review_13224,clothing_1078
review_13225,clothing_1078
review_13226,clothing_1078
review_13227,clothing_927
review_13228,clothing_1078
review_13229,clothing_1054
review_13230,clothing_1078
review_13231,clothing_1078
review_13232,clothing_1078
review_13233,clothing_1078
review_13234,clothing_1078
review_13235,clothing_1095
review_13236,clothing_850
review_13237,clothing_167
review_13238,clothing_1078
review_13239,clothing_1030
review_13240,clothing_1078
review_13241,clothing_167
review_13242,clothing_1084
review_13243,clothing_1078
review_13244,clothing_1078
review_13245,clothing_1078
review_13246,clothing_1095
review_13247,clothing_1078
review_13248,clothing_1078
review_13249,clothing_1078
review_13250,clothing_167
review_13251,clothing_167
review_13252,clothing_1078
review_13253,clothing_167
review_13254,clothing_1076
review_13255,clothing_1078
review_13256,clothing_862
review_13257,clothing_936
review_13258,clothing_1039
review_13259,clothing_855
review_13260,clothing_903
review_13261,clothing_823
review_13262,clothing_909
review_13263,clothing_903
review_13264,clothing_936
review_13265,clothing_862
review_13266,clothing_909
review_13267,clothing_936
review_13268,clothing_936
review_13269,clothing_862
review_13270,clothing_909
review_13271,clothing_936
review_13272,clothing_909
review_13273,clothing_936
review_13274,clothing_995
review_13275,clothing_903
review_13276,clothing_936
review_13277,clothing_1040
review_13278,clothing_936
review_13279,clothing_936
review_13280,clothing_914
review_13281,clothing_936
review_13282,clothing_936
review_13283,clothing_936
review_13284,clothing_936
review_13285,clothing_909
review_13286,clothing_862
review_13287,clothing_710
review_13288,clothing_936
review_13289,clothing_710
review_13290,clothing_936
review_13291,clothing_995
review_13292,clothing_823
review_13293,clothing_936
review_13294,clothing_936
review_13295,clothing_936
review_13296,clothing_862
review_13297,clothing_930
review_13298,clothing_875
review_13299,clothing_829
review_13300,clothing_1038
review_13301,clothing_836
review_13302,clothing_836
review_13303,clothing_1035
review_13304,clothing_875
review_13305,clothing_789
review_13306,clothing_1038
review_13307,clothing_836
review_13308,clothing_1038
review_13309,clothing_864
review_13310,clothing_872
review_13311,clothing_1038
review_13312,clothing_1049
review_13313,clothing_836
review_13314,clothing_1077
review_13315,clothing_1038
review_13316,clothing_1038
review_13317,clothing_836
review_13318,clothing_1077
review_13319,clothing_1035
review_13320,clothing_1077
review_13321,clothing_930
review_13322,clothing_1077
review_13323,clothing_1038
review_13324,clothing_1038
review_13325,clothing_1049
review_13326,clothing_1038
review_13327,clothing_1038
review_13328,clothing_980
review_13329,clothing_1038
review_13330,clothing_875
review_13331,clothing_872
review_13332,clothing_836
review_13333,clothing_980
review_13334,clothing_829
review_13335,clothing_1038
review_13336,clothing_1038
review_13337,clothing_1038
review_13338,clothing_988
review_13339,clothing_829
review_13340,clothing_836
review_13341,clothing_829
review_13342,clothing_1077
review_13343,clothing_1036
review_13344,clothing_836
review_13345,clothing_872
review_13346,clothing_803
review_13347,clothing_1038
review_13348,clothing_1038
review_13349,clothing_1038
review_13350,clothing_1038
review_13351,clothing_1038
review_13352,clothing_803
review_13353,clothing_1038
review_13354,clothing_393
review_13355,clothing_875
review_13356,clothing_1038
review_13357,clothing_1074
review_13358,clothing_870
review_13359,clothing_870
review_13360,clothing_870
review_13361,clothing_975
review_13362,clothing_866
review_13363,clothing_866
review_13364,clothing_870
review_13365,clothing_948
review_13366,clothing_866
review_13367,clothing_1074
review_13368,clothing_1072
review_13369,clothing_1099
review_13370,clothing_1072
review_13371,clothing_909
review_13372,clothing_909
review_13373,clothing_1072
review_13374,clothing_1153
review_13375,clothing_936
review_13376,clothing_936
review_13377,clothing_909
review_13378,clothing_1153
review_13379,clothing_1059
review_13380,clothing_1072
review_13381,clothing_1072
review_13382,clothing_1072
review_13383,clothing_1153
review_13384,clothing_1072
review_13385,clothing_1153
review_13386,clothing_811
review_13387,clothing_967
review_13388,clothing_936
review_13389,clothing_1072
review_13390,clothing_936
review_13391,clothing_811
review_13392,clothing_1072
review_13393,clothing_1153
review_13394,clothing_1072
review_13395,clothing_1072
review_13396,clothing_975
review_13397,clothing_1072
review_13398,clothing_1094
review_13399,clothing_927
review_13400,clothing_927
review_13401,clothing_1049
review_13402,clothing_927
review_13403,clothing_864
review_13404,clothing_1078
review_13405,clothing_864
review_13406,clothing_927
review_13407,clothing_1110
review_13408,clothing_927
review_13409,clothing_864
review_13410,clothing_1103
review_13411,clothing_1078
review_13412,clothing_1094
review_13413,clothing_1110
review_13414,clothing_927
review_13415,clothing_927
review_13416,clothing_1094
review_13417,clothing_1135
review_13418,clothing_864
review_13419,clothing_864
review_13420,clothing_1078
review_13421,clothing_1078
review_13422,clothing_1094
review_13423,clothing_1094
review_13424,clothing_1094
review_13425,clothing_1094
review_13426,clothing_927
review_13427,clothing_1094
review_13428,clothing_1078
review_13429,clothing_1049
review_13430,clothing_10
review_13431,clothing_1110
review_13432,clothing_244
review_13433,clothing_927
review_13434,clothing_1094
review_13435,clothing_1024
review_13436,clothing_1037
review_13437,clothing_1125
review_13438,clothing_1125
review_13439,clothing_867
review_13440,clothing_1125
review_13441,clothing_1037
review_13442,clothing_867
review_13443,clothing_1037
review_13444,clothing_1024
review_13445,clothing_1037
review_13446,clothing_867
review_13447,clothing_1125
review_13448,clothing_1099
review_13449,clothing_1125
review_13450,clothing_1099
review_13451,clothing_1125
review_13452,clothing_1102
review_13453,clothing_1125
review_13454,clothing_867
review_13455,clothing_1125
review_13456,clothing_1099
review_13457,clothing_1125
review_13458,clothing_867
review_13459,clothing_253
review_13460,clothing_1024
review_13461,clothing_1054
review_13462,clothing_1125
review_13463,clothing_1037
review_13464,clothing_867
review_13465,clothing_1054
review_13466,clothing_921
review_13467,clothing_253
review_13468,clothing_1099
review_13469,clothing_253
review_13470,clothing_1024
review_13471,clothing_1102
review_13472,clothing_1125
review_13473,clothing_1024
review_13474,clothing_867
review_13475,clothing_1099
review_13476,clothing_1168
review_13477,clothing_867
review_13478,clothing_1094
review_13479,clothing_1094
review_13480,clothing_873
review_13481,clothing_1094
review_13482,clothing_1094
review_13483,clothing_1094
review_13484,clothing_1094
review_13485,clothing_927
review_13486,clothing_927
review_13487,clothing_927
review_13488,clothing_909
review_13489,clothing_927
review_13490,clothing_1094
review_13491,clothing_909
review_13492,clothing_1079
review_13493,clothing_909
review_13494,clothing_927
review_13495,clothing_1094
review_13496,clothing_927
review_13497,clothing_927
review_13498,clothing_1094
review_13499,clothing_927
review_13500,clothing_927
review_13501,clothing_909
review_13502,clothing_868
review_13503,clothing_1094
review_13504,clothing_611
review_13505,clothing_1092
review_13506,clothing_1053
review_13507,clothing_1092
review_13508,clothing_1053
review_13509,clothing_611
review_13510,clothing_942
review_13511,clothing_927
review_13512,clothing_1053
review_13513,clothing_1094
review_13514,clothing_909
review_13515,clothing_909
review_13516,clothing_927
review_13517,clothing_1053
review_13518,clothing_927
review_13519,clothing_1094
review_13520,clothing_1094
review_13521,clothing_1053
review_13522,clothing_1094
review_13523,clothing_909
review_13524,clothing_927
review_13525,clothing_927
review_13526,clothing_909
review_13527,clothing_1053
review_13528,clothing_611
review_13529,clothing_1094
review_13530,clothing_909
review_13531,clothing_611
review_13532,clothing_1003
review_13533,clothing_873
review_13534,clothing_927
review_13535,clothing_1094
review_13536,clothing_927
review_13537,clothing_611
review_13538,clothing_1094
review_13539,clothing_909
review_13540,clothing_611
review_13541,clothing_909
review_13542,clothing_1094
review_13543,clothing_927
review_13544,clothing_1094
review_13545,clothing_927
review_13546,clothing_1094
review_13547,clothing_1094
review_13548,clothing_868
review_13549,clothing_1094
review_13550,clothing_927
review_13551,clothing_611
review_13552,clothing_868
review_13553,clothing_927
review_13554,clothing_611
review_13555,clothing_611
review_13556,clothing_1094
review_13557,clothing_1104
review_13558,clothing_1072
review_13559,clothing_868
review_13560,clothing_857
review_13561,clothing_1095
review_13562,clothing_1080
review_13563,clothing_1080
review_13564,clothing_1077
review_13565,clothing_1077
review_13566,clothing_828
review_13567,clothing_1080
review_13568,clothing_1077
review_13569,clothing_1095
review_13570,clothing_1104
review_13571,clothing_1080
review_13572,clothing_1077
review_13573,clothing_1104
review_13574,clothing_1077
review_13575,clothing_1077
review_13576,clothing_1077
review_13577,clothing_1104
review_13578,clothing_1077
review_13579,clothing_1072
review_13580,clothing_828
review_13581,clothing_1072
review_13582,clothing_1000
review_13583,clothing_1080
review_13584,clothing_1072
review_13585,clothing_1080
review_13586,clothing_868
review_13587,clothing_868
review_13588,clothing_698
review_13589,clothing_1077
review_13590,clothing_872
review_13591,clothing_868
review_13592,clothing_872
review_13593,clothing_1077
review_13594,clothing_868
review_13595,clothing_828
review_13596,clothing_1080
review_13597,clothing_868
review_13598,clothing_1077
review_13599,clothing_1077
review_13600,clothing_1072
review_13601,clothing_1104
review_13602,clothing_868
review_13603,clothing_1080
review_13604,clothing_1080
review_13605,clothing_1072
review_13606,clothing_828
review_13607,clothing_1075
review_13608,clothing_1124
review_13609,clothing_1095
review_13610,clothing_1077
review_13611,clothing_1077
review_13612,clothing_1080
review_13613,clothing_868
review_13614,clothing_1077
review_13615,clothing_1080
review_13616,clothing_1080
review_13617,clothing_1077
review_13618,clothing_1080
review_13619,clothing_1080
review_13620,clothing_868
review_13621,clothing_1095
review_13622,clothing_1075
review_13623,clothing_1072
review_13624,clothing_1104
review_13625,clothing_1077
review_13626,clothing_1077
review_13627,clothing_1080
review_13628,clothing_1078
review_13629,clothing_1078
review_13630,clothing_1078
review_13631,clothing_1078
review_13632,clothing_1078
review_13633,clothing_1078
review_13634,clothing_1078
review_13635,clothing_1078
review_13636,clothing_1078
review_13637,clothing_1078
review_13638,clothing_1078
review_13639,clothing_1078
review_13640,clothing_436
review_13641,clothing_1078
review_13642,clothing_1078
review_13643,clothing_1078
review_13644,clothing_1078
review_13645,clothing_1078
review_13646,clothing_1078
review_13647,clothing_934
review_13648,clothing_1078
review_13649,clothing_1078
review_13650,clothing_1078
review_13651,clothing_1078
review_13652,clothing_907
review_13653,clothing_1078
review_13654,clothing_1078
review_13655,clothing_280
review_13656,clothing_1078
review_13657,clothing_1078
review_13658,clothing_1078
review_13659,clothing_877
review_13660,clothing_1078
review_13661,clothing_1078
review_13662,clothing_1008
review_13663,clothing_1088
review_13664,clothing_824
review_13665,clothing_1008
review_13666,clothing_1022
review_13667,clothing_806
review_13668,clothing_831
review_13669,clothing_1056
review_13670,clothing_967
review_13671,clothing_1088
review_13672,clothing_1008
review_13673,clothing_1008
review_13674,clothing_1088
review_13675,clothing_500
review_13676,clothing_873
review_13677,clothing_1008
review_13678,clothing_669
review_13679,clothing_873
review_13680,clothing_1088
review_13681,clothing_873
review_13682,clothing_873
review_13683,clothing_1033
review_13684,clothing_806
review_13685,clothing_1008
review_13686,clothing_1008
review_13687,clothing_824
review_13688,clothing_1088
review_13689,clothing_831
review_13690,clothing_1008
review_13691,clothing_873
review_13692,clothing_873
review_13693,clothing_831
review_13694,clothing_960
review_13695,clothing_1088
review_13696,clothing_1008
review_13697,clothing_873
review_13698,clothing_824
review_13699,clothing_1008
review_13700,clothing_927
review_13701,clothing_1008
review_13702,clothing_873
review_13703,clothing_873
review_13704,clothing_873
review_13705,clothing_960
review_13706,clothing_873
review_13707,clothing_1008
review_13708,clothing_927
review_13709,clothing_1008
review_13710,clothing_873
review_13711,clothing_862
review_13712,clothing_862
review_13713,clothing_862
review_13714,clothing_1078
review_13715,clothing_1078
review_13716,clothing_862
review_13717,clothing_862
review_13718,clothing_862
review_13719,clothing_1072
review_13720,clothing_862
review_13721,clothing_1078
review_13722,clothing_862
review_13723,clothing_1078
review_13724,clothing_1078
review_13725,clothing_862
review_13726,clothing_1078
review_13727,clothing_862
review_13728,clothing_1022
review_13729,clothing_868
review_13730,clothing_862
review_13731,clothing_862
review_13732,clothing_862
review_13733,clothing_1078
review_13734,clothing_1078
review_13735,clothing_862
review_13736,clothing_1078
review_13737,clothing_1078
review_13738,clothing_1022
review_13739,clothing_862
review_13740,clothing_822
review_13741,clothing_1078
review_13742,clothing_862
review_13743,clothing_1078
review_13744,clothing_1078
review_13745,clothing_1078
review_13746,clothing_1078
review_13747,clothing_1078
review_13748,clothing_835
review_13749,clothing_1078
review_13750,clothing_872
review_13751,clothing_909
review_13752,clothing_868
review_13753,clothing_909
review_13754,clothing_868
review_13755,clothing_857
review_13756,clothing_1078
review_13757,clothing_1078
review_13758,clothing_1078
review_13759,clothing_1095
review_13760,clothing_872
review_13761,clothing_857
review_13762,clothing_857
review_13763,clothing_1078
review_13764,clothing_1104
review_13765,clothing_857
review_13766,clothing_1095
review_13769,clothing_1078
review_13770,clothing_868
review_13771,clothing_1078
review_13772,clothing_1078
review_13773,clothing_1070
review_13774,clothing_1078
review_13775,clothing_1095
review_13776,clothing_1095
review_13777,clothing_1095
review_13778,clothing_1095
review_13779,clothing_1066
review_13780,clothing_1095
review_13781,clothing_1078
review_13782,clothing_1078
review_13783,clothing_974
review_13784,clothing_1095
review_13785,clothing_1070
review_13786,clothing_1070
review_13788,clothing_836
review_13789,clothing_1078
review_13790,clothing_1095
review_13791,clothing_831
review_13792,clothing_1078
review_13793,clothing_868
review_13794,clothing_1095
review_13795,clothing_868
review_13796,clothing_872
review_13797,clothing_872
review_13798,clothing_1078
review_13799,clothing_1078
review_13800,clothing_868
review_13801,clothing_857
review_13802,clothing_1095
review_13803,clothing_1078
review_13804,clothing_1095
review_13805,clothing_1078
review_13806,clothing_1078
review_13807,clothing_1078
review_13808,clothing_872
review_13809,clothing_1095
review_13810,clothing_1095
review_13811,clothing_831
review_13812,clothing_909
review_13813,clothing_1095
review_13814,clothing_1078
review_13815,clothing_1078
review_13816,clothing_1022
review_13817,clothing_831
review_13818,clothing_831
review_13819,clothing_857
review_13820,clothing_1078
review_13821,clothing_909
review_13822,clothing_974
review_13823,clothing_1078
review_13824,clothing_898
review_13825,clothing_1095
review_13826,clothing_1078
review_13827,clothing_1078
review_13828,clothing_1070
review_13829,clothing_1070
review_13830,clothing_868
review_13831,clothing_836
review_13832,clothing_1078
review_13833,clothing_909
review_13834,clothing_1078
review_13835,clothing_1095
review_13836,clothing_868
review_13837,clothing_1095
review_13838,clothing_1078
review_13839,clothing_1078
review_13840,clothing_857
review_13841,clothing_1095
review_13842,clothing_1078
review_13843,clothing_857
review_13844,clothing_1070
review_13845,clothing_836
review_13846,clothing_1078
review_13847,clothing_836
review_13848,clothing_872
review_13849,clothing_1022
review_13850,clothing_1022
review_13851,clothing_1078
review_13852,clothing_1078
review_13853,clothing_1070
review_13854,clothing_1066
review_13855,clothing_1095
review_13856,clothing_857
review_13857,clothing_1066
review_13858,clothing_868
review_13859,clothing_1070
review_13860,clothing_1066
review_13861,clothing_857
review_13862,clothing_831
review_13863,clothing_1095
review_13864,clothing_1095
review_13865,clothing_1078
review_13866,clothing_868
review_13867,clothing_831
review_13868,clothing_1078
review_13869,clothing_1095
review_13870,clothing_1095
review_13871,clothing_868
review_13872,clothing_835
review_13873,clothing_857
review_13874,clothing_1095
review_13875,clothing_1078
review_13876,clothing_1095
review_13877,clothing_868
review_13878,clothing_835
review_13879,clothing_831
review_13880,clothing_1095
review_13881,clothing_1078
review_13882,clothing_1075
review_13883,clothing_872
review_13884,clothing_1030
review_13885,clothing_1080
review_13886,clothing_872
review_13887,clothing_872
review_13888,clothing_1087
review_13889,clothing_960
review_13890,clothing_281
review_13891,clothing_850
review_13892,clothing_281
review_13893,clothing_850
review_13894,clothing_281
review_13895,clothing_1025
review_13896,clothing_1110
review_13897,clothing_1110
review_13898,clothing_1047
review_13899,clothing_1110
review_13900,clothing_1110
review_13901,clothing_1047
review_13902,clothing_1047
review_13903,clothing_1047
review_13904,clothing_1110
review_13905,clothing_996
review_13906,clothing_868
review_13907,clothing_825
review_13908,clothing_865
review_13909,clothing_868
review_13910,clothing_420
review_13911,clothing_996
review_13912,clothing_825
review_13913,clothing_996
review_13914,clothing_1047
review_13915,clothing_996
review_13916,clothing_865
review_13917,clothing_865
review_13918,clothing_825
review_13919,clothing_1047
review_13920,clothing_996
review_13921,clothing_1110
review_13922,clothing_1047
review_13923,clothing_420
review_13924,clothing_996
review_13925,clothing_996
review_13926,clothing_1135
review_13927,clothing_1047
review_13928,clothing_868
review_13929,clothing_1047
review_13930,clothing_825
review_13931,clothing_420
review_13932,clothing_1110
review_13933,clothing_1047
review_13934,clothing_1016
review_13935,clothing_865
review_13936,clothing_1098
review_13937,clothing_1110
review_13938,clothing_1110
review_13939,clothing_1110
review_13940,clothing_996
review_13941,clothing_1110
review_13942,clothing_1110
review_13943,clothing_420
review_13944,clothing_825
review_13945,clothing_1111
review_13946,clothing_1098
review_13947,clothing_1110
review_13948,clothing_868
review_13949,clothing_1047
review_13950,clothing_1047
review_13951,clothing_996
review_13952,clothing_128
review_13953,clothing_828
review_13954,clothing_128
review_13955,clothing_828
review_13956,clothing_862
review_13957,clothing_343
review_13958,clothing_862
review_13959,clothing_1094
review_13960,clothing_828
review_13961,clothing_1094
review_13962,clothing_1098
review_13963,clothing_828
review_13964,clothing_128
review_13965,clothing_862
review_13966,clothing_862
review_13967,clothing_128
review_13968,clothing_871
review_13969,clothing_1094
review_13970,clothing_757
review_13971,clothing_862
review_13972,clothing_862
review_13973,clothing_343
review_13974,clothing_343
review_13975,clothing_757
review_13976,clothing_828
review_13977,clothing_862
review_13978,clothing_757
review_13979,clothing_128
review_13980,clothing_1098
review_13981,clothing_862
review_13982,clothing_863
review_13983,clothing_818
review_13984,clothing_1094
review_13985,clothing_831
review_13986,clothing_343
review_13987,clothing_863
review_13988,clothing_862
review_13989,clothing_862
review_13990,clothing_862
review_13991,clothing_1094
review_13992,clothing_862
review_13993,clothing_871
review_13994,clothing_1094
review_13995,clothing_863
review_13996,clothing_343
review_13997,clothing_828
review_13998,clothing_128
review_13999,clothing_863
review_14000,clothing_863
review_14001,clothing_828
review_14002,clothing_757
review_14003,clothing_1001
review_14004,clothing_939
review_14005,clothing_939
review_14006,clothing_939
review_14007,clothing_903
review_14008,clothing_1094
review_14009,clothing_939
review_14010,clothing_1110
review_14011,clothing_1081
review_14012,clothing_939
review_14013,clothing_939
review_14014,clothing_927
review_14015,clothing_903
review_14016,clothing_1081
review_14017,clothing_1094
review_14018,clothing_1081
review_14019,clothing_1001
review_14020,clothing_939
review_14021,clothing_939
review_14022,clothing_1110
review_14023,clothing_621
review_14024,clothing_828
review_14025,clothing_864
review_14026,clothing_939
review_14027,clothing_939
review_14028,clothing_621
review_14029,clothing_621
review_14030,clothing_621
review_14031,clothing_939
review_14032,clothing_621
review_14033,clothing_621
review_14034,clothing_1094
review_14035,clothing_939
review_14036,clothing_1110
review_14037,clothing_939
review_14038,clothing_621
review_14039,clothing_621
review_14040,clothing_1081
review_14041,clothing_903
review_14042,clothing_1110
review_14043,clothing_939
review_14044,clothing_903
review_14045,clothing_903
review_14046,clothing_1001
review_14047,clothing_1110
review_14048,clothing_621
review_14049,clothing_864
review_14050,clothing_939
review_14051,clothing_621
review_14052,clothing_903
review_14053,clothing_864
review_14054,clothing_1110
review_14055,clothing_621
review_14056,clothing_621
review_14057,clothing_1081
review_14058,clothing_864
review_14059,clothing_1001
review_14060,clothing_621
review_14061,clothing_939
review_14062,clothing_25
review_14063,clothing_1081
review_14064,clothing_939
review_14065,clothing_830
review_14066,clothing_654
review_14067,clothing_927
review_14068,clothing_1001
review_14069,clothing_1110
review_14070,clothing_1110
review_14071,clothing_939
review_14072,clothing_864
review_14073,clothing_939
review_14074,clothing_1110
review_14075,clothing_1110
review_14076,clothing_1110
review_14077,clothing_1076
review_14078,clothing_829
review_14079,clothing_927
review_14080,clothing_1076
review_14081,clothing_1009
review_14082,clothing_1081
review_14083,clothing_980
review_14084,clothing_927
review_14085,clothing_1077
review_14086,clothing_829
review_14087,clothing_829
review_14088,clothing_93
review_14089,clothing_1076
review_14090,clothing_1009
review_14091,clothing_829
review_14092,clothing_944
review_14093,clothing_829
review_14094,clothing_831
review_14095,clothing_1081
review_14096,clothing_829
review_14097,clothing_980
review_14098,clothing_1081
review_14099,clothing_686
review_14100,clothing_829
review_14101,clothing_1077
review_14102,clothing_1077
review_14103,clothing_1077
review_14104,clothing_1077
review_14105,clothing_829
review_14106,clothing_927
review_14107,clothing_829
review_14108,clothing_829
review_14109,clothing_829
review_14110,clothing_829
review_14111,clothing_93
review_14112,clothing_828
review_14113,clothing_829
review_14114,clothing_1077
review_14115,clothing_1033
review_14116,clothing_921
review_14117,clothing_850
review_14118,clothing_1076
review_14119,clothing_1076
review_14120,clothing_1024
review_14121,clothing_975
review_14122,clothing_975
review_14123,clothing_921
review_14124,clothing_911
review_14125,clothing_1076
review_14126,clothing_921
review_14127,clothing_975
review_14128,clothing_985
review_14129,clothing_862
review_14130,clothing_180
review_14131,clothing_180
review_14132,clothing_985
review_14133,clothing_862
review_14134,clothing_680
review_14135,clothing_862
review_14136,clothing_862
review_14137,clothing_1059
review_14138,clothing_534
review_14139,clothing_862
review_14140,clothing_180
review_14141,clothing_1059
review_14142,clothing_872
review_14143,clothing_1059
review_14144,clothing_534
review_14145,clothing_862
review_14146,clothing_862
review_14147,clothing_606
review_14148,clothing_606
review_14149,clothing_829
review_14150,clothing_1033
review_14151,clothing_1028
review_14152,clothing_1083
review_14153,clothing_1083
review_14154,clothing_1129
review_14155,clothing_1083
review_14156,clothing_1083
review_14157,clothing_862
review_14158,clothing_866
review_14159,clothing_1129
review_14160,clothing_862
review_14161,clothing_862
review_14162,clothing_1129
review_14163,clothing_1030
review_14164,clothing_866
review_14165,clothing_876
review_14166,clothing_761
review_14167,clothing_867
review_14168,clothing_1030
review_14169,clothing_840
review_14170,clothing_876
review_14171,clothing_761
review_14172,clothing_867
review_14173,clothing_876
review_14174,clothing_1083
review_14175,clothing_1083
review_14176,clothing_876
review_14177,clothing_867
review_14178,clothing_1083
review_14179,clothing_876
review_14180,clothing_862
review_14181,clothing_1028
review_14182,clothing_761
review_14183,clothing_867
review_14184,clothing_999
review_14185,clothing_1083
review_14186,clothing_1083
review_14187,clothing_866
review_14188,clothing_606
review_14189,clothing_1129
review_14190,clothing_895
review_14191,clothing_1083
review_14192,clothing_876
review_14193,clothing_876
review_14194,clothing_862
review_14195,clothing_867
review_14196,clothing_1030
review_14197,clothing_876
review_14198,clothing_867
review_14199,clothing_1028
review_14200,clothing_876
review_14201,clothing_1129
review_14202,clothing_1083
review_14203,clothing_1077
review_14204,clothing_857
review_14205,clothing_1049
review_14206,clothing_1049
review_14207,clothing_865
review_14208,clothing_857
review_14209,clothing_1077
review_14210,clothing_1077
review_14211,clothing_857
review_14212,clothing_857
review_14213,clothing_861
review_14214,clothing_1085
review_14215,clothing_857
review_14216,clothing_857
review_14217,clothing_857
review_14218,clothing_1085
review_14219,clothing_1077
review_14220,clothing_857
review_14221,clothing_861
review_14222,clothing_1077
review_14223,clothing_1077
review_14224,clothing_932
review_14225,clothing_867
review_14226,clothing_966
review_14227,clothing_867
review_14228,clothing_932
review_14229,clothing_1111
review_14230,clothing_867
review_14231,clothing_867
review_14232,clothing_867
review_14233,clothing_867
review_14234,clothing_867
review_14235,clothing_966
review_14236,clothing_966
review_14237,clothing_867
review_14238,clothing_966
review_14239,clothing_966
review_14240,clothing_867
review_14241,clothing_867
review_14242,clothing_867
review_14243,clothing_966
review_14244,clothing_867
review_14245,clothing_966
review_14246,clothing_966
review_14247,clothing_966
review_14248,clothing_966
review_14249,clothing_867
review_14250,clothing_1124
review_14251,clothing_1081
review_14252,clothing_848
review_14253,clothing_867
review_14254,clothing_879
review_14255,clothing_185
review_14256,clothing_402
review_14257,clothing_879
review_14258,clothing_879
review_14259,clothing_1110
review_14260,clothing_965
review_14261,clothing_879
review_14262,clothing_869
review_14263,clothing_879
review_14264,clothing_895
review_14265,clothing_879
review_14266,clothing_879
review_14267,clothing_139
review_14268,clothing_965
review_14269,clothing_1075
review_14270,clothing_1094
review_14271,clothing_879
review_14272,clothing_879
review_14273,clothing_879
review_14274,clothing_879
review_14275,clothing_879
review_14276,clothing_1110
review_14277,clothing_869
review_14278,clothing_879
review_14279,clothing_879
review_14280,clothing_1110
review_14281,clothing_139
review_14282,clothing_879
review_14283,clothing_139
review_14284,clothing_879
review_14285,clothing_879
review_14286,clothing_402
review_14287,clothing_139
review_14288,clothing_879
review_14289,clothing_1073
review_14290,clothing_879
review_14291,clothing_1073
review_14292,clothing_879
review_14293,clothing_879
review_14294,clothing_879
review_14295,clothing_965
review_14296,clothing_1047
review_14297,clothing_886
review_14298,clothing_1111
review_14299,clothing_829
review_14300,clothing_835
review_14301,clothing_886
review_14302,clothing_886
review_14303,clothing_886
review_14304,clothing_886
review_14305,clothing_677
review_14306,clothing_886
review_14307,clothing_886
review_14308,clothing_1083
review_14309,clothing_677
review_14310,clothing_1111
review_14311,clothing_862
review_14312,clothing_886
review_14313,clothing_862
review_14314,clothing_1083
review_14315,clothing_949
review_14316,clothing_1047
review_14317,clothing_862
review_14318,clothing_1083
review_14319,clothing_886
review_14320,clothing_1083
review_14321,clothing_1083
review_14322,clothing_862
review_14323,clothing_829
review_14324,clothing_1111
review_14325,clothing_886
review_14326,clothing_1083
review_14327,clothing_1083
review_14328,clothing_862
review_14329,clothing_1083
review_14330,clothing_835
review_14331,clothing_829
review_14332,clothing_817
review_14333,clothing_432
review_14334,clothing_1088
review_14335,clothing_829
review_14336,clothing_829
review_14337,clothing_817
review_14338,clothing_829
review_14339,clothing_829
review_14340,clothing_817
review_14341,clothing_838
review_14342,clothing_829
review_14343,clothing_1094
review_14344,clothing_1086
review_14345,clothing_829
review_14346,clothing_829
review_14347,clothing_829
review_14348,clothing_1086
review_14349,clothing_1081
review_14350,clothing_829
review_14351,clothing_829
review_14352,clothing_1081
review_14353,clothing_829
review_14354,clothing_829
review_14355,clothing_174
review_14356,clothing_1059
review_14357,clothing_1025
review_14358,clothing_1081
review_14359,clothing_829
review_14360,clothing_1086
review_14361,clothing_935
review_14362,clothing_838
review_14363,clothing_829
review_14364,clothing_1086
review_14365,clothing_838
review_14366,clothing_1059
review_14367,clothing_1081
review_14368,clothing_1086
review_14369,clothing_829
review_14370,clothing_828
review_14371,clothing_829
review_14372,clothing_817
review_14373,clothing_1078
review_14374,clothing_1059
review_14375,clothing_581
review_14376,clothing_875
review_14377,clothing_713
review_14378,clothing_1078
review_14379,clothing_1078
review_14380,clothing_1078
review_14381,clothing_1078
review_14382,clothing_1078
review_14383,clothing_1094
review_14384,clothing_1078
review_14385,clothing_1094
review_14386,clothing_1078
review_14387,clothing_862
review_14388,clothing_1060
review_14389,clothing_1094
review_14390,clothing_1158
review_14391,clothing_713
review_14392,clothing_1078
review_14393,clothing_862
review_14394,clothing_1078
review_14395,clothing_1078
review_14396,clothing_862
review_14397,clothing_713
review_14398,clothing_1078
review_14399,clothing_862
review_14400,clothing_1078
review_14401,clothing_835
review_14402,clothing_835
review_14403,clothing_1078
review_14404,clothing_862
review_14405,clothing_862
review_14406,clothing_1060
review_14407,clothing_1078
review_14408,clothing_862
review_14409,clothing_1078
review_14410,clothing_1078
review_14411,clothing_1060
review_14412,clothing_1078
review_14413,clothing_1078
review_14414,clothing_1078
review_14415,clothing_1078
review_14416,clothing_862
review_14417,clothing_1078
review_14418,clothing_1078
review_14419,clothing_1078
review_14420,clothing_1078
review_14421,clothing_1078
review_14422,clothing_831
review_14423,clothing_831
review_14424,clothing_1078
review_14425,clothing_862
review_14426,clothing_862
review_14427,clothing_1060
review_14428,clothing_875
review_14429,clothing_1094
review_14430,clothing_862
review_14431,clothing_1078
review_14432,clothing_713
review_14433,clothing_862
review_14434,clothing_1078
review_14435,clothing_1060
review_14436,clothing_1104
review_14437,clothing_1078
review_14438,clothing_1060
review_14439,clothing_862
review_14440,clothing_1078
review_14441,clothing_1078
review_14442,clothing_713
review_14443,clothing_1078
review_14444,clothing_1060
review_14445,clothing_850
review_14446,clothing_1028
review_14447,clothing_378
review_14448,clothing_1028
review_14449,clothing_1008
review_14450,clothing_378
review_14451,clothing_863
review_14452,clothing_863
review_14453,clothing_974
review_14454,clothing_378
review_14455,clothing_863
review_14456,clothing_859
review_14457,clothing_1008
review_14458,clothing_378
review_14459,clothing_1028
review_14460,clothing_863
review_14461,clothing_1028
review_14462,clothing_974
review_14463,clothing_835
review_14464,clothing_863
review_14465,clothing_974
review_14466,clothing_378
review_14467,clothing_1028
review_14468,clothing_1086
review_14469,clothing_378
review_14470,clothing_974
review_14471,clothing_378
review_14472,clothing_850
review_14473,clothing_480
review_14474,clothing_1080
review_14475,clothing_1008
review_14476,clothing_1008
review_14477,clothing_864
review_14478,clothing_909
review_14479,clothing_109
review_14480,clothing_109
review_14481,clothing_1099
review_14482,clothing_1008
review_14483,clothing_876
review_14484,clothing_1086
review_14485,clothing_1008
review_14486,clothing_109
review_14487,clothing_826
review_14488,clothing_909
review_14489,clothing_1080
review_14490,clothing_1083
review_14491,clothing_826
review_14492,clothing_1099
review_14493,clothing_864
review_14494,clothing_864
review_14495,clothing_909
review_14496,clothing_1080
review_14497,clothing_826
review_14498,clothing_1099
review_14499,clothing_1080
review_14500,clothing_864
review_14501,clothing_909
review_14502,clothing_1080
review_14503,clothing_1080
review_14504,clothing_909
review_14505,clothing_1099
review_14506,clothing_1086
review_14507,clothing_109
review_14508,clothing_480
review_14509,clothing_864
review_14510,clothing_1099
review_14511,clothing_1080
review_14512,clothing_1080
review_14513,clothing_1008
review_14514,clothing_480
review_14515,clothing_642
review_14516,clothing_642
review_14517,clothing_40
review_14518,clothing_642
review_14519,clothing_866
review_14520,clothing_1086
review_14521,clothing_40
review_14522,clothing_1086
review_14523,clothing_866
review_14524,clothing_866
review_14525,clothing_1094
review_14526,clothing_1035
review_14527,clothing_876
review_14528,clothing_642
review_14529,clothing_1028
review_14530,clothing_1112
review_14531,clothing_866
review_14532,clothing_876
review_14533,clothing_866
review_14534,clothing_40
review_14535,clothing_1086
review_14536,clothing_1094
review_14537,clothing_866
review_14538,clothing_642
review_14539,clothing_1162
review_14540,clothing_876
review_14541,clothing_876
review_14542,clothing_866
review_14543,clothing_862
review_14544,clothing_564
review_14545,clothing_904
review_14546,clothing_822
review_14547,clothing_822
review_14548,clothing_1074
review_14549,clothing_862
review_14550,clothing_862
review_14551,clothing_850
review_14552,clothing_758
review_14553,clothing_850
review_14554,clothing_862
review_14555,clothing_904
review_14556,clothing_850
review_14557,clothing_822
review_14558,clothing_850
review_14559,clothing_850
review_14560,clothing_740
review_14561,clothing_904
review_14562,clothing_850
review_14563,clothing_1074
review_14564,clothing_822
review_14565,clothing_822
review_14566,clothing_850
review_14567,clothing_862
review_14568,clothing_929
review_14569,clothing_1074
review_14570,clothing_441
review_14571,clothing_850
review_14572,clothing_850
review_14573,clothing_822
review_14574,clothing_850
review_14575,clothing_850
review_14576,clothing_862
review_14577,clothing_1033
review_14578,clothing_850
review_14579,clothing_1074
review_14580,clothing_850
review_14581,clothing_862
review_14582,clothing_850
review_14583,clothing_850
review_14584,clothing_862
review_14585,clothing_850
review_14586,clothing_850
review_14587,clothing_862
review_14588,clothing_441
review_14589,clothing_1074
review_14590,clothing_975
review_14591,clothing_332
review_14592,clothing_1081
review_14593,clothing_1081
review_14594,clothing_850
review_14595,clothing_332
review_14596,clothing_960
review_14597,clothing_850
review_14598,clothing_1081
review_14599,clothing_1084
review_14600,clothing_882
review_14601,clothing_332
review_14602,clothing_1084
review_14603,clothing_882
review_14604,clothing_1081
review_14605,clothing_850
review_14606,clothing_1081
review_14607,clothing_1098
review_14608,clothing_1086
review_14609,clothing_850
review_14610,clothing_882
review_14611,clothing_882
review_14612,clothing_966
review_14613,clothing_332
review_14614,clothing_332
review_14615,clothing_1084
review_14616,clothing_966
review_14617,clothing_1081
review_14618,clothing_1081
review_14619,clothing_882
review_14620,clothing_850
review_14621,clothing_966
review_14622,clothing_1081
review_14623,clothing_882
review_14624,clothing_882
review_14625,clothing_332
review_14626,clothing_882
review_14627,clothing_850
review_14628,clothing_1081
review_14629,clothing_1084
review_14630,clothing_850
review_14631,clothing_82
review_14632,clothing_82
review_14633,clothing_1081
review_14634,clothing_1081
review_14635,clothing_1081
review_14636,clothing_1084
review_14637,clothing_1081
review_14638,clothing_1081
review_14639,clothing_882
review_14640,clothing_332
review_14641,clothing_332
review_14642,clothing_966
review_14643,clothing_332
review_14644,clothing_1081
review_14645,clothing_1084
review_14646,clothing_332
review_14647,clothing_1084
review_14648,clothing_1081
review_14649,clothing_1081
review_14650,clothing_850
review_14651,clothing_833
review_14652,clothing_1081
review_14653,clothing_1084
review_14654,clothing_1033
review_14655,clothing_1084
review_14656,clothing_1081
review_14657,clothing_1084
review_14658,clothing_1033
review_14659,clothing_1081
review_14660,clothing_1081
review_14661,clothing_1081
review_14662,clothing_863
review_14663,clothing_863
review_14664,clothing_1070
review_14665,clothing_832
review_14666,clothing_1028
review_14667,clothing_863
review_14668,clothing_1072
review_14669,clothing_863
review_14670,clothing_1072
review_14671,clothing_927
review_14672,clothing_828
review_14673,clothing_1004
review_14674,clothing_927
review_14675,clothing_863
review_14676,clothing_868
review_14677,clothing_1072
review_14678,clothing_927
review_14679,clothing_1004
review_14680,clothing_863
review_14681,clothing_1072
review_14682,clothing_828
review_14683,clothing_1070
review_14684,clothing_1004
review_14685,clothing_1070
review_14686,clothing_1004
review_14687,clothing_927
review_14688,clothing_1004
review_14689,clothing_1004
review_14690,clothing_828
review_14691,clothing_863
review_14692,clothing_863
review_14693,clothing_863
review_14694,clothing_1004
review_14695,clothing_1004
review_14696,clothing_1072
review_14697,clothing_898
review_14698,clothing_1004
review_14699,clothing_1070
review_14700,clothing_1072
review_14701,clothing_863
review_14702,clothing_868
review_14703,clothing_1072
review_14704,clothing_927
review_14705,clothing_863
review_14706,clothing_927
review_14707,clothing_863
review_14708,clothing_832
review_14709,clothing_828
review_14710,clothing_1004
review_14711,clothing_927
review_14712,clothing_1004
review_14713,clothing_927
review_14714,clothing_927
review_14715,clothing_1072
review_14716,clothing_832
review_14717,clothing_1044
review_14718,clothing_1095
review_14719,clothing_1095
review_14720,clothing_1020
review_14721,clothing_818
review_14722,clothing_1095
review_14723,clothing_1020
review_14724,clothing_1095
review_14725,clothing_1095
review_14726,clothing_1020
review_14727,clothing_1075
review_14728,clothing_1095
review_14729,clothing_868
review_14730,clothing_1095
review_14731,clothing_868
review_14732,clothing_1095
review_14733,clothing_868
review_14734,clothing_1095
review_14735,clothing_1095
review_14736,clothing_868
review_14737,clothing_1095
review_14738,clothing_1095
review_14739,clothing_349
review_14740,clothing_868
review_14741,clothing_1095
review_14742,clothing_1095
review_14743,clothing_1078
review_14744,clothing_1095
review_14745,clothing_1095
review_14746,clothing_0
review_14747,clothing_1095
review_14748,clothing_1095
review_14749,clothing_1095
review_14750,clothing_818
review_14751,clothing_818
review_14752,clothing_1095
review_14753,clothing_868
review_14754,clothing_868
review_14755,clothing_1095
review_14756,clothing_1095
review_14757,clothing_868
review_14758,clothing_868
review_14759,clothing_868
review_14760,clothing_1020
review_14761,clothing_1075
review_14762,clothing_868
review_14763,clothing_1078
review_14764,clothing_1022
review_14765,clothing_194
review_14766,clothing_1094
review_14767,clothing_1089
review_14768,clothing_1022
review_14769,clothing_194
review_14770,clothing_194
review_14771,clothing_194
review_14772,clothing_860
review_14773,clothing_194
review_14774,clothing_1025
review_14775,clothing_194
review_14776,clothing_873
review_14777,clothing_1055
review_14778,clothing_1089
review_14779,clothing_873
review_14780,clothing_194
review_14781,clothing_194
review_14782,clothing_1089
review_14783,clothing_1094
review_14784,clothing_1053
review_14785,clothing_871
review_14786,clothing_871
review_14787,clothing_1089
review_14788,clothing_1022
review_14789,clothing_1089
review_14790,clothing_194
review_14791,clothing_896
review_14792,clothing_1089
review_14793,clothing_1094
review_14794,clothing_1094
review_14795,clothing_194
review_14796,clothing_1094
review_14797,clothing_1022
review_14798,clothing_1094
review_14799,clothing_1022
review_14800,clothing_1055
review_14801,clothing_1022
review_14802,clothing_1094
review_14803,clothing_194
review_14804,clothing_1089
review_14805,clothing_194
review_14806,clothing_194
review_14807,clothing_873
review_14808,clothing_1094
review_14809,clothing_194
review_14810,clothing_1089
review_14811,clothing_1022
review_14812,clothing_194
review_14813,clothing_194
review_14814,clothing_1094
review_14815,clothing_1094
review_14816,clothing_871
review_14817,clothing_194
review_14818,clothing_1094
review_14819,clothing_862
review_14820,clothing_862
review_14821,clothing_868
review_14822,clothing_994
review_14823,clothing_1103
review_14824,clothing_1103
review_14825,clothing_1103
review_14826,clothing_1110
review_14827,clothing_929
review_14828,clothing_994
review_14829,clothing_1110
review_14830,clothing_868
review_14831,clothing_868
review_14832,clothing_917
review_14833,clothing_868
review_14834,clothing_929
review_14835,clothing_929
review_14836,clothing_1110
review_14837,clothing_1103
review_14838,clothing_1103
review_14839,clothing_994
review_14840,clothing_929
review_14841,clothing_1035
review_14842,clothing_1110
review_14843,clothing_868
review_14844,clothing_1110
review_14845,clothing_466
review_14846,clothing_868
review_14847,clothing_868
review_14848,clothing_1110
review_14849,clothing_868
review_14850,clothing_1066
review_14851,clothing_1103
review_14852,clothing_862
review_14853,clothing_940
review_14854,clothing_833
review_14855,clothing_984
review_14856,clothing_833
review_14857,clothing_984
review_14858,clothing_984
review_14859,clothing_833
review_14860,clothing_382
review_14861,clothing_382
review_14862,clothing_833
review_14863,clothing_844
review_14864,clothing_833
review_14865,clothing_833
review_14866,clothing_873
review_14867,clothing_984
review_14868,clothing_833
review_14869,clothing_833
review_14870,clothing_382
review_14871,clothing_833
review_14872,clothing_833
review_14873,clothing_382
review_14874,clothing_382
review_14875,clothing_833
review_14876,clothing_833
review_14877,clothing_833
review_14878,clothing_382
review_14879,clothing_833
review_14880,clothing_445
review_14881,clothing_382
review_14882,clothing_844
review_14883,clothing_833
review_14884,clothing_984
review_14885,clothing_940
review_14886,clothing_833
review_14887,clothing_833
review_14888,clothing_382
review_14889,clothing_833
review_14890,clothing_833
review_14891,clothing_940
review_14892,clothing_984
review_14893,clothing_382
review_14894,clothing_833
review_14895,clothing_833
review_14896,clothing_833
review_14897,clothing_382
review_14898,clothing_382
review_14899,clothing_833
review_14900,clothing_984
review_14901,clothing_833
review_14902,clothing_833
review_14903,clothing_984
review_14904,clothing_833
review_14905,clothing_382
review_14906,clothing_833
review_14907,clothing_984
review_14908,clothing_833
review_14909,clothing_833
review_14910,clothing_382
review_14911,clothing_1117
review_14912,clothing_1098
review_14913,clothing_1098
review_14914,clothing_1098
review_14915,clothing_828
review_14916,clothing_1094
review_14917,clothing_1117
review_14918,clothing_1010
review_14919,clothing_1020
review_14920,clothing_1010
review_14921,clothing_828
review_14922,clothing_944
review_14923,clothing_828
review_14924,clothing_1117
review_14925,clothing_867
review_14926,clothing_828
review_14927,clothing_1094
review_14928,clothing_1098
review_14929,clothing_1084
review_14930,clothing_828
review_14931,clothing_867
review_14932,clothing_1117
review_14933,clothing_1010
review_14934,clothing_1098
review_14935,clothing_935
review_14936,clothing_1094
review_14937,clothing_828
review_14938,clothing_867
review_14939,clothing_878
review_14940,clothing_1117
review_14941,clothing_867
review_14942,clothing_828
review_14943,clothing_1117
review_14944,clothing_1117
review_14945,clothing_867
review_14946,clothing_1094
review_14947,clothing_1094
review_14948,clothing_878
review_14949,clothing_1117
review_14950,clothing_1098
review_14951,clothing_828
review_14952,clothing_1050
review_14953,clothing_1010
review_14954,clothing_1088
review_14955,clothing_867
review_14956,clothing_828
review_14957,clothing_1098
review_14958,clothing_1098
review_14959,clothing_867
review_14960,clothing_878
review_14961,clothing_828
review_14962,clothing_864
review_14963,clothing_862
review_14964,clothing_220
review_14965,clothing_1097
review_14966,clothing_933
review_14967,clothing_831
review_14968,clothing_1025
review_14969,clothing_1127
review_14970,clothing_933
review_14971,clothing_864
review_14972,clothing_895
review_14973,clothing_933
review_14974,clothing_862
review_14975,clothing_862
review_14976,clothing_864
review_14977,clothing_895
review_14978,clothing_831
review_14979,clothing_220
review_14980,clothing_933
review_14981,clothing_644
review_14982,clothing_895
review_14983,clothing_1025
review_14984,clothing_831
review_14985,clothing_868
review_14986,clothing_862
review_14987,clothing_865
review_14988,clothing_895
review_14989,clothing_895
review_14990,clothing_1097
review_14991,clothing_865
review_14992,clothing_895
review_14993,clothing_895
review_14994,clothing_862
review_14995,clothing_644
review_14996,clothing_1097
review_14997,clothing_1025
review_14998,clothing_644
review_14999,clothing_831
review_15000,clothing_1025
review_15001,clothing_933
review_15002,clothing_862
review_15003,clothing_895
review_15004,clothing_859
review_15005,clothing_1076
review_15006,clothing_1086
review_15007,clothing_438
review_15008,clothing_936
review_15009,clothing_1086
review_15010,clothing_1086
review_15011,clothing_936
review_15012,clothing_936
review_15013,clothing_1163
review_15014,clothing_936
review_15015,clothing_936
review_15016,clothing_921
review_15017,clothing_936
review_15018,clothing_857
review_15019,clothing_1086
review_15020,clothing_921
review_15021,clothing_1045
review_15022,clothing_936
review_15023,clothing_859
review_15024,clothing_386
review_15025,clothing_1200
review_15026,clothing_936
review_15027,clothing_1086
review_15028,clothing_936
review_15029,clothing_1086
review_15030,clothing_857
review_15031,clothing_1087
review_15032,clothing_936
review_15033,clothing_1082
review_15034,clothing_936
review_15035,clothing_936
review_15036,clothing_864
review_15037,clothing_1087
review_15038,clothing_864
review_15039,clothing_1095
review_15040,clothing_1082
review_15041,clothing_921
review_15042,clothing_1095
review_15043,clothing_936
review_15044,clothing_1086
review_15045,clothing_1076
review_15046,clothing_936
review_15047,clothing_936
review_15048,clothing_936
review_15049,clothing_936
review_15050,clothing_1111
review_15051,clothing_936
review_15052,clothing_1086
review_15053,clothing_864
review_15054,clothing_872
review_15055,clothing_897
review_15056,clothing_187
review_15057,clothing_875
review_15058,clothing_886
review_15059,clothing_881
review_15060,clothing_872
review_15061,clothing_872
review_15062,clothing_1136
review_15063,clothing_862
review_15064,clothing_1028
review_15065,clothing_1028
review_15066,clothing_872
review_15067,clothing_886
review_15068,clothing_818
review_15069,clothing_996
review_15070,clothing_862
review_15071,clothing_1028
review_15072,clothing_750
review_15073,clothing_881
review_15074,clothing_872
review_15075,clothing_818
review_15076,clothing_875
review_15077,clothing_881
review_15078,clothing_872
review_15079,clothing_875
review_15080,clothing_886
review_15081,clothing_872
review_15082,clothing_886
review_15083,clothing_872
review_15084,clothing_886
review_15085,clothing_996
review_15086,clothing_881
review_15087,clothing_875
review_15088,clothing_187
review_15089,clothing_187
review_15090,clothing_872
review_15091,clothing_872
review_15092,clothing_886
review_15093,clothing_881
review_15094,clothing_1049
review_15095,clothing_862
review_15096,clothing_881
review_15097,clothing_872
review_15098,clothing_828
review_15099,clothing_828
review_15100,clothing_1025
review_15101,clothing_1025
review_15102,clothing_1022
review_15103,clothing_394
review_15104,clothing_394
review_15105,clothing_394
review_15106,clothing_394
review_15107,clothing_828
review_15108,clothing_828
review_15109,clothing_1025
review_15110,clothing_828
review_15111,clothing_828
review_15112,clothing_996
review_15113,clothing_1025
review_15114,clothing_828
review_15115,clothing_828
review_15116,clothing_828
review_15117,clothing_1008
review_15118,clothing_828
review_15119,clothing_394
review_15120,clothing_1025
review_15121,clothing_828
review_15122,clothing_1025
review_15123,clothing_394
review_15124,clothing_828
review_15125,clothing_940
review_15126,clothing_862
review_15127,clothing_940
review_15128,clothing_940
review_15129,clothing_991
review_15130,clothing_940
review_15131,clothing_862
review_15132,clothing_984
review_15133,clothing_862
review_15134,clothing_984
review_15135,clothing_940
review_15136,clothing_890
review_15137,clothing_850
review_15138,clothing_940
review_15139,clothing_940
review_15140,clothing_940
review_15141,clothing_844
review_15142,clothing_862
review_15143,clothing_940
review_15144,clothing_862
review_15145,clothing_862
review_15146,clothing_844
review_15147,clothing_940
review_15148,clothing_1022
review_15149,clothing_850
review_15150,clothing_984
review_15151,clothing_862
review_15152,clothing_862
review_15153,clothing_940
review_15154,clothing_940
review_15155,clothing_1080
review_15156,clothing_850
review_15157,clothing_940
review_15158,clothing_850
review_15159,clothing_1080
review_15160,clothing_862
review_15161,clothing_844
review_15162,clothing_984
review_15163,clothing_850
review_15164,clothing_940
review_15165,clothing_850
review_15166,clothing_862
review_15167,clothing_1104
review_15168,clothing_940
review_15169,clothing_984
review_15170,clothing_940
review_15171,clothing_975
review_15172,clothing_1035
review_15173,clothing_1080
review_15174,clothing_984
review_15175,clothing_940
review_15176,clothing_850
review_15177,clothing_940
review_15178,clothing_940
review_15179,clothing_984
review_15180,clothing_940
review_15181,clothing_984
review_15182,clothing_984
review_15183,clothing_984
review_15184,clothing_940
review_15185,clothing_868
review_15186,clothing_831
review_15187,clothing_1033
review_15188,clothing_831
review_15189,clothing_988
review_15190,clothing_868
review_15191,clothing_996
review_15192,clothing_831
review_15193,clothing_868
review_15194,clothing_862
review_15195,clothing_831
review_15196,clothing_875
review_15197,clothing_868
review_15198,clothing_1033
review_15199,clothing_875
review_15200,clothing_1033
review_15201,clothing_831
review_15202,clothing_996
review_15203,clothing_862
review_15204,clothing_862
review_15205,clothing_862
review_15206,clothing_831
review_15207,clothing_831
review_15208,clothing_831
review_15209,clothing_862
review_15210,clothing_1033
review_15211,clothing_362
review_15212,clothing_1033
review_15213,clothing_831
review_15214,clothing_1033
review_15215,clothing_862
review_15216,clothing_1033
review_15217,clothing_362
review_15218,clothing_1033
review_15219,clothing_862
review_15220,clothing_831
review_15221,clothing_868
review_15222,clothing_862
review_15223,clothing_868
review_15224,clothing_1033
review_15225,clothing_868
review_15226,clothing_1033
review_15227,clothing_862
review_15228,clothing_868
review_15229,clothing_1086
review_15230,clothing_1033
review_15231,clothing_831
review_15232,clothing_831
review_15233,clothing_1033
review_15234,clothing_1033
review_15235,clothing_996
review_15236,clothing_1033
review_15237,clothing_862
review_15238,clothing_862
review_15239,clothing_1033
review_15240,clothing_1033
review_15241,clothing_868
review_15242,clothing_1033
review_15243,clothing_1033
review_15244,clothing_831
review_15245,clothing_862
review_15246,clothing_868
review_15247,clothing_831
review_15248,clothing_1033
review_15249,clothing_862
review_15250,clothing_1033
review_15251,clothing_862
review_15252,clothing_831
review_15253,clothing_831
review_15254,clothing_1060
review_15255,clothing_862
review_15256,clothing_835
review_15257,clothing_862
review_15258,clothing_1078
review_15259,clothing_1082
review_15260,clothing_862
review_15261,clothing_1083
review_15262,clothing_1083
review_15263,clothing_1078
review_15264,clothing_1083
review_15265,clothing_864
review_15266,clothing_1082
review_15267,clothing_1083
review_15268,clothing_835
review_15269,clothing_864
review_15270,clothing_1083
review_15271,clothing_1082
review_15272,clothing_864
review_15273,clothing_1082
review_15274,clothing_835
review_15275,clothing_862
review_15276,clothing_1083
review_15277,clothing_875
review_15278,clothing_1083
review_15279,clothing_1083
review_15280,clothing_1078
review_15281,clothing_897
review_15282,clothing_895
review_15283,clothing_916
review_15284,clothing_1078
review_15285,clothing_875
review_15286,clothing_865
review_15287,clothing_916
review_15288,clothing_1078
review_15289,clothing_1110
review_15290,clothing_895
review_15291,clothing_1078
review_15292,clothing_916
review_15293,clothing_1049
review_15294,clothing_1059
review_15295,clothing_1078
review_15296,clothing_1059
review_15297,clothing_1078
review_15298,clothing_1049
review_15299,clothing_1078
review_15300,clothing_1059
review_15301,clothing_1078
review_15302,clothing_1078
review_15303,clothing_1059
review_15304,clothing_916
review_15305,clothing_895
review_15306,clothing_1036
review_15307,clothing_916
review_15308,clothing_897
review_15309,clothing_916
review_15310,clothing_895
review_15311,clothing_897
review_15312,clothing_65
review_15313,clothing_1078
review_15314,clothing_875
review_15315,clothing_897
review_15316,clothing_1078
review_15317,clothing_1078
review_15318,clothing_895
review_15319,clothing_557
review_15320,clothing_895
review_15321,clothing_823
review_15322,clothing_823
review_15323,clothing_916
review_15324,clothing_1059
review_15325,clothing_1104
review_15326,clothing_897
review_15327,clothing_897
review_15328,clothing_1059
review_15329,clothing_895
review_15330,clothing_1059
review_15331,clothing_1059
review_15332,clothing_865
review_15333,clothing_998
review_15334,clothing_1078
review_15335,clothing_916
review_15336,clothing_916
review_15337,clothing_1078
review_15338,clothing_1078
review_15339,clothing_895
review_15340,clothing_897
review_15341,clothing_916
review_15342,clothing_1059
review_15343,clothing_1059
review_15344,clothing_916
review_15345,clothing_1078
review_15346,clothing_916
review_15347,clothing_1078
review_15348,clothing_395
review_15349,clothing_1086
review_15350,clothing_577
review_15351,clothing_249
review_15352,clothing_1086
review_15353,clothing_577
review_15354,clothing_395
review_15355,clothing_833
review_15356,clothing_1088
review_15357,clothing_577
review_15358,clothing_249
review_15359,clothing_395
review_15360,clothing_395
review_15361,clothing_249
review_15362,clothing_1045
review_15363,clothing_1083
review_15364,clothing_1083
review_15365,clothing_249
review_15366,clothing_932
review_15367,clothing_1083
review_15368,clothing_1086
review_15369,clothing_395
review_15370,clothing_1083
review_15371,clothing_1083
review_15372,clothing_395
review_15373,clothing_249
review_15374,clothing_1088
review_15375,clothing_829
review_15376,clothing_249
review_15377,clothing_1088
review_15378,clothing_577
review_15379,clothing_395
review_15380,clothing_1083
review_15381,clothing_577
review_15382,clothing_829
review_15383,clothing_936
review_15384,clothing_395
review_15385,clothing_936
review_15386,clothing_936
review_15387,clothing_395
review_15388,clothing_876
review_15389,clothing_833
review_15390,clothing_1076
review_15391,clothing_876
review_15392,clothing_1084
review_15393,clothing_876
review_15394,clothing_876
review_15395,clothing_1084
review_15396,clothing_876
review_15397,clothing_866
review_15398,clothing_1099
review_15399,clothing_1099
review_15400,clothing_1099
review_15401,clothing_1099
review_15402,clothing_1099
review_15403,clothing_1099
review_15404,clothing_1099
review_15405,clothing_854
review_15406,clothing_1080
review_15407,clothing_854
review_15408,clothing_1104
review_15409,clothing_1099
review_15410,clothing_1099
review_15411,clothing_1099
review_15412,clothing_1099
review_15413,clothing_1075
review_15414,clothing_1099
review_15415,clothing_854
review_15416,clothing_27
review_15417,clothing_1099
review_15418,clothing_578
review_15419,clothing_1055
review_15420,clothing_854
review_15421,clothing_1099
review_15422,clothing_854
review_15423,clothing_1022
review_15424,clothing_1055
review_15425,clothing_1099
review_15426,clothing_1016
review_15427,clothing_1099
review_15428,clothing_1030
review_15429,clothing_1099
review_15430,clothing_1099
review_15431,clothing_1099
review_15432,clothing_1099
review_15433,clothing_836
review_15434,clothing_737
review_15435,clothing_1011
review_15436,clothing_916
review_15437,clothing_1083
review_15438,clothing_836
review_15439,clothing_11
review_15440,clothing_1077
review_15441,clothing_737
review_15442,clothing_916
review_15443,clothing_827
review_15444,clothing_1087
review_15445,clothing_1083
review_15446,clothing_836
review_15447,clothing_836
review_15448,clothing_974
review_15449,clothing_974
review_15450,clothing_1095
review_15451,clothing_1052
review_15452,clothing_975
review_15453,clothing_85
review_15454,clothing_1095
review_15455,clothing_974
review_15456,clothing_1095
review_15457,clothing_975
review_15458,clothing_975
review_15459,clothing_974
review_15460,clothing_503
review_15461,clothing_1028
review_15462,clothing_975
review_15463,clothing_1095
review_15464,clothing_1028
review_15465,clothing_1028
review_15466,clothing_974
review_15467,clothing_974
review_15468,clothing_1020
review_15469,clothing_1052
review_15470,clothing_974
review_15471,clothing_1052
review_15472,clothing_1028
review_15473,clothing_975
review_15474,clothing_974
review_15475,clothing_256
review_15476,clothing_1099
review_15477,clothing_256
review_15478,clothing_829
review_15479,clothing_193
review_15480,clothing_1082
review_15481,clothing_256
review_15482,clothing_1070
review_15483,clothing_1033
review_15484,clothing_193
review_15485,clothing_829
review_15486,clothing_1099
review_15487,clothing_256
review_15488,clothing_829
review_15489,clothing_829
review_15490,clothing_193
review_15491,clothing_1099
review_15492,clothing_193
review_15493,clothing_193
review_15494,clothing_1056
review_15495,clothing_829
review_15496,clothing_862
review_15497,clothing_865
review_15498,clothing_829
review_15499,clothing_1099
review_15500,clothing_193
review_15501,clothing_829
review_15502,clothing_1022
review_15503,clothing_1099
review_15504,clothing_1099
review_15505,clothing_1099
review_15506,clothing_1099
review_15507,clothing_1099
review_15508,clothing_1099
review_15509,clothing_862
review_15510,clothing_862
review_15511,clothing_193
review_15512,clothing_1099
review_15513,clothing_1099
review_15514,clothing_1099
review_15515,clothing_193
review_15516,clothing_829
review_15517,clothing_1099
review_15518,clothing_1099
review_15519,clothing_1099
review_15520,clothing_862
review_15521,clothing_256
review_15522,clothing_1070
review_15523,clothing_1033
review_15524,clothing_193
review_15525,clothing_829
review_15526,clothing_862
review_15527,clothing_865
review_15528,clothing_1099
review_15529,clothing_862
review_15530,clothing_829
review_15531,clothing_1194
review_15532,clothing_482
review_15533,clothing_852
review_15534,clothing_941
review_15535,clothing_829
review_15536,clothing_482
review_15537,clothing_829
review_15538,clothing_482
review_15539,clothing_941
review_15540,clothing_1056
review_15541,clothing_862
review_15542,clothing_482
review_15543,clothing_579
review_15544,clothing_867
review_15545,clothing_868
review_15546,clothing_867
review_15547,clothing_829
review_15548,clothing_867
review_15549,clothing_482
review_15550,clothing_926
review_15551,clothing_482
review_15552,clothing_482
review_15553,clothing_867
review_15554,clothing_941
review_15555,clothing_829
review_15556,clothing_579
review_15557,clothing_941
review_15558,clothing_1044
review_15559,clothing_867
review_15560,clothing_862
review_15561,clothing_941
review_15562,clothing_1056
review_15563,clothing_274
review_15564,clothing_941
review_15565,clothing_941
review_15566,clothing_941
review_15567,clothing_1044
review_15568,clothing_482
review_15569,clothing_1044
review_15570,clothing_100
review_15571,clothing_867
review_15572,clothing_941
review_15573,clothing_941
review_15574,clothing_1056
review_15575,clothing_1056
review_15576,clothing_829
review_15577,clothing_482
review_15578,clothing_868
review_15579,clothing_829
review_15580,clothing_941
review_15581,clothing_867
review_15582,clothing_482
review_15583,clothing_867
review_15584,clothing_941
review_15585,clothing_941
review_15586,clothing_862
review_15587,clothing_941
review_15588,clothing_941
review_15589,clothing_867
review_15590,clothing_829
review_15591,clothing_867
review_15592,clothing_482
review_15593,clothing_867
review_15594,clothing_867
review_15595,clothing_862
review_15596,clothing_579
review_15597,clothing_579
review_15598,clothing_949
review_15599,clothing_1077
review_15600,clothing_867
review_15601,clothing_949
review_15602,clothing_1077
review_15603,clothing_949
review_15604,clothing_867
review_15605,clothing_949
review_15606,clothing_1077
review_15607,clothing_818
review_15608,clothing_818
review_15609,clothing_949
review_15610,clothing_1077
review_15611,clothing_867
review_15612,clothing_949
review_15613,clothing_597
review_15614,clothing_1093
review_15615,clothing_949
review_15616,clothing_949
review_15617,clothing_949
review_15618,clothing_818
review_15619,clothing_953
review_15620,clothing_1077
review_15621,clothing_867
review_15622,clothing_949
review_15623,clothing_1077
review_15624,clothing_867
review_15625,clothing_1089
review_15626,clothing_1063
review_15627,clothing_1089
review_15628,clothing_1089
review_15629,clothing_925
review_15630,clothing_981
review_15631,clothing_513
review_15632,clothing_940
review_15633,clothing_981
review_15634,clothing_965
review_15635,clothing_1089
review_15636,clothing_1063
review_15637,clothing_1089
review_15638,clothing_940
review_15639,clothing_1063
review_15640,clothing_1059
review_15641,clothing_828
review_15642,clothing_981
review_15643,clothing_940
review_15644,clothing_909
review_15645,clothing_981
review_15646,clothing_1089
review_15647,clothing_940
review_15648,clothing_940
review_15649,clothing_1089
review_15650,clothing_1089
review_15651,clothing_827
review_15652,clothing_1089
review_15653,clothing_1089
review_15654,clothing_981
review_15655,clothing_513
review_15656,clothing_981
review_15657,clothing_909
review_15658,clothing_909
review_15659,clothing_1078
review_15660,clothing_865
review_15661,clothing_895
review_15662,clothing_1078
review_15663,clothing_1078
review_15664,clothing_221
review_15665,clothing_862
review_15666,clothing_862
review_15667,clothing_907
review_15668,clothing_895
review_15669,clothing_865
review_15670,clothing_865
review_15671,clothing_862
review_15672,clothing_945
review_15673,clothing_862
review_15674,clothing_1078
review_15675,clothing_865
review_15676,clothing_1078
review_15677,clothing_895
review_15678,clothing_895
review_15679,clothing_945
review_15680,clothing_1078
review_15681,clothing_907
review_15682,clothing_1078
review_15683,clothing_865
review_15684,clothing_907
review_15685,clothing_865
review_15686,clothing_945
review_15687,clothing_907
review_15688,clothing_921
review_15689,clothing_907
review_15690,clothing_945
review_15691,clothing_865
review_15692,clothing_895
review_15693,clothing_945
review_15694,clothing_865
review_15695,clothing_895
review_15696,clothing_895
review_15697,clothing_907
review_15698,clothing_862
review_15699,clothing_865
review_15700,clothing_895
review_15701,clothing_865
review_15702,clothing_865
review_15703,clothing_1078
review_15704,clothing_907
review_15705,clothing_865
review_15706,clothing_865
review_15707,clothing_1078
review_15708,clothing_907
review_15709,clothing_895
review_15710,clothing_907
review_15711,clothing_907
review_15712,clothing_1078
review_15713,clothing_1078
review_15714,clothing_865
review_15715,clothing_865
review_15716,clothing_895
review_15717,clothing_1078
review_15718,clothing_1078
review_15719,clothing_865
review_15720,clothing_895
review_15721,clothing_865
review_15722,clothing_945
review_15723,clothing_945
review_15724,clothing_907
review_15725,clothing_945
review_15726,clothing_1078
review_15727,clothing_907
review_15728,clothing_865
review_15729,clothing_895
review_15730,clothing_862
review_15731,clothing_895
review_15732,clothing_865
review_15733,clothing_862
review_15734,clothing_865
review_15735,clothing_907
review_15736,clothing_907
review_15737,clothing_865
review_15738,clothing_865
review_15739,clothing_862
review_15740,clothing_907
review_15741,clothing_862
review_15742,clothing_945
review_15743,clothing_865
review_15744,clothing_907
review_15745,clothing_945
review_15746,clothing_907
review_15747,clothing_907
review_15748,clothing_921
review_15749,clothing_865
review_15750,clothing_907
review_15751,clothing_1078
review_15752,clothing_907
review_15753,clothing_865
review_15754,clothing_1078
review_15755,clothing_907
review_15756,clothing_895
review_15757,clothing_895
review_15758,clothing_862
review_15759,clothing_1078
review_15760,clothing_865
review_15761,clothing_907
review_15762,clothing_865
review_15763,clothing_862
review_15764,clothing_865
review_15765,clothing_1025
review_15766,clothing_907
review_15767,clothing_1078
review_15768,clothing_945
review_15769,clothing_865
review_15770,clothing_1078
review_15771,clothing_895
review_15772,clothing_907
review_15773,clothing_907
review_15774,clothing_865
review_15775,clothing_865
review_15776,clothing_945
review_15777,clothing_865
review_15778,clothing_862
review_15779,clothing_865
review_15780,clothing_865
review_15781,clothing_945
review_15782,clothing_865
review_15783,clothing_1078
review_15784,clothing_865
review_15785,clothing_907
review_15786,clothing_945
review_15787,clothing_865
review_15788,clothing_865
review_15789,clothing_1084
review_15790,clothing_1078
review_15791,clothing_1094
review_15792,clothing_1084
review_15793,clothing_1092
review_15794,clothing_974
review_15795,clothing_872
review_15796,clothing_1078
review_15797,clothing_1094
review_15798,clothing_1092
review_15799,clothing_872
review_15800,clothing_1028
review_15801,clothing_1092
review_15802,clothing_1028
review_15803,clothing_986
review_15804,clothing_909
review_15805,clothing_872
review_15806,clothing_872
review_15807,clothing_909
review_15808,clothing_1084
review_15809,clothing_672
review_15810,clothing_1094
review_15811,clothing_1094
review_15812,clothing_974
review_15813,clothing_974
review_15814,clothing_974
review_15815,clothing_872
review_15816,clothing_1078
review_15817,clothing_1094
review_15818,clothing_1110
review_15819,clothing_1078
review_15820,clothing_974
review_15821,clothing_986
review_15822,clothing_872
review_15823,clothing_872
review_15824,clothing_1094
review_15825,clothing_872
review_15826,clothing_1078
review_15827,clothing_1092
review_15828,clothing_974
review_15829,clothing_1094
review_15830,clothing_909
review_15831,clothing_1178
review_15832,clothing_1078
review_15833,clothing_986
review_15834,clothing_1028
review_15835,clothing_1094
review_15836,clothing_1077
review_15837,clothing_328
review_15838,clothing_1077
review_15839,clothing_815
review_15840,clothing_815
review_15841,clothing_64
review_15842,clothing_1077
review_15843,clothing_936
review_15844,clothing_1033
review_15845,clothing_1033
review_15846,clothing_815
review_15847,clothing_815
review_15848,clothing_1025
review_15849,clothing_1033
review_15850,clothing_815
review_15851,clothing_1077
review_15852,clothing_1033
review_15853,clothing_1077
review_15854,clothing_1033
review_15855,clothing_707
review_15856,clothing_991
review_15857,clothing_815
review_15858,clothing_991
review_15859,clothing_936
review_15860,clothing_815
review_15861,clothing_1077
review_15862,clothing_815
review_15863,clothing_815
review_15864,clothing_815
review_15865,clothing_1077
review_15866,clothing_835
review_15867,clothing_996
review_15868,clothing_1081
review_15869,clothing_996
review_15870,clothing_996
review_15871,clothing_1094
review_15872,clothing_984
review_15873,clothing_984
review_15874,clothing_867
review_15875,clothing_835
review_15876,clothing_867
review_15877,clothing_996
review_15878,clothing_835
review_15879,clothing_996
review_15880,clothing_1081
review_15881,clothing_867
review_15882,clothing_984
review_15883,clothing_601
review_15884,clothing_1086
review_15885,clothing_984
review_15886,clothing_867
review_15887,clothing_1086
review_15888,clothing_867
review_15889,clothing_1086
review_15890,clothing_1094
review_15891,clothing_831
review_15892,clothing_825
review_15893,clothing_825
review_15894,clothing_825
review_15895,clothing_936
review_15896,clothing_936
review_15897,clothing_825
review_15898,clothing_936
review_15899,clothing_899
review_15900,clothing_1076
review_15901,clothing_1094
review_15902,clothing_936
review_15903,clothing_94
review_15904,clothing_936
review_15905,clothing_1076
review_15906,clothing_1047
review_15907,clothing_1047
review_15908,clothing_939
review_15909,clothing_1047
review_15910,clothing_1027
review_15911,clothing_1094
review_15912,clothing_825
review_15913,clothing_936
review_15914,clothing_1047
review_15915,clothing_862
review_15916,clothing_1035
review_15917,clothing_233
review_15918,clothing_867
review_15919,clothing_1035
review_15920,clothing_1035
review_15921,clothing_1035
review_15922,clothing_862
review_15923,clothing_1095
review_15924,clothing_867
review_15925,clothing_867
review_15926,clothing_1030
review_15927,clothing_1087
review_15928,clothing_1035
review_15929,clothing_1035
review_15930,clothing_867
review_15931,clothing_1087
review_15932,clothing_912
review_15933,clothing_912
review_15934,clothing_867
review_15935,clothing_1087
review_15936,clothing_1025
review_15937,clothing_1035
review_15938,clothing_867
review_15939,clothing_867
review_15940,clothing_1035
review_15941,clothing_1035
review_15942,clothing_867
review_15943,clothing_1035
review_15944,clothing_1035
review_15945,clothing_867
review_15946,clothing_1087
review_15947,clothing_1035
review_15948,clothing_867
review_15949,clothing_862
review_15950,clothing_1035
review_15951,clothing_912
review_15952,clothing_1035
review_15953,clothing_1035
review_15954,clothing_872
review_15955,clothing_904
review_15956,clothing_862
review_15957,clothing_1035
review_15958,clothing_867
review_15959,clothing_862
review_15960,clothing_1087
review_15961,clothing_1056
review_15962,clothing_872
review_15963,clothing_1056
review_15964,clothing_1081
review_15965,clothing_1081
review_15966,clothing_1056
review_15967,clothing_1056
review_15968,clothing_1072
review_15969,clothing_1056
review_15970,clothing_1056
review_15971,clothing_1081
review_15972,clothing_1056
review_15973,clothing_1056
review_15974,clothing_1081
review_15975,clothing_1056
review_15976,clothing_1056
review_15977,clothing_1081
review_15978,clothing_1056
review_15979,clothing_1081
review_15980,clothing_1056
review_15981,clothing_727
review_15982,clothing_1081
review_15983,clothing_1056
review_15984,clothing_1072
review_15985,clothing_1056
review_15986,clothing_1056
review_15987,clothing_872
review_15988,clothing_1056
review_15989,clothing_1056
review_15990,clothing_1056
review_15991,clothing_1056
review_15992,clothing_1056
review_15993,clothing_872
review_15994,clothing_1081
review_15995,clothing_872
review_15996,clothing_1056
review_15997,clothing_1056
review_15998,clothing_1056
review_15999,clothing_1056
review_16000,clothing_1056
review_16001,clothing_1072
review_16002,clothing_1056
review_16003,clothing_1056
review_16004,clothing_1056
review_16005,clothing_1056
review_16006,clothing_1081
review_16007,clothing_1056
review_16008,clothing_1056
review_16009,clothing_1056
review_16010,clothing_1056
review_16011,clothing_1056
review_16012,clothing_1056
review_16013,clothing_1056
review_16014,clothing_1056
review_16015,clothing_1081
review_16016,clothing_1056
review_16017,clothing_1056
review_16018,clothing_1056
review_16019,clothing_1081
review_16020,clothing_872
review_16021,clothing_1056
review_16022,clothing_1056
review_16023,clothing_1056
review_16024,clothing_1056
review_16025,clothing_872
review_16026,clothing_1056
review_16027,clothing_1056
review_16028,clothing_872
review_16029,clothing_1056
review_16030,clothing_1056
review_16031,clothing_1056
review_16032,clothing_872
review_16033,clothing_1056
review_16034,clothing_1056
review_16035,clothing_1072
review_16036,clothing_1056
review_16037,clothing_1081
review_16038,clothing_872
review_16039,clothing_1081
review_16040,clothing_1056
review_16041,clothing_1056
review_16042,clothing_1056
review_16043,clothing_1056
review_16044,clothing_834
review_16045,clothing_1056
review_16046,clothing_1056
review_16047,clothing_1056
review_16048,clothing_872
review_16049,clothing_1056
review_16050,clothing_1081
review_16051,clothing_1056
review_16052,clothing_1072
review_16053,clothing_1056
review_16054,clothing_1081
review_16055,clothing_1056
review_16056,clothing_872
review_16057,clothing_1056
review_16058,clothing_1056
review_16059,clothing_872
review_16060,clothing_1056
review_16061,clothing_1056
review_16062,clothing_1056
review_16063,clothing_1068
review_16064,clothing_1068
review_16065,clothing_1068
review_16066,clothing_1068
review_16067,clothing_1068
review_16068,clothing_390
review_16069,clothing_967
review_16070,clothing_1068
review_16071,clothing_936
review_16072,clothing_936
review_16073,clothing_1068
review_16074,clothing_854
review_16075,clothing_936
review_16076,clothing_1068
review_16077,clothing_1068
review_16078,clothing_390
review_16079,clothing_819
review_16080,clothing_1068
review_16081,clothing_870
review_16082,clothing_1068
review_16083,clothing_390
review_16084,clothing_1146
review_16085,clothing_1068
review_16086,clothing_1068
review_16087,clothing_1068
review_16088,clothing_967
review_16089,clothing_870
review_16090,clothing_1068
review_16091,clothing_854
review_16092,clothing_936
review_16093,clothing_946
review_16094,clothing_1068
review_16095,clothing_967
review_16096,clothing_1055
review_16097,clothing_936
review_16098,clothing_865
review_16099,clothing_936
review_16100,clothing_854
review_16101,clothing_1068
review_16102,clothing_1083
review_16103,clothing_1038
review_16104,clothing_1083
review_16105,clothing_1083
review_16106,clothing_763
review_16107,clothing_1083
review_16108,clothing_1083
review_16109,clothing_862
review_16110,clothing_1038
review_16111,clothing_1083
review_16112,clothing_862
review_16113,clothing_1083
review_16114,clothing_1038
review_16115,clothing_1083
review_16116,clothing_1083
review_16117,clothing_1083
review_16118,clothing_1083
review_16119,clothing_1038
review_16120,clothing_862
review_16121,clothing_862
review_16122,clothing_899
review_16123,clothing_1083
review_16124,clothing_1083
review_16125,clothing_763
review_16126,clothing_1083
review_16127,clothing_1083
review_16128,clothing_1083
review_16129,clothing_1083
review_16130,clothing_899
review_16131,clothing_1083
review_16132,clothing_1038
review_16133,clothing_1038
review_16134,clothing_1083
review_16135,clothing_1080
review_16136,clothing_862
review_16137,clothing_1083
review_16138,clothing_1083
review_16139,clothing_1083
review_16140,clothing_1080
review_16141,clothing_1083
review_16142,clothing_1045
review_16143,clothing_1083
review_16144,clothing_862
review_16145,clothing_940
review_16146,clothing_942
review_16147,clothing_936
review_16148,clothing_936
review_16149,clothing_936
review_16150,clothing_936
review_16151,clothing_936
review_16152,clothing_940
review_16153,clothing_872
review_16154,clothing_1081
review_16155,clothing_940
review_16156,clothing_936
review_16157,clothing_870
review_16158,clothing_942
review_16159,clothing_1081
review_16160,clothing_936
review_16161,clothing_1081
review_16162,clothing_936
review_16163,clothing_872
review_16164,clothing_936
review_16165,clothing_936
review_16166,clothing_936
review_16167,clothing_936
review_16168,clothing_942
review_16169,clothing_1016
review_16170,clothing_936
review_16171,clothing_936
review_16172,clothing_936
review_16173,clothing_940
review_16174,clothing_936
review_16175,clothing_940
review_16176,clothing_940
review_16177,clothing_936
review_16178,clothing_936
review_16179,clothing_1078
review_16180,clothing_940
review_16181,clothing_940
review_16182,clothing_936
review_16183,clothing_940
review_16184,clothing_940
review_16185,clothing_1081
review_16186,clothing_1078
review_16187,clothing_936
review_16188,clothing_872
review_16189,clothing_940
review_16190,clothing_936
review_16191,clothing_936
review_16192,clothing_872
review_16193,clothing_936
review_16194,clothing_1081
review_16195,clothing_940
review_16196,clothing_1016
review_16197,clothing_936
review_16198,clothing_936
review_16199,clothing_940
review_16200,clothing_936
review_16201,clothing_936
review_16202,clothing_1081
review_16203,clothing_870
review_16204,clothing_108
review_16205,clothing_870
review_16206,clothing_936
review_16207,clothing_1081
review_16208,clothing_815
review_16209,clothing_940
review_16210,clothing_1081
review_16211,clothing_940
review_16212,clothing_872
review_16213,clothing_940
review_16214,clothing_940
review_16215,clothing_940
review_16217,clothing_1079
review_16218,clothing_864
review_16219,clothing_268
review_16220,clothing_872
review_16222,clothing_358
review_16224,clothing_268
review_16225,clothing_964
review_16226,clothing_964
review_16227,clothing_1025
review_16228,clothing_995
review_16229,clothing_1070
review_16230,clothing_887
review_16231,clothing_1050
review_16232,clothing_995
review_16233,clothing_1070
review_16234,clothing_1070
review_16235,clothing_1070
review_16236,clothing_1138
review_16237,clothing_1050
review_16238,clothing_568
review_16239,clothing_1070
review_16240,clothing_818
review_16241,clothing_1070
review_16242,clothing_945
review_16243,clothing_839
review_16244,clothing_991
review_16245,clothing_873
review_16246,clothing_954
review_16247,clothing_835
review_16248,clothing_1146
review_16249,clothing_819
review_16250,clothing_584
review_16251,clothing_945
review_16252,clothing_831
review_16253,clothing_831
review_16254,clothing_584
review_16255,clothing_831
review_16256,clothing_862
review_16257,clothing_1093
review_16258,clothing_1076
review_16259,clothing_835
review_16260,clothing_831
review_16261,clothing_831
review_16262,clothing_1181
review_16263,clothing_945
review_16264,clothing_1146
review_16265,clothing_873
review_16266,clothing_1030
review_16267,clothing_1181
review_16268,clothing_1093
review_16269,clothing_831
review_16270,clothing_344
review_16271,clothing_819
review_16272,clothing_1094
review_16273,clothing_839
review_16274,clothing_819
review_16275,clothing_1094
review_16276,clothing_1076
review_16277,clothing_1181
review_16278,clothing_945
review_16279,clothing_1078
review_16280,clothing_831
review_16281,clothing_819
review_16282,clothing_1094
review_16283,clothing_819
review_16284,clothing_954
review_16285,clothing_873
review_16286,clothing_1081
review_16287,clothing_933
review_16288,clothing_857
review_16289,clothing_1081
review_16290,clothing_1081
review_16291,clothing_1081
review_16292,clothing_1081
review_16293,clothing_1081
review_16294,clothing_1078
review_16295,clothing_364
review_16296,clothing_364
review_16297,clothing_867
review_16298,clothing_1081
review_16299,clothing_364
review_16300,clothing_364
review_16301,clothing_1081
review_16302,clothing_1065
review_16303,clothing_1081
review_16304,clothing_1081
review_16305,clothing_1110
review_16306,clothing_867
review_16307,clothing_867
review_16308,clothing_833
review_16309,clothing_364
review_16310,clothing_1081
review_16311,clothing_364
review_16312,clothing_364
review_16313,clothing_1065
review_16314,clothing_1078
review_16315,clothing_364
review_16316,clothing_1081
review_16317,clothing_1081
review_16318,clothing_1078
review_16319,clothing_833
review_16320,clothing_933
review_16321,clothing_933
review_16322,clothing_1081
review_16323,clothing_1081
review_16324,clothing_364
review_16325,clothing_1081
review_16326,clothing_1081
review_16327,clothing_1081
review_16328,clothing_1081
review_16329,clothing_867
review_16330,clothing_1081
review_16331,clothing_1081
review_16332,clothing_364
review_16333,clothing_867
review_16334,clothing_364
review_16335,clothing_867
review_16336,clothing_1081
review_16337,clothing_1065
review_16338,clothing_364
review_16339,clothing_867
review_16340,clothing_1081
review_16341,clothing_822
review_16342,clothing_1078
review_16343,clothing_1081
review_16344,clothing_880
review_16345,clothing_867
review_16346,clothing_933
review_16347,clothing_867
review_16348,clothing_867
review_16349,clothing_1096
review_16350,clothing_1081
review_16351,clothing_199
review_16352,clothing_364
review_16353,clothing_1081
review_16354,clothing_1087
review_16355,clothing_995
review_16356,clothing_1059
review_16357,clothing_1087
review_16358,clothing_1081
review_16359,clothing_1022
review_16360,clothing_1087
review_16361,clothing_1022
review_16362,clothing_1022
review_16363,clothing_1059
review_16364,clothing_1086
review_16365,clothing_1076
review_16366,clothing_872
review_16367,clothing_1087
review_16368,clothing_1022
review_16369,clothing_1051
review_16370,clothing_1076
review_16371,clothing_1081
review_16372,clothing_1022
review_16373,clothing_956
review_16374,clothing_1022
review_16375,clothing_1059
review_16376,clothing_1022
review_16377,clothing_1051
review_16378,clothing_1059
review_16379,clothing_890
review_16380,clothing_1075
review_16381,clothing_1022
review_16382,clothing_1022
review_16383,clothing_872
review_16384,clothing_3
review_16385,clothing_1087
review_16386,clothing_872
review_16387,clothing_1081
review_16388,clothing_927
review_16389,clothing_1060
review_16390,clothing_993
review_16391,clothing_927
review_16392,clothing_1086
review_16393,clothing_1086
review_16394,clothing_867
review_16395,clothing_927
review_16396,clothing_927
review_16397,clothing_1086
review_16398,clothing_829
review_16399,clothing_829
review_16400,clothing_1086
review_16401,clothing_927
review_16402,clothing_1086
review_16403,clothing_829
review_16404,clothing_993
review_16405,clothing_927
review_16406,clothing_1086
review_16407,clothing_1086
review_16408,clothing_927
review_16409,clothing_993
review_16410,clothing_993
review_16411,clothing_773
review_16412,clothing_993
review_16413,clothing_1086
review_16414,clothing_1086
review_16415,clothing_1086
review_16416,clothing_829
review_16417,clothing_1086
review_16418,clothing_1086
review_16419,clothing_1086
review_16420,clothing_993
review_16421,clothing_829
review_16422,clothing_927
review_16423,clothing_829
review_16424,clothing_1086
review_16425,clothing_1086
review_16426,clothing_993
review_16427,clothing_541
review_16428,clothing_867
review_16429,clothing_1086
review_16430,clothing_1086
review_16431,clothing_927
review_16432,clothing_927
review_16433,clothing_993
review_16434,clothing_829
review_16435,clothing_993
review_16436,clothing_829
review_16437,clothing_1013
review_16438,clothing_927
review_16439,clothing_1060
review_16440,clothing_867
review_16441,clothing_729
review_16442,clothing_1020
review_16443,clothing_1050
review_16444,clothing_829
review_16445,clothing_1050
review_16446,clothing_1086
review_16447,clothing_1086
review_16448,clothing_993
review_16449,clothing_1086
review_16450,clothing_829
review_16451,clothing_867
review_16452,clothing_867
review_16453,clothing_729
review_16454,clothing_123
review_16455,clothing_868
review_16456,clothing_927
review_16457,clothing_836
review_16458,clothing_836
review_16459,clothing_123
review_16460,clothing_935
review_16461,clothing_123
review_16462,clothing_836
review_16463,clothing_868
review_16464,clothing_828
review_16465,clothing_868
review_16466,clothing_868
review_16467,clothing_123
review_16468,clothing_904
review_16469,clothing_836
review_16470,clothing_1077
review_16471,clothing_868
review_16472,clothing_935
review_16473,clothing_836
review_16474,clothing_935
review_16475,clothing_1032
review_16476,clothing_1077
review_16477,clothing_123
review_16478,clothing_836
review_16479,clothing_836
review_16480,clothing_331
review_16481,clothing_868
review_16482,clothing_927
review_16483,clothing_868
review_16484,clothing_868
review_16485,clothing_868
review_16486,clothing_828
review_16487,clothing_868
review_16488,clothing_868
review_16489,clothing_829
review_16490,clothing_123
review_16491,clothing_836
review_16492,clothing_836
review_16493,clothing_123
review_16494,clothing_836
review_16495,clothing_836
review_16496,clothing_836
review_16497,clothing_1111
review_16498,clothing_123
review_16499,clothing_1074
review_16500,clothing_1095
review_16501,clothing_671
review_16502,clothing_1111
review_16503,clothing_836
review_16504,clothing_836
review_16505,clothing_836
review_16506,clothing_1074
review_16507,clothing_331
review_16508,clothing_1074
review_16509,clothing_123
review_16510,clothing_904
review_16511,clothing_331
review_16512,clothing_937
review_16513,clothing_828
review_16514,clothing_927
review_16515,clothing_927
review_16516,clothing_1081
review_16517,clothing_1110
review_16518,clothing_825
review_16519,clothing_927
review_16520,clothing_1081
review_16521,clothing_927
review_16522,clothing_454
review_16523,clothing_912
review_16524,clothing_927
review_16525,clothing_1110
review_16526,clothing_927
review_16527,clothing_1120
review_16528,clothing_825
review_16529,clothing_912
review_16530,clothing_927
review_16531,clothing_927
review_16532,clothing_1081
review_16533,clothing_1081
review_16534,clothing_825
review_16535,clothing_1021
review_16536,clothing_1110
review_16537,clothing_1110
review_16538,clothing_1072
review_16539,clothing_912
review_16540,clothing_927
review_16541,clothing_912
review_16542,clothing_1081
review_16543,clothing_1081
review_16544,clothing_927
review_16545,clothing_1072
review_16546,clothing_830
review_16547,clothing_840
review_16548,clothing_826
review_16549,clothing_864
review_16550,clothing_864
review_16551,clothing_864
review_16552,clothing_1077
review_16553,clothing_1080
review_16554,clothing_840
review_16555,clothing_1065
review_16556,clothing_1077
review_16557,clothing_1080
review_16558,clothing_1077
review_16559,clothing_1065
review_16560,clothing_864
review_16561,clothing_840
review_16562,clothing_1065
review_16563,clothing_840
review_16564,clothing_830
review_16565,clothing_840
review_16566,clothing_840
review_16567,clothing_1080
review_16568,clothing_1080
review_16569,clothing_864
review_16570,clothing_1110
review_16571,clothing_1110
review_16572,clothing_1110
review_16573,clothing_916
review_16574,clothing_916
review_16575,clothing_1009
review_16576,clothing_1110
review_16577,clothing_1110
review_16578,clothing_553
review_16579,clothing_916
review_16580,clothing_786
review_16581,clothing_864
review_16582,clothing_1110
review_16583,clothing_1110
review_16584,clothing_1110
review_16585,clothing_1110
review_16586,clothing_1110
review_16587,clothing_1110
review_16588,clothing_1110
review_16589,clothing_1110
review_16590,clothing_919
review_16591,clothing_1083
review_16592,clothing_1083
review_16593,clothing_1083
review_16594,clothing_836
review_16595,clothing_1083
review_16596,clothing_1083
review_16597,clothing_1027
review_16598,clothing_1001
review_16599,clothing_1001
review_16600,clothing_142
review_16601,clothing_919
review_16602,clothing_142
review_16603,clothing_1001
review_16604,clothing_1001
review_16605,clothing_1001
review_16606,clothing_73
review_16607,clothing_1001
review_16608,clothing_984
review_16609,clothing_1001
review_16610,clothing_1083
review_16611,clothing_1083
review_16612,clothing_919
review_16613,clothing_1083
review_16614,clothing_1094
review_16615,clothing_1022
review_16616,clothing_1022
review_16617,clothing_142
review_16618,clothing_1028
review_16619,clothing_984
review_16620,clothing_1083
review_16621,clothing_1094
review_16622,clothing_1001
review_16623,clothing_142
review_16624,clothing_1001
review_16625,clothing_1083
review_16626,clothing_142
review_16627,clothing_1083
review_16628,clothing_895
review_16629,clothing_145
review_16630,clothing_930
review_16631,clothing_895
review_16632,clothing_145
review_16633,clothing_895
review_16634,clothing_895
review_16635,clothing_895
review_16636,clothing_1133
review_16637,clothing_895
review_16638,clothing_829
review_16639,clothing_895
review_16640,clothing_930
review_16641,clothing_145
review_16642,clothing_591
review_16643,clothing_895
review_16644,clothing_829
review_16645,clothing_1008
review_16646,clothing_895
review_16647,clothing_829
review_16648,clothing_145
review_16649,clothing_1008
review_16650,clothing_1110
review_16651,clothing_417
review_16652,clothing_868
review_16653,clothing_417
review_16654,clothing_868
review_16655,clothing_417
review_16656,clothing_1045
review_16657,clothing_1092
review_16658,clothing_841
review_16659,clothing_868
review_16660,clothing_417
review_16661,clothing_868
review_16662,clothing_62
review_16663,clothing_1138
review_16664,clothing_868
review_16665,clothing_868
review_16666,clothing_417
review_16667,clothing_1092
review_16668,clothing_425
review_16669,clothing_936
review_16670,clothing_1110
review_16671,clothing_417
review_16672,clothing_868
review_16673,clothing_868
review_16674,clothing_417
review_16675,clothing_868
review_16676,clothing_868
review_16677,clothing_417
review_16678,clothing_1092
review_16679,clothing_868
review_16680,clothing_818
review_16681,clothing_868
review_16682,clothing_1110
review_16683,clothing_417
review_16684,clothing_818
review_16685,clothing_421
review_16686,clothing_417
review_16687,clothing_818
review_16688,clothing_26
review_16689,clothing_868
review_16690,clothing_417
review_16691,clothing_1092
review_16692,clothing_1110
review_16693,clothing_818
review_16694,clothing_417
review_16695,clothing_8
review_16696,clothing_1037
review_16697,clothing_989
review_16698,clothing_8
review_16699,clothing_868
review_16700,clothing_868
review_16701,clothing_967
review_16702,clothing_867
review_16703,clothing_8
review_16704,clothing_872
review_16705,clothing_1096
review_16706,clothing_867
review_16707,clothing_860
review_16708,clothing_868
review_16709,clothing_868
review_16710,clothing_860
review_16711,clothing_8
review_16712,clothing_868
review_16713,clothing_910
review_16714,clothing_1059
review_16715,clothing_860
review_16716,clothing_1037
review_16717,clothing_839
review_16718,clothing_1037
review_16719,clothing_1096
review_16720,clothing_819
review_16721,clothing_1059
review_16722,clothing_867
review_16723,clothing_867
review_16724,clothing_854
review_16725,clothing_872
review_16726,clothing_819
review_16727,clothing_910
review_16728,clothing_819
review_16729,clothing_967
review_16730,clothing_967
review_16731,clothing_8
review_16732,clothing_1037
review_16733,clothing_1075
review_16734,clothing_819
review_16735,clothing_860
review_16736,clothing_1025
review_16737,clothing_8
review_16738,clothing_1059
review_16739,clothing_8
review_16740,clothing_867
review_16741,clothing_1037
review_16742,clothing_860
review_16743,clothing_1075
review_16744,clothing_1037
review_16745,clothing_828
review_16746,clothing_993
review_16747,clothing_828
review_16748,clothing_828
review_16749,clothing_838
review_16750,clothing_1081
review_16751,clothing_842
review_16752,clothing_1081
review_16753,clothing_828
review_16754,clothing_838
review_16755,clothing_1081
review_16756,clothing_1081
review_16757,clothing_828
review_16758,clothing_1025
review_16759,clothing_828
review_16760,clothing_1135
review_16761,clothing_828
review_16762,clothing_401
review_16763,clothing_993
review_16764,clothing_1081
review_16765,clothing_571
review_16766,clothing_571
review_16767,clothing_1083
review_16768,clothing_824
review_16769,clothing_1083
review_16770,clothing_37
review_16771,clothing_1083
review_16772,clothing_824
review_16773,clothing_865
review_16774,clothing_1083
review_16775,clothing_898
review_16776,clothing_1083
review_16777,clothing_898
review_16778,clothing_864
review_16779,clothing_1083
review_16780,clothing_824
review_16781,clothing_824
review_16782,clothing_824
review_16783,clothing_824
review_16784,clothing_1083
review_16785,clothing_1083
review_16786,clothing_824
review_16787,clothing_1083
review_16788,clothing_898
review_16789,clothing_824
review_16790,clothing_1083
review_16791,clothing_824
review_16792,clothing_824
review_16793,clothing_865
review_16794,clothing_824
review_16795,clothing_1083
review_16796,clothing_37
review_16797,clothing_824
review_16798,clothing_37
review_16799,clothing_824
review_16800,clothing_1083
review_16801,clothing_37
review_16802,clothing_1083
review_16803,clothing_824
review_16804,clothing_1104
review_16805,clothing_834
review_16806,clothing_831
review_16807,clothing_831
review_16808,clothing_834
review_16809,clothing_1126
review_16810,clothing_834
review_16811,clothing_831
review_16812,clothing_975
review_16813,clothing_528
review_16814,clothing_1104
review_16815,clothing_831
review_16816,clothing_1104
review_16817,clothing_528
review_16818,clothing_834
review_16819,clothing_528
review_16820,clothing_834
review_16821,clothing_872
review_16822,clothing_831
review_16823,clothing_871
review_16824,clothing_834
review_16825,clothing_528
review_16826,clothing_831
review_16827,clothing_1104
review_16828,clothing_1116
review_16829,clothing_834
review_16830,clothing_831
review_16831,clothing_831
review_16832,clothing_528
review_16833,clothing_834
review_16834,clothing_975
review_16835,clothing_834
review_16836,clothing_831
review_16837,clothing_834
review_16838,clothing_1116
review_16839,clothing_1116
review_16840,clothing_1104
review_16841,clothing_1104
review_16842,clothing_1104
review_16843,clothing_834
review_16844,clothing_1116
review_16845,clothing_917
review_16846,clothing_831
review_16847,clothing_975
review_16848,clothing_834
review_16849,clothing_834
review_16850,clothing_834
review_16851,clothing_831
review_16852,clothing_1104
review_16853,clothing_834
review_16854,clothing_1104
review_16855,clothing_834
review_16856,clothing_834
review_16857,clothing_831
review_16858,clothing_1104
review_16859,clothing_975
review_16860,clothing_834
review_16861,clothing_1104
review_16862,clothing_975
review_16863,clothing_1104
review_16864,clothing_1104
review_16865,clothing_1104
review_16866,clothing_1116
review_16867,clothing_834
review_16868,clothing_1104
review_16869,clothing_831
review_16870,clothing_834
review_16871,clothing_528
review_16872,clothing_834
review_16873,clothing_917
review_16874,clothing_1116
review_16875,clothing_1104
review_16876,clothing_831
review_16877,clothing_834
review_16878,clothing_1104
review_16879,clothing_1104
review_16880,clothing_834
review_16881,clothing_528
review_16882,clothing_834
review_16883,clothing_1104
review_16884,clothing_1104
review_16885,clothing_528
review_16886,clothing_834
review_16887,clothing_975
review_16888,clothing_834
review_16889,clothing_831
review_16890,clothing_1104
review_16891,clothing_1126
review_16892,clothing_936
review_16893,clothing_975
review_16894,clothing_834
review_16895,clothing_1104
review_16896,clothing_1116
review_16897,clothing_1104
review_16898,clothing_1104
review_16899,clothing_834
review_16900,clothing_975
review_16901,clothing_834
review_16902,clothing_834
review_16903,clothing_872
review_16904,clothing_831
review_16905,clothing_984
review_16906,clothing_1086
review_16907,clothing_1095
review_16908,clothing_984
review_16909,clothing_1086
review_16910,clothing_1086
review_16911,clothing_836
review_16912,clothing_927
review_16913,clothing_984
review_16914,clothing_927
review_16915,clothing_1086
review_16916,clothing_984
review_16917,clothing_1086
review_16918,clothing_927
review_16919,clothing_836
review_16920,clothing_927
review_16921,clothing_927
review_16922,clothing_984
review_16923,clothing_836
review_16924,clothing_927
review_16925,clothing_927
review_16926,clothing_1095
review_16927,clothing_1095
review_16928,clothing_1086
review_16929,clothing_927
review_16930,clothing_984
review_16931,clothing_993
review_16932,clothing_1086
review_16933,clothing_927
review_16934,clothing_927
review_16935,clothing_984
review_16936,clothing_836
review_16937,clothing_984
review_16938,clothing_984
review_16939,clothing_836
review_16940,clothing_993
review_16941,clothing_1081
review_16942,clothing_836
review_16943,clothing_984
review_16944,clothing_1095
review_16945,clothing_935
review_16946,clothing_1086
review_16947,clothing_927
review_16948,clothing_984
review_16949,clothing_984
review_16950,clothing_1095
review_16951,clothing_1081
review_16952,clothing_1095
review_16953,clothing_1183
review_16954,clothing_984
review_16955,clothing_1095
review_16956,clothing_1056
review_16957,clothing_1086
review_16958,clothing_1056
review_16959,clothing_984
review_16960,clothing_1086
review_16961,clothing_984
review_16962,clothing_1086
review_16963,clothing_993
review_16964,clothing_1095
review_16965,clothing_927
review_16966,clothing_984
review_16967,clothing_984
review_16968,clothing_1022
review_16969,clothing_984
review_16970,clothing_927
review_16971,clothing_984
review_16972,clothing_984
review_16973,clothing_1095
review_16974,clothing_984
review_16975,clothing_1086
review_16976,clothing_984
review_16977,clothing_927
review_16978,clothing_984
review_16979,clothing_1081
review_16980,clothing_1022
review_16981,clothing_984
review_16982,clothing_927
review_16983,clothing_984
review_16984,clothing_881
review_16985,clothing_984
review_16986,clothing_1086
review_16987,clothing_1056
review_16988,clothing_993
review_16989,clothing_993
review_16990,clothing_927
review_16991,clothing_1081
review_16992,clothing_1086
review_16993,clothing_927
review_16994,clothing_1095
review_16995,clothing_984
review_16996,clothing_927
review_16997,clothing_927
review_16998,clothing_984
review_16999,clothing_944
review_17000,clothing_984
review_17001,clothing_993
review_17002,clothing_1095
review_17003,clothing_1081
review_17004,clothing_927
review_17005,clothing_820
review_17006,clothing_867
review_17007,clothing_820
review_17008,clothing_927
review_17009,clothing_820
review_17010,clothing_867
review_17011,clothing_927
review_17012,clothing_921
review_17013,clothing_867
review_17014,clothing_927
review_17015,clothing_867
review_17016,clothing_927
review_17017,clothing_921
review_17018,clothing_927
review_17019,clothing_927
review_17020,clothing_820
review_17021,clothing_867
review_17022,clothing_1086
review_17023,clothing_867
review_17024,clothing_820
review_17025,clothing_927
review_17026,clothing_820
review_17027,clothing_927
review_17028,clothing_1117
review_17029,clothing_820
review_17030,clothing_927
review_17031,clothing_867
review_17032,clothing_1086
review_17033,clothing_867
review_17034,clothing_927
review_17035,clothing_1110
review_17036,clothing_927
review_17037,clothing_927
review_17038,clothing_820
review_17039,clothing_867
review_17040,clothing_1110
review_17041,clothing_1117
review_17042,clothing_921
review_17043,clothing_927
review_17044,clothing_867
review_17045,clothing_867
review_17046,clothing_1110
review_17047,clothing_921
review_17048,clothing_927
review_17049,clothing_867
review_17050,clothing_1021
review_17051,clothing_999
review_17052,clothing_229
review_17053,clothing_226
review_17054,clothing_229
review_17055,clothing_821
review_17056,clothing_229
review_17057,clothing_229
review_17058,clothing_944
review_17059,clothing_821
review_17060,clothing_1028
review_17061,clothing_944
review_17062,clothing_130
review_17063,clothing_944
review_17064,clothing_949
review_17065,clothing_949
review_17066,clothing_821
review_17067,clothing_836
review_17068,clothing_1089
review_17069,clothing_1037
review_17070,clothing_1111
review_17071,clothing_229
review_17072,clothing_821
review_17073,clothing_1068
review_17074,clothing_1068
review_17075,clothing_1021
review_17076,clothing_821
review_17077,clothing_1037
review_17078,clothing_1037
review_17079,clothing_229
review_17080,clothing_1037
review_17081,clothing_229
review_17082,clothing_226
review_17083,clothing_229
review_17084,clothing_1068
review_17085,clothing_1068
review_17086,clothing_1037
review_17087,clothing_1021
review_17088,clothing_831
review_17089,clothing_831
review_17090,clothing_1068
review_17091,clothing_226
review_17092,clothing_1068
review_17093,clothing_1037
review_17094,clothing_229
review_17095,clothing_229
review_17096,clothing_949
review_17097,clothing_229
review_17098,clothing_1068
review_17099,clothing_949
review_17100,clothing_226
review_17101,clothing_829
review_17102,clothing_907
review_17103,clothing_447
review_17104,clothing_223
review_17105,clothing_829
review_17106,clothing_829
review_17107,clothing_907
review_17108,clothing_223
review_17109,clothing_828
review_17110,clothing_817
review_17111,clothing_907
review_17112,clothing_907
review_17113,clothing_829
review_17114,clothing_907
review_17115,clothing_828
review_17116,clothing_829
review_17117,clothing_829
review_17118,clothing_907
review_17119,clothing_817
review_17120,clothing_817
review_17121,clothing_907
review_17122,clothing_829
review_17123,clothing_829
review_17124,clothing_817
review_17125,clothing_907
review_17126,clothing_829
review_17127,clothing_1205
review_17128,clothing_817
review_17129,clothing_829
review_17130,clothing_907
review_17131,clothing_1103
review_17132,clothing_835
review_17133,clothing_907
review_17134,clothing_828
review_17135,clothing_829
review_17136,clothing_835
review_17137,clothing_912
review_17138,clothing_912
review_17139,clothing_1205
review_17140,clothing_817
review_17141,clothing_819
review_17142,clothing_907
review_17143,clothing_907
review_17144,clothing_907
review_17145,clothing_907
review_17146,clothing_829
review_17147,clothing_907
review_17148,clothing_829
review_17149,clothing_447
review_17150,clothing_829
review_17151,clothing_1094
review_17152,clothing_1094
review_17153,clothing_1094
review_17154,clothing_1094
review_17155,clothing_1094
review_17156,clothing_1094
review_17157,clothing_1094
review_17158,clothing_1094
review_17159,clothing_1094
review_17160,clothing_1094
review_17161,clothing_1094
review_17162,clothing_1094
review_17163,clothing_1094
review_17164,clothing_1094
review_17165,clothing_446
review_17166,clothing_1094
review_17167,clothing_446
review_17168,clothing_829
review_17169,clothing_1104
review_17170,clothing_864
review_17171,clothing_974
review_17172,clothing_1117
review_17173,clothing_850
review_17174,clothing_974
review_17175,clothing_1072
review_17176,clothing_864
review_17177,clothing_850
review_17178,clothing_1072
review_17179,clothing_864
review_17180,clothing_524
review_17181,clothing_836
review_17182,clothing_864
review_17183,clothing_524
review_17184,clothing_850
review_17185,clothing_97
review_17186,clothing_974
review_17187,clothing_836
review_17188,clothing_850
review_17189,clothing_864
review_17190,clothing_1077
review_17191,clothing_864
review_17192,clothing_850
review_17193,clothing_836
review_17194,clothing_864
review_17195,clothing_864
review_17196,clothing_1028
review_17197,clothing_1072
review_17198,clothing_1117
review_17199,clothing_1104
review_17200,clothing_864
review_17201,clothing_864
review_17202,clothing_829
review_17203,clothing_850
review_17204,clothing_1077
review_17205,clothing_831
review_17206,clothing_864
review_17207,clothing_1077
review_17208,clothing_1070
review_17209,clothing_974
review_17210,clothing_864
review_17211,clothing_850
review_17212,clothing_829
review_17213,clothing_1077
review_17214,clothing_1072
review_17215,clothing_1077
review_17216,clothing_1072
review_17217,clothing_850
review_17218,clothing_864
review_17219,clothing_850
review_17220,clothing_1072
review_17221,clothing_836
review_17222,clothing_1077
review_17223,clothing_1070
review_17224,clothing_864
review_17225,clothing_864
review_17226,clothing_1072
review_17227,clothing_829
review_17228,clothing_850
review_17229,clothing_1077
review_17230,clothing_974
review_17231,clothing_1117
review_17232,clothing_864
review_17233,clothing_864
review_17234,clothing_864
review_17235,clothing_1072
review_17236,clothing_831
review_17237,clothing_1070
review_17238,clothing_959
review_17239,clothing_1104
review_17240,clothing_974
review_17241,clothing_831
review_17242,clothing_850
review_17243,clothing_850
review_17244,clothing_1104
review_17245,clothing_1104
review_17246,clothing_850
review_17247,clothing_864
review_17248,clothing_829
review_17249,clothing_864
review_17250,clothing_1028
review_17251,clothing_864
review_17252,clothing_850
review_17253,clothing_850
review_17254,clothing_1072
review_17255,clothing_836
review_17256,clothing_850
review_17257,clothing_864
review_17258,clothing_1072
review_17259,clothing_850
review_17260,clothing_868
review_17261,clothing_1059
review_17262,clothing_825
review_17263,clothing_653
review_17264,clothing_1095
review_17265,clothing_623
review_17266,clothing_825
review_17267,clothing_1042
review_17268,clothing_861
review_17269,clothing_623
review_17270,clothing_825
review_17271,clothing_861
review_17272,clothing_866
review_17273,clothing_1059
review_17274,clothing_825
review_17275,clothing_872
review_17276,clothing_890
review_17277,clothing_861
review_17278,clothing_1059
review_17279,clothing_868
review_17280,clothing_872
review_17281,clothing_861
review_17282,clothing_623
review_17283,clothing_623
review_17284,clothing_1095
review_17285,clothing_1059
review_17286,clothing_1095
review_17287,clothing_825
review_17288,clothing_825
review_17289,clothing_868
review_17290,clothing_825
review_17291,clothing_836
review_17292,clothing_861
review_17293,clothing_1095
review_17294,clothing_1095
review_17295,clothing_1042
review_17296,clothing_890
review_17297,clothing_825
review_17298,clothing_868
review_17299,clothing_825
review_17300,clothing_1042
review_17301,clothing_236
review_17302,clothing_623
review_17303,clothing_825
review_17304,clothing_1059
review_17305,clothing_868
review_17306,clothing_825
review_17307,clothing_861
review_17308,clothing_1047
review_17309,clothing_1059
review_17310,clothing_1059
review_17311,clothing_950
review_17312,clothing_1059
review_17313,clothing_1047
review_17314,clothing_1022
review_17315,clothing_1022
review_17316,clothing_1059
review_17317,clothing_1022
review_17318,clothing_862
review_17319,clothing_293
review_17320,clothing_862
review_17321,clothing_1059
review_17322,clothing_1059
review_17323,clothing_293
review_17324,clothing_1047
review_17325,clothing_1047
review_17326,clothing_862
review_17327,clothing_862
review_17328,clothing_1022
review_17329,clothing_1022
review_17330,clothing_1059
review_17331,clothing_1022
review_17332,clothing_862
review_17333,clothing_1022
review_17334,clothing_1047
review_17335,clothing_1022
review_17336,clothing_1047
review_17337,clothing_1059
review_17338,clothing_862
review_17339,clothing_1059
review_17340,clothing_1059
review_17341,clothing_551
review_17342,clothing_1059
review_17343,clothing_1059
review_17344,clothing_1059
review_17345,clothing_1047
review_17346,clothing_1022
review_17347,clothing_862
review_17348,clothing_1059
review_17349,clothing_1059
review_17350,clothing_1059
review_17351,clothing_1060
review_17352,clothing_862
review_17353,clothing_551
review_17354,clothing_1022
review_17355,clothing_862
review_17356,clothing_1022
review_17357,clothing_293
review_17358,clothing_1047
review_17359,clothing_1059
review_17360,clothing_1059
review_17361,clothing_1059
review_17362,clothing_820
review_17363,clothing_912
review_17364,clothing_1042
review_17365,clothing_927
review_17366,clothing_869
review_17367,clothing_860
review_17368,clothing_1068
review_17369,clothing_860
review_17370,clothing_1049
review_17371,clothing_869
review_17372,clothing_1068
review_17373,clothing_1068
review_17374,clothing_860
review_17375,clothing_912
review_17376,clothing_927
review_17377,clothing_696
review_17378,clothing_863
review_17379,clothing_869
review_17380,clothing_863
review_17381,clothing_1068
review_17382,clothing_1042
review_17383,clothing_912
review_17384,clothing_912
review_17385,clothing_912
review_17386,clothing_1042
review_17387,clothing_869
review_17388,clothing_1068
review_17389,clothing_1068
review_17390,clothing_1068
review_17391,clothing_860
review_17392,clothing_820
review_17393,clothing_912
review_17394,clothing_869
review_17395,clothing_1068
review_17396,clothing_863
review_17397,clothing_1068
review_17398,clothing_869
review_17399,clothing_820
review_17400,clothing_912
review_17401,clothing_1081
review_17402,clothing_1042
review_17403,clothing_860
review_17404,clothing_832
review_17405,clothing_820
review_17406,clothing_860
review_17407,clothing_863
review_17408,clothing_1049
review_17409,clothing_869
review_17410,clothing_1068
review_17411,clothing_863
review_17412,clothing_863
review_17413,clothing_860
review_17414,clothing_869
review_17415,clothing_1068
review_17416,clothing_869
review_17417,clothing_860
review_17418,clothing_820
review_17419,clothing_1042
review_17420,clothing_927
review_17421,clothing_820
review_17422,clothing_696
review_17423,clothing_860
review_17424,clothing_820
review_17425,clothing_1068
review_17426,clothing_832
review_17427,clothing_820
review_17428,clothing_869
review_17429,clothing_1068
review_17430,clothing_860
review_17431,clothing_1042
review_17432,clothing_869
review_17433,clothing_832
review_17434,clothing_1042
review_17435,clothing_869
review_17436,clothing_1042
review_17437,clothing_1042
review_17438,clothing_1075
review_17439,clothing_820
review_17440,clothing_860
review_17441,clothing_1068
review_17442,clothing_863
review_17443,clothing_938
review_17444,clothing_869
review_17445,clothing_869
review_17446,clothing_820
review_17447,clothing_964
review_17448,clothing_836
review_17449,clothing_1030
review_17450,clothing_941
review_17451,clothing_964
review_17452,clothing_1030
review_17453,clothing_941
review_17454,clothing_862
review_17455,clothing_833
review_17456,clothing_836
review_17457,clothing_941
review_17458,clothing_276
review_17459,clothing_1119
review_17460,clothing_936
review_17461,clothing_836
review_17462,clothing_862
review_17463,clothing_389
review_17464,clothing_1077
review_17465,clothing_862
review_17466,clothing_1077
review_17467,clothing_320
review_17468,clothing_389
review_17469,clothing_320
review_17470,clothing_937
review_17471,clothing_941
review_17472,clothing_941
review_17473,clothing_836
review_17474,clothing_1083
review_17475,clothing_1113
review_17476,clothing_1008
review_17477,clothing_1008
review_17478,clothing_1081
review_17479,clothing_1081
review_17480,clothing_868
review_17481,clothing_1086
review_17482,clothing_1075
review_17483,clothing_831
review_17484,clothing_1081
review_17485,clothing_1081
review_17486,clothing_895
review_17487,clothing_974
review_17488,clothing_974
review_17489,clothing_1086
review_17490,clothing_1083
review_17491,clothing_1081
review_17492,clothing_974
review_17493,clothing_1081
review_17494,clothing_903
review_17495,clothing_903
review_17496,clothing_1083
review_17497,clothing_829
review_17498,clothing_1081
review_17499,clothing_1081
review_17500,clothing_1008
review_17501,clothing_1081
review_17502,clothing_1081
review_17503,clothing_1081
review_17504,clothing_1081
review_17505,clothing_450
review_17506,clothing_903
review_17507,clothing_1072
review_17508,clothing_1008
review_17509,clothing_1086
review_17510,clothing_1081
review_17511,clothing_1008
review_17512,clothing_1081
review_17513,clothing_1083
review_17514,clothing_1075
review_17515,clothing_974
review_17516,clothing_974
review_17517,clothing_1081
review_17518,clothing_1081
review_17519,clothing_1083
review_17520,clothing_868
review_17521,clothing_450
review_17522,clothing_1083
review_17523,clothing_974
review_17524,clothing_1081
review_17525,clothing_1081
review_17526,clothing_903
review_17527,clothing_1081
review_17528,clothing_1081
review_17529,clothing_1083
review_17530,clothing_1085
review_17531,clothing_868
review_17532,clothing_1081
review_17533,clothing_1086
review_17534,clothing_1086
review_17535,clothing_1081
review_17536,clothing_1008
review_17537,clothing_1119
review_17538,clothing_1081
review_17539,clothing_1081
review_17540,clothing_1081
review_17541,clothing_1086
review_17542,clothing_1081
review_17543,clothing_831
review_17544,clothing_1081
review_17545,clothing_903
review_17546,clothing_974
review_17547,clothing_1110
review_17548,clothing_1103
review_17549,clothing_901
review_17550,clothing_1110
review_17551,clothing_1110
review_17552,clothing_824
review_17553,clothing_1027
review_17554,clothing_901
review_17555,clothing_986
review_17556,clothing_29
review_17557,clothing_1110
review_17558,clothing_1030
review_17559,clothing_1110
review_17560,clothing_1110
review_17561,clothing_515
review_17562,clothing_1110
review_17563,clothing_901
review_17564,clothing_1110
review_17565,clothing_1103
review_17566,clothing_824
review_17567,clothing_1110
review_17568,clothing_1110
review_17569,clothing_1030
review_17570,clothing_1030
review_17571,clothing_1110
review_17572,clothing_1103
review_17573,clothing_1030
review_17574,clothing_1110
review_17575,clothing_901
review_17576,clothing_1110
review_17577,clothing_901
review_17578,clothing_901
review_17579,clothing_824
review_17580,clothing_1110
review_17581,clothing_901
review_17582,clothing_824
review_17583,clothing_1110
review_17584,clothing_1110
review_17585,clothing_1110
review_17586,clothing_1110
review_17587,clothing_860
review_17588,clothing_1110
review_17589,clothing_824
review_17590,clothing_1110
review_17591,clothing_1110
review_17592,clothing_901
review_17593,clothing_901
review_17594,clothing_1110
review_17595,clothing_1110
review_17596,clothing_1110
review_17597,clothing_824
review_17598,clothing_1086
review_17599,clothing_889
review_17600,clothing_1047
review_17601,clothing_854
review_17602,clothing_1047
review_17603,clothing_616
review_17604,clothing_616
review_17605,clothing_1047
review_17606,clothing_616
review_17607,clothing_966
review_17608,clothing_616
review_17609,clothing_1047
review_17610,clothing_1191
review_17611,clothing_966
review_17612,clothing_616
review_17613,clothing_966
review_17614,clothing_1021
review_17615,clothing_862
review_17616,clothing_862
review_17617,clothing_840
review_17618,clothing_862
review_17619,clothing_862
review_17620,clothing_862
review_17621,clothing_862
review_17622,clothing_1080
review_17623,clothing_862
review_17624,clothing_862
review_17625,clothing_862
review_17626,clothing_840
review_17627,clothing_1080
review_17628,clothing_918
review_17629,clothing_918
review_17630,clothing_92
review_17631,clothing_1080
review_17632,clothing_1131
review_17633,clothing_1080
review_17634,clothing_862
review_17635,clothing_918
review_17636,clothing_840
review_17637,clothing_862
review_17638,clothing_862
review_17639,clothing_1179
review_17640,clothing_840
review_17641,clothing_840
review_17642,clothing_918
review_17643,clothing_862
review_17644,clothing_932
review_17645,clothing_918
review_17646,clothing_714
review_17647,clothing_1146
review_17648,clothing_862
review_17649,clothing_918
review_17650,clothing_1080
review_17651,clothing_862
review_17652,clothing_1131
review_17653,clothing_862
review_17654,clothing_918
review_17655,clothing_918
review_17656,clothing_862
review_17657,clothing_840
review_17658,clothing_58
review_17659,clothing_862
review_17660,clothing_840
review_17661,clothing_862
review_17662,clothing_978
review_17663,clothing_862
review_17664,clothing_840
review_17665,clothing_841
review_17666,clothing_1080
review_17667,clothing_1080
review_17668,clothing_840
review_17669,clothing_1080
review_17670,clothing_862
review_17671,clothing_1080
review_17672,clothing_862
review_17673,clothing_840
review_17674,clothing_862
review_17675,clothing_918
review_17676,clothing_862
review_17677,clothing_918
review_17678,clothing_918
review_17679,clothing_66
review_17680,clothing_1114
review_17681,clothing_240
review_17682,clothing_66
review_17683,clothing_1092
review_17684,clothing_1095
review_17685,clothing_1092
review_17686,clothing_1095
review_17687,clothing_1114
review_17688,clothing_836
review_17689,clothing_240
review_17690,clothing_836
review_17691,clothing_1095
review_17692,clothing_1092
review_17693,clothing_895
review_17694,clothing_1095
review_17695,clothing_1092
review_17696,clothing_1095
review_17697,clothing_1095
review_17698,clothing_1095
review_17699,clothing_240
review_17700,clothing_1095
review_17701,clothing_240
review_17702,clothing_240
review_17703,clothing_1095
review_17704,clothing_1092
review_17705,clothing_1092
review_17706,clothing_240
review_17707,clothing_1094
review_17708,clothing_1092
review_17709,clothing_1094
review_17710,clothing_240
review_17711,clothing_1092
review_17712,clothing_240
review_17713,clothing_1009
review_17714,clothing_872
review_17715,clothing_1077
review_17716,clothing_1077
review_17717,clothing_1077
review_17718,clothing_1006
review_17719,clothing_1077
review_17720,clothing_1110
review_17721,clothing_1077
review_17722,clothing_1077
review_17723,clothing_1110
review_17724,clothing_819
review_17725,clothing_1077
review_17726,clothing_1060
review_17727,clothing_1077
review_17728,clothing_1077
review_17729,clothing_1060
review_17730,clothing_819
review_17731,clothing_1060
review_17732,clothing_1060
review_17733,clothing_1060
review_17734,clothing_839
review_17735,clothing_872
review_17736,clothing_1077
review_17737,clothing_872
review_17738,clothing_872
review_17739,clothing_1077
review_17740,clothing_872
review_17741,clothing_1110
review_17742,clothing_1060
review_17743,clothing_1110
review_17744,clothing_1110
review_17745,clothing_1110
review_17746,clothing_1110
review_17747,clothing_872
review_17748,clothing_1077
review_17749,clothing_1110
review_17750,clothing_872
review_17751,clothing_1110
review_17752,clothing_878
review_17753,clothing_1077
review_17754,clothing_1110
review_17755,clothing_819
review_17756,clothing_1060
review_17757,clothing_1060
review_17758,clothing_679
review_17759,clothing_1077
review_17760,clothing_872
review_17761,clothing_1009
review_17762,clothing_819
review_17763,clothing_1110
review_17764,clothing_1009
review_17765,clothing_1110
review_17766,clothing_1060
review_17767,clothing_971
review_17768,clothing_1060
review_17769,clothing_819
review_17770,clothing_1060
review_17771,clothing_1060
review_17772,clothing_36
review_17773,clothing_819
review_17774,clothing_1110
review_17775,clothing_1009
review_17776,clothing_819
review_17777,clothing_971
review_17778,clothing_1110
review_17779,clothing_1110
review_17780,clothing_1110
review_17781,clothing_1060
review_17782,clothing_872
review_17783,clothing_872
review_17784,clothing_861
review_17785,clothing_159
review_17786,clothing_861
review_17787,clothing_1028
review_17788,clothing_975
review_17789,clothing_819
review_17790,clothing_936
review_17791,clothing_844
review_17792,clothing_855
review_17793,clothing_877
review_17794,clothing_844
review_17795,clothing_862
review_17796,clothing_278
review_17797,clothing_862
review_17798,clothing_862
review_17799,clothing_844
review_17800,clothing_861
review_17801,clothing_861
review_17802,clothing_862
review_17803,clothing_278
review_17804,clothing_862
review_17805,clothing_936
review_17806,clothing_855
review_17807,clothing_975
review_17808,clothing_861
review_17809,clothing_861
review_17810,clothing_1003
review_17811,clothing_936
review_17812,clothing_855
review_17813,clothing_877
review_17814,clothing_861
review_17815,clothing_862
review_17816,clothing_855
review_17817,clothing_861
review_17818,clothing_936
review_17819,clothing_861
review_17820,clothing_278
review_17821,clothing_862
review_17822,clothing_278
review_17823,clothing_855
review_17824,clothing_278
review_17825,clothing_907
review_17826,clothing_861
review_17827,clothing_936
review_17828,clothing_861
review_17829,clothing_862
review_17830,clothing_278
review_17831,clothing_830
review_17832,clothing_975
review_17833,clothing_855
review_17834,clothing_278
review_17835,clothing_862
review_17836,clothing_861
review_17837,clothing_877
review_17838,clothing_861
review_17839,clothing_844
review_17840,clothing_830
review_17841,clothing_862
review_17842,clothing_830
review_17843,clothing_278
review_17844,clothing_877
review_17845,clothing_862
review_17846,clothing_877
review_17847,clothing_868
review_17848,clothing_1022
review_17849,clothing_861
review_17850,clothing_844
review_17851,clothing_278
review_17852,clothing_855
review_17853,clothing_877
review_17854,clothing_862
review_17855,clothing_861
review_17856,clothing_278
review_17857,clothing_975
review_17858,clothing_877
review_17859,clothing_855
review_17860,clothing_1110
review_17861,clothing_855
review_17862,clothing_936
review_17863,clothing_278
review_17864,clothing_861
review_17865,clothing_278
review_17866,clothing_936
review_17867,clothing_855
review_17868,clothing_862
review_17869,clothing_830
review_17870,clothing_862
review_17871,clothing_1003
review_17872,clothing_938
review_17873,clothing_861
review_17874,clothing_861
review_17875,clothing_861
review_17876,clothing_861
review_17877,clothing_850
review_17878,clothing_419
review_17879,clothing_1016
review_17880,clothing_419
review_17881,clothing_861
review_17882,clothing_1104
review_17883,clothing_861
review_17884,clothing_861
review_17885,clothing_861
review_17886,clothing_938
review_17887,clothing_1104
review_17888,clothing_1104
review_17889,clothing_861
review_17890,clothing_861
review_17891,clothing_861
review_17892,clothing_286
review_17893,clothing_1104
review_17894,clothing_861
review_17895,clothing_861
review_17896,clothing_933
review_17897,clothing_861
review_17898,clothing_419
review_17899,clothing_861
review_17900,clothing_861
review_17901,clothing_933
review_17902,clothing_861
review_17903,clothing_1104
review_17904,clothing_861
review_17905,clothing_850
review_17906,clothing_861
review_17907,clothing_1104
review_17908,clothing_1103
review_17909,clothing_861
review_17910,clothing_1025
review_17911,clothing_938
review_17912,clothing_419
review_17913,clothing_938
review_17914,clothing_933
review_17915,clothing_861
review_17916,clothing_933
review_17917,clothing_933
review_17918,clothing_936
review_17919,clothing_1110
review_17920,clothing_43
review_17921,clothing_474
review_17922,clothing_936
review_17923,clothing_936
review_17924,clothing_936
review_17925,clothing_339
review_17926,clothing_936
review_17927,clothing_909
review_17928,clothing_1104
review_17929,clothing_1104
review_17930,clothing_909
review_17931,clothing_936
review_17932,clothing_1110
review_17933,clothing_1110
review_17934,clothing_1104
review_17935,clothing_1104
review_17936,clothing_936
review_17937,clothing_909
review_17938,clothing_936
review_17939,clothing_936
review_17940,clothing_1082
review_17941,clothing_909
review_17942,clothing_1110
review_17943,clothing_909
review_17944,clothing_1110
review_17945,clothing_1030
review_17946,clothing_909
review_17947,clothing_936
review_17948,clothing_936
review_17949,clothing_1110
review_17950,clothing_936
review_17951,clothing_936
review_17952,clothing_936
review_17953,clothing_984
review_17954,clothing_1110
review_17955,clothing_936
review_17956,clothing_936
review_17957,clothing_1110
review_17958,clothing_1110
review_17959,clothing_1110
review_17960,clothing_936
review_17961,clothing_909
review_17962,clothing_936
review_17963,clothing_1110
review_17964,clothing_909
review_17965,clothing_1110
review_17966,clothing_1111
review_17967,clothing_927
review_17968,clothing_53
review_17969,clothing_831
review_17970,clothing_831
review_17971,clothing_1146
review_17972,clothing_860
review_17973,clothing_831
review_17974,clothing_1036
review_17975,clothing_1111
review_17976,clothing_1111
review_17977,clothing_831
review_17978,clothing_996
review_17979,clothing_873
review_17980,clothing_504
review_17981,clothing_1056
review_17982,clothing_1094
review_17983,clothing_1056
review_17984,clothing_873
review_17985,clothing_873
review_17986,clothing_1059
review_17987,clothing_1094
review_17988,clothing_1094
review_17989,clothing_996
review_17990,clothing_1056
review_17991,clothing_996
review_17992,clothing_1059
review_17993,clothing_1048
review_17994,clothing_1056
review_17995,clothing_902
review_17996,clothing_895
review_17997,clothing_1056
review_17998,clothing_1089
review_17999,clothing_1056
review_18000,clothing_1048
review_18001,clothing_1056
review_18002,clothing_1056
review_18003,clothing_1048
review_18004,clothing_1048
review_18005,clothing_873
review_18006,clothing_998
review_18007,clothing_895
review_18008,clothing_1056
review_18009,clothing_1059
review_18010,clothing_996
review_18011,clothing_1094
review_18012,clothing_873
review_18013,clothing_822
review_18014,clothing_76
review_18015,clothing_1059
review_18016,clothing_898
review_18017,clothing_902
review_18018,clothing_1056
review_18019,clothing_1048
review_18020,clothing_1089
review_18021,clothing_902
review_18022,clothing_1094
review_18023,clothing_1094
review_18024,clothing_1056
review_18025,clothing_504
review_18026,clothing_1056
review_18027,clothing_504
review_18028,clothing_873
review_18029,clothing_1048
review_18030,clothing_504
review_18031,clothing_1094
review_18032,clothing_873
review_18033,clothing_836
review_18034,clothing_996
review_18035,clothing_1048
review_18036,clothing_1094
review_18037,clothing_1056
review_18038,clothing_1094
review_18039,clothing_996
review_18040,clothing_1056
review_18041,clothing_504
review_18042,clothing_873
review_18043,clothing_873
review_18044,clothing_895
review_18045,clothing_873
review_18046,clothing_1089
review_18047,clothing_873
review_18048,clothing_1048
review_18049,clothing_1056
review_18050,clothing_1022
review_18051,clothing_1008
review_18052,clothing_1095
review_18053,clothing_765
review_18054,clothing_867
review_18055,clothing_867
review_18056,clothing_867
review_18057,clothing_1008
review_18058,clothing_867
review_18059,clothing_867
review_18060,clothing_1095
review_18061,clothing_1095
review_18062,clothing_867
review_18063,clothing_1095
review_18064,clothing_1095
review_18065,clothing_19
review_18066,clothing_932
review_18067,clothing_1095
review_18068,clothing_834
review_18069,clothing_1038
review_18070,clothing_834
review_18071,clothing_834
review_18072,clothing_1038
review_18073,clothing_1038
review_18074,clothing_834
review_18075,clothing_834
review_18076,clothing_834
review_18077,clothing_834
review_18078,clothing_862
review_18079,clothing_834
review_18080,clothing_1079
review_18081,clothing_862
review_18082,clothing_834
review_18083,clothing_862
review_18084,clothing_834
review_18085,clothing_862
review_18086,clothing_834
review_18087,clothing_862
review_18088,clothing_862
review_18089,clothing_834
review_18090,clothing_834
review_18091,clothing_1038
review_18092,clothing_84
review_18093,clothing_1038
review_18094,clothing_1038
review_18095,clothing_834
review_18096,clothing_834
review_18097,clothing_1079
review_18098,clothing_895
review_18099,clothing_994
review_18100,clothing_834
review_18101,clothing_1038
review_18102,clothing_834
review_18103,clothing_1038
review_18104,clothing_834
review_18105,clothing_834
review_18106,clothing_834
review_18107,clothing_1064
review_18108,clothing_1008
review_18109,clothing_862
review_18110,clothing_1038
review_18111,clothing_834
review_18112,clothing_1008
review_18113,clothing_850
review_18114,clothing_872
review_18115,clothing_895
review_18116,clothing_1030
review_18117,clothing_850
review_18118,clothing_895
review_18119,clothing_1087
review_18120,clothing_617
review_18121,clothing_1036
review_18122,clothing_617
review_18123,clothing_895
review_18124,clothing_617
review_18125,clothing_1036
review_18126,clothing_850
review_18127,clothing_617
review_18128,clothing_1089
review_18129,clothing_391
review_18130,clothing_391
review_18131,clothing_391
review_18132,clothing_1089
review_18133,clothing_1001
review_18134,clothing_1089
review_18135,clothing_1028
review_18136,clothing_81
review_18137,clothing_650
review_18138,clothing_391
review_18139,clothing_391
review_18140,clothing_391
review_18141,clothing_192
review_18142,clothing_650
review_18143,clothing_1094
review_18144,clothing_1094
review_18145,clothing_996
review_18146,clothing_1094
review_18147,clothing_1079
review_18148,clothing_1094
review_18149,clothing_1094
review_18150,clothing_1094
review_18151,clothing_996
review_18152,clothing_996
review_18153,clothing_1094
review_18154,clothing_1094
review_18155,clothing_1094
review_18156,clothing_1094
review_18157,clothing_1094
review_18158,clothing_1094
review_18159,clothing_996
review_18160,clothing_996
review_18161,clothing_1030
review_18162,clothing_1094
review_18163,clothing_1094
review_18164,clothing_1037
review_18165,clothing_1094
review_18166,clothing_33
review_18167,clothing_1079
review_18168,clothing_1094
review_18169,clothing_868
review_18170,clothing_819
review_18171,clothing_1094
review_18172,clothing_996
review_18173,clothing_921
review_18174,clothing_1094
review_18175,clothing_1094
review_18176,clothing_996
review_18177,clothing_996
review_18178,clothing_835
review_18179,clothing_483
review_18180,clothing_1076
review_18181,clothing_812
review_18182,clothing_1099
review_18183,clothing_1076
review_18184,clothing_815
review_18185,clothing_1087
review_18186,clothing_1076
review_18187,clothing_1087
review_18188,clothing_1099
review_18189,clothing_1106
review_18190,clothing_1045
review_18191,clothing_835
review_18192,clothing_954
review_18193,clothing_878
review_18194,clothing_350
review_18195,clothing_1096
review_18196,clothing_1096
review_18197,clothing_350
review_18198,clothing_1096
review_18199,clothing_1096
review_18200,clothing_1096
review_18201,clothing_290
review_18202,clothing_1009
review_18203,clothing_1009
review_18204,clothing_290
review_18205,clothing_350
review_18206,clothing_1096
review_18207,clothing_325
review_18208,clothing_350
review_18209,clothing_350
review_18210,clothing_1009
review_18211,clothing_1059
review_18212,clothing_607
review_18213,clothing_607
review_18214,clothing_290
review_18215,clothing_350
review_18216,clothing_607
review_18217,clothing_290
review_18218,clothing_290
review_18219,clothing_290
review_18220,clothing_290
review_18221,clothing_290
review_18222,clothing_825
review_18223,clothing_825
review_18224,clothing_350
review_18225,clothing_1096
review_18226,clothing_1096
review_18227,clothing_1096
review_18228,clothing_1009
review_18229,clothing_1009
review_18230,clothing_290
review_18231,clothing_607
review_18232,clothing_836
review_18233,clothing_836
review_18234,clothing_1089
review_18235,clothing_1007
review_18236,clothing_872
review_18237,clothing_1072
review_18238,clothing_1094
review_18239,clothing_862
review_18240,clothing_1072
review_18241,clothing_1094
review_18242,clothing_872
review_18243,clothing_361
review_18244,clothing_1076
review_18245,clothing_231
review_18246,clothing_862
review_18247,clothing_1076
review_18248,clothing_1089
review_18249,clothing_1094
review_18250,clothing_1094
review_18251,clothing_862
review_18252,clothing_836
review_18253,clothing_1095
review_18254,clothing_231
review_18255,clothing_361
review_18256,clothing_1072
review_18257,clothing_1089
review_18258,clothing_1022
review_18259,clothing_1106
review_18260,clothing_860
review_18261,clothing_860
review_18262,clothing_595
review_18263,clothing_854
review_18264,clothing_1081
review_18265,clothing_1053
review_18266,clothing_854
review_18267,clothing_1094
review_18268,clothing_835
review_18269,clothing_1134
review_18270,clothing_854
review_18271,clothing_1053
review_18272,clothing_860
review_18273,clothing_854
review_18274,clothing_1134
review_18275,clothing_940
review_18276,clothing_835
review_18277,clothing_854
review_18278,clothing_854
review_18279,clothing_1033
review_18280,clothing_854
review_18281,clothing_1025
review_18282,clothing_1106
review_18283,clothing_1134
review_18284,clothing_1106
review_18285,clothing_1081
review_18286,clothing_1081
review_18287,clothing_854
review_18288,clothing_835
review_18289,clothing_854
review_18290,clothing_1081
review_18291,clothing_1053
review_18292,clothing_1081
review_18293,clothing_1094
review_18294,clothing_835
review_18295,clothing_595
review_18296,clothing_1053
review_18297,clothing_1090
review_18298,clothing_1081
review_18299,clothing_854
review_18300,clothing_835
review_18301,clothing_1106
review_18302,clothing_1134
review_18303,clothing_854
review_18304,clothing_595
review_18305,clothing_1022
review_18306,clothing_860
review_18307,clothing_1053
review_18308,clothing_1081
review_18309,clothing_854
review_18310,clothing_1081
review_18311,clothing_1081
review_18312,clothing_835
review_18313,clothing_1022
review_18314,clothing_1150
review_18315,clothing_1112
review_18316,clothing_828
review_18317,clothing_1077
review_18318,clothing_1150
review_18319,clothing_1150
review_18320,clothing_830
review_18321,clothing_1077
review_18322,clothing_1150
review_18323,clothing_1150
review_18324,clothing_1077
review_18325,clothing_819
review_18326,clothing_1077
review_18327,clothing_1132
review_18328,clothing_1077
review_18329,clothing_830
review_18330,clothing_1092
review_18331,clothing_1092
review_18332,clothing_1112
review_18333,clothing_1150
review_18334,clothing_1150
review_18335,clothing_1150
review_18336,clothing_1150
review_18337,clothing_1077
review_18338,clothing_1092
review_18339,clothing_1077
review_18340,clothing_1077
review_18341,clothing_1077
review_18342,clothing_1092
review_18343,clothing_1087
review_18344,clothing_1150
review_18345,clothing_830
review_18346,clothing_1092
review_18347,clothing_1077
review_18348,clothing_1150
review_18349,clothing_1150
review_18350,clothing_830
review_18351,clothing_1094
review_18352,clothing_1092
review_18353,clothing_1150
review_18354,clothing_1079
review_18355,clothing_819
review_18356,clothing_1150
review_18357,clothing_1150
review_18358,clothing_1077
review_18359,clothing_819
review_18360,clothing_1150
review_18361,clothing_1077
review_18362,clothing_1092
review_18363,clothing_1077
review_18364,clothing_1132
review_18365,clothing_1077
review_18366,clothing_1077
review_18367,clothing_1150
review_18368,clothing_1077
review_18369,clothing_1150
review_18370,clothing_1150
review_18371,clothing_1092
review_18372,clothing_1092
review_18373,clothing_1150
review_18374,clothing_1077
review_18375,clothing_1112
review_18376,clothing_1150
review_18377,clothing_1150
review_18378,clothing_1132
review_18379,clothing_1094
review_18380,clothing_933
review_18381,clothing_1077
review_18382,clothing_876
review_18383,clothing_850
review_18384,clothing_850
review_18385,clothing_850
review_18386,clothing_830
review_18387,clothing_850
review_18388,clothing_850
review_18389,clothing_995
review_18390,clothing_850
review_18391,clothing_850
review_18392,clothing_996
review_18393,clothing_850
review_18394,clothing_876
review_18395,clothing_862
review_18396,clothing_876
review_18397,clothing_835
review_18398,clothing_876
review_18399,clothing_876
review_18400,clothing_876
review_18401,clothing_830
review_18402,clothing_876
review_18403,clothing_835
review_18404,clothing_876
review_18405,clothing_835
review_18406,clothing_830
review_18407,clothing_830
review_18408,clothing_872
review_18409,clothing_996
review_18410,clothing_876
review_18411,clothing_876
review_18412,clothing_876
review_18413,clothing_876
review_18414,clothing_850
review_18415,clothing_835
review_18416,clothing_850
review_18417,clothing_872
review_18418,clothing_876
review_18419,clothing_876
review_18420,clothing_876
review_18421,clothing_876
review_18422,clothing_876
review_18423,clothing_876
review_18424,clothing_876
review_18425,clothing_876
review_18426,clothing_850
review_18427,clothing_876
review_18428,clothing_862
review_18429,clothing_1077
review_18430,clothing_1077
review_18431,clothing_1022
review_18432,clothing_830
review_18433,clothing_850
review_18434,clothing_996
review_18435,clothing_850
review_18436,clothing_876
review_18437,clothing_1016
review_18438,clothing_876
review_18439,clothing_996
review_18440,clothing_850
review_18441,clothing_862
review_18442,clothing_876
review_18443,clothing_876
review_18444,clothing_850
review_18445,clothing_850
review_18446,clothing_862
review_18447,clothing_862
review_18448,clothing_876
review_18449,clothing_830
review_18450,clothing_1077
review_18451,clothing_1028
review_18452,clothing_850
review_18453,clothing_850
review_18454,clothing_660
review_18455,clothing_871
review_18456,clothing_876
review_18457,clothing_850
review_18458,clothing_830
review_18459,clothing_850
review_18460,clothing_876
review_18461,clothing_876
review_18462,clothing_862
review_18463,clothing_440
review_18464,clothing_1080
review_18465,clothing_440
review_18466,clothing_222
review_18467,clothing_941
review_18468,clothing_822
review_18469,clothing_297
review_18470,clothing_440
review_18471,clothing_440
review_18472,clothing_892
review_18473,clothing_892
review_18474,clothing_1080
review_18475,clothing_1080
review_18476,clothing_822
review_18477,clothing_1080
review_18478,clothing_822
review_18479,clothing_1080
review_18480,clothing_941
review_18481,clothing_941
review_18482,clothing_1080
review_18483,clothing_1080
review_18484,clothing_1080
review_18485,clothing_941
review_18486,clothing_1080
review_18487,clothing_1081
review_18488,clothing_1072
review_18489,clothing_936
review_18490,clothing_936
review_18491,clothing_936
review_18492,clothing_936
review_18493,clothing_1081
review_18494,clothing_1081
review_18495,clothing_1050
review_18496,clothing_1081
review_18497,clothing_828
review_18498,clothing_936
review_18499,clothing_984
review_18500,clothing_1081
review_18501,clothing_868
review_18502,clothing_1081
review_18503,clothing_936
review_18504,clothing_825
review_18505,clothing_936
review_18506,clothing_1081
review_18507,clothing_936
review_18508,clothing_936
review_18509,clothing_1081
review_18510,clothing_936
review_18511,clothing_936
review_18512,clothing_936
review_18513,clothing_1095
review_18514,clothing_1095
review_18515,clothing_1095
review_18516,clothing_1080
review_18517,clothing_820
review_18518,clothing_24
review_18519,clothing_820
review_18520,clothing_1080
review_18521,clothing_1094
review_18522,clothing_1080
review_18523,clothing_24
review_18524,clothing_24
review_18525,clothing_1095
review_18526,clothing_820
review_18527,clothing_1094
review_18528,clothing_24
review_18529,clothing_1094
review_18530,clothing_820
review_18531,clothing_820
review_18532,clothing_1094
review_18533,clothing_820
review_18534,clothing_820
review_18535,clothing_24
review_18536,clothing_820
review_18537,clothing_24
review_18538,clothing_1074
review_18539,clothing_1033
review_18540,clothing_809
review_18541,clothing_820
review_18542,clothing_712
review_18543,clothing_24
review_18544,clothing_1094
review_18545,clothing_1080
review_18546,clothing_820
review_18547,clothing_1080
review_18548,clothing_1028
review_18549,clothing_1094
review_18550,clothing_1074
review_18551,clothing_1094
review_18552,clothing_1095
review_18553,clothing_1094
review_18554,clothing_820
review_18555,clothing_24
review_18556,clothing_1094
review_18557,clothing_1094
review_18558,clothing_1095
review_18559,clothing_1080
review_18560,clothing_1033
review_18561,clothing_1080
review_18562,clothing_1095
review_18563,clothing_1094
review_18564,clothing_1080
review_18565,clothing_1095
review_18566,clothing_809
review_18567,clothing_1034
review_18568,clothing_1049
review_18569,clothing_1034
review_18570,clothing_829
review_18571,clothing_829
review_18572,clothing_604
review_18573,clothing_604
review_18574,clothing_586
review_18575,clothing_1063
review_18576,clothing_586
review_18577,clothing_604
review_18578,clothing_586
review_18579,clothing_1063
review_18580,clothing_1034
review_18581,clothing_876
review_18582,clothing_829
review_18583,clothing_958
review_18584,clothing_1034
review_18585,clothing_1049
review_18586,clothing_829
review_18587,clothing_1063
review_18588,clothing_829
review_18589,clothing_1049
review_18590,clothing_44
review_18591,clothing_526
review_18592,clothing_995
review_18593,clothing_952
review_18594,clothing_952
review_18595,clothing_995
review_18596,clothing_1078
review_18597,clothing_995
review_18598,clothing_952
review_18599,clothing_1133
review_18600,clothing_309
review_18601,clothing_895
review_18602,clothing_872
review_18603,clothing_838
review_18604,clothing_840
review_18605,clothing_975
review_18606,clothing_840
review_18607,clothing_867
review_18608,clothing_1081
review_18609,clothing_1095
review_18610,clothing_1081
review_18611,clothing_872
review_18612,clothing_826
review_18613,clothing_872
review_18614,clothing_895
review_18615,clothing_867
review_18616,clothing_996
review_18617,clothing_840
review_18618,clothing_835
review_18619,clothing_835
review_18620,clothing_975
review_18621,clothing_867
review_18622,clothing_1133
review_18623,clothing_872
review_18624,clothing_835
review_18625,clothing_867
review_18627,clothing_1027
review_18628,clothing_838
review_18629,clothing_1081
review_18630,clothing_975
review_18631,clothing_840
review_18632,clothing_840
review_18633,clothing_861
review_18634,clothing_1072
review_18635,clothing_835
review_18636,clothing_840
review_18637,clothing_1025
review_18638,clothing_723
review_18639,clothing_1000
review_18640,clothing_1081
review_18641,clothing_838
review_18642,clothing_867
review_18643,clothing_867
review_18644,clothing_867
review_18645,clothing_867
review_18646,clothing_826
review_18647,clothing_867
review_18648,clothing_867
review_18649,clothing_101
review_18650,clothing_872
review_18651,clothing_840
review_18652,clothing_895
review_18653,clothing_895
review_18654,clothing_867
review_18655,clothing_872
review_18656,clothing_861
review_18657,clothing_835
review_18658,clothing_867
review_18659,clothing_1025
review_18660,clothing_1133
review_18661,clothing_838
review_18662,clothing_835
review_18663,clothing_835
review_18664,clothing_1081
review_18665,clothing_835
review_18666,clothing_861
review_18667,clothing_835
review_18668,clothing_1025
review_18669,clothing_872
review_18670,clothing_840
review_18672,clothing_1079
review_18673,clothing_840
review_18674,clothing_835
review_18675,clothing_1068
review_18676,clothing_1104
review_18677,clothing_1068
review_18678,clothing_1094
review_18679,clothing_1068
review_18680,clothing_1068
review_18681,clothing_1094
review_18682,clothing_1094
review_18683,clothing_1080
review_18684,clothing_1094
review_18685,clothing_838
review_18686,clothing_838
review_18687,clothing_1094
review_18688,clothing_1068
review_18689,clothing_838
review_18690,clothing_838
review_18691,clothing_965
review_18692,clothing_1094
review_18693,clothing_1068
review_18694,clothing_163
review_18695,clothing_899
review_18696,clothing_1086
review_18697,clothing_864
review_18698,clothing_864
review_18699,clothing_1077
review_18700,clothing_864
review_18701,clothing_1077
review_18702,clothing_872
review_18703,clothing_872
review_18704,clothing_1086
review_18705,clothing_1003
review_18706,clothing_163
review_18707,clothing_872
review_18708,clothing_872
review_18709,clothing_864
review_18710,clothing_161
review_18711,clothing_1059
review_18712,clothing_922
review_18713,clothing_1092
review_18714,clothing_1077
review_18715,clothing_872
review_18716,clothing_872
review_18717,clothing_829
review_18718,clothing_1030
review_18719,clothing_1068
review_18720,clothing_1077
review_18721,clothing_1077
review_18722,clothing_829
review_18723,clothing_1077
review_18724,clothing_1077
review_18725,clothing_1025
review_18726,clothing_1077
review_18727,clothing_859
review_18728,clothing_1077
review_18729,clothing_1077
review_18730,clothing_1077
review_18731,clothing_1077
review_18732,clothing_826
review_18733,clothing_1077
review_18734,clothing_829
review_18735,clothing_975
review_18736,clothing_1077
review_18737,clothing_828
review_18738,clothing_828
review_18739,clothing_850
review_18740,clothing_1086
review_18741,clothing_1077
review_18742,clothing_828
review_18743,clothing_1077
review_18744,clothing_1068
review_18745,clothing_1077
review_18746,clothing_829
review_18747,clothing_828
review_18748,clothing_829
review_18749,clothing_828
review_18750,clothing_829
review_18751,clothing_1077
review_18752,clothing_1068
review_18753,clothing_1077
review_18754,clothing_1077
review_18755,clothing_1077
review_18756,clothing_1077
review_18757,clothing_828
review_18758,clothing_829
review_18759,clothing_829
review_18760,clothing_1077
review_18761,clothing_1077
review_18762,clothing_1077
review_18763,clothing_829
review_18764,clothing_1077
review_18765,clothing_1077
review_18766,clothing_1077
review_18767,clothing_907
review_18768,clothing_868
review_18769,clothing_907
review_18770,clothing_868
review_18771,clothing_1094
review_18772,clothing_868
review_18773,clothing_1094
review_18774,clothing_755
review_18775,clothing_868
review_18776,clothing_1047
review_18777,clothing_907
review_18778,clothing_857
review_18779,clothing_873
review_18780,clothing_862
review_18781,clothing_857
review_18782,clothing_1083
review_18783,clothing_1094
review_18784,clothing_857
review_18785,clothing_862
review_18786,clothing_1047
review_18787,clothing_862
review_18788,clothing_1094
review_18789,clothing_907
review_18790,clothing_755
review_18791,clothing_862
review_18792,clothing_779
review_18793,clothing_1025
review_18794,clothing_857
review_18795,clothing_825
review_18796,clothing_857
review_18797,clothing_550
review_18798,clothing_907
review_18799,clothing_1094
review_18800,clothing_1047
review_18801,clothing_1047
review_18802,clothing_862
review_18803,clothing_550
review_18804,clothing_857
review_18805,clothing_862
review_18806,clothing_31
review_18807,clothing_1094
review_18808,clothing_1094
review_18809,clothing_1094
review_18810,clothing_1094
review_18811,clothing_1047
review_18812,clothing_862
review_18813,clothing_822
review_18814,clothing_868
review_18815,clothing_1049
review_18816,clothing_1047
review_18817,clothing_1047
review_18818,clothing_857
review_18819,clothing_830
review_18820,clothing_1033
review_18821,clothing_830
review_18822,clothing_850
review_18823,clothing_830
review_18824,clothing_156
review_18825,clothing_830
review_18826,clothing_830
review_18827,clothing_1081
review_18828,clothing_850
review_18829,clothing_1033
review_18830,clothing_1033
review_18831,clothing_1095
review_18832,clothing_1069
review_18833,clothing_1028
review_18834,clothing_830
review_18835,clothing_850
review_18836,clothing_1081
review_18837,clothing_830
review_18838,clothing_830
review_18839,clothing_850
review_18840,clothing_830
review_18841,clothing_1081
review_18842,clothing_830
review_18843,clothing_1081
review_18844,clothing_99
review_18845,clothing_1081
review_18846,clothing_830
review_18847,clothing_830
review_18848,clothing_188
review_18849,clothing_830
review_18850,clothing_1081
review_18851,clothing_156
review_18852,clothing_830
review_18853,clothing_1081
review_18854,clothing_839
review_18855,clothing_839
review_18856,clothing_1081
review_18857,clothing_830
review_18858,clothing_1081
review_18859,clothing_1033
review_18860,clothing_830
review_18861,clothing_188
review_18862,clothing_850
review_18863,clothing_1081
review_18864,clothing_1081
review_18865,clothing_830
review_18866,clothing_830
review_18867,clothing_839
review_18868,clothing_830
review_18869,clothing_830
review_18870,clothing_1074
review_18871,clothing_830
review_18872,clothing_850
review_18873,clothing_1081
review_18874,clothing_140
review_18875,clothing_1086
review_18876,clothing_1086
review_18877,clothing_202
review_18878,clothing_1147
review_18879,clothing_674
review_18880,clothing_1094
review_18881,clothing_1086
review_18882,clothing_851
review_18883,clothing_674
review_18884,clothing_1094
review_18885,clothing_1028
review_18886,clothing_1086
review_18887,clothing_1086
review_18888,clothing_674
review_18889,clothing_674
review_18890,clothing_1094
review_18891,clothing_202
review_18892,clothing_1111
review_18893,clothing_1086
review_18894,clothing_921
review_18895,clothing_1086
review_18896,clothing_829
review_18897,clothing_1086
review_18898,clothing_1086
review_18899,clothing_1086
review_18900,clothing_1086
review_18901,clothing_1028
review_18902,clothing_921
review_18903,clothing_674
review_18904,clothing_674
review_18905,clothing_23
review_18906,clothing_674
review_18907,clothing_878
review_18908,clothing_1086
review_18909,clothing_674
review_18910,clothing_1086
review_18911,clothing_829
review_18912,clothing_1086
review_18913,clothing_829
review_18914,clothing_1086
review_18915,clothing_674
review_18916,clothing_1086
review_18917,clothing_1094
review_18918,clothing_674
review_18919,clothing_829
review_18920,clothing_674
review_18921,clothing_1147
review_18922,clothing_674
review_18923,clothing_1077
review_18924,clothing_674
review_18925,clothing_907
review_18926,clothing_674
review_18927,clothing_1094
review_18928,clothing_921
review_18929,clothing_1028
review_18930,clothing_674
review_18931,clothing_878
review_18932,clothing_1104
review_18933,clothing_1086
review_18934,clothing_69
review_18935,clothing_820
review_18936,clothing_1049
review_18937,clothing_673
review_18938,clothing_1084
review_18939,clothing_863
review_18940,clothing_1078
review_18941,clothing_960
review_18942,clothing_820
review_18943,clothing_960
review_18944,clothing_820
review_18945,clothing_960
review_18946,clothing_820
review_18947,clothing_820
review_18948,clothing_945
review_18949,clothing_1049
review_18950,clothing_1078
review_18951,clothing_863
review_18952,clothing_1078
review_18953,clothing_1085
review_18954,clothing_960
review_18955,clothing_42
review_18956,clothing_820
review_18957,clothing_820
review_18958,clothing_1078
review_18959,clothing_820
review_18960,clothing_820
review_18961,clothing_820
review_18962,clothing_820
review_18963,clothing_1078
review_18964,clothing_945
review_18965,clothing_945
review_18966,clothing_960
review_18967,clothing_995
review_18968,clothing_1084
review_18969,clothing_1084
review_18970,clothing_825
review_18971,clothing_1078
review_18972,clothing_820
review_18973,clothing_1078
review_18974,clothing_820
review_18975,clothing_810
review_18976,clothing_820
review_18977,clothing_820
review_18978,clothing_960
review_18979,clothing_820
review_18980,clothing_1078
review_18981,clothing_1049
review_18982,clothing_820
review_18983,clothing_1049
review_18984,clothing_863
review_18985,clothing_1085
review_18986,clothing_820
review_18987,clothing_820
review_18988,clothing_42
review_18989,clothing_960
review_18990,clothing_903
review_18991,clothing_903
review_18992,clothing_820
review_18993,clothing_903
review_18994,clothing_863
review_18995,clothing_1078
review_18996,clothing_945
review_18997,clothing_863
review_18998,clothing_820
review_18999,clothing_820
review_19000,clothing_863
review_19001,clothing_42
review_19002,clothing_1052
review_19003,clothing_1052
review_19004,clothing_1078
review_19005,clothing_182
review_19006,clothing_1078
review_19007,clothing_1052
review_19008,clothing_1052
review_19009,clothing_975
review_19010,clothing_909
review_19011,clothing_909
review_19012,clothing_949
review_19013,clothing_976
review_19014,clothing_990
review_19015,clothing_1078
review_19016,clothing_949
review_19017,clothing_975
review_19018,clothing_1052
review_19019,clothing_467
review_19020,clothing_976
review_19021,clothing_844
review_19022,clothing_905
review_19023,clothing_326
review_19024,clothing_905
review_19025,clothing_905
review_19026,clothing_326
review_19027,clothing_905
review_19028,clothing_905
review_19029,clothing_1079
review_19030,clothing_748
review_19031,clothing_905
review_19032,clothing_980
review_19033,clothing_1095
review_19034,clothing_918
review_19035,clothing_905
review_19036,clothing_905
review_19037,clothing_871
review_19038,clothing_872
review_19039,clothing_905
review_19040,clothing_905
review_19041,clothing_326
review_19042,clothing_952
review_19043,clothing_952
review_19044,clothing_878
review_19045,clothing_967
review_19046,clothing_1077
review_19047,clothing_850
review_19048,clothing_1077
review_19049,clothing_1077
review_19050,clothing_878
review_19051,clothing_850
review_19052,clothing_1077
review_19053,clothing_1077
review_19054,clothing_1077
review_19055,clothing_952
review_19056,clothing_850
review_19057,clothing_952
review_19058,clothing_1094
review_19059,clothing_1077
review_19060,clothing_1077
review_19061,clothing_1086
review_19062,clothing_1077
review_19063,clothing_850
review_19064,clothing_1077
review_19065,clothing_952
review_19066,clothing_452
review_19067,clothing_850
review_19068,clothing_850
review_19069,clothing_818
review_19070,clothing_1077
review_19071,clothing_967
review_19072,clothing_39
review_19073,clothing_850
review_19074,clothing_39
review_19075,clothing_1086
review_19076,clothing_878
review_19077,clothing_452
review_19078,clothing_850
review_19079,clothing_1139
review_19080,clothing_1077
review_19081,clothing_850
review_19082,clothing_1077
review_19083,clothing_952
review_19084,clothing_867
review_19085,clothing_1094
review_19086,clothing_1094
review_19087,clothing_1121
review_19088,clothing_1121
review_19089,clothing_879
review_19090,clothing_1015
review_19091,clothing_1025
review_19092,clothing_879
review_19093,clothing_1071
review_19094,clothing_1121
review_19095,clothing_1025
review_19096,clothing_1078
review_19097,clothing_1078
review_19098,clothing_426
review_19099,clothing_453
review_19100,clothing_906
review_19101,clothing_1015
review_19102,clothing_1121
review_19103,clothing_993
review_19104,clothing_1121
review_19105,clothing_997
review_19106,clothing_1121
review_19107,clothing_1121
review_19108,clothing_1121
review_19109,clothing_1121
review_19110,clothing_1121
review_19111,clothing_997
review_19112,clothing_1015
review_19113,clothing_1121
review_19114,clothing_1121
review_19115,clothing_1088
review_19116,clothing_1096
review_19117,clothing_1121
review_19118,clothing_1078
review_19119,clothing_453
review_19120,clothing_1121
review_19121,clothing_1121
review_19122,clothing_1088
review_19123,clothing_1078
review_19124,clothing_1096
review_19125,clothing_1121
review_19126,clothing_865
review_19127,clothing_1078
review_19128,clothing_1121
review_19129,clothing_1121
review_19130,clothing_1121
review_19131,clothing_1121
review_19132,clothing_1121
review_19133,clothing_1121
review_19134,clothing_906
review_19135,clothing_1121
review_19136,clothing_1104
review_19137,clothing_1121
review_19138,clothing_1121
review_19139,clothing_879
review_19140,clothing_453
review_19141,clothing_1121
review_19142,clothing_906
review_19143,clothing_997
review_19144,clothing_1078
review_19145,clothing_1121
review_19146,clothing_997
review_19147,clothing_1121
review_19148,clothing_1078
review_19149,clothing_1121
review_19150,clothing_906
review_19151,clothing_1025
review_19152,clothing_1121
review_19153,clothing_1121
review_19154,clothing_1121
review_19155,clothing_1015
review_19156,clothing_453
review_19157,clothing_865
review_19158,clothing_1015
review_19159,clothing_1078
review_19160,clothing_1121
review_19161,clothing_1121
review_19162,clothing_1104
review_19163,clothing_1096
review_19164,clothing_1071
review_19165,clothing_1121
review_19166,clothing_1121
review_19167,clothing_1121
review_19168,clothing_997
review_19169,clothing_1121
review_19170,clothing_1121
review_19171,clothing_906
review_19172,clothing_1025
review_19173,clothing_1121
review_19174,clothing_906
review_19175,clothing_868
review_19176,clothing_997
review_19177,clothing_1121
review_19178,clothing_1121
review_19179,clothing_1121
review_19180,clothing_993
review_19181,clothing_1080
review_19182,clothing_1089
review_19183,clothing_1149
review_19184,clothing_1078
review_19185,clothing_865
review_19186,clothing_1020
review_19187,clothing_865
review_19188,clothing_1142
review_19189,clothing_1079
review_19190,clothing_1080
review_19191,clothing_865
review_19192,clothing_1020
review_19193,clothing_1078
review_19194,clothing_1078
review_19195,clothing_1149
review_19196,clothing_1078
review_19197,clothing_1078
review_19198,clothing_1080
review_19199,clothing_1078
review_19200,clothing_1080
review_19201,clothing_1020
review_19202,clothing_1078
review_19203,clothing_1149
review_19204,clothing_1020
review_19205,clothing_1078
review_19206,clothing_1080
review_19207,clothing_829
review_19208,clothing_1020
review_19209,clothing_828
review_19210,clothing_1089
review_19211,clothing_1089
review_19212,clothing_1089
review_19213,clothing_1020
review_19214,clothing_1078
review_19215,clothing_1020
review_19216,clothing_1078
review_19217,clothing_832
review_19218,clothing_1078
review_19219,clothing_1078
review_19220,clothing_829
review_19221,clothing_865
review_19222,clothing_1078
review_19223,clothing_1142
review_19224,clothing_1080
review_19225,clothing_1078
review_19226,clothing_828
review_19227,clothing_1078
review_19228,clothing_443
review_19229,clothing_1080
review_19230,clothing_865
review_19231,clothing_1080
review_19232,clothing_1078
review_19233,clothing_1078
review_19234,clothing_865
review_19235,clothing_1078
review_19236,clothing_933
review_19237,clothing_862
review_19238,clothing_829
review_19239,clothing_829
review_19240,clothing_900
review_19241,clothing_900
review_19242,clothing_862
review_19243,clothing_829
review_19244,clothing_542
review_19245,clothing_829
review_19246,clothing_829
review_19247,clothing_900
review_19248,clothing_542
review_19249,clothing_829
review_19250,clothing_829
review_19251,clothing_996
review_19252,clothing_900
review_19253,clothing_903
review_19254,clothing_900
review_19255,clothing_1083
review_19256,clothing_996
review_19257,clothing_1089
review_19258,clothing_1083
review_19259,clothing_829
review_19260,clothing_1083
review_19261,clothing_195
review_19262,clothing_542
review_19263,clothing_351
review_19264,clothing_862
review_19265,clothing_1083
review_19266,clothing_829
review_19267,clothing_829
review_19268,clothing_829
review_19269,clothing_829
review_19270,clothing_842
review_19271,clothing_868
review_19272,clothing_842
review_19273,clothing_868
review_19274,clothing_868
review_19275,clothing_818
review_19276,clothing_835
review_19277,clothing_868
review_19278,clothing_842
review_19279,clothing_868
review_19280,clothing_868
review_19281,clothing_818
review_19282,clothing_835
review_19283,clothing_818
review_19284,clothing_868
review_19285,clothing_818
review_19286,clothing_868
review_19287,clothing_868
review_19288,clothing_1078
review_19289,clothing_1190
review_19290,clothing_862
review_19291,clothing_1078
review_19292,clothing_863
review_19293,clothing_1022
review_19294,clothing_1092
review_19295,clothing_863
review_19296,clothing_862
review_19297,clothing_1078
review_19298,clothing_844
review_19299,clothing_566
review_19300,clothing_1078
review_19301,clothing_1078
review_19302,clothing_1078
review_19303,clothing_1078
review_19304,clothing_1103
review_19305,clothing_1078
review_19306,clothing_1078
review_19307,clothing_872
review_19308,clothing_1190
review_19309,clothing_1092
review_19310,clothing_871
review_19311,clothing_1025
review_19312,clothing_1190
review_19313,clothing_1022
review_19314,clothing_1078
review_19315,clothing_1078
review_19316,clothing_1092
review_19317,clothing_1081
review_19318,clothing_895
review_19319,clothing_1081
review_19320,clothing_1030
review_19321,clothing_1081
review_19322,clothing_1008
review_19323,clothing_1008
review_19324,clothing_1081
review_19325,clothing_1081
review_19326,clothing_1008
review_19327,clothing_1081
review_19328,clothing_1081
review_19329,clothing_867
review_19330,clothing_1081
review_19331,clothing_867
review_19332,clothing_871
review_19333,clothing_1081
review_19334,clothing_1008
review_19335,clothing_1081
review_19336,clothing_1081
review_19337,clothing_1081
review_19338,clothing_1094
review_19339,clothing_996
review_19340,clothing_1008
review_19341,clothing_1008
review_19342,clothing_1081
review_19343,clothing_1030
review_19344,clothing_1081
review_19345,clothing_1081
review_19346,clothing_1081
review_19347,clothing_867
review_19348,clothing_867
review_19349,clothing_1008
review_19350,clothing_867
review_19351,clothing_1081
review_19352,clothing_1081
review_19353,clothing_1081
review_19354,clothing_867
review_19355,clothing_1008
review_19356,clothing_1081
review_19357,clothing_1081
review_19358,clothing_867
review_19359,clothing_1081
review_19360,clothing_1081
review_19361,clothing_871
review_19362,clothing_1103
review_19363,clothing_1094
review_19364,clothing_1081
review_19365,clothing_1008
review_19366,clothing_1008
review_19367,clothing_1081
review_19368,clothing_556
review_19369,clothing_1081
review_19370,clothing_867
review_19371,clothing_896
review_19372,clothing_1008
review_19373,clothing_1094
review_19374,clothing_1008
review_19375,clothing_1008
review_19376,clothing_829
review_19377,clothing_829
review_19378,clothing_823
review_19379,clothing_863
review_19380,clothing_1080
review_19381,clothing_819
review_19382,clothing_823
review_19383,clothing_819
review_19384,clothing_933
review_19385,clothing_831
review_19386,clothing_819
review_19387,clothing_1080
review_19388,clothing_863
review_19389,clothing_829
review_19390,clothing_931
review_19391,clothing_823
review_19392,clothing_863
review_19393,clothing_995
review_19394,clothing_929
review_19395,clothing_929
review_19396,clothing_865
review_19397,clothing_995
review_19398,clothing_942
review_19399,clothing_995
review_19400,clothing_1095
review_19401,clothing_995
review_19402,clothing_9
review_19403,clothing_835
review_19404,clothing_834
review_19405,clothing_1059
review_19406,clothing_873
review_19407,clothing_873
review_19408,clothing_834
review_19409,clothing_835
review_19410,clothing_835
review_19411,clothing_834
review_19412,clothing_834
review_19413,clothing_873
review_19414,clothing_873
review_19415,clothing_1059
review_19416,clothing_1059
review_19417,clothing_835
review_19418,clothing_835
review_19419,clothing_873
review_19420,clothing_873
review_19421,clothing_835
review_19422,clothing_873
review_19423,clothing_873
review_19424,clothing_770
review_19425,clothing_873
review_19426,clothing_873
review_19427,clothing_873
review_19428,clothing_873
review_19429,clothing_835
review_19430,clothing_1059
review_19431,clothing_835
review_19432,clothing_770
review_19433,clothing_873
review_19434,clothing_835
review_19435,clothing_873
review_19436,clothing_834
review_19437,clothing_835
review_19438,clothing_873
review_19439,clothing_1059
review_19440,clothing_353
review_19441,clothing_873
review_19442,clothing_835
review_19443,clothing_835
review_19444,clothing_873
review_19445,clothing_1059
review_19446,clothing_873
review_19447,clothing_834
review_19448,clothing_834
review_19449,clothing_1068
review_19450,clothing_1081
review_19451,clothing_895
review_19452,clothing_1076
review_19453,clothing_876
review_19454,clothing_1110
review_19455,clothing_862
review_19456,clothing_1081
review_19457,clothing_1110
review_19458,clothing_876
review_19459,clothing_1110
review_19460,clothing_1081
review_19461,clothing_895
review_19462,clothing_1110
review_19463,clothing_1110
review_19464,clothing_1068
review_19465,clothing_1110
review_19466,clothing_895
review_19467,clothing_1081
review_19468,clothing_1068
review_19469,clothing_1110
review_19470,clothing_895
review_19471,clothing_1075
review_19472,clothing_895
review_19473,clothing_559
review_19474,clothing_735
review_19475,clothing_1075
review_19476,clothing_1078
review_19477,clothing_1078
review_19478,clothing_1081
review_19479,clothing_876
review_19480,clothing_982
review_19481,clothing_876
review_19482,clothing_1110
review_19483,clothing_1078
review_19484,clothing_1110
review_19485,clothing_1110
review_19486,clothing_895
review_19487,clothing_1076
review_19488,clothing_1110
review_19489,clothing_895
review_19490,clothing_1068
review_19491,clothing_895
review_19492,clothing_1110
review_19493,clothing_1081
review_19494,clothing_1078
review_19495,clothing_1078
review_19496,clothing_930
review_19497,clothing_1110
review_19498,clothing_1110
review_19499,clothing_895
review_19500,clothing_822
review_19501,clothing_949
review_19502,clothing_383
review_19503,clothing_875
review_19504,clothing_875
review_19505,clothing_1094
review_19506,clothing_992
review_19507,clothing_841
review_19508,clothing_383
review_19509,clothing_841
review_19510,clothing_875
review_19511,clothing_841
review_19512,clothing_875
review_19513,clothing_866
review_19514,clothing_828
review_19515,clothing_841
review_19516,clothing_1094
review_19517,clothing_862
review_19518,clothing_941
review_19519,clothing_1094
review_19520,clothing_875
review_19521,clothing_383
review_19522,clothing_862
review_19523,clothing_921
review_19524,clothing_1094
review_19525,clothing_822
review_19526,clothing_875
review_19527,clothing_941
review_19528,clothing_828
review_19529,clothing_841
review_19530,clothing_1008
review_19531,clothing_841
review_19532,clothing_1008
review_19533,clothing_1094
review_19534,clothing_1008
review_19535,clothing_875
review_19536,clothing_383
review_19537,clothing_383
review_19538,clothing_936
review_19539,clothing_941
review_19540,clothing_780
review_19541,clothing_1059
review_19542,clothing_780
review_19543,clothing_1078
review_19544,clothing_1198
review_19545,clothing_1059
review_19546,clothing_1078
review_19547,clothing_1157
review_19548,clothing_1078
review_19549,clothing_1059
review_19550,clothing_1078
review_19551,clothing_1078
review_19552,clothing_1080
review_19553,clothing_1078
review_19554,clothing_1078
review_19555,clothing_872
review_19556,clothing_1078
review_19557,clothing_866
review_19558,clothing_1078
review_19559,clothing_1059
review_19560,clothing_1080
review_19561,clothing_841
review_19562,clothing_1078
review_19563,clothing_1078
review_19564,clothing_1198
review_19565,clothing_866
review_19566,clothing_1078
review_19567,clothing_1078
review_19568,clothing_780
review_19569,clothing_1078
review_19570,clothing_590
review_19571,clothing_1078
review_19572,clothing_1078
review_19573,clothing_1078
review_19574,clothing_1078
review_19575,clothing_1078
review_19576,clothing_1078
review_19577,clothing_1059
review_19578,clothing_1078
review_19579,clothing_1078
review_19580,clothing_1078
review_19581,clothing_1078
review_19582,clothing_872
review_19583,clothing_1080
review_19584,clothing_1078
review_19585,clothing_1059
review_19586,clothing_1078
review_19587,clothing_1078
review_19588,clothing_1078
review_19589,clothing_849
review_19590,clothing_1075
review_19591,clothing_879
review_19592,clothing_879
review_19593,clothing_993
review_19594,clothing_1094
review_19595,clothing_993
review_19596,clothing_879
review_19597,clothing_993
review_19598,clothing_993
review_19599,clothing_993
review_19600,clothing_479
review_19601,clothing_993
review_19602,clothing_1037
review_19603,clothing_535
review_19604,clothing_479
review_19605,clothing_479
review_19606,clothing_879
review_19607,clothing_535
review_19608,clothing_993
review_19609,clothing_1037
review_19610,clothing_879
review_19611,clothing_1037
review_19612,clothing_836
review_19613,clothing_479
review_19614,clothing_903
review_19615,clothing_993
review_19616,clothing_993
review_19617,clothing_479
review_19618,clothing_879
review_19619,clothing_535
review_19620,clothing_1037
review_19621,clothing_479
review_19622,clothing_993
review_19623,clothing_903
review_19624,clothing_879
review_19625,clothing_993
review_19626,clothing_879
review_19627,clothing_1094
review_19628,clothing_1094
review_19629,clothing_1111
review_19630,clothing_479
review_19631,clothing_479
review_19632,clothing_879
review_19633,clothing_993
review_19634,clothing_879
review_19635,clothing_1111
review_19636,clothing_1094
review_19637,clothing_1037
review_19638,clothing_903
review_19639,clothing_879
review_19640,clothing_479
review_19641,clothing_1037
review_19642,clothing_479
review_19643,clothing_836
review_19644,clothing_877
review_19645,clothing_999
review_19646,clothing_831
review_19647,clothing_1094
review_19648,clothing_237
review_19649,clothing_877
review_19650,clothing_1083
review_19651,clothing_1038
review_19652,clothing_825
review_19653,clothing_237
review_19654,clothing_831
review_19655,clothing_862
review_19656,clothing_1083
review_19657,clothing_877
review_19658,clothing_999
review_19659,clothing_1009
review_19660,clothing_999
review_19661,clothing_1083
review_19662,clothing_1038
review_19663,clothing_862
review_19664,clothing_1008
review_19665,clothing_1104
review_19666,clothing_999
review_19667,clothing_825
review_19668,clothing_862
review_19669,clothing_1008
review_19670,clothing_877
review_19671,clothing_862
review_19672,clothing_1104
review_19673,clothing_862
review_19674,clothing_1083
review_19675,clothing_1083
review_19676,clothing_1022
review_19677,clothing_825
review_19678,clothing_1008
review_19679,clothing_1083
review_19680,clothing_877
review_19681,clothing_840
review_19682,clothing_999
review_19683,clothing_927
review_19684,clothing_1009
review_19685,clothing_1022
review_19686,clothing_1008
review_19687,clothing_999
review_19688,clothing_999
review_19689,clothing_1008
review_19690,clothing_277
review_19691,clothing_862
review_19692,clothing_927
review_19693,clothing_1009
review_19694,clothing_1008
review_19695,clothing_877
review_19696,clothing_1009
review_19697,clothing_862
review_19698,clothing_840
review_19699,clothing_871
review_19700,clothing_1009
review_19701,clothing_862
review_19702,clothing_862
review_19703,clothing_1009
review_19704,clothing_1008
review_19705,clothing_999
review_19706,clothing_840
review_19707,clothing_1009
review_19708,clothing_871
review_19709,clothing_862
review_19710,clothing_831
review_19711,clothing_877
review_19712,clothing_237
review_19713,clothing_877
review_19714,clothing_825
review_19715,clothing_1008
review_19716,clothing_999
review_19717,clothing_1038
review_19718,clothing_1038
review_19719,clothing_862
review_19720,clothing_470
review_19721,clothing_1104
review_19722,clothing_1038
review_19723,clothing_1008
review_19724,clothing_927
review_19725,clothing_840
review_19726,clothing_877
review_19727,clothing_1083
review_19728,clothing_1094
review_19729,clothing_842
review_19730,clothing_990
review_19731,clothing_830
review_19732,clothing_842
review_19733,clothing_830
review_19734,clothing_533
review_19735,clothing_490
review_19736,clothing_1094
review_19737,clothing_269
review_19738,clothing_533
review_19739,clothing_877
review_19740,clothing_877
review_19741,clothing_1094
review_19742,clothing_830
review_19743,clothing_830
review_19744,clothing_1094
review_19745,clothing_1094
review_19746,clothing_490
review_19747,clothing_1094
review_19748,clothing_1094
review_19749,clothing_459
review_19750,clothing_1028
review_19751,clothing_829
review_19752,clothing_307
review_19753,clothing_988
review_19754,clothing_1096
review_19755,clothing_965
review_19756,clothing_965
review_19757,clothing_1095
review_19758,clothing_1096
review_19759,clothing_868
review_19760,clothing_46
review_19761,clothing_388
review_19762,clothing_307
review_19763,clothing_988
review_19764,clothing_829
review_19765,clothing_965
review_19766,clothing_965
review_19767,clothing_1062
review_19768,clothing_988
review_19769,clothing_818
review_19770,clothing_965
review_19771,clothing_818
review_19772,clothing_1096
review_19773,clothing_46
review_19774,clothing_829
review_19775,clothing_988
review_19776,clothing_1096
review_19777,clothing_965
review_19778,clothing_1096
review_19779,clothing_1096
review_19780,clothing_1096
review_19781,clothing_871
review_19782,clothing_825
review_19783,clothing_1096
review_19784,clothing_965
review_19785,clothing_965
review_19786,clothing_988
review_19787,clothing_836
review_19788,clothing_1096
review_19789,clothing_1095
review_19790,clothing_307
review_19791,clothing_1095
review_19792,clothing_1096
review_19793,clothing_1096
review_19794,clothing_868
review_19795,clothing_46
review_19796,clothing_829
review_19797,clothing_1096
review_19798,clothing_943
review_19799,clothing_1096
review_19800,clothing_965
review_19801,clothing_1096
review_19802,clothing_1011
review_19803,clothing_1096
review_19804,clothing_965
review_19805,clothing_868
review_19806,clothing_1096
review_19807,clothing_1028
review_19808,clothing_965
review_19809,clothing_965
review_19810,clothing_1096
review_19811,clothing_868
review_19812,clothing_864
review_19813,clothing_1080
review_19814,clothing_864
review_19815,clothing_875
review_19816,clothing_1080
review_19817,clothing_822
review_19818,clothing_875
review_19819,clothing_1080
review_19820,clothing_875
review_19821,clothing_875
review_19822,clothing_864
review_19823,clothing_875
review_19824,clothing_1080
review_19825,clothing_1083
review_19826,clothing_1075
review_19827,clothing_875
review_19828,clothing_875
review_19829,clothing_1039
review_19830,clothing_829
review_19831,clothing_875
review_19832,clothing_822
review_19833,clothing_1083
review_19834,clothing_875
review_19835,clothing_1080
review_19836,clothing_875
review_19837,clothing_875
review_19838,clothing_1080
review_19839,clothing_875
review_19840,clothing_881
review_19841,clothing_875
review_19842,clothing_881
review_19843,clothing_742
review_19844,clothing_856
review_19845,clothing_829
review_19846,clothing_1080
review_19847,clothing_1080
review_19848,clothing_875
review_19849,clothing_742
review_19850,clothing_1039
review_19851,clothing_875
review_19852,clothing_875
review_19853,clothing_250
review_19854,clothing_875
review_19855,clothing_1039
review_19856,clothing_875
review_19857,clothing_1080
review_19858,clothing_875
review_19859,clothing_881
review_19860,clothing_881
review_19861,clothing_881
review_19862,clothing_881
review_19863,clothing_1080
review_19864,clothing_881
review_19865,clothing_829
review_19866,clothing_875
review_19867,clothing_864
review_19868,clothing_864
review_19869,clothing_250
review_19870,clothing_829
review_19871,clothing_1083
review_19872,clothing_875
review_19873,clothing_875
review_19874,clothing_1039
review_19875,clothing_833
review_19876,clothing_872
review_19877,clothing_964
review_19878,clothing_857
review_19879,clothing_868
review_19880,clothing_1080
review_19881,clothing_857
review_19882,clothing_862
review_19883,clothing_964
review_19884,clothing_985
review_19885,clothing_1080
review_19886,clothing_964
review_19887,clothing_862
review_19888,clothing_1086
review_19889,clothing_872
review_19890,clothing_872
review_19891,clothing_862
review_19892,clothing_1054
review_19893,clothing_964
review_19894,clothing_241
review_19895,clothing_1082
review_19896,clothing_872
review_19897,clothing_862
review_19898,clothing_872
review_19899,clothing_872
review_19900,clothing_964
review_19901,clothing_872
review_19902,clothing_862
review_19903,clothing_1082
review_19904,clothing_872
review_19905,clothing_862
review_19906,clothing_862
review_19907,clothing_985
review_19908,clothing_241
review_19909,clothing_862
review_19910,clothing_857
review_19911,clothing_1102
review_19912,clothing_872
review_19913,clothing_964
review_19914,clothing_1082
review_19915,clothing_1086
review_19916,clothing_862
review_19917,clothing_862
review_19918,clothing_872
review_19919,clothing_872
review_19920,clothing_872
review_19921,clothing_862
review_19922,clothing_862
review_19923,clothing_1086
review_19924,clothing_964
review_19925,clothing_1086
review_19926,clothing_828
review_19927,clothing_1019
review_19928,clothing_964
review_19929,clothing_857
review_19930,clothing_899
review_19931,clothing_165
review_19932,clothing_873
review_19933,clothing_1022
review_19934,clothing_854
review_19935,clothing_873
review_19936,clothing_873
review_19937,clothing_854
review_19938,clothing_833
review_19939,clothing_1141
review_19940,clothing_854
review_19941,clothing_836
review_19942,clothing_899
review_19943,clothing_899
review_19944,clothing_536
review_19945,clothing_514
review_19946,clothing_830
review_19947,clothing_165
review_19948,clothing_848
review_19949,clothing_873
review_19950,clothing_873
review_19951,clothing_514
review_19952,clothing_1141
review_19953,clothing_873
review_19954,clothing_836
review_19955,clothing_899
review_19956,clothing_873
review_19957,clothing_912
review_19958,clothing_514
review_19959,clothing_873
review_19960,clothing_1141
review_19961,clothing_514
review_19962,clothing_873
review_19963,clothing_899
review_19964,clothing_514
review_19965,clothing_514
review_19966,clothing_830
review_19967,clothing_836
review_19968,clothing_873
review_19969,clothing_873
review_19970,clothing_830
review_19971,clothing_848
review_19972,clothing_836
review_19973,clothing_873
review_19974,clothing_1030
review_19975,clothing_912
review_19976,clothing_999
review_19977,clothing_999
review_19978,clothing_536
review_19979,clothing_1186
review_19980,clothing_830
review_19981,clothing_873
review_19982,clothing_873
review_19983,clothing_854
review_19984,clothing_899
review_19985,clothing_836
review_19986,clothing_899
review_19987,clothing_873
review_19988,clothing_899
review_19989,clothing_873
review_19990,clothing_1030
review_19991,clothing_1030
review_19992,clothing_873
review_19993,clothing_1141
review_19994,clothing_514
review_19995,clothing_830
review_19996,clothing_873
review_19997,clothing_899
review_19998,clothing_912
review_19999,clothing_830
review_20000,clothing_999
review_20001,clothing_873
review_20002,clothing_836
review_20003,clothing_514
review_20004,clothing_275
review_20005,clothing_828
review_20006,clothing_927
review_20007,clothing_828
review_20008,clothing_853
review_20009,clothing_893
review_20010,clothing_1180
review_20011,clothing_927
review_20012,clothing_1088
review_20013,clothing_853
review_20014,clothing_1046
review_20015,clothing_1088
review_20016,clothing_828
review_20017,clothing_893
review_20018,clothing_95
review_20019,clothing_1075
review_20020,clothing_853
review_20021,clothing_893
review_20022,clothing_865
review_20023,clothing_853
review_20024,clothing_1009
review_20025,clothing_893
review_20026,clothing_1009
review_20027,clothing_1180
review_20028,clothing_1081
review_20029,clothing_1122
review_20030,clothing_868
review_20031,clothing_1037
review_20032,clothing_1075
review_20033,clothing_895
review_20034,clothing_895
review_20035,clothing_1037
review_20036,clothing_1037
review_20037,clothing_1037
review_20038,clothing_895
review_20039,clothing_1037
review_20040,clothing_868
review_20041,clothing_1122
review_20042,clothing_1075
review_20043,clothing_872
review_20044,clothing_895
review_20045,clothing_1081
review_20046,clothing_1037
review_20047,clothing_1037
review_20048,clothing_1037
review_20049,clothing_1037
review_20050,clothing_1037
review_20051,clothing_895
review_20052,clothing_1075
review_20053,clothing_1037
review_20054,clothing_872
review_20055,clothing_1037
review_20056,clothing_1122
review_20057,clothing_868
review_20058,clothing_862
review_20059,clothing_868
review_20060,clothing_1081
review_20061,clothing_1037
review_20062,clothing_895
review_20063,clothing_1081
review_20064,clothing_1037
review_20065,clothing_895
review_20066,clothing_49
review_20067,clothing_833
review_20068,clothing_992
review_20069,clothing_823
review_20070,clothing_823
review_20071,clothing_936
review_20072,clothing_1094
review_20073,clothing_833
review_20074,clothing_823
review_20075,clothing_778
review_20076,clothing_1094
review_20077,clothing_824
review_20078,clothing_833
review_20079,clothing_823
review_20080,clothing_824
review_20081,clothing_1094
review_20082,clothing_823
review_20083,clothing_866
review_20084,clothing_967
review_20085,clothing_936
review_20086,clothing_1094
review_20087,clothing_824
review_20089,clothing_1068
review_20090,clothing_866
review_20091,clothing_1079
review_20092,clothing_1094
review_20093,clothing_967
review_20094,clothing_967
review_20095,clothing_1094
review_20096,clothing_1094
review_20097,clothing_823
review_20098,clothing_1079
review_20099,clothing_823
review_20100,clothing_823
review_20101,clothing_823
review_20102,clothing_868
review_20103,clothing_883
review_20104,clothing_508
review_20105,clothing_520
review_20106,clothing_883
review_20107,clothing_823
review_20108,clothing_883
review_20109,clothing_520
review_20110,clothing_883
review_20111,clothing_520
review_20112,clothing_1008
review_20113,clothing_824
review_20114,clothing_868
review_20115,clothing_883
review_20116,clothing_883
review_20117,clothing_520
review_20118,clothing_520
review_20119,clothing_520
review_20120,clothing_1059
review_20121,clothing_1094
review_20122,clothing_883
review_20123,clothing_824
review_20124,clothing_824
review_20125,clothing_520
review_20126,clothing_520
review_20127,clothing_883
review_20128,clothing_1059
review_20129,clothing_508
review_20130,clothing_520
review_20131,clothing_520
review_20132,clothing_520
review_20133,clothing_1059
review_20134,clothing_1088
review_20135,clothing_520
review_20136,clothing_508
review_20137,clothing_883
review_20138,clothing_818
review_20139,clothing_520
review_20140,clothing_883
review_20141,clothing_823
review_20142,clothing_520
review_20143,clothing_883
review_20144,clothing_883
review_20145,clothing_823
review_20146,clothing_520
review_20147,clothing_883
review_20148,clothing_868
review_20149,clothing_520
review_20150,clothing_1008
review_20151,clothing_520
review_20152,clothing_520
review_20153,clothing_1008
review_20154,clothing_883
review_20155,clothing_520
review_20156,clothing_1094
review_20157,clothing_520
review_20158,clothing_520
review_20159,clothing_883
review_20160,clothing_1088
review_20161,clothing_883
review_20162,clothing_520
review_20163,clothing_862
review_20164,clothing_883
review_20165,clothing_520
review_20166,clothing_1008
review_20167,clothing_1008
review_20168,clothing_520
review_20169,clothing_520
review_20170,clothing_16
review_20171,clothing_883
review_20172,clothing_520
review_20173,clothing_883
review_20174,clothing_520
review_20175,clothing_520
review_20176,clothing_1008
review_20177,clothing_520
review_20178,clothing_520
review_20179,clothing_883
review_20180,clothing_883
review_20181,clothing_883
review_20182,clothing_883
review_20183,clothing_883
review_20184,clothing_999
review_20185,clothing_881
review_20186,clothing_881
review_20187,clothing_873
review_20188,clothing_881
review_20189,clothing_898
review_20190,clothing_881
review_20191,clothing_1126
review_20192,clothing_872
review_20193,clothing_1078
review_20194,clothing_1004
review_20195,clothing_881
review_20196,clothing_1004
review_20197,clothing_1004
review_20198,clothing_1078
review_20199,clothing_706
review_20200,clothing_1078
review_20201,clothing_1126
review_20202,clothing_873
review_20203,clothing_1078
review_20204,clothing_834
review_20205,clothing_881
review_20206,clothing_1111
review_20207,clothing_873
review_20208,clothing_355
review_20209,clothing_685
review_20210,clothing_881
review_20211,clothing_1004
review_20212,clothing_881
review_20213,clothing_873
review_20214,clothing_881
review_20215,clothing_1126
review_20216,clothing_881
review_20217,clothing_1078
review_20218,clothing_706
review_20219,clothing_872
review_20220,clothing_706
review_20221,clothing_862
review_20222,clothing_1078
review_20223,clothing_1078
review_20224,clothing_873
review_20225,clothing_706
review_20226,clothing_1078
review_20227,clothing_881
review_20228,clothing_898
review_20229,clothing_881
review_20230,clothing_700
review_20231,clothing_881
review_20232,clothing_881
review_20233,clothing_872
review_20234,clothing_1070
review_20235,clothing_895
review_20236,clothing_831
review_20237,clothing_985
review_20238,clothing_614
review_20239,clothing_873
review_20240,clothing_868
review_20241,clothing_985
review_20242,clothing_897
review_20243,clothing_927
review_20244,clothing_895
review_20245,clothing_895
review_20246,clothing_985
review_20247,clothing_831
review_20248,clothing_927
review_20249,clothing_985
review_20250,clothing_1051
review_20251,clothing_927
review_20252,clothing_1082
review_20253,clothing_831
review_20254,clothing_824
review_20255,clothing_985
review_20256,clothing_1082
review_20257,clothing_831
review_20258,clothing_927
review_20259,clothing_927
review_20260,clothing_614
review_20261,clothing_927
review_20262,clothing_985
review_20263,clothing_927
review_20264,clothing_1051
review_20265,clothing_985
review_20266,clothing_895
review_20267,clothing_985
review_20268,clothing_831
review_20269,clothing_614
review_20270,clothing_927
review_20271,clothing_985
review_20272,clothing_1051
review_20273,clothing_895
review_20274,clothing_1051
review_20275,clothing_1103
review_20276,clothing_1082
review_20277,clothing_242
review_20278,clothing_242
review_20279,clothing_1035
review_20280,clothing_1095
review_20281,clothing_1033
review_20282,clothing_1035
review_20283,clothing_1082
review_20284,clothing_242
review_20285,clothing_828
review_20286,clothing_828
review_20287,clothing_1095
review_20288,clothing_1089
review_20289,clothing_1035
review_20290,clothing_1035
review_20291,clothing_1033
review_20292,clothing_1095
review_20293,clothing_1035
review_20294,clothing_242
review_20295,clothing_828
review_20296,clothing_1035
review_20297,clothing_828
review_20298,clothing_1095
review_20299,clothing_1089
review_20300,clothing_1035
review_20301,clothing_1035
review_20302,clothing_242
review_20303,clothing_1035
review_20304,clothing_1035
review_20305,clothing_1035
review_20306,clothing_1035
review_20307,clothing_1035
review_20308,clothing_1035
review_20309,clothing_1035
review_20310,clothing_945
review_20311,clothing_909
review_20312,clothing_1074
review_20313,clothing_1078
review_20314,clothing_1078
review_20315,clothing_1078
review_20316,clothing_872
review_20317,clothing_1078
review_20318,clothing_872
review_20319,clothing_1078
review_20320,clothing_857
review_20321,clothing_872
review_20322,clothing_857
review_20323,clothing_1078
review_20324,clothing_871
review_20325,clothing_1022
review_20326,clothing_857
review_20327,clothing_823
review_20328,clothing_1078
review_20329,clothing_872
review_20330,clothing_836
review_20331,clothing_1049
review_20332,clothing_872
review_20333,clothing_372
review_20334,clothing_1049
review_20335,clothing_1078
review_20336,clothing_1078
review_20337,clothing_1078
review_20338,clothing_872
review_20339,clothing_1074
review_20340,clothing_1078
review_20341,clothing_1078
review_20342,clothing_872
review_20343,clothing_857
review_20344,clothing_872
review_20345,clothing_872
review_20346,clothing_872
review_20347,clothing_823
review_20348,clothing_1078
review_20349,clothing_1078
review_20350,clothing_871
review_20351,clothing_857
review_20352,clothing_1078
review_20353,clothing_872
review_20354,clothing_872
review_20355,clothing_836
review_20356,clothing_1078
review_20357,clothing_872
review_20358,clothing_836
review_20359,clothing_1078
review_20360,clothing_1078
review_20361,clothing_872
review_20362,clothing_1078
review_20363,clothing_909
review_20364,clothing_1078
review_20365,clothing_1079
review_20366,clothing_322
review_20367,clothing_818
review_20368,clothing_862
review_20369,clothing_1059
review_20370,clothing_1059
review_20371,clothing_975
review_20372,clothing_1059
review_20373,clothing_322
review_20374,clothing_1059
review_20375,clothing_1059
review_20376,clothing_718
review_20377,clothing_862
review_20378,clothing_862
review_20379,clothing_1025
review_20380,clothing_975
review_20381,clothing_1059
review_20382,clothing_862
review_20383,clothing_1025
review_20384,clothing_936
review_20385,clothing_1025
review_20386,clothing_1059
review_20387,clothing_975
review_20388,clothing_862
review_20389,clothing_818
review_20390,clothing_818
review_20391,clothing_975
review_20392,clothing_862
review_20393,clothing_862
review_20394,clothing_1074
review_20395,clothing_862
review_20396,clothing_1059
review_20397,clothing_1059
review_20398,clothing_1095
review_20399,clothing_830
review_20400,clothing_1095
review_20401,clothing_1095
review_20402,clothing_1095
review_20403,clothing_1065
review_20404,clothing_1095
review_20405,clothing_1095
review_20406,clothing_1095
review_20407,clothing_862
review_20408,clothing_1065
review_20409,clothing_862
review_20410,clothing_830
review_20411,clothing_1095
review_20412,clothing_830
review_20413,clothing_858
review_20414,clothing_946
review_20415,clothing_830
review_20416,clothing_1082
review_20417,clothing_830
review_20418,clothing_1095
review_20419,clothing_858
review_20420,clothing_1095
review_20421,clothing_859
review_20422,clothing_461
review_20423,clothing_1095
review_20424,clothing_1095
review_20425,clothing_1095
review_20426,clothing_1095
review_20427,clothing_830
review_20428,clothing_1065
review_20429,clothing_867
review_20430,clothing_1095
review_20431,clothing_1081
review_20432,clothing_830
review_20433,clothing_1095
review_20434,clothing_1065
review_20435,clothing_1095
review_20436,clothing_830
review_20437,clothing_1081
review_20438,clothing_1065
review_20439,clothing_461
review_20440,clothing_1095
review_20441,clothing_946
review_20442,clothing_1095
review_20443,clothing_1089
review_20444,clothing_1094
review_20445,clothing_1089
review_20446,clothing_829
review_20447,clothing_829
review_20448,clothing_1059
review_20449,clothing_1091
review_20450,clothing_1095
review_20451,clothing_829
review_20452,clothing_829
review_20453,clothing_1095
review_20454,clothing_1091
review_20455,clothing_829
review_20456,clothing_1094
review_20457,clothing_1094
review_20458,clothing_1094
review_20459,clothing_1094
review_20460,clothing_1091
review_20461,clothing_1095
review_20462,clothing_945
review_20463,clothing_1095
review_20464,clothing_1095
review_20465,clothing_945
review_20466,clothing_945
review_20467,clothing_829
review_20468,clothing_1059
review_20469,clothing_1094
review_20470,clothing_1095
review_20471,clothing_1095
review_20472,clothing_1095
review_20473,clothing_945
review_20474,clothing_945
review_20475,clothing_1059
review_20476,clothing_1059
review_20477,clothing_870
review_20478,clothing_1078
review_20479,clothing_860
review_20480,clothing_941
review_20481,clothing_860
review_20482,clothing_954
review_20483,clothing_834
review_20484,clothing_870
review_20485,clothing_877
review_20486,clothing_860
review_20487,clothing_834
review_20488,clothing_872
review_20489,clothing_834
review_20490,clothing_877
review_20491,clothing_850
review_20492,clothing_850
review_20493,clothing_872
review_20494,clothing_877
review_20495,clothing_877
review_20496,clothing_850
review_20497,clothing_936
review_20498,clothing_870
review_20499,clothing_877
review_20500,clothing_834
review_20501,clothing_860
review_20502,clothing_870
review_20503,clothing_870
review_20504,clothing_954
review_20505,clothing_834
review_20506,clothing_870
review_20507,clothing_834
review_20508,clothing_872
review_20509,clothing_834
review_20510,clothing_872
review_20511,clothing_872
review_20512,clothing_870
review_20513,clothing_870
review_20514,clothing_834
review_20515,clothing_870
review_20516,clothing_834
review_20517,clothing_877
review_20518,clothing_860
review_20519,clothing_941
review_20520,clothing_834
review_20521,clothing_860
review_20522,clothing_877
review_20523,clothing_877
review_20524,clothing_870
review_20525,clothing_834
review_20526,clothing_834
review_20527,clothing_850
review_20528,clothing_834
review_20529,clothing_870
review_20530,clothing_954
review_20531,clothing_834
review_20532,clothing_834
review_20533,clothing_834
review_20534,clothing_877
review_20535,clothing_850
review_20536,clothing_872
review_20537,clothing_877
review_20538,clothing_877
review_20539,clothing_1059
review_20540,clothing_1055
review_20541,clothing_1146
review_20542,clothing_1053
review_20543,clothing_499
review_20544,clothing_855
review_20545,clothing_489
review_20546,clothing_1053
review_20547,clothing_1053
review_20548,clothing_867
review_20549,clothing_945
review_20550,clothing_867
review_20551,clothing_867
review_20552,clothing_867
review_20553,clothing_867
review_20554,clothing_1017
review_20555,clothing_1025
review_20556,clothing_489
review_20557,clothing_756
review_20558,clothing_855
review_20559,clothing_1059
review_20560,clothing_867
review_20561,clothing_198
review_20562,clothing_1087
review_20563,clothing_1055
review_20564,clothing_867
review_20565,clothing_855
review_20566,clothing_1008
review_20567,clothing_867
review_20568,clothing_867
review_20569,clothing_867
review_20570,clothing_1059
review_20571,clothing_198
review_20572,clothing_1053
review_20573,clothing_1025
review_20574,clothing_1053
review_20575,clothing_106
review_20576,clothing_1053
review_20577,clothing_1059
review_20578,clothing_1059
review_20579,clothing_1059
review_20580,clothing_924
review_20581,clothing_1059
review_20582,clothing_1055
review_20583,clothing_1059
review_20584,clothing_1059
review_20585,clothing_67
review_20586,clothing_814
review_20587,clothing_835
review_20588,clothing_1118
review_20589,clothing_984
review_20590,clothing_1059
review_20591,clothing_1100
review_20592,clothing_1100
review_20593,clothing_1100
review_20594,clothing_1059
review_20595,clothing_1059
review_20596,clothing_1059
review_20597,clothing_1030
review_20598,clothing_860
review_20599,clothing_228
review_20600,clothing_666
review_20601,clothing_860
review_20602,clothing_1112
review_20603,clothing_920
review_20604,clothing_1086
review_20605,clothing_1066
review_20606,clothing_860
review_20607,clothing_416
review_20608,clothing_1066
review_20609,clothing_938
review_20610,clothing_228
review_20611,clothing_228
review_20612,clothing_1030
review_20613,clothing_666
review_20614,clothing_228
review_20615,clothing_921
review_20616,clothing_1112
review_20617,clothing_1030
review_20618,clothing_1086
review_20619,clothing_860
review_20620,clothing_1086
review_20621,clothing_860
review_20622,clothing_860
review_20623,clothing_1066
review_20624,clothing_1112
review_20625,clothing_1112
review_20626,clothing_860
review_20627,clothing_666
review_20628,clothing_860
review_20629,clothing_416
review_20630,clothing_1112
review_20631,clothing_1066
review_20632,clothing_168
review_20633,clothing_1070
review_20634,clothing_1084
review_20635,clothing_984
review_20636,clothing_1084
review_20637,clothing_1070
review_20638,clothing_830
review_20639,clothing_996
review_20640,clothing_927
review_20641,clothing_893
review_20642,clothing_1084
review_20643,clothing_1084
review_20644,clothing_984
review_20645,clothing_984
review_20646,clothing_984
review_20647,clothing_1084
review_20648,clothing_996
review_20649,clothing_830
review_20650,clothing_168
review_20651,clothing_1084
review_20652,clothing_949
review_20653,clothing_984
review_20654,clothing_984
review_20655,clothing_984
review_20656,clothing_949
review_20657,clothing_949
review_20658,clothing_830
review_20659,clothing_1070
review_20660,clothing_873
review_20661,clothing_921
review_20662,clothing_726
review_20663,clothing_726
review_20664,clothing_862
review_20665,clothing_833
review_20666,clothing_864
review_20667,clothing_864
review_20668,clothing_833
review_20669,clothing_945
review_20670,clothing_927
review_20671,clothing_927
review_20672,clothing_945
review_20673,clothing_862
review_20674,clothing_873
review_20675,clothing_862
review_20676,clothing_921
review_20677,clothing_873
review_20678,clothing_862
review_20679,clothing_862
review_20680,clothing_699
review_20681,clothing_945
review_20682,clothing_1025
review_20683,clothing_833
review_20684,clothing_927
review_20685,clothing_476
review_20686,clothing_638
review_20687,clothing_833
review_20688,clothing_927
review_20689,clothing_864
review_20690,clothing_873
review_20691,clothing_833
review_20692,clothing_864
review_20693,clothing_927
review_20694,clothing_927
review_20695,clothing_921
review_20696,clothing_945
review_20697,clothing_873
review_20698,clothing_873
review_20699,clothing_1025
review_20700,clothing_833
review_20701,clothing_921
review_20702,clothing_862
review_20703,clothing_833
review_20704,clothing_862
review_20705,clothing_945
review_20706,clothing_833
review_20707,clothing_369
review_20708,clothing_927
review_20709,clothing_945
review_20710,clothing_927
review_20711,clothing_945
review_20712,clothing_927
review_20713,clothing_945
review_20714,clothing_927
review_20715,clothing_828
review_20716,clothing_862
review_20717,clothing_833
review_20718,clothing_873
review_20719,clothing_862
review_20720,clothing_1100
review_20721,clothing_883
review_20722,clothing_883
review_20723,clothing_995
review_20724,clothing_1078
review_20725,clothing_883
review_20726,clothing_883
review_20727,clothing_1037
review_20728,clothing_1059
review_20729,clothing_883
review_20730,clothing_883
review_20731,clothing_824
review_20732,clothing_883
review_20733,clothing_883
review_20734,clothing_824
review_20735,clothing_883
review_20736,clothing_1037
review_20737,clothing_883
review_20738,clothing_883
review_20739,clothing_1100
review_20740,clothing_883
review_20741,clothing_883
review_20742,clothing_883
review_20743,clothing_883
review_20744,clothing_1078
review_20745,clothing_995
review_20746,clothing_883
review_20747,clothing_1037
review_20748,clothing_824
review_20749,clothing_867
review_20750,clothing_1100
review_20751,clothing_995
review_20752,clothing_1078
review_20753,clothing_317
review_20754,clothing_1037
review_20755,clothing_1028
review_20756,clothing_883
review_20757,clothing_1078
review_20758,clothing_1037
review_20759,clothing_1100
review_20760,clothing_1104
review_20761,clothing_1037
review_20762,clothing_1059
review_20763,clothing_841
review_20764,clothing_1059
review_20765,clothing_1100
review_20766,clothing_1078
review_20767,clothing_1110
review_20768,clothing_1094
review_20769,clothing_1094
review_20770,clothing_1078
review_20771,clothing_1078
review_20772,clothing_656
review_20773,clothing_1094
review_20774,clothing_1110
review_20775,clothing_1094
review_20776,clothing_862
review_20777,clothing_1117
review_20778,clothing_1056
review_20779,clothing_1094
review_20780,clothing_1094
review_20781,clothing_1078
review_20782,clothing_166
review_20783,clothing_1078
review_20784,clothing_1078
review_20785,clothing_1078
review_20786,clothing_862
review_20787,clothing_862
review_20788,clothing_1022
review_20789,clothing_862
review_20790,clothing_1078
review_20791,clothing_1022
review_20792,clothing_1079
review_20793,clothing_1094
review_20794,clothing_862
review_20795,clothing_1110
review_20796,clothing_1094
review_20797,clothing_1094
review_20798,clothing_1078
review_20799,clothing_862
review_20800,clothing_1078
review_20801,clothing_1078
review_20802,clothing_1056
review_20803,clothing_1078
review_20804,clothing_1110
review_20805,clothing_1097
review_20806,clothing_862
review_20807,clothing_1094
review_20808,clothing_1078
review_20809,clothing_1075
review_20810,clothing_1117
review_20811,clothing_1078
review_20812,clothing_1094
review_20813,clothing_1078
review_20814,clothing_166
review_20815,clothing_1094
review_20816,clothing_166
review_20817,clothing_1094
review_20818,clothing_1078
review_20819,clothing_1078
review_20820,clothing_1094
review_20821,clothing_1075
review_20822,clothing_1078
review_20823,clothing_537
review_20824,clothing_1094
review_20825,clothing_1078
review_20826,clothing_1097
review_20827,clothing_1056
review_20828,clothing_1078
review_20829,clothing_1094
review_20830,clothing_1078
review_20831,clothing_1078
review_20832,clothing_844
review_20833,clothing_1075
review_20834,clothing_1078
review_20835,clothing_863
review_20836,clothing_1078
review_20837,clothing_1078
review_20838,clothing_1110
review_20839,clothing_1078
review_20840,clothing_1110
review_20841,clothing_1056
review_20842,clothing_1078
review_20843,clothing_1075
review_20844,clothing_1097
review_20845,clothing_940
review_20846,clothing_1056
review_20847,clothing_1078
review_20848,clothing_1078
review_20849,clothing_1094
review_20850,clothing_1075
review_20851,clothing_862
review_20852,clothing_1078
review_20853,clothing_1094
review_20854,clothing_1094
review_20855,clothing_166
review_20856,clothing_1022
review_20857,clothing_1099
review_20858,clothing_1078
review_20859,clothing_1078
review_20860,clothing_1075
review_20861,clothing_1078
review_20862,clothing_1094
review_20863,clothing_1078
review_20864,clothing_166
review_20865,clothing_166
review_20866,clothing_1056
review_20867,clothing_1056
review_20868,clothing_1078
review_20869,clothing_1078
review_20870,clothing_166
review_20871,clothing_1094
review_20872,clothing_1094
review_20873,clothing_1094
review_20874,clothing_1079
review_20875,clothing_1078
review_20876,clothing_1078
review_20877,clothing_1110
review_20878,clothing_1094
review_20879,clothing_1078
review_20880,clothing_1078
review_20881,clothing_1056
review_20882,clothing_166
review_20883,clothing_1094
review_20884,clothing_1117
review_20885,clothing_1099
review_20886,clothing_1110
review_20887,clothing_1094
review_20888,clothing_656
review_20889,clothing_1078
review_20890,clothing_1110
review_20891,clothing_862
review_20892,clothing_1079
review_20893,clothing_1075
review_20894,clothing_1079
review_20895,clothing_1117
review_20896,clothing_862
review_20897,clothing_537
review_20898,clothing_1075
review_20899,clothing_862
review_20900,clothing_1078
review_20901,clothing_844
review_20902,clothing_1078
review_20903,clothing_862
review_20904,clothing_890
review_20905,clothing_722
review_20906,clothing_1009
review_20907,clothing_868
review_20908,clothing_854
review_20909,clothing_868
review_20910,clothing_1044
review_20911,clothing_825
review_20912,clothing_861
review_20913,clothing_1044
review_20914,clothing_868
review_20915,clothing_854
review_20916,clothing_1089
review_20917,clothing_854
review_20918,clothing_868
review_20919,clothing_868
review_20920,clothing_861
review_20921,clothing_873
review_20922,clothing_873
review_20923,clothing_854
review_20924,clothing_1089
review_20925,clothing_854
review_20926,clothing_1009
review_20927,clothing_1089
review_20928,clothing_868
review_20929,clothing_1009
review_20930,clothing_868
review_20931,clothing_1009
review_20932,clothing_861
review_20933,clothing_875
review_20934,clothing_854
review_20935,clothing_1008
review_20936,clothing_819
review_20937,clothing_860
review_20938,clothing_844
review_20939,clothing_860
review_20940,clothing_961
review_20941,clothing_1008
review_20942,clothing_961
review_20943,clothing_1008
review_20944,clothing_1008
review_20945,clothing_860
review_20946,clothing_1008
review_20947,clothing_1008
review_20948,clothing_860
review_20949,clothing_1008
review_20950,clothing_860
review_20951,clothing_860
review_20952,clothing_819
review_20953,clothing_1008
review_20954,clothing_469
review_20955,clothing_860
review_20956,clothing_835
review_20957,clothing_1078
review_20958,clothing_895
review_20959,clothing_895
review_20960,clothing_829
review_20961,clothing_1078
review_20962,clothing_1092
review_20963,clothing_1078
review_20964,clothing_1078
review_20965,clothing_1078
review_20966,clothing_895
review_20967,clothing_1078
review_20968,clothing_1078
review_20969,clothing_1092
review_20970,clothing_895
review_20971,clothing_895
review_20972,clothing_1078
review_20973,clothing_895
review_20974,clothing_895
review_20975,clothing_1078
review_20976,clothing_493
review_20977,clothing_1078
review_20978,clothing_895
review_20979,clothing_1070
review_20980,clothing_895
review_20981,clothing_1078
review_20982,clothing_1078
review_20983,clothing_895
review_20984,clothing_1092
review_20985,clothing_1078
review_20986,clothing_1070
review_20987,clothing_895
review_20988,clothing_1078
review_20989,clothing_895
review_20990,clothing_895
review_20991,clothing_1078
review_20992,clothing_829
review_20993,clothing_913
review_20994,clothing_829
review_20995,clothing_1009
review_20996,clothing_1049
review_20997,clothing_895
review_20998,clothing_872
review_20999,clothing_1070
review_21000,clothing_1070
review_21001,clothing_1078
review_21002,clothing_1070
review_21003,clothing_895
review_21004,clothing_895
review_21005,clothing_895
review_21006,clothing_912
review_21007,clothing_1078
review_21008,clothing_895
review_21009,clothing_895
review_21010,clothing_1078
review_21011,clothing_895
review_21012,clothing_895
review_21013,clothing_895
review_21014,clothing_1078
review_21015,clothing_895
review_21016,clothing_1078
review_21017,clothing_895
review_21018,clothing_1028
review_21019,clothing_895
review_21020,clothing_1092
review_21021,clothing_1078
review_21022,clothing_1070
review_21023,clothing_895
review_21024,clothing_895
review_21025,clothing_1092
review_21026,clothing_829
review_21027,clothing_895
review_21028,clothing_829
review_21029,clothing_895
review_21030,clothing_1078
review_21031,clothing_1083
review_21032,clothing_936
review_21033,clothing_850
review_21034,clothing_819
review_21035,clothing_1083
review_21036,clothing_1083
review_21037,clothing_936
review_21038,clothing_1027
review_21039,clothing_936
review_21040,clothing_1083
review_21041,clothing_1083
review_21042,clothing_863
review_21043,clothing_936
review_21044,clothing_1084
review_21045,clothing_996
review_21046,clothing_1084
review_21047,clothing_1083
review_21048,clothing_996
review_21049,clothing_850
review_21050,clothing_863
review_21051,clothing_996
review_21052,clothing_996
review_21053,clothing_1083
review_21054,clothing_1083
review_21055,clothing_996
review_21056,clothing_936
review_21057,clothing_1083
review_21058,clothing_1083
review_21059,clothing_1083
review_21060,clothing_863
review_21061,clothing_996
review_21062,clothing_863
review_21063,clothing_1083
review_21064,clothing_1083
review_21065,clothing_996
review_21066,clothing_996
review_21067,clothing_1027
review_21068,clothing_1083
review_21069,clothing_936
review_21070,clothing_996
review_21071,clothing_1083
review_21072,clothing_1084
review_21073,clothing_1084
review_21074,clothing_996
review_21075,clothing_872
review_21076,clothing_872
review_21077,clothing_1008
review_21078,clothing_872
review_21079,clothing_872
review_21080,clothing_863
review_21081,clothing_872
review_21082,clothing_1049
review_21083,clothing_863
review_21084,clothing_877
review_21085,clothing_213
review_21086,clothing_863
review_21087,clothing_877
review_21088,clothing_863
review_21089,clothing_1008
review_21090,clothing_863
review_21091,clothing_872
review_21092,clothing_213
review_21093,clothing_863
review_21094,clothing_1030
review_21095,clothing_1111
review_21096,clothing_863
review_21097,clothing_872
review_21098,clothing_863
review_21099,clothing_872
review_21100,clothing_871
review_21101,clothing_863
review_21102,clothing_1111
review_21103,clothing_872
review_21104,clothing_877
review_21105,clothing_1111
review_21106,clothing_863
review_21107,clothing_872
review_21108,clothing_1111
review_21109,clothing_532
review_21110,clothing_1059
review_21111,clothing_1056
review_21112,clothing_872
review_21113,clothing_532
review_21114,clothing_858
review_21115,clothing_863
review_21116,clothing_872
review_21117,clothing_831
review_21118,clothing_1111
review_21119,clothing_863
review_21120,clothing_872
review_21121,clothing_872
review_21122,clothing_1008
review_21123,clothing_1056
review_21124,clothing_872
review_21125,clothing_863
review_21126,clothing_877
review_21127,clothing_872
review_21128,clothing_831
review_21129,clothing_871
review_21130,clothing_863
review_21131,clothing_872
review_21132,clothing_1061
review_21133,clothing_1061
review_21134,clothing_1044
review_21135,clothing_1094
review_21136,clothing_870
review_21137,clothing_1044
review_21138,clothing_266
review_21139,clothing_599
review_21140,clothing_1044
review_21141,clothing_862
review_21142,clothing_1061
review_21143,clothing_858
review_21144,clothing_1094
review_21145,clothing_1002
review_21146,clothing_1044
review_21147,clothing_1061
review_21148,clothing_870
review_21149,clothing_858
review_21150,clothing_1061
review_21151,clothing_1061
review_21152,clothing_1061
review_21153,clothing_1002
review_21154,clothing_870
review_21155,clothing_1002
review_21156,clothing_1061
review_21157,clothing_1094
review_21158,clothing_1002
review_21159,clothing_1094
review_21160,clothing_1061
review_21161,clothing_1044
review_21162,clothing_870
review_21163,clothing_1044
review_21164,clothing_1044
review_21165,clothing_1002
review_21166,clothing_862
review_21167,clothing_1061
review_21168,clothing_862
review_21169,clothing_1002
review_21170,clothing_1061
review_21171,clothing_1094
review_21172,clothing_870
review_21173,clothing_1094
review_21174,clothing_1061
review_21175,clothing_865
review_21176,clothing_1002
review_21177,clothing_1061
review_21178,clothing_870
review_21179,clothing_1061
review_21180,clothing_1044
review_21181,clothing_858
review_21182,clothing_870
review_21183,clothing_862
review_21184,clothing_1044
review_21185,clothing_870
review_21186,clothing_858
review_21187,clothing_1002
review_21188,clothing_1061
review_21189,clothing_289
review_21190,clothing_1081
review_21191,clothing_289
review_21192,clothing_873
review_21193,clothing_1081
review_21194,clothing_820
review_21195,clothing_1143
review_21196,clothing_314
review_21197,clothing_820
review_21198,clothing_820
review_21199,clothing_873
review_21200,clothing_854
review_21201,clothing_820
review_21202,clothing_1055
review_21203,clothing_854
review_21204,clothing_854
review_21205,clothing_120
review_21206,clothing_820
review_21207,clothing_873
review_21208,clothing_854
review_21209,clothing_820
review_21210,clothing_873
review_21211,clothing_1055
review_21212,clothing_873
review_21213,clothing_1081
review_21214,clothing_854
review_21215,clothing_314
review_21216,clothing_873
review_21217,clothing_862
review_21218,clothing_314
review_21219,clothing_873
review_21220,clothing_1081
review_21221,clothing_1055
review_21222,clothing_854
review_21223,clothing_854
review_21224,clothing_854
review_21225,clothing_866
review_21226,clothing_835
review_21227,clothing_1126
review_21228,clothing_936
review_21229,clothing_484
review_21230,clothing_936
review_21231,clothing_1126
review_21232,clothing_949
review_21233,clothing_909
review_21234,clothing_1126
review_21235,clothing_909
review_21236,clothing_909
review_21237,clothing_1022
review_21238,clothing_835
review_21239,clothing_866
review_21240,clothing_909
review_21241,clothing_949
review_21242,clothing_1022
review_21243,clothing_1126
review_21244,clothing_1126
review_21245,clothing_835
review_21246,clothing_1126
review_21247,clothing_1092
review_21248,clothing_835
review_21249,clothing_1022
review_21250,clothing_1022
review_21251,clothing_531
review_21252,clothing_1022
review_21253,clothing_1126
review_21254,clothing_936
review_21255,clothing_531
review_21256,clothing_835
review_21257,clothing_936
review_21258,clothing_1126
review_21259,clothing_1015
review_21260,clothing_1022
review_21261,clothing_936
review_21262,clothing_866
review_21263,clothing_866
review_21264,clothing_936
review_21265,clothing_1022
review_21266,clothing_835
review_21267,clothing_936
review_21268,clothing_876
review_21269,clothing_903
review_21270,clothing_886
review_21271,clothing_868
review_21272,clothing_886
review_21273,clothing_1044
review_21274,clothing_1044
review_21275,clothing_1193
review_21276,clothing_1193
review_21277,clothing_1193
review_21278,clothing_1044
review_21279,clothing_1044
review_21280,clothing_903
review_21281,clothing_825
review_21282,clothing_903
review_21283,clothing_886
review_21284,clothing_1193
review_21285,clothing_15
review_21286,clothing_886
review_21287,clothing_1193
review_21288,clothing_876
review_21289,clothing_15
review_21290,clothing_886
review_21291,clothing_903
review_21292,clothing_886
review_21293,clothing_1044
review_21294,clothing_903
review_21295,clothing_903
review_21296,clothing_886
review_21297,clothing_1044
review_21298,clothing_903
review_21299,clothing_876
review_21300,clothing_931
review_21301,clothing_1092
review_21302,clothing_239
review_21303,clothing_1092
review_21304,clothing_1092
review_21305,clothing_1092
review_21306,clothing_1092
review_21307,clothing_1095
review_21308,clothing_823
review_21309,clothing_1007
review_21310,clothing_836
review_21311,clothing_823
review_21312,clothing_1092
review_21313,clothing_823
review_21314,clothing_1092
review_21315,clothing_823
review_21316,clothing_823
review_21317,clothing_823
review_21318,clothing_1095
review_21319,clothing_1068
review_21320,clothing_1092
review_21321,clothing_865
review_21322,clothing_823
review_21323,clothing_865
review_21324,clothing_823
review_21325,clothing_1095
review_21326,clothing_1068
review_21327,clothing_1028
review_21328,clothing_1095
review_21329,clothing_823
review_21330,clothing_823
review_21331,clothing_1092
review_21332,clothing_865
review_21333,clothing_815
review_21334,clothing_1092
review_21335,clothing_1068
review_21336,clothing_823
review_21337,clothing_802
review_21338,clothing_1022
review_21339,clothing_865
review_21340,clothing_1009
review_21341,clothing_863
review_21342,clothing_1095
review_21343,clothing_1092
review_21344,clothing_823
review_21345,clothing_795
review_21346,clothing_1095
review_21347,clothing_1095
review_21348,clothing_865
review_21349,clothing_1092
review_21350,clothing_1092
review_21351,clothing_1092
review_21352,clothing_865
review_21353,clothing_815
review_21354,clothing_850
review_21355,clothing_1028
review_21356,clothing_1092
review_21357,clothing_1092
review_21358,clothing_823
review_21359,clothing_802
review_21360,clothing_815
review_21361,clothing_1092
review_21362,clothing_1092
review_21363,clothing_1092
review_21364,clothing_823
review_21365,clothing_850
review_21366,clothing_1092
review_21367,clothing_1028
review_21368,clothing_823
review_21369,clothing_1009
review_21370,clothing_836
review_21371,clothing_823
review_21372,clothing_850
review_21373,clothing_865
review_21374,clothing_1022
review_21375,clothing_1095
review_21376,clothing_239
review_21377,clothing_836
review_21378,clothing_1095
review_21379,clothing_865
review_21380,clothing_1092
review_21381,clothing_815
review_21382,clothing_1009
review_21383,clothing_1092
review_21384,clothing_1068
review_21385,clothing_1126
review_21386,clothing_1095
review_21387,clothing_1068
review_21388,clothing_1075
review_21389,clothing_850
review_21390,clothing_1092
review_21391,clothing_865
review_21392,clothing_815
review_21393,clothing_836
review_21394,clothing_823
review_21395,clothing_823
review_21396,clothing_1092
review_21397,clothing_836
review_21398,clothing_1095
review_21399,clothing_850
review_21400,clothing_1095
review_21401,clothing_884
review_21402,clothing_884
review_21403,clothing_1081
review_21404,clothing_1033
review_21405,clothing_903
review_21406,clothing_1169
review_21407,clothing_1081
review_21408,clothing_1033
review_21409,clothing_1028
review_21410,clothing_830
review_21411,clothing_830
review_21412,clothing_884
review_21413,clothing_902
review_21414,clothing_884
review_21415,clothing_610
review_21416,clothing_861
review_21417,clothing_861
review_21418,clothing_999
review_21419,clothing_861
review_21420,clothing_861
review_21421,clothing_861
review_21422,clothing_895
review_21423,clothing_861
review_21424,clothing_861
review_21425,clothing_990
review_21426,clothing_895
review_21427,clothing_200
review_21428,clothing_861
review_21429,clothing_861
review_21430,clothing_861
review_21431,clothing_861
review_21432,clothing_861
review_21433,clothing_861
review_21434,clothing_861
review_21435,clothing_576
review_21436,clothing_576
review_21437,clothing_1080
review_21438,clothing_861
review_21439,clothing_576
review_21440,clothing_861
review_21441,clothing_861
review_21442,clothing_861
review_21443,clothing_861
review_21444,clothing_861
review_21445,clothing_861
review_21446,clothing_861
review_21447,clothing_861
review_21448,clothing_861
review_21449,clothing_861
review_21450,clothing_861
review_21451,clothing_576
review_21452,clothing_861
review_21453,clothing_576
review_21454,clothing_861
review_21455,clothing_861
review_21456,clothing_999
review_21457,clothing_861
review_21458,clothing_861
review_21459,clothing_200
review_21460,clothing_861
review_21461,clothing_861
review_21462,clothing_1056
review_21463,clothing_576
review_21464,clothing_861
review_21465,clothing_861
review_21466,clothing_861
review_21467,clothing_861
review_21468,clothing_861
review_21469,clothing_815
review_21470,clothing_895
review_21471,clothing_367
review_21472,clothing_861
review_21473,clothing_861
review_21474,clothing_861
review_21475,clothing_861
review_21476,clothing_861
review_21477,clothing_861
review_21478,clothing_861
review_21479,clothing_861
review_21480,clothing_861
review_21481,clothing_861
review_21482,clothing_861
review_21483,clothing_576
review_21484,clothing_861
review_21485,clothing_1093
review_21486,clothing_1060
review_21487,clothing_1060
review_21488,clothing_855
review_21489,clothing_855
review_21490,clothing_1060
review_21491,clothing_854
review_21492,clothing_1060
review_21493,clothing_830
review_21494,clothing_1093
review_21495,clothing_855
review_21496,clothing_1078
review_21497,clothing_1022
review_21498,clothing_1060
review_21499,clothing_1078
review_21500,clothing_1078
review_21501,clothing_1060
review_21502,clothing_855
review_21503,clothing_1078
review_21504,clothing_975
review_21505,clothing_1022
review_21506,clothing_855
review_21507,clothing_1022
review_21508,clothing_1022
review_21509,clothing_1078
review_21510,clothing_1022
review_21511,clothing_1060
review_21512,clothing_1060
review_21513,clothing_1060
review_21514,clothing_1022
review_21515,clothing_1022
review_21516,clothing_1060
review_21517,clothing_975
review_21518,clothing_1060
review_21519,clothing_1022
review_21520,clothing_1022
review_21521,clothing_1060
review_21522,clothing_1022
review_21523,clothing_975
review_21524,clothing_1060
review_21525,clothing_1081
review_21526,clothing_1094
review_21527,clothing_408
review_21528,clothing_1081
review_21529,clothing_1094
review_21530,clothing_529
review_21531,clothing_529
review_21533,clothing_1094
review_21534,clothing_408
review_21535,clothing_1094
review_21536,clothing_529
review_21537,clothing_895
review_21538,clothing_408
review_21539,clothing_1094
review_21540,clothing_1094
review_21541,clothing_408
review_21542,clothing_1051
review_21543,clothing_936
review_21544,clothing_936
review_21545,clothing_864
review_21546,clothing_864
review_21547,clothing_864
review_21548,clothing_1077
review_21549,clothing_864
review_21550,clothing_864
review_21551,clothing_864
review_21552,clothing_864
review_21553,clothing_864
review_21554,clothing_1051
review_21555,clothing_864
review_21556,clothing_1051
review_21557,clothing_936
review_21558,clothing_1077
review_21559,clothing_864
review_21560,clothing_864
review_21561,clothing_864
review_21562,clothing_1051
review_21563,clothing_1025
review_21564,clothing_864
review_21565,clothing_1083
review_21566,clothing_1140
review_21567,clothing_1051
review_21568,clothing_864
review_21569,clothing_864
review_21570,clothing_864
review_21571,clothing_864
review_21572,clothing_1077
review_21573,clothing_864
review_21574,clothing_825
review_21575,clothing_1140
review_21576,clothing_1083
review_21577,clothing_864
review_21578,clothing_936
review_21579,clothing_864
review_21580,clothing_936
review_21581,clothing_864
review_21582,clothing_936
review_21583,clothing_825
review_21584,clothing_936
review_21585,clothing_936
review_21586,clothing_936
review_21587,clothing_1083
review_21588,clothing_864
review_21589,clothing_936
review_21590,clothing_864
review_21591,clothing_1083
review_21592,clothing_864
review_21593,clothing_1077
review_21594,clothing_1109
review_21595,clothing_1086
review_21596,clothing_1089
review_21597,clothing_1077
review_21598,clothing_1086
review_21599,clothing_1140
review_21600,clothing_1089
review_21601,clothing_1109
review_21602,clothing_1077
review_21603,clothing_875
review_21604,clothing_1109
review_21605,clothing_1077
review_21606,clothing_1077
review_21607,clothing_1109
review_21608,clothing_1086
review_21609,clothing_868
review_21610,clothing_1086
review_21611,clothing_875
review_21612,clothing_1109
review_21613,clothing_1077
review_21614,clothing_1086
review_21615,clothing_1077
review_21616,clothing_1109
review_21617,clothing_1077
review_21618,clothing_1077
review_21619,clothing_1086
review_21620,clothing_1109
review_21621,clothing_868
review_21622,clothing_1077
review_21623,clothing_868
review_21624,clothing_863
review_21625,clothing_1077
review_21626,clothing_1089
review_21627,clothing_1086
review_21628,clothing_1077
review_21629,clothing_1086
review_21630,clothing_1086
review_21631,clothing_1086
review_21632,clothing_1109
review_21633,clothing_875
review_21634,clothing_1077
review_21635,clothing_1109
review_21636,clothing_1077
review_21637,clothing_1077
review_21638,clothing_1109
review_21639,clothing_1077
review_21640,clothing_1109
review_21641,clothing_1009
review_21642,clothing_1109
review_21643,clothing_875
review_21644,clothing_1086
review_21645,clothing_868
review_21646,clothing_875
review_21647,clothing_1077
review_21648,clothing_1077
review_21649,clothing_1008
review_21650,clothing_1008
review_21651,clothing_1039
review_21652,clothing_1008
review_21653,clothing_1059
review_21654,clothing_1008
review_21655,clothing_844
review_21656,clothing_1008
review_21657,clothing_1008
review_21658,clothing_1008
review_21659,clothing_1110
review_21660,clothing_75
review_21661,clothing_1008
review_21662,clothing_1008
review_21663,clothing_1059
review_21664,clothing_1059
review_21665,clothing_1008
review_21666,clothing_1008
review_21667,clothing_1059
review_21668,clothing_1008
review_21669,clothing_844
review_21670,clothing_1008
review_21671,clothing_1008
review_21672,clothing_1008
review_21673,clothing_1059
review_21674,clothing_1008
review_21675,clothing_1008
review_21676,clothing_1059
review_21677,clothing_927
review_21678,clothing_1008
review_21679,clothing_1008
review_21680,clothing_1025
review_21681,clothing_1008
review_21682,clothing_1008
review_21683,clothing_1008
review_21684,clothing_1008
review_21685,clothing_1008
review_21686,clothing_833
review_21687,clothing_190
review_21688,clothing_1033
review_21689,clothing_833
review_21690,clothing_872
review_21691,clothing_190
review_21692,clothing_833
review_21693,clothing_51
review_21694,clothing_1033
review_21695,clothing_872
review_21696,clothing_872
review_21697,clothing_833
review_21698,clothing_1052
review_21699,clothing_872
review_21700,clothing_872
review_21701,clothing_895
review_21702,clothing_190
review_21703,clothing_833
review_21704,clothing_895
review_21705,clothing_895
review_21706,clothing_895
review_21707,clothing_1052
review_21708,clothing_872
review_21709,clothing_872
review_21710,clothing_895
review_21711,clothing_895
review_21712,clothing_190
review_21713,clothing_895
review_21714,clothing_190
review_21715,clothing_895
review_21716,clothing_872
review_21717,clothing_1033
review_21718,clothing_833
review_21719,clothing_833
review_21720,clothing_995
review_21721,clothing_1033
review_21722,clothing_872
review_21723,clothing_895
review_21724,clothing_872
review_21725,clothing_833
review_21726,clothing_895
review_21727,clothing_1052
review_21728,clothing_872
review_21729,clothing_833
review_21730,clothing_1033
review_21731,clothing_1033
review_21732,clothing_872
review_21733,clothing_190
review_21734,clothing_872
review_21735,clothing_1052
review_21736,clothing_1052
review_21737,clothing_190
review_21738,clothing_600
review_21739,clothing_1052
review_21740,clothing_1033
review_21741,clothing_190
review_21742,clothing_872
review_21743,clothing_1076
review_21744,clothing_863
review_21745,clothing_863
review_21746,clothing_863
review_21747,clothing_863
review_21748,clothing_1097
review_21749,clothing_863
review_21750,clothing_863
review_21751,clothing_863
review_21752,clothing_1110
review_21753,clothing_863
review_21754,clothing_863
review_21755,clothing_863
review_21756,clothing_863
review_21757,clothing_1110
review_21758,clothing_863
review_21759,clothing_863
review_21760,clothing_608
review_21761,clothing_1126
review_21762,clothing_863
review_21763,clothing_863
review_21764,clothing_1097
review_21765,clothing_863
review_21766,clothing_863
review_21767,clothing_1033
review_21768,clothing_863
review_21769,clothing_863
review_21770,clothing_1110
review_21771,clothing_1097
review_21772,clothing_863
review_21773,clothing_863
review_21774,clothing_863
review_21775,clothing_863
review_21776,clothing_863
review_21777,clothing_539
review_21778,clothing_1110
review_21779,clothing_863
review_21780,clothing_1110
review_21781,clothing_863
review_21782,clothing_539
review_21783,clothing_863
review_21784,clothing_993
review_21785,clothing_863
review_21786,clothing_863
review_21787,clothing_863
review_21788,clothing_863
review_21789,clothing_863
review_21790,clothing_539
review_21791,clothing_863
review_21792,clothing_863
review_21793,clothing_863
review_21794,clothing_1110
review_21795,clothing_863
review_21796,clothing_967
review_21797,clothing_863
review_21798,clothing_863
review_21799,clothing_1024
review_21800,clothing_831
review_21801,clothing_1121
review_21802,clothing_831
review_21803,clothing_1121
review_21804,clothing_1121
review_21805,clothing_942
review_21806,clothing_942
review_21807,clothing_942
review_21808,clothing_1087
review_21809,clothing_831
review_21810,clothing_354
review_21811,clothing_1009
review_21812,clothing_1086
review_21813,clothing_1086
review_21814,clothing_1086
review_21815,clothing_1086
review_21816,clothing_876
review_21817,clothing_867
review_21818,clothing_1086
review_21819,clothing_1086
review_21820,clothing_1086
review_21821,clothing_867
review_21822,clothing_1086
review_21823,clothing_931
review_21824,clothing_1086
review_21825,clothing_1086
review_21826,clothing_1086
review_21827,clothing_931
review_21828,clothing_1087
review_21829,clothing_1086
review_21830,clothing_1048
review_21831,clothing_867
review_21832,clothing_1087
review_21833,clothing_867
review_21834,clothing_1009
review_21835,clothing_1086
review_21836,clothing_962
review_21837,clothing_1086
review_21838,clothing_1086
review_21839,clothing_1086
review_21840,clothing_1086
review_21841,clothing_1104
review_21842,clothing_1080
review_21843,clothing_868
review_21844,clothing_996
review_21845,clothing_923
review_21846,clothing_923
review_21847,clothing_825
review_21848,clothing_826
review_21849,clothing_1104
review_21850,clothing_826
review_21851,clothing_907
review_21852,clothing_868
review_21853,clothing_1122
review_21854,clothing_1104
review_21855,clothing_923
review_21856,clothing_923
review_21857,clothing_923
review_21858,clothing_923
review_21859,clothing_825
review_21860,clothing_1104
review_21861,clothing_866
review_21862,clothing_923
review_21863,clothing_826
review_21864,clothing_1104
review_21865,clothing_866
review_21866,clothing_1104
review_21867,clothing_1122
review_21868,clothing_1104
review_21869,clothing_1104
review_21870,clothing_826
review_21871,clothing_923
review_21872,clothing_1080
review_21873,clothing_996
review_21874,clothing_868
review_21875,clothing_907
review_21876,clothing_1104
review_21877,clothing_1203
review_21878,clothing_1203
review_21879,clothing_886
review_21880,clothing_973
review_21881,clothing_1052
review_21882,clothing_1022
review_21883,clothing_1203
review_21884,clothing_975
review_21885,clothing_1203
review_21886,clothing_829
review_21887,clothing_886
review_21888,clothing_1022
review_21889,clothing_41
review_21890,clothing_969
review_21891,clothing_829
review_21892,clothing_1100
review_21893,clothing_832
review_21894,clothing_829
review_21895,clothing_1203
review_21896,clothing_1022
review_21897,clothing_829
review_21898,clothing_829
review_21899,clothing_886
review_21900,clothing_886
review_21901,clothing_832
review_21902,clothing_829
review_21903,clothing_886
review_21904,clothing_969
review_21905,clothing_886
review_21906,clothing_1203
review_21907,clothing_886
review_21908,clothing_829
review_21909,clothing_1080
review_21910,clothing_587
review_21911,clothing_886
review_21912,clothing_1094
review_21913,clothing_969
review_21914,clothing_975
review_21915,clothing_969
review_21916,clothing_829
review_21917,clothing_1094
review_21918,clothing_829
review_21919,clothing_886
review_21920,clothing_886
review_21921,clothing_1203
review_21922,clothing_829
review_21923,clothing_886
review_21924,clothing_1203
review_21925,clothing_832
review_21926,clothing_886
review_21927,clothing_1203
review_21928,clothing_1028
review_21929,clothing_1203
review_21930,clothing_171
review_21931,clothing_1080
review_21932,clothing_829
review_21933,clothing_829
review_21934,clothing_915
review_21935,clothing_915
review_21936,clothing_829
review_21937,clothing_1203
review_21938,clothing_829
review_21939,clothing_829
review_21940,clothing_886
review_21941,clothing_1100
review_21942,clothing_1022
review_21943,clothing_832
review_21944,clothing_975
review_21945,clothing_886
review_21946,clothing_886
review_21947,clothing_1080
review_21948,clothing_1080
review_21949,clothing_829
review_21950,clothing_1022
review_21951,clothing_886
review_21952,clothing_1094
review_21953,clothing_1080
review_21954,clothing_832
review_21955,clothing_975
review_21956,clothing_567
review_21957,clothing_1011
review_21958,clothing_567
review_21959,clothing_1078
review_21960,clothing_1078
review_21961,clothing_1011
review_21962,clothing_1011
review_21963,clothing_1074
review_21964,clothing_1047
review_21965,clothing_1078
review_21966,clothing_1028
review_21967,clothing_880
review_21968,clothing_880
review_21969,clothing_880
review_21970,clothing_1011
review_21971,clothing_1047
review_21972,clothing_1011
review_21973,clothing_1047
review_21974,clothing_828
review_21975,clothing_1011
review_21976,clothing_880
review_21977,clothing_828
review_21978,clothing_880
review_21979,clothing_880
review_21980,clothing_567
review_21981,clothing_880
review_21982,clothing_1047
review_21983,clothing_1078
review_21984,clothing_880
review_21985,clothing_1074
review_21986,clothing_1011
review_21987,clothing_860
review_21988,clothing_833
review_21989,clothing_1089
review_21990,clothing_833
review_21991,clothing_862
review_21992,clothing_1084
review_21993,clothing_862
review_21994,clothing_860
review_21995,clothing_833
review_21996,clothing_1084
review_21997,clothing_833
review_21998,clothing_833
review_21999,clothing_833
review_22000,clothing_864
review_22001,clothing_833
review_22002,clothing_860
review_22003,clothing_860
review_22004,clothing_860
review_22005,clothing_862
review_22006,clothing_833
review_22007,clothing_1089
review_22008,clothing_1089
review_22009,clothing_833
review_22010,clothing_909
review_22011,clothing_833
review_22012,clothing_860
review_22013,clothing_833
review_22014,clothing_862
review_22015,clothing_833
review_22016,clothing_1077
review_22017,clothing_833
review_22018,clothing_864
review_22019,clothing_833
review_22020,clothing_862
review_22021,clothing_833
review_22022,clothing_833
review_22023,clothing_860
review_22024,clothing_834
review_22025,clothing_1077
review_22026,clothing_860
review_22027,clothing_833
review_22028,clothing_833
review_22029,clothing_909
review_22030,clothing_833
review_22031,clothing_1084
review_22032,clothing_864
review_22033,clothing_833
review_22034,clothing_860
review_22035,clothing_860
review_22036,clothing_864
review_22037,clothing_862
review_22038,clothing_860
review_22039,clothing_1089
review_22040,clothing_860
review_22041,clothing_833
review_22042,clothing_833
review_22043,clothing_1077
review_22044,clothing_862
review_22045,clothing_833
review_22046,clothing_833
review_22047,clothing_1089
review_22048,clothing_833
review_22049,clothing_860
review_22050,clothing_1084
review_22051,clothing_862
review_22052,clothing_850
review_22053,clothing_1020
review_22054,clothing_850
review_22055,clothing_850
review_22056,clothing_850
review_22057,clothing_1033
review_22058,clothing_850
review_22059,clothing_850
review_22060,clothing_850
review_22061,clothing_1033
review_22062,clothing_850
review_22063,clothing_850
review_22064,clothing_850
review_22065,clothing_861
review_22066,clothing_850
review_22067,clothing_1011
review_22068,clothing_850
review_22069,clothing_850
review_22070,clothing_850
review_22071,clothing_850
review_22072,clothing_850
review_22073,clothing_850
review_22074,clothing_850
review_22075,clothing_850
review_22076,clothing_850
review_22077,clothing_1084
review_22078,clothing_984
review_22079,clothing_822
review_22080,clothing_850
review_22081,clothing_850
review_22082,clothing_850
review_22083,clothing_1081
review_22084,clothing_582
review_22085,clothing_850
review_22086,clothing_850
review_22087,clothing_850
review_22088,clothing_582
review_22089,clothing_850
review_22090,clothing_1084
review_22091,clothing_850
review_22092,clothing_984
review_22093,clothing_850
review_22094,clothing_850
review_22095,clothing_850
review_22096,clothing_1011
review_22097,clothing_169
review_22098,clothing_1093
review_22099,clothing_1021
review_22100,clothing_169
review_22101,clothing_169
review_22102,clothing_1093
review_22103,clothing_169
review_22104,clothing_169
review_22105,clothing_1093
review_22106,clothing_169
review_22107,clothing_816
review_22108,clothing_169
review_22109,clothing_830
review_22110,clothing_169
review_22111,clothing_169
review_22112,clothing_169
review_22113,clothing_169
review_22114,clothing_1035
review_22115,clothing_1074
review_22116,clothing_169
review_22117,clothing_1093
review_22118,clothing_1093
review_22119,clothing_169
review_22120,clothing_169
review_22121,clothing_1035
review_22122,clothing_992
review_22123,clothing_169
review_22124,clothing_169
review_22125,clothing_1021
review_22126,clothing_169
review_22127,clothing_1074
review_22128,clothing_169
review_22129,clothing_872
review_22130,clothing_1074
review_22131,clothing_169
review_22132,clothing_1093
review_22133,clothing_169
review_22134,clothing_862
review_22135,clothing_1074
review_22136,clothing_169
review_22137,clothing_1035
review_22138,clothing_992
review_22139,clothing_992
review_22140,clothing_830
review_22141,clothing_832
review_22142,clothing_169
review_22143,clothing_169
review_22144,clothing_830
review_22145,clothing_169
review_22146,clothing_169
review_22147,clothing_169
review_22148,clothing_1093
review_22149,clothing_169
review_22150,clothing_169
review_22151,clothing_1093
review_22152,clothing_169
review_22153,clothing_530
review_22154,clothing_1002
review_22155,clothing_1074
review_22156,clothing_1093
review_22157,clothing_1021
review_22158,clothing_169
review_22159,clothing_169
review_22160,clothing_1074
review_22161,clothing_862
review_22162,clothing_169
review_22163,clothing_830
review_22164,clothing_1093
review_22165,clothing_992
review_22166,clothing_169
review_22167,clothing_862
review_22168,clothing_169
review_22169,clothing_169
review_22170,clothing_169
review_22171,clothing_530
review_22172,clothing_854
review_22173,clothing_1076
review_22174,clothing_1088
review_22175,clothing_830
review_22176,clothing_1123
review_22177,clothing_897
review_22178,clothing_830
review_22179,clothing_830
review_22180,clothing_897
review_22181,clothing_1123
review_22182,clothing_1088
review_22183,clothing_1123
review_22184,clothing_854
review_22185,clothing_854
review_22186,clothing_1123
review_22187,clothing_854
review_22188,clothing_920
review_22189,clothing_1078
review_22190,clothing_1078
review_22191,clothing_1078
review_22192,clothing_824
review_22193,clothing_1078
review_22194,clothing_1018
review_22195,clothing_865
review_22196,clothing_1078
review_22197,clothing_1018
review_22198,clothing_1078
review_22199,clothing_858
review_22200,clothing_858
review_22201,clothing_1078
review_22202,clothing_866
review_22203,clothing_1078
review_22204,clothing_858
review_22205,clothing_1078
review_22206,clothing_1078
review_22207,clothing_527
review_22208,clothing_1078
review_22209,clothing_993
review_22210,clothing_1072
review_22211,clothing_824
review_22212,clothing_824
review_22213,clothing_1078
review_22214,clothing_1078
review_22215,clothing_993
review_22216,clothing_784
review_22217,clothing_717
review_22218,clothing_970
review_22219,clothing_1122
review_22220,clothing_918
review_22221,clothing_1122
review_22222,clothing_819
review_22223,clothing_1086
review_22224,clothing_717
review_22225,clothing_717
review_22226,clothing_1024
review_22227,clothing_1086
review_22228,clothing_918
review_22229,clothing_891
review_22230,clothing_717
review_22231,clothing_819
review_22232,clothing_1025
review_22233,clothing_717
review_22234,clothing_717
review_22235,clothing_1086
review_22236,clothing_1122
review_22237,clothing_1095
review_22238,clothing_819
review_22239,clothing_918
review_22240,clothing_819
review_22241,clothing_717
review_22242,clothing_891
review_22243,clothing_1086
review_22244,clothing_918
review_22245,clothing_1122
review_22246,clothing_895
review_22247,clothing_957
review_22248,clothing_1077
review_22249,clothing_1046
review_22250,clothing_1077
review_22251,clothing_975
review_22252,clothing_296
review_22253,clothing_357
review_22254,clothing_862
review_22255,clothing_862
review_22256,clothing_296
review_22257,clothing_833
review_22258,clothing_1077
review_22259,clothing_357
review_22260,clothing_1104
review_22261,clothing_1077
review_22262,clothing_1104
review_22263,clothing_1185
review_22264,clothing_1065
review_22265,clothing_1077
review_22266,clothing_862
review_22267,clothing_867
review_22268,clothing_867
review_22269,clothing_1104
review_22270,clothing_1077
review_22271,clothing_867
review_22272,clothing_862
review_22273,clothing_975
review_22274,clothing_451
review_22275,clothing_975
review_22276,clothing_862
review_22277,clothing_451
review_22278,clothing_1077
review_22279,clothing_451
review_22280,clothing_1028
review_22281,clothing_862
review_22282,clothing_862
review_22283,clothing_357
review_22284,clothing_1077
review_22285,clothing_1104
review_22286,clothing_975
review_22287,clothing_862
review_22288,clothing_357
review_22289,clothing_1185
review_22290,clothing_1077
review_22291,clothing_1077
review_22292,clothing_862
review_22293,clothing_1077
review_22294,clothing_1077
review_22295,clothing_451
review_22296,clothing_862
review_22297,clothing_862
review_22298,clothing_867
review_22299,clothing_296
review_22300,clothing_1077
review_22301,clothing_357
review_22302,clothing_975
review_22303,clothing_862
review_22304,clothing_1104
review_22305,clothing_867
review_22306,clothing_1077
review_22307,clothing_1104
review_22308,clothing_1077
review_22309,clothing_867
review_22310,clothing_862
review_22311,clothing_867
review_22312,clothing_1077
review_22313,clothing_1077
review_22314,clothing_862
review_22315,clothing_1104
review_22316,clothing_1104
review_22317,clothing_862
review_22318,clothing_833
review_22319,clothing_32
review_22320,clothing_1077
review_22321,clothing_1077
review_22322,clothing_357
review_22323,clothing_357
review_22324,clothing_1104
review_22325,clothing_1077
review_22326,clothing_316
review_22327,clothing_878
review_22328,clothing_1072
review_22329,clothing_988
review_22330,clothing_449
review_22331,clothing_1072
review_22332,clothing_316
review_22333,clothing_828
review_22334,clothing_1072
review_22335,clothing_316
review_22336,clothing_1072
review_22337,clothing_316
review_22338,clothing_895
review_22339,clothing_828
review_22340,clothing_316
review_22341,clothing_927
review_22342,clothing_1072
review_22343,clothing_316
review_22344,clothing_927
review_22345,clothing_1072
review_22346,clothing_316
review_22347,clothing_1072
review_22348,clothing_316
review_22349,clothing_1072
review_22350,clothing_1072
review_22351,clothing_843
review_22352,clothing_316
review_22353,clothing_828
review_22354,clothing_927
review_22355,clothing_828
review_22356,clothing_316
review_22357,clothing_988
review_22358,clothing_316
review_22359,clothing_1072
review_22360,clothing_1072
review_22361,clothing_316
review_22362,clothing_316
review_22363,clothing_927
review_22364,clothing_1072
review_22365,clothing_1072
review_22366,clothing_828
review_22367,clothing_316
review_22368,clothing_1072
review_22369,clothing_1072
review_22370,clothing_1072
review_22371,clothing_828
review_22372,clothing_1072
review_22373,clothing_927
review_22374,clothing_316
review_22375,clothing_1072
review_22376,clothing_1072
review_22377,clothing_1072
review_22378,clothing_1072
review_22379,clothing_1072
review_22380,clothing_927
review_22381,clothing_828
review_22382,clothing_835
review_22383,clothing_1072
review_22384,clothing_1072
review_22385,clothing_1072
review_22386,clothing_843
review_22387,clothing_1072
review_22388,clothing_1094
review_22389,clothing_214
review_22390,clothing_868
review_22391,clothing_868
review_22392,clothing_854
review_22393,clothing_966
review_22394,clothing_877
review_22395,clothing_1062
review_22396,clothing_866
review_22397,clothing_854
review_22398,clothing_1028
review_22399,clothing_868
review_22400,clothing_868
review_22401,clothing_1087
review_22402,clothing_1033
review_22403,clothing_1188
review_22404,clothing_868
review_22405,clothing_877
review_22406,clothing_877
review_22407,clothing_854
review_22408,clothing_877
review_22409,clothing_868
review_22410,clothing_868
review_22411,clothing_877
review_22412,clothing_877
review_22413,clothing_868
review_22414,clothing_868
review_22415,clothing_1087
review_22416,clothing_1094
review_22417,clothing_868
review_22418,clothing_854
review_22419,clothing_868
review_22420,clothing_868
review_22421,clothing_868
review_22422,clothing_6
review_22423,clothing_854
review_22424,clothing_854
review_22425,clothing_868
review_22426,clothing_1083
review_22427,clothing_836
review_22428,clothing_828
review_22429,clothing_872
review_22430,clothing_868
review_22431,clothing_291
review_22432,clothing_1098
review_22433,clothing_291
review_22434,clothing_872
review_22435,clothing_828
review_22436,clothing_872
review_22437,clothing_868
review_22438,clothing_868
review_22439,clothing_872
review_22440,clothing_872
review_22441,clothing_868
review_22442,clothing_868
review_22443,clothing_828
review_22444,clothing_768
review_22445,clothing_836
review_22446,clothing_768
review_22447,clothing_868
review_22448,clothing_872
review_22449,clothing_868
review_22450,clothing_868
review_22451,clothing_694
review_22452,clothing_291
review_22453,clothing_868
review_22454,clothing_311
review_22455,clothing_828
review_22456,clothing_948
review_22457,clothing_862
review_22458,clothing_862
review_22459,clothing_1131
review_22460,clothing_1131
review_22461,clothing_1131
review_22462,clothing_862
review_22463,clothing_1131
review_22464,clothing_862
review_22465,clothing_862
review_22466,clothing_862
review_22467,clothing_1131
review_22468,clothing_1131
review_22469,clothing_862
review_22470,clothing_658
review_22471,clothing_862
review_22472,clothing_1131
review_22473,clothing_862
review_22474,clothing_1131
review_22475,clothing_862
review_22476,clothing_1131
review_22477,clothing_1131
review_22478,clothing_1003
review_22479,clothing_948
review_22480,clothing_1131
review_22481,clothing_948
review_22482,clothing_1131
review_22483,clothing_259
review_22484,clothing_904
review_22485,clothing_825
review_22486,clothing_1042
review_22487,clothing_826
review_22488,clothing_826
review_22489,clothing_1042
review_22490,clothing_1155
review_22491,clothing_1042
review_22492,clothing_259
review_22493,clothing_904
review_22494,clothing_1033
review_22495,clothing_1037
review_22496,clothing_1033
review_22497,clothing_895
review_22498,clothing_1033
review_22499,clothing_1033
review_22500,clothing_1098
review_22501,clothing_1033
review_22502,clothing_867
review_22503,clothing_1098
review_22504,clothing_898
review_22505,clothing_895
review_22506,clothing_850
review_22507,clothing_903
review_22508,clothing_1033
review_22509,clothing_896
review_22510,clothing_1098
review_22511,clothing_867
review_22512,clothing_896
review_22513,clothing_1033
review_22514,clothing_1099
review_22515,clothing_1012
review_22516,clothing_1037
review_22517,clothing_895
review_22518,clothing_895
review_22519,clothing_867
review_22520,clothing_1033
review_22521,clothing_1033
review_22522,clothing_1037
review_22523,clothing_1037
review_22524,clothing_996
review_22525,clothing_1033
review_22526,clothing_829
review_22527,clothing_895
review_22528,clothing_850
review_22529,clothing_867
review_22530,clothing_1037
review_22531,clothing_1037
review_22532,clothing_1098
review_22533,clothing_1037
review_22534,clothing_850
review_22535,clothing_1033
review_22536,clothing_867
review_22537,clothing_1037
review_22538,clothing_895
review_22539,clothing_1033
review_22540,clothing_1033
review_22541,clothing_895
review_22542,clothing_1037
review_22543,clothing_1033
review_22544,clothing_896
review_22545,clothing_1037
review_22546,clothing_1098
review_22547,clothing_1098
review_22548,clothing_1098
review_22549,clothing_850
review_22550,clothing_1098
review_22551,clothing_867
review_22552,clothing_861
review_22553,clothing_1098
review_22554,clothing_1098
review_22555,clothing_1098
review_22556,clothing_829
review_22557,clothing_1033
review_22558,clothing_895
review_22559,clothing_867
review_22560,clothing_867
review_22561,clothing_1033
review_22562,clothing_1037
review_22563,clothing_1033
review_22564,clothing_829
review_22565,clothing_1098
review_22566,clothing_867
review_22567,clothing_1028
review_22568,clothing_867
review_22569,clothing_1098
review_22570,clothing_896
review_22571,clothing_867
review_22572,clothing_224
review_22573,clothing_1088
review_22574,clothing_1085
review_22575,clothing_862
review_22576,clothing_1070
review_22577,clothing_921
review_22578,clothing_1070
review_22579,clothing_1070
review_22580,clothing_862
review_22581,clothing_862
review_22582,clothing_1036
review_22583,clothing_862
review_22584,clothing_1085
review_22585,clothing_835
review_22586,clothing_921
review_22587,clothing_884
review_22588,clothing_862
review_22589,clothing_862
review_22590,clothing_862
review_22591,clothing_862
review_22592,clothing_862
review_22593,clothing_884
review_22594,clothing_884
review_22595,clothing_544
review_22596,clothing_870
review_22597,clothing_1070
review_22598,clothing_870
review_22599,clothing_870
review_22600,clothing_1025
review_22601,clothing_862
review_22602,clothing_455
review_22603,clothing_1081
review_22604,clothing_1081
review_22605,clothing_886
review_22606,clothing_1082
review_22607,clothing_455
review_22608,clothing_895
review_22609,clothing_1081
review_22610,clothing_1082
review_22611,clothing_1081
review_22612,clothing_1082
review_22613,clothing_886
review_22614,clothing_1082
review_22615,clothing_886
review_22616,clothing_1082
review_22617,clothing_1082
review_22618,clothing_1081
review_22619,clothing_886
review_22620,clothing_1082
review_22621,clothing_1082
review_22622,clothing_455
review_22623,clothing_862
review_22624,clothing_862
review_22625,clothing_886
review_22626,clothing_895
review_22627,clothing_886
review_22628,clothing_895
review_22629,clothing_1081
review_22630,clothing_1082
review_22631,clothing_455
review_22632,clothing_455
review_22633,clothing_886
review_22634,clothing_1081
review_22635,clothing_886
review_22636,clothing_1081
review_22637,clothing_886
review_22638,clothing_895
review_22639,clothing_862
review_22640,clothing_1094
review_22641,clothing_895
review_22642,clothing_1081
review_22643,clothing_1082
review_22644,clothing_886
review_22645,clothing_862
review_22646,clothing_862
review_22647,clothing_1081
review_22648,clothing_886
review_22649,clothing_657
review_22650,clothing_895
review_22651,clothing_895
review_22652,clothing_886
review_22653,clothing_862
review_22654,clothing_1081
review_22655,clothing_1094
review_22656,clothing_1081
review_22657,clothing_895
review_22658,clothing_1082
review_22659,clothing_1081
review_22660,clothing_1081
review_22661,clothing_1022
review_22662,clothing_862
review_22663,clothing_862
review_22664,clothing_1110
review_22665,clothing_862
review_22666,clothing_862
review_22667,clothing_1110
review_22668,clothing_881
review_22669,clothing_881
review_22670,clothing_881
review_22671,clothing_1110
review_22672,clothing_310
review_22673,clothing_862
review_22674,clothing_862
review_22675,clothing_881
review_22676,clothing_1110
review_22677,clothing_862
review_22678,clothing_881
review_22679,clothing_862
review_22680,clothing_862
review_22681,clothing_862
review_22682,clothing_862
review_22683,clothing_862
review_22684,clothing_1087
review_22685,clothing_1087
review_22686,clothing_1087
review_22687,clothing_1087
review_22688,clothing_843
review_22689,clothing_1087
review_22690,clothing_1087
review_22691,clothing_1087
review_22692,clothing_1087
review_22693,clothing_1087
review_22694,clothing_1087
review_22695,clothing_1087
review_22696,clothing_854
review_22697,clothing_1087
review_22698,clothing_1087
review_22699,clothing_1087
review_22700,clothing_1087
review_22701,clothing_1087
review_22702,clothing_1087
review_22703,clothing_1087
review_22704,clothing_1087
review_22705,clothing_1087
review_22706,clothing_1087
review_22707,clothing_1087
review_22708,clothing_937
review_22709,clothing_1087
review_22710,clothing_1087
review_22711,clothing_1087
review_22712,clothing_1087
review_22713,clothing_1087
review_22714,clothing_1087
review_22715,clothing_854
review_22716,clothing_1087
review_22717,clothing_1087
review_22718,clothing_854
review_22719,clothing_1087
review_22720,clothing_1087
review_22721,clothing_1087
review_22722,clothing_1087
review_22723,clothing_975
review_22724,clothing_1087
review_22725,clothing_854
review_22726,clothing_1087
review_22727,clothing_1087
review_22728,clothing_1087
review_22729,clothing_1087
review_22730,clothing_843
review_22731,clothing_1087
review_22732,clothing_1087
review_22733,clothing_1087
review_22734,clothing_1087
review_22735,clothing_1087
review_22736,clothing_1087
review_22737,clothing_1087
review_22738,clothing_1087
review_22739,clothing_1087
review_22740,clothing_1087
review_22741,clothing_1068
review_22742,clothing_1
review_22743,clothing_1
review_22744,clothing_1068
review_22745,clothing_895
review_22746,clothing_1068
review_22747,clothing_1088
review_22748,clothing_1068
review_22749,clothing_1
review_22750,clothing_1068
review_22751,clothing_1088
review_22752,clothing_1068
review_22753,clothing_1068
review_22754,clothing_1030
review_22755,clothing_1088
review_22756,clothing_1068
review_22757,clothing_895
review_22758,clothing_1159
review_22759,clothing_1068
review_22760,clothing_1088
review_22761,clothing_1159
review_22762,clothing_1088
review_22763,clothing_1068
review_22764,clothing_1068
review_22765,clothing_895
review_22766,clothing_1110
review_22767,clothing_908
review_22768,clothing_1110
review_22769,clothing_854
review_22770,clothing_335
review_22771,clothing_335
review_22772,clothing_1086
review_22773,clothing_949
review_22774,clothing_908
review_22775,clothing_1086
review_22776,clothing_1110
review_22777,clothing_836
review_22778,clothing_1025
review_22779,clothing_862
review_22780,clothing_1110
review_22781,clothing_1110
review_22782,clothing_1038
review_22783,clothing_836
review_22784,clothing_497
review_22785,clothing_836
review_22786,clothing_335
review_22787,clothing_854
review_22788,clothing_1038
review_22789,clothing_1086
review_22790,clothing_335
review_22791,clothing_1078
review_22792,clothing_829
review_22793,clothing_862
review_22794,clothing_1078
review_22795,clothing_861
review_22796,clothing_1076
review_22797,clothing_862
review_22798,clothing_829
review_22799,clothing_942
review_22800,clothing_862
review_22801,clothing_1078
review_22802,clothing_1078
review_22803,clothing_1078
review_22804,clothing_829
review_22805,clothing_1081
review_22806,clothing_829
review_22807,clothing_1081
review_22808,clothing_862
review_22809,clothing_942
review_22810,clothing_1078
review_22811,clothing_917
review_22812,clothing_271
review_22813,clothing_861
review_22814,clothing_862
review_22815,clothing_862
review_22816,clothing_862
review_22817,clothing_829
review_22818,clothing_1078
review_22819,clothing_829
review_22820,clothing_942
review_22821,clothing_829
review_22822,clothing_861
review_22823,clothing_829
review_22824,clothing_1020
review_22825,clothing_942
review_22826,clothing_1078
review_22827,clothing_917
review_22828,clothing_862
review_22829,clothing_829
review_22830,clothing_1078
review_22831,clothing_839
review_22832,clothing_942
review_22833,clothing_942
review_22834,clothing_1078
review_22835,clothing_7
review_22836,clothing_829
review_22837,clothing_1078
review_22838,clothing_862
review_22839,clothing_1078
review_22840,clothing_1078
review_22841,clothing_1078
review_22842,clothing_1078
review_22843,clothing_862
review_22844,clothing_945
review_22845,clothing_945
review_22846,clothing_945
review_22847,clothing_895
review_22848,clothing_1095
review_22849,clothing_895
review_22850,clothing_1107
review_22851,clothing_1107
review_22852,clothing_905
review_22853,clothing_945
review_22854,clothing_1080
review_22855,clothing_1066
review_22856,clothing_905
review_22857,clothing_909
review_22858,clothing_903
review_22859,clothing_1091
review_22860,clothing_1091
review_22861,clothing_905
review_22862,clothing_945
review_22863,clothing_1091
review_22864,clothing_895
review_22865,clothing_1107
review_22866,clothing_895
review_22867,clothing_1066
review_22868,clothing_1066
review_22869,clothing_1107
review_22870,clothing_1091
review_22871,clothing_1091
review_22872,clothing_1066
review_22873,clothing_1066
review_22874,clothing_1107
review_22875,clothing_1091
review_22876,clothing_1076
review_22877,clothing_895
review_22878,clothing_895
review_22879,clothing_1066
review_22880,clothing_1091
review_22881,clothing_945
review_22882,clothing_1066
review_22883,clothing_945
review_22884,clothing_895
review_22885,clothing_895
review_22886,clothing_1066
review_22887,clothing_1091
review_22888,clothing_1107
review_22889,clothing_1095
review_22890,clothing_1107
review_22891,clothing_895
review_22892,clothing_1107
review_22893,clothing_1091
review_22894,clothing_895
review_22895,clothing_895
review_22896,clothing_1076
review_22897,clothing_1107
review_22898,clothing_895
review_22899,clothing_1107
review_22900,clothing_895
review_22901,clothing_895
review_22902,clothing_895
review_22903,clothing_895
review_22904,clothing_1020
review_22905,clothing_945
review_22906,clothing_895
review_22907,clothing_895
review_22908,clothing_909
review_22909,clothing_1076
review_22910,clothing_895
review_22911,clothing_1076
review_22912,clothing_637
review_22913,clothing_1107
review_22914,clothing_895
review_22915,clothing_1066
review_22916,clothing_1091
review_22917,clothing_1076
review_22918,clothing_945
review_22919,clothing_895
review_22920,clothing_1107
review_22921,clothing_1020
review_22922,clothing_1066
review_22923,clothing_905
review_22924,clothing_1020
review_22925,clothing_1066
review_22926,clothing_1091
review_22927,clothing_1107
review_22928,clothing_1091
review_22929,clothing_903
review_22930,clothing_895
review_22931,clothing_895
review_22932,clothing_895
review_22933,clothing_1020
review_22934,clothing_1107
review_22935,clothing_1091
review_22936,clothing_1107
review_22937,clothing_1091
review_22938,clothing_895
review_22939,clothing_895
review_22940,clothing_1091
review_22941,clothing_1091
review_22942,clothing_1020
review_22943,clothing_945
review_22944,clothing_1107
review_22945,clothing_1091
review_22946,clothing_895
review_22947,clothing_830
review_22948,clothing_945
review_22949,clothing_1091
review_22950,clothing_905
review_22951,clothing_1020
review_22952,clothing_830
review_22953,clothing_1107
review_22954,clothing_1091
review_22955,clothing_895
review_22956,clothing_1020
review_22957,clothing_1095
review_22958,clothing_1107
review_22959,clothing_1107
review_22960,clothing_1091
review_22961,clothing_1107
review_22962,clothing_1091
review_22963,clothing_1091
review_22964,clothing_1107
review_22965,clothing_1091
review_22966,clothing_1091
review_22967,clothing_895
review_22968,clothing_895
review_22969,clothing_1107
review_22970,clothing_1091
review_22971,clothing_945
review_22972,clothing_1107
review_22973,clothing_1091
review_22974,clothing_1107
review_22975,clothing_1066
review_22976,clothing_895
review_22977,clothing_931
review_22978,clothing_866
review_22979,clothing_1068
review_22980,clothing_217
review_22981,clothing_999
review_22982,clothing_1089
review_22983,clothing_1008
review_22984,clothing_1068
review_22985,clothing_1089
review_22986,clothing_1068
review_22987,clothing_835
review_22988,clothing_866
review_22989,clothing_1008
review_22990,clothing_1089
review_22991,clothing_866
review_22992,clothing_1078
review_22993,clothing_298
review_22994,clothing_1078
review_22995,clothing_298
review_22996,clothing_298
review_22998,clothing_1078
review_22999,clothing_298
review_23000,clothing_1046
review_23001,clothing_298
review_23002,clothing_1024
review_23003,clothing_1024
review_23004,clothing_1078
review_23005,clothing_830
review_23007,clothing_298
review_23008,clothing_1046
review_23009,clothing_681
review_23010,clothing_1125
review_23012,clothing_1024
review_23013,clothing_1024
review_23014,clothing_1125
review_23015,clothing_1084
review_23016,clothing_1089
review_23017,clothing_867
review_23018,clothing_836
review_23019,clothing_1009
review_23020,clothing_643
review_23021,clothing_867
review_23022,clothing_836
review_23023,clothing_868
review_23024,clothing_1035
review_23025,clothing_1080
review_23026,clothing_868
review_23027,clothing_1084
review_23028,clothing_940
review_23029,clothing_990
review_23030,clothing_867
review_23031,clothing_1080
review_23032,clothing_868
review_23033,clothing_868
review_23034,clothing_940
review_23035,clothing_1080
review_23036,clothing_1008
review_23037,clothing_1035
review_23038,clothing_1080
review_23039,clothing_940
review_23040,clothing_940
review_23041,clothing_687
review_23042,clothing_687
review_23043,clothing_60
review_23044,clothing_1084
review_23045,clothing_940
review_23046,clothing_1051
review_23047,clothing_1009
review_23048,clothing_1080
review_23049,clothing_1008
review_23050,clothing_1008
review_23051,clothing_643
review_23052,clothing_829
review_23053,clothing_1008
review_23054,clothing_868
review_23055,clothing_867
review_23056,clothing_867
review_23057,clothing_1035
review_23058,clothing_940
review_23059,clothing_866
review_23060,clothing_709
review_23061,clothing_866
review_23062,clothing_1167
review_23063,clothing_942
review_23064,clothing_866
review_23065,clothing_866
review_23066,clothing_1047
review_23067,clothing_655
review_23068,clothing_942
review_23069,clothing_1068
review_23070,clothing_1068
review_23071,clothing_866
review_23072,clothing_861
review_23073,clothing_866
review_23074,clothing_1081
review_23075,clothing_1080
review_23076,clothing_866
review_23077,clothing_866
review_23078,clothing_1167
review_23079,clothing_1051
review_23080,clothing_866
review_23081,clothing_866
review_23082,clothing_866
review_23083,clothing_942
review_23084,clothing_866
review_23085,clothing_1047
review_23086,clothing_1047
review_23087,clothing_942
review_23088,clothing_1167
review_23089,clothing_1167
review_23090,clothing_709
review_23091,clothing_866
review_23092,clothing_1068
review_23093,clothing_866
review_23094,clothing_942
review_23095,clothing_1051
review_23096,clothing_942
review_23097,clothing_861
review_23098,clothing_942
review_23099,clothing_1047
review_23100,clothing_1075
review_23101,clothing_1083
review_23102,clothing_1015
review_23103,clothing_1083
review_23104,clothing_1086
review_23105,clothing_860
review_23106,clothing_1083
review_23107,clothing_1015
review_23108,clothing_1081
review_23109,clothing_1083
review_23110,clothing_1083
review_23111,clothing_1083
review_23112,clothing_1083
review_23113,clothing_1083
review_23114,clothing_1015
review_23115,clothing_1083
review_23116,clothing_1083
review_23117,clothing_1086
review_23118,clothing_1083
review_23119,clothing_1086
review_23120,clothing_1083
review_23121,clothing_868
review_23122,clothing_1015
review_23123,clothing_1015
review_23124,clothing_1079
review_23125,clothing_1079
review_23126,clothing_1062
review_23127,clothing_1079
review_23128,clothing_1062
review_23129,clothing_1079
review_23130,clothing_1079
review_23131,clothing_1062
review_23132,clothing_1079
review_23133,clothing_1079
review_23134,clothing_1062
review_23135,clothing_1079
review_23136,clothing_1062
review_23137,clothing_1079
review_23138,clothing_1079
review_23139,clothing_1087
review_23140,clothing_1062
review_23141,clothing_1027
review_23142,clothing_749
review_23143,clothing_1079
review_23144,clothing_749
review_23145,clothing_1079
review_23146,clothing_1079
review_23147,clothing_749
review_23148,clothing_1094
review_23149,clothing_1094
review_23150,clothing_1094
review_23151,clothing_1094
review_23152,clothing_1094
review_23153,clothing_1094
review_23154,clothing_1028
review_23155,clothing_1094
review_23156,clothing_1094
review_23157,clothing_1094
review_23158,clothing_936
review_23159,clothing_1094
review_23160,clothing_400
review_23161,clothing_1094
review_23162,clothing_1094
review_23163,clothing_1094
review_23164,clothing_1094
review_23165,clothing_1094
review_23166,clothing_1094
review_23167,clothing_1094
review_23168,clothing_1094
review_23169,clothing_1094
review_23170,clothing_1094
review_23171,clothing_906
review_23172,clothing_1094
review_23173,clothing_1094
review_23174,clothing_400
review_23175,clothing_1094
review_23176,clothing_1094
review_23177,clothing_1094
review_23178,clothing_1094
review_23179,clothing_1094
review_23180,clothing_860
review_23181,clothing_1052
review_23182,clothing_1094
review_23183,clothing_1094
review_23184,clothing_1094
review_23185,clothing_1094
review_23186,clothing_1094
review_23187,clothing_507
review_23188,clothing_55
review_23189,clothing_1094
review_23190,clothing_1094
review_23191,clothing_860
review_23192,clothing_986
review_23193,clothing_1087
review_23194,clothing_1122
review_23195,clothing_986
review_23196,clothing_1122
review_23197,clothing_940
review_23198,clothing_1087
review_23199,clothing_986
review_23200,clothing_1033
review_23201,clothing_834
review_23202,clothing_1087
review_23203,clothing_631
review_23204,clothing_1087
review_23205,clothing_986
review_23206,clothing_1122
review_23207,clothing_986
review_23208,clothing_1033
review_23209,clothing_1161
review_23210,clothing_1087
review_23211,clothing_631
review_23212,clothing_1087
review_23213,clothing_1087
review_23214,clothing_834
review_23215,clothing_1122
review_23216,clothing_1087
review_23217,clothing_1087
review_23218,clothing_1087
review_23219,clothing_1089
review_23220,clothing_1122
review_23221,clothing_1087
review_23222,clothing_1121
review_23223,clothing_986
review_23224,clothing_1087
review_23225,clothing_1082
review_23226,clothing_1121
review_23227,clothing_940
review_23228,clothing_986
review_23229,clothing_1122
review_23230,clothing_1035
review_23231,clothing_1122
review_23232,clothing_940
review_23233,clothing_1087
review_23234,clothing_227
review_23235,clothing_227
review_23236,clothing_862
review_23237,clothing_862
review_23238,clothing_823
review_23239,clothing_487
review_23240,clothing_859
review_23241,clothing_862
review_23242,clothing_1036
review_23243,clothing_1035
review_23244,clothing_823
review_23245,clothing_1059
review_23246,clothing_862
review_23247,clothing_862
review_23248,clothing_996
review_23249,clothing_387
review_23250,clothing_1081
review_23251,clothing_823
review_23252,clothing_909
review_23253,clothing_1081
review_23254,clothing_1035
review_23255,clothing_1059
review_23256,clothing_1056
review_23257,clothing_909
review_23258,clothing_862
review_23259,clothing_1020
review_23260,clothing_823
review_23261,clothing_1056
review_23262,clothing_823
review_23263,clothing_1056
review_23264,clothing_862
review_23265,clothing_1056
review_23266,clothing_862
review_23267,clothing_823
review_23268,clothing_823
review_23269,clothing_859
review_23270,clothing_1035
review_23271,clothing_1094
review_23272,clothing_862
review_23273,clothing_823
review_23274,clothing_862
review_23275,clothing_823
review_23276,clothing_1020
review_23277,clothing_862
review_23278,clothing_1020
review_23279,clothing_1056
review_23280,clothing_1035
review_23281,clothing_823
review_23282,clothing_1028
review_23283,clothing_996
review_23284,clothing_1059
review_23285,clothing_862
review_23286,clothing_1056
review_23287,clothing_823
review_23288,clothing_1081
review_23289,clothing_909
review_23290,clothing_909
review_23291,clothing_1028
review_23292,clothing_862
review_23293,clothing_909
review_23294,clothing_909
review_23295,clothing_823
review_23296,clothing_823
review_23297,clothing_1028
review_23298,clothing_909
review_23299,clothing_909
review_23300,clothing_1094
review_23301,clothing_862
review_23302,clothing_1035
review_23303,clothing_823
review_23304,clothing_996
review_23305,clothing_640
review_23306,clothing_823
review_23307,clothing_1020
review_23308,clothing_1081
review_23309,clothing_1020
review_23310,clothing_1035
review_23311,clothing_823
review_23312,clothing_859
review_23313,clothing_859
review_23314,clothing_1059
review_23315,clothing_1035
review_23316,clothing_862
review_23317,clothing_823
review_23318,clothing_345
review_23319,clothing_823
review_23320,clothing_640
review_23321,clothing_909
review_23322,clothing_936
review_23323,clothing_834
review_23324,clothing_884
review_23325,clothing_1082
review_23326,clothing_1135
review_23327,clothing_1110
review_23328,clothing_1110
review_23329,clothing_1082
review_23330,clothing_1082
review_23331,clothing_1110
review_23332,clothing_1053
review_23333,clothing_1110
review_23334,clothing_1086
review_23335,clothing_834
review_23336,clothing_1110
review_23337,clothing_834
review_23338,clothing_1086
review_23339,clothing_1110
review_23340,clothing_1082
review_23341,clothing_884
review_23342,clothing_834
review_23343,clothing_1110
review_23344,clothing_1110
review_23345,clothing_1110
review_23346,clothing_834
review_23347,clothing_1082
review_23348,clothing_1110
review_23349,clothing_834
review_23350,clothing_834
review_23351,clothing_1110
review_23352,clothing_1110
review_23353,clothing_1053
review_23354,clothing_834
review_23355,clothing_834
review_23356,clothing_1110
review_23357,clothing_834
review_23358,clothing_834
review_23359,clothing_1110
review_23360,clothing_834
review_23361,clothing_834
review_23362,clothing_834
review_23363,clothing_1110
review_23364,clothing_1110
review_23365,clothing_1110
review_23366,clothing_834
review_23367,clothing_1086
review_23368,clothing_630
review_23369,clothing_1080
review_23370,clothing_1086
review_23371,clothing_1110
review_23372,clothing_1110
review_23373,clothing_1110
review_23374,clothing_1110
review_23375,clothing_1110
review_23376,clothing_1080
review_23377,clothing_630
review_23378,clothing_1110
review_23379,clothing_1110
review_23380,clothing_1082
review_23381,clothing_1110
review_23382,clothing_1110
review_23383,clothing_884
review_23384,clothing_834
review_23385,clothing_1110
review_23386,clothing_1110
review_23387,clothing_834
review_23388,clothing_1110
review_23389,clothing_834
review_23390,clothing_1082
review_23391,clothing_884
review_23392,clothing_834
review_23393,clothing_1110
review_23394,clothing_834
review_23395,clothing_630
review_23396,clothing_1053
review_23397,clothing_1086
review_23398,clothing_834
review_23399,clothing_1110
review_23400,clothing_834
review_23401,clothing_834
review_23402,clothing_834
review_23403,clothing_1110
review_23404,clothing_834
review_23405,clothing_931
review_23406,clothing_1082
review_23407,clothing_1110
review_23408,clothing_1080
review_23409,clothing_850
review_23410,clothing_1020
review_23411,clothing_926
review_23412,clothing_854
review_23413,clothing_854
review_23414,clothing_854
review_23415,clothing_1020
review_23416,clothing_1110
review_23417,clothing_850
review_23418,clothing_854
review_23419,clothing_1020
review_23420,clothing_854
review_23421,clothing_850
review_23422,clothing_854
review_23423,clothing_854
review_23424,clothing_854
review_23425,clothing_430
review_23426,clothing_854
review_23427,clothing_854
review_23428,clothing_926
review_23429,clothing_854
review_23430,clothing_854
review_23431,clothing_854
review_23432,clothing_1104
review_23433,clothing_1104
review_23434,clothing_862
review_23435,clothing_262
review_23436,clothing_1104
review_23437,clothing_1104
review_23438,clothing_181
review_23439,clothing_721
review_23440,clothing_1104
review_23441,clothing_1104
review_23442,clothing_1104
review_23443,clothing_862
review_23444,clothing_862
review_23445,clothing_862
review_23446,clothing_855
review_23447,clothing_1104
review_23448,clothing_1104
review_23449,clothing_262
review_23450,clothing_964
review_23451,clothing_1104
review_23452,clothing_999
review_23453,clothing_1104
review_23454,clothing_999
review_23455,clothing_1104
review_23456,clothing_1104
review_23457,clothing_262
review_23458,clothing_862
review_23459,clothing_1094
review_23460,clothing_1078
review_23461,clothing_262
review_23462,clothing_999
review_23463,clothing_262
review_23464,clothing_1104
review_23465,clothing_1078
review_23466,clothing_1104
review_23467,clothing_1104
review_23468,clothing_721
review_23469,clothing_262
review_23470,clothing_1104
review_23471,clothing_262
review_23472,clothing_855
review_23473,clothing_1104
review_23474,clothing_1104
review_23475,clothing_1104
review_23476,clothing_522
review_23477,clothing_1094
review_23478,clothing_1104
review_23479,clothing_1005
review_23480,clothing_862
review_23481,clothing_1104
review_23482,clothing_862
review_23483,clothing_1104
review_23484,clothing_1084
review_23485,clothing_1104
