review_id,division_id
review_0,division_df561e6f16d9f3e64a28
review_1,division_dfe2db74975e0aa9f6fd
review_2,division_dfe2db74975e0aa9f6fd
review_3,division_55b19b36aa7567f7ecbf
review_4,division_dfe2db74975e0aa9f6fd
review_5,division_dfe2db74975e0aa9f6fd
review_6,division_55b19b36aa7567f7ecbf
review_7,division_55b19b36aa7567f7ecbf
review_8,division_dfe2db74975e0aa9f6fd
review_9,division_dfe2db74975e0aa9f6fd
review_10,division_dfe2db74975e0aa9f6fd
review_11,division_55b19b36aa7567f7ecbf
review_12,division_55b19b36aa7567f7ecbf
review_13,division_df561e6f16d9f3e64a28
review_14,division_dfe2db74975e0aa9f6fd
review_15,division_dfe2db74975e0aa9f6fd
review_16,division_dfe2db74975e0aa9f6fd
review_17,division_dfe2db74975e0aa9f6fd
review_18,division_dfe2db74975e0aa9f6fd
review_19,division_dfe2db74975e0aa9f6fd
review_20,division_dfe2db74975e0aa9f6fd
review_21,division_dfe2db74975e0aa9f6fd
review_22,division_dfe2db74975e0aa9f6fd
review_23,division_dfe2db74975e0aa9f6fd
review_24,division_dfe2db74975e0aa9f6fd
review_25,division_df561e6f16d9f3e64a28
review_26,division_dfe2db74975e0aa9f6fd
review_27,division_dfe2db74975e0aa9f6fd
review_28,division_df561e6f16d9f3e64a28
review_29,division_dfe2db74975e0aa9f6fd
review_30,division_55b19b36aa7567f7ecbf
review_31,division_55b19b36aa7567f7ecbf
review_32,division_55b19b36aa7567f7ecbf
review_33,division_dfe2db74975e0aa9f6fd
review_34,division_df561e6f16d9f3e64a28
review_35,division_55b19b36aa7567f7ecbf
review_36,division_dfe2db74975e0aa9f6fd
review_37,division_dfe2db74975e0aa9f6fd
review_38,division_df561e6f16d9f3e64a28
review_39,division_dfe2db74975e0aa9f6fd
review_40,division_dfe2db74975e0aa9f6fd
review_41,division_dfe2db74975e0aa9f6fd
review_42,division_dfe2db74975e0aa9f6fd
review_43,division_df561e6f16d9f3e64a28
review_44,division_dfe2db74975e0aa9f6fd
review_45,division_dfe2db74975e0aa9f6fd
review_46,division_dfe2db74975e0aa9f6fd
review_47,division_dfe2db74975e0aa9f6fd
review_48,division_dfe2db74975e0aa9f6fd
review_49,division_dfe2db74975e0aa9f6fd
review_50,division_dfe2db74975e0aa9f6fd
review_51,division_dfe2db74975e0aa9f6fd
review_52,division_dfe2db74975e0aa9f6fd
review_53,division_dfe2db74975e0aa9f6fd
review_54,division_dfe2db74975e0aa9f6fd
review_55,division_dfe2db74975e0aa9f6fd
review_56,division_df561e6f16d9f3e64a28
review_57,division_dfe2db74975e0aa9f6fd
review_58,division_55b19b36aa7567f7ecbf
review_59,division_df561e6f16d9f3e64a28
review_60,division_55b19b36aa7567f7ecbf
review_61,division_df561e6f16d9f3e64a28
review_62,division_dfe2db74975e0aa9f6fd
review_63,division_dfe2db74975e0aa9f6fd
review_64,division_dfe2db74975e0aa9f6fd
review_65,division_dfe2db74975e0aa9f6fd
review_66,division_dfe2db74975e0aa9f6fd
review_67,division_dfe2db74975e0aa9f6fd
review_68,division_dfe2db74975e0aa9f6fd
review_69,division_55b19b36aa7567f7ecbf
review_70,division_55b19b36aa7567f7ecbf
review_71,division_dfe2db74975e0aa9f6fd
review_72,division_dfe2db74975e0aa9f6fd
review_73,division_55b19b36aa7567f7ecbf
review_74,division_55b19b36aa7567f7ecbf
review_75,division_55b19b36aa7567f7ecbf
review_76,division_dfe2db74975e0aa9f6fd
review_77,division_55b19b36aa7567f7ecbf
review_78,division_dfe2db74975e0aa9f6fd
review_79,division_55b19b36aa7567f7ecbf
review_80,division_dfe2db74975e0aa9f6fd
review_81,division_55b19b36aa7567f7ecbf
review_82,division_dfe2db74975e0aa9f6fd
review_83,division_dfe2db74975e0aa9f6fd
review_84,division_55b19b36aa7567f7ecbf
review_85,division_55b19b36aa7567f7ecbf
review_86,division_55b19b36aa7567f7ecbf
review_87,division_55b19b36aa7567f7ecbf
review_88,division_55b19b36aa7567f7ecbf
review_89,division_dfe2db74975e0aa9f6fd
review_90,division_55b19b36aa7567f7ecbf
review_91,division_55b19b36aa7567f7ecbf
review_92,division_55b19b36aa7567f7ecbf
review_93,division_dfe2db74975e0aa9f6fd
review_94,division_55b19b36aa7567f7ecbf
review_95,division_dfe2db74975e0aa9f6fd
review_96,division_55b19b36aa7567f7ecbf
review_97,division_55b19b36aa7567f7ecbf
review_98,division_dfe2db74975e0aa9f6fd
review_99,division_55b19b36aa7567f7ecbf
review_100,division_55b19b36aa7567f7ecbf
review_101,division_dfe2db74975e0aa9f6fd
review_102,division_dfe2db74975e0aa9f6fd
review_103,division_dfe2db74975e0aa9f6fd
review_104,division_dfe2db74975e0aa9f6fd
review_105,division_dfe2db74975e0aa9f6fd
review_106,division_dfe2db74975e0aa9f6fd
review_107,division_dfe2db74975e0aa9f6fd
review_108,division_dfe2db74975e0aa9f6fd
review_109,division_dfe2db74975e0aa9f6fd
review_110,division_55b19b36aa7567f7ecbf
review_111,division_dfe2db74975e0aa9f6fd
review_112,division_dfe2db74975e0aa9f6fd
review_113,division_dfe2db74975e0aa9f6fd
review_114,division_dfe2db74975e0aa9f6fd
review_115,division_dfe2db74975e0aa9f6fd
review_116,division_dfe2db74975e0aa9f6fd
review_117,division_55b19b36aa7567f7ecbf
review_118,division_dfe2db74975e0aa9f6fd
review_119,division_dfe2db74975e0aa9f6fd
review_120,division_55b19b36aa7567f7ecbf
review_121,division_dfe2db74975e0aa9f6fd
review_122,division_55b19b36aa7567f7ecbf
review_123,division_dfe2db74975e0aa9f6fd
review_124,division_dfe2db74975e0aa9f6fd
review_125,division_dfe2db74975e0aa9f6fd
review_126,division_dfe2db74975e0aa9f6fd
review_127,division_dfe2db74975e0aa9f6fd
review_128,division_dfe2db74975e0aa9f6fd
review_129,division_dfe2db74975e0aa9f6fd
review_130,division_55b19b36aa7567f7ecbf
review_131,division_dfe2db74975e0aa9f6fd
review_132,division_55b19b36aa7567f7ecbf
review_133,division_dfe2db74975e0aa9f6fd
review_134,division_55b19b36aa7567f7ecbf
review_135,division_55b19b36aa7567f7ecbf
review_136,division_dfe2db74975e0aa9f6fd
review_137,division_dfe2db74975e0aa9f6fd
review_138,division_df561e6f16d9f3e64a28
review_139,division_dfe2db74975e0aa9f6fd
review_140,division_dfe2db74975e0aa9f6fd
review_141,division_dfe2db74975e0aa9f6fd
review_142,division_dfe2db74975e0aa9f6fd
review_143,division_dfe2db74975e0aa9f6fd
review_144,division_dfe2db74975e0aa9f6fd
review_145,division_dfe2db74975e0aa9f6fd
review_146,division_dfe2db74975e0aa9f6fd
review_147,division_dfe2db74975e0aa9f6fd
review_148,division_dfe2db74975e0aa9f6fd
review_149,division_dfe2db74975e0aa9f6fd
review_150,division_dfe2db74975e0aa9f6fd
review_151,division_dfe2db74975e0aa9f6fd
review_152,division_dfe2db74975e0aa9f6fd
review_153,division_dfe2db74975e0aa9f6fd
review_154,division_55b19b36aa7567f7ecbf
review_155,division_55b19b36aa7567f7ecbf
review_156,division_dfe2db74975e0aa9f6fd
review_157,division_df561e6f16d9f3e64a28
review_158,division_55b19b36aa7567f7ecbf
review_159,division_55b19b36aa7567f7ecbf
review_160,division_dfe2db74975e0aa9f6fd
review_161,division_55b19b36aa7567f7ecbf
review_162,division_55b19b36aa7567f7ecbf
review_163,division_dfe2db74975e0aa9f6fd
review_164,division_dfe2db74975e0aa9f6fd
review_165,division_55b19b36aa7567f7ecbf
review_166,division_55b19b36aa7567f7ecbf
review_167,division_dfe2db74975e0aa9f6fd
review_168,division_dfe2db74975e0aa9f6fd
review_169,division_dfe2db74975e0aa9f6fd
review_170,division_df561e6f16d9f3e64a28
review_171,division_df561e6f16d9f3e64a28
review_172,division_df561e6f16d9f3e64a28
review_173,division_55b19b36aa7567f7ecbf
review_174,division_55b19b36aa7567f7ecbf
review_175,division_dfe2db74975e0aa9f6fd
review_176,division_dfe2db74975e0aa9f6fd
review_177,division_dfe2db74975e0aa9f6fd
review_178,division_55b19b36aa7567f7ecbf
review_179,division_dfe2db74975e0aa9f6fd
review_180,division_dfe2db74975e0aa9f6fd
review_181,division_55b19b36aa7567f7ecbf
review_182,division_dfe2db74975e0aa9f6fd
review_183,division_55b19b36aa7567f7ecbf
review_184,division_dfe2db74975e0aa9f6fd
review_185,division_dfe2db74975e0aa9f6fd
review_186,division_55b19b36aa7567f7ecbf
review_187,division_dfe2db74975e0aa9f6fd
review_188,division_55b19b36aa7567f7ecbf
review_189,division_55b19b36aa7567f7ecbf
review_190,division_55b19b36aa7567f7ecbf
review_191,division_55b19b36aa7567f7ecbf
review_192,division_55b19b36aa7567f7ecbf
review_193,division_55b19b36aa7567f7ecbf
review_194,division_dfe2db74975e0aa9f6fd
review_195,division_55b19b36aa7567f7ecbf
review_196,division_55b19b36aa7567f7ecbf
review_197,division_55b19b36aa7567f7ecbf
review_198,division_dfe2db74975e0aa9f6fd
review_199,division_55b19b36aa7567f7ecbf
review_200,division_dfe2db74975e0aa9f6fd
review_201,division_dfe2db74975e0aa9f6fd
review_202,division_dfe2db74975e0aa9f6fd
review_203,division_dfe2db74975e0aa9f6fd
review_204,division_dfe2db74975e0aa9f6fd
review_205,division_55b19b36aa7567f7ecbf
review_206,division_dfe2db74975e0aa9f6fd
review_207,division_55b19b36aa7567f7ecbf
review_208,division_dfe2db74975e0aa9f6fd
review_209,division_dfe2db74975e0aa9f6fd
review_210,division_dfe2db74975e0aa9f6fd
review_211,division_55b19b36aa7567f7ecbf
review_212,division_dfe2db74975e0aa9f6fd
review_213,division_dfe2db74975e0aa9f6fd
review_214,division_55b19b36aa7567f7ecbf
review_215,division_55b19b36aa7567f7ecbf
review_216,division_df561e6f16d9f3e64a28
review_217,division_dfe2db74975e0aa9f6fd
review_218,division_55b19b36aa7567f7ecbf
review_219,division_dfe2db74975e0aa9f6fd
review_220,division_55b19b36aa7567f7ecbf
review_221,division_55b19b36aa7567f7ecbf
review_222,division_55b19b36aa7567f7ecbf
review_223,division_55b19b36aa7567f7ecbf
review_224,division_dfe2db74975e0aa9f6fd
review_225,division_dfe2db74975e0aa9f6fd
review_226,division_55b19b36aa7567f7ecbf
review_227,division_dfe2db74975e0aa9f6fd
review_228,division_dfe2db74975e0aa9f6fd
review_229,division_dfe2db74975e0aa9f6fd
review_230,division_dfe2db74975e0aa9f6fd
review_231,division_dfe2db74975e0aa9f6fd
review_232,division_dfe2db74975e0aa9f6fd
review_233,division_dfe2db74975e0aa9f6fd
review_234,division_dfe2db74975e0aa9f6fd
review_235,division_dfe2db74975e0aa9f6fd
review_236,division_55b19b36aa7567f7ecbf
review_237,division_dfe2db74975e0aa9f6fd
review_238,division_dfe2db74975e0aa9f6fd
review_239,division_dfe2db74975e0aa9f6fd
review_240,division_dfe2db74975e0aa9f6fd
review_241,division_55b19b36aa7567f7ecbf
review_242,division_dfe2db74975e0aa9f6fd
review_243,division_dfe2db74975e0aa9f6fd
review_244,division_dfe2db74975e0aa9f6fd
review_245,division_dfe2db74975e0aa9f6fd
review_246,division_dfe2db74975e0aa9f6fd
review_247,division_dfe2db74975e0aa9f6fd
review_248,division_dfe2db74975e0aa9f6fd
review_249,division_dfe2db74975e0aa9f6fd
review_250,division_dfe2db74975e0aa9f6fd
review_251,division_dfe2db74975e0aa9f6fd
review_252,division_dfe2db74975e0aa9f6fd
review_253,division_55b19b36aa7567f7ecbf
review_254,division_dfe2db74975e0aa9f6fd
review_255,division_dfe2db74975e0aa9f6fd
review_256,division_dfe2db74975e0aa9f6fd
review_257,division_dfe2db74975e0aa9f6fd
review_258,division_dfe2db74975e0aa9f6fd
review_259,division_dfe2db74975e0aa9f6fd
review_260,division_dfe2db74975e0aa9f6fd
review_261,division_dfe2db74975e0aa9f6fd
review_262,division_dfe2db74975e0aa9f6fd
review_263,division_55b19b36aa7567f7ecbf
review_264,division_dfe2db74975e0aa9f6fd
review_265,division_dfe2db74975e0aa9f6fd
review_266,division_dfe2db74975e0aa9f6fd
review_267,division_55b19b36aa7567f7ecbf
review_268,division_dfe2db74975e0aa9f6fd
review_269,division_dfe2db74975e0aa9f6fd
review_270,division_dfe2db74975e0aa9f6fd
review_271,division_55b19b36aa7567f7ecbf
review_272,division_55b19b36aa7567f7ecbf
review_273,division_dfe2db74975e0aa9f6fd
review_274,division_dfe2db74975e0aa9f6fd
review_275,division_55b19b36aa7567f7ecbf
review_276,division_dfe2db74975e0aa9f6fd
review_277,division_dfe2db74975e0aa9f6fd
review_278,division_dfe2db74975e0aa9f6fd
review_279,division_55b19b36aa7567f7ecbf
review_280,division_55b19b36aa7567f7ecbf
review_281,division_dfe2db74975e0aa9f6fd
review_282,division_dfe2db74975e0aa9f6fd
review_283,division_dfe2db74975e0aa9f6fd
review_284,division_dfe2db74975e0aa9f6fd
review_285,division_dfe2db74975e0aa9f6fd
review_286,division_dfe2db74975e0aa9f6fd
review_287,division_55b19b36aa7567f7ecbf
review_288,division_dfe2db74975e0aa9f6fd
review_289,division_55b19b36aa7567f7ecbf
review_290,division_55b19b36aa7567f7ecbf
review_291,division_55b19b36aa7567f7ecbf
review_292,division_dfe2db74975e0aa9f6fd
review_293,division_55b19b36aa7567f7ecbf
review_294,division_55b19b36aa7567f7ecbf
review_295,division_dfe2db74975e0aa9f6fd
review_296,division_dfe2db74975e0aa9f6fd
review_297,division_55b19b36aa7567f7ecbf
review_298,division_dfe2db74975e0aa9f6fd
review_299,division_55b19b36aa7567f7ecbf
review_300,division_dfe2db74975e0aa9f6fd
review_301,division_55b19b36aa7567f7ecbf
review_302,division_dfe2db74975e0aa9f6fd
review_303,division_dfe2db74975e0aa9f6fd
review_304,division_dfe2db74975e0aa9f6fd
review_305,division_55b19b36aa7567f7ecbf
review_306,division_dfe2db74975e0aa9f6fd
review_307,division_dfe2db74975e0aa9f6fd
review_308,division_55b19b36aa7567f7ecbf
review_309,division_dfe2db74975e0aa9f6fd
review_310,division_dfe2db74975e0aa9f6fd
review_311,division_55b19b36aa7567f7ecbf
review_312,division_55b19b36aa7567f7ecbf
review_313,division_dfe2db74975e0aa9f6fd
review_314,division_dfe2db74975e0aa9f6fd
review_315,division_dfe2db74975e0aa9f6fd
review_316,division_dfe2db74975e0aa9f6fd
review_317,division_55b19b36aa7567f7ecbf
review_318,division_55b19b36aa7567f7ecbf
review_319,division_dfe2db74975e0aa9f6fd
review_320,division_dfe2db74975e0aa9f6fd
review_321,division_dfe2db74975e0aa9f6fd
review_322,division_55b19b36aa7567f7ecbf
review_323,division_dfe2db74975e0aa9f6fd
review_324,division_dfe2db74975e0aa9f6fd
review_325,division_55b19b36aa7567f7ecbf
review_326,division_dfe2db74975e0aa9f6fd
review_327,division_dfe2db74975e0aa9f6fd
review_328,division_dfe2db74975e0aa9f6fd
review_329,division_dfe2db74975e0aa9f6fd
review_330,division_55b19b36aa7567f7ecbf
review_331,division_dfe2db74975e0aa9f6fd
review_332,division_dfe2db74975e0aa9f6fd
review_333,division_dfe2db74975e0aa9f6fd
review_334,division_55b19b36aa7567f7ecbf
review_335,division_dfe2db74975e0aa9f6fd
review_336,division_dfe2db74975e0aa9f6fd
review_337,division_55b19b36aa7567f7ecbf
review_338,division_dfe2db74975e0aa9f6fd
review_339,division_55b19b36aa7567f7ecbf
review_340,division_55b19b36aa7567f7ecbf
review_341,division_dfe2db74975e0aa9f6fd
review_342,division_dfe2db74975e0aa9f6fd
review_343,division_dfe2db74975e0aa9f6fd
review_344,division_55b19b36aa7567f7ecbf
review_345,division_dfe2db74975e0aa9f6fd
review_346,division_dfe2db74975e0aa9f6fd
review_347,division_dfe2db74975e0aa9f6fd
review_348,division_55b19b36aa7567f7ecbf
review_349,division_dfe2db74975e0aa9f6fd
review_350,division_55b19b36aa7567f7ecbf
review_351,division_55b19b36aa7567f7ecbf
review_352,division_55b19b36aa7567f7ecbf
review_353,division_55b19b36aa7567f7ecbf
review_354,division_dfe2db74975e0aa9f6fd
review_355,division_55b19b36aa7567f7ecbf
review_356,division_dfe2db74975e0aa9f6fd
review_357,division_dfe2db74975e0aa9f6fd
review_358,division_55b19b36aa7567f7ecbf
review_359,division_dfe2db74975e0aa9f6fd
review_360,division_55b19b36aa7567f7ecbf
review_361,division_55b19b36aa7567f7ecbf
review_362,division_dfe2db74975e0aa9f6fd
review_363,division_df561e6f16d9f3e64a28
review_364,division_55b19b36aa7567f7ecbf
review_365,division_dfe2db74975e0aa9f6fd
review_366,division_dfe2db74975e0aa9f6fd
review_367,division_55b19b36aa7567f7ecbf
review_368,division_dfe2db74975e0aa9f6fd
review_369,division_55b19b36aa7567f7ecbf
review_370,division_dfe2db74975e0aa9f6fd
review_371,division_55b19b36aa7567f7ecbf
review_372,division_55b19b36aa7567f7ecbf
review_373,division_55b19b36aa7567f7ecbf
review_374,division_dfe2db74975e0aa9f6fd
review_375,division_dfe2db74975e0aa9f6fd
review_376,division_dfe2db74975e0aa9f6fd
review_377,division_dfe2db74975e0aa9f6fd
review_378,division_dfe2db74975e0aa9f6fd
review_379,division_55b19b36aa7567f7ecbf
review_380,division_55b19b36aa7567f7ecbf
review_381,division_dfe2db74975e0aa9f6fd
review_382,division_55b19b36aa7567f7ecbf
review_383,division_dfe2db74975e0aa9f6fd
review_384,division_dfe2db74975e0aa9f6fd
review_385,division_dfe2db74975e0aa9f6fd
review_386,division_dfe2db74975e0aa9f6fd
review_387,division_dfe2db74975e0aa9f6fd
review_388,division_55b19b36aa7567f7ecbf
review_389,division_dfe2db74975e0aa9f6fd
review_390,division_dfe2db74975e0aa9f6fd
review_391,division_dfe2db74975e0aa9f6fd
review_392,division_df561e6f16d9f3e64a28
review_393,division_55b19b36aa7567f7ecbf
review_394,division_55b19b36aa7567f7ecbf
review_395,division_dfe2db74975e0aa9f6fd
review_396,division_55b19b36aa7567f7ecbf
review_397,division_dfe2db74975e0aa9f6fd
review_398,division_dfe2db74975e0aa9f6fd
review_399,division_dfe2db74975e0aa9f6fd
review_400,division_dfe2db74975e0aa9f6fd
review_401,division_55b19b36aa7567f7ecbf
review_402,division_dfe2db74975e0aa9f6fd
review_403,division_dfe2db74975e0aa9f6fd
review_404,division_dfe2db74975e0aa9f6fd
review_405,division_dfe2db74975e0aa9f6fd
review_406,division_dfe2db74975e0aa9f6fd
review_407,division_dfe2db74975e0aa9f6fd
review_408,division_dfe2db74975e0aa9f6fd
review_409,division_dfe2db74975e0aa9f6fd
review_410,division_dfe2db74975e0aa9f6fd
review_411,division_dfe2db74975e0aa9f6fd
review_412,division_dfe2db74975e0aa9f6fd
review_413,division_55b19b36aa7567f7ecbf
review_414,division_55b19b36aa7567f7ecbf
review_415,division_dfe2db74975e0aa9f6fd
review_416,division_dfe2db74975e0aa9f6fd
review_417,division_dfe2db74975e0aa9f6fd
review_418,division_dfe2db74975e0aa9f6fd
review_419,division_dfe2db74975e0aa9f6fd
review_420,division_dfe2db74975e0aa9f6fd
review_421,division_dfe2db74975e0aa9f6fd
review_422,division_dfe2db74975e0aa9f6fd
review_423,division_55b19b36aa7567f7ecbf
review_424,division_dfe2db74975e0aa9f6fd
review_425,division_dfe2db74975e0aa9f6fd
review_426,division_dfe2db74975e0aa9f6fd
review_427,division_dfe2db74975e0aa9f6fd
review_428,division_55b19b36aa7567f7ecbf
review_429,division_dfe2db74975e0aa9f6fd
review_430,division_dfe2db74975e0aa9f6fd
review_431,division_dfe2db74975e0aa9f6fd
review_432,division_dfe2db74975e0aa9f6fd
review_433,division_dfe2db74975e0aa9f6fd
review_434,division_dfe2db74975e0aa9f6fd
review_435,division_dfe2db74975e0aa9f6fd
review_436,division_df561e6f16d9f3e64a28
review_437,division_dfe2db74975e0aa9f6fd
review_438,division_dfe2db74975e0aa9f6fd
review_439,division_dfe2db74975e0aa9f6fd
review_440,division_dfe2db74975e0aa9f6fd
review_441,division_dfe2db74975e0aa9f6fd
review_442,division_dfe2db74975e0aa9f6fd
review_443,division_dfe2db74975e0aa9f6fd
review_444,division_dfe2db74975e0aa9f6fd
review_445,division_dfe2db74975e0aa9f6fd
review_446,division_55b19b36aa7567f7ecbf
review_447,division_dfe2db74975e0aa9f6fd
review_448,division_dfe2db74975e0aa9f6fd
review_449,division_dfe2db74975e0aa9f6fd
review_450,division_dfe2db74975e0aa9f6fd
review_451,division_dfe2db74975e0aa9f6fd
review_452,division_dfe2db74975e0aa9f6fd
review_453,division_dfe2db74975e0aa9f6fd
review_454,division_dfe2db74975e0aa9f6fd
review_455,division_df561e6f16d9f3e64a28
review_456,division_df561e6f16d9f3e64a28
review_457,division_dfe2db74975e0aa9f6fd
review_458,division_dfe2db74975e0aa9f6fd
review_459,division_dfe2db74975e0aa9f6fd
review_460,division_dfe2db74975e0aa9f6fd
review_461,division_55b19b36aa7567f7ecbf
review_462,division_55b19b36aa7567f7ecbf
review_463,division_df561e6f16d9f3e64a28
review_464,division_dfe2db74975e0aa9f6fd
review_465,division_dfe2db74975e0aa9f6fd
review_466,division_55b19b36aa7567f7ecbf
review_467,division_dfe2db74975e0aa9f6fd
review_468,division_55b19b36aa7567f7ecbf
review_469,division_dfe2db74975e0aa9f6fd
review_470,division_dfe2db74975e0aa9f6fd
review_471,division_dfe2db74975e0aa9f6fd
review_472,division_55b19b36aa7567f7ecbf
review_473,division_df561e6f16d9f3e64a28
review_474,division_dfe2db74975e0aa9f6fd
review_475,division_dfe2db74975e0aa9f6fd
review_476,division_dfe2db74975e0aa9f6fd
review_477,division_dfe2db74975e0aa9f6fd
review_478,division_dfe2db74975e0aa9f6fd
review_479,division_55b19b36aa7567f7ecbf
review_480,division_dfe2db74975e0aa9f6fd
review_481,division_55b19b36aa7567f7ecbf
review_482,division_dfe2db74975e0aa9f6fd
review_483,division_dfe2db74975e0aa9f6fd
review_484,division_55b19b36aa7567f7ecbf
review_485,division_55b19b36aa7567f7ecbf
review_486,division_dfe2db74975e0aa9f6fd
review_487,division_55b19b36aa7567f7ecbf
review_488,division_55b19b36aa7567f7ecbf
review_489,division_dfe2db74975e0aa9f6fd
review_490,division_dfe2db74975e0aa9f6fd
review_491,division_dfe2db74975e0aa9f6fd
review_492,division_dfe2db74975e0aa9f6fd
review_493,division_dfe2db74975e0aa9f6fd
review_494,division_dfe2db74975e0aa9f6fd
review_495,division_dfe2db74975e0aa9f6fd
review_496,division_55b19b36aa7567f7ecbf
review_497,division_dfe2db74975e0aa9f6fd
review_498,division_55b19b36aa7567f7ecbf
review_499,division_dfe2db74975e0aa9f6fd
review_500,division_55b19b36aa7567f7ecbf
review_501,division_55b19b36aa7567f7ecbf
review_502,division_dfe2db74975e0aa9f6fd
review_503,division_55b19b36aa7567f7ecbf
review_504,division_55b19b36aa7567f7ecbf
review_505,division_dfe2db74975e0aa9f6fd
review_506,division_dfe2db74975e0aa9f6fd
review_507,division_55b19b36aa7567f7ecbf
review_508,division_dfe2db74975e0aa9f6fd
review_509,division_dfe2db74975e0aa9f6fd
review_510,division_55b19b36aa7567f7ecbf
review_511,division_55b19b36aa7567f7ecbf
review_512,division_dfe2db74975e0aa9f6fd
review_513,division_55b19b36aa7567f7ecbf
review_514,division_55b19b36aa7567f7ecbf
review_515,division_dfe2db74975e0aa9f6fd
review_516,division_55b19b36aa7567f7ecbf
review_517,division_55b19b36aa7567f7ecbf
review_518,division_55b19b36aa7567f7ecbf
review_519,division_55b19b36aa7567f7ecbf
review_520,division_dfe2db74975e0aa9f6fd
review_521,division_55b19b36aa7567f7ecbf
review_522,division_dfe2db74975e0aa9f6fd
review_523,division_dfe2db74975e0aa9f6fd
review_524,division_dfe2db74975e0aa9f6fd
review_525,division_dfe2db74975e0aa9f6fd
review_526,division_55b19b36aa7567f7ecbf
review_527,division_55b19b36aa7567f7ecbf
review_528,division_dfe2db74975e0aa9f6fd
review_529,division_dfe2db74975e0aa9f6fd
review_530,division_dfe2db74975e0aa9f6fd
review_531,division_dfe2db74975e0aa9f6fd
review_532,division_dfe2db74975e0aa9f6fd
review_533,division_dfe2db74975e0aa9f6fd
review_534,division_dfe2db74975e0aa9f6fd
review_535,division_55b19b36aa7567f7ecbf
review_536,division_dfe2db74975e0aa9f6fd
review_537,division_dfe2db74975e0aa9f6fd
review_538,division_dfe2db74975e0aa9f6fd
review_539,division_dfe2db74975e0aa9f6fd
review_540,division_dfe2db74975e0aa9f6fd
review_541,division_dfe2db74975e0aa9f6fd
review_542,division_dfe2db74975e0aa9f6fd
review_543,division_dfe2db74975e0aa9f6fd
review_544,division_dfe2db74975e0aa9f6fd
review_545,division_dfe2db74975e0aa9f6fd
review_546,division_dfe2db74975e0aa9f6fd
review_547,division_dfe2db74975e0aa9f6fd
review_548,division_dfe2db74975e0aa9f6fd
review_549,division_dfe2db74975e0aa9f6fd
review_550,division_dfe2db74975e0aa9f6fd
review_551,division_dfe2db74975e0aa9f6fd
review_552,division_dfe2db74975e0aa9f6fd
review_553,division_dfe2db74975e0aa9f6fd
review_554,division_dfe2db74975e0aa9f6fd
review_555,division_dfe2db74975e0aa9f6fd
review_556,division_dfe2db74975e0aa9f6fd
review_557,division_dfe2db74975e0aa9f6fd
review_558,division_55b19b36aa7567f7ecbf
review_559,division_dfe2db74975e0aa9f6fd
review_560,division_dfe2db74975e0aa9f6fd
review_561,division_dfe2db74975e0aa9f6fd
review_562,division_dfe2db74975e0aa9f6fd
review_563,division_dfe2db74975e0aa9f6fd
review_564,division_dfe2db74975e0aa9f6fd
review_565,division_dfe2db74975e0aa9f6fd
review_566,division_55b19b36aa7567f7ecbf
review_567,division_dfe2db74975e0aa9f6fd
review_568,division_dfe2db74975e0aa9f6fd
review_569,division_dfe2db74975e0aa9f6fd
review_570,division_55b19b36aa7567f7ecbf
review_571,division_dfe2db74975e0aa9f6fd
review_572,division_dfe2db74975e0aa9f6fd
review_573,division_dfe2db74975e0aa9f6fd
review_574,division_dfe2db74975e0aa9f6fd
review_575,division_dfe2db74975e0aa9f6fd
review_576,division_dfe2db74975e0aa9f6fd
review_577,division_dfe2db74975e0aa9f6fd
review_578,division_dfe2db74975e0aa9f6fd
review_579,division_dfe2db74975e0aa9f6fd
review_580,division_dfe2db74975e0aa9f6fd
review_581,division_dfe2db74975e0aa9f6fd
review_582,division_dfe2db74975e0aa9f6fd
review_583,division_dfe2db74975e0aa9f6fd
review_584,division_dfe2db74975e0aa9f6fd
review_585,division_dfe2db74975e0aa9f6fd
review_586,division_dfe2db74975e0aa9f6fd
review_587,division_dfe2db74975e0aa9f6fd
review_588,division_dfe2db74975e0aa9f6fd
review_589,division_dfe2db74975e0aa9f6fd
review_590,division_dfe2db74975e0aa9f6fd
review_591,division_dfe2db74975e0aa9f6fd
review_592,division_dfe2db74975e0aa9f6fd
review_593,division_dfe2db74975e0aa9f6fd
review_594,division_dfe2db74975e0aa9f6fd
review_595,division_dfe2db74975e0aa9f6fd
review_596,division_dfe2db74975e0aa9f6fd
review_597,division_dfe2db74975e0aa9f6fd
review_598,division_dfe2db74975e0aa9f6fd
review_599,division_dfe2db74975e0aa9f6fd
review_600,division_dfe2db74975e0aa9f6fd
review_601,division_dfe2db74975e0aa9f6fd
review_602,division_55b19b36aa7567f7ecbf
review_603,division_dfe2db74975e0aa9f6fd
review_604,division_dfe2db74975e0aa9f6fd
review_605,division_dfe2db74975e0aa9f6fd
review_606,division_dfe2db74975e0aa9f6fd
review_607,division_dfe2db74975e0aa9f6fd
review_608,division_dfe2db74975e0aa9f6fd
review_609,division_dfe2db74975e0aa9f6fd
review_610,division_dfe2db74975e0aa9f6fd
review_611,division_df561e6f16d9f3e64a28
review_612,division_55b19b36aa7567f7ecbf
review_613,division_dfe2db74975e0aa9f6fd
review_614,division_dfe2db74975e0aa9f6fd
review_615,division_dfe2db74975e0aa9f6fd
review_616,division_dfe2db74975e0aa9f6fd
review_617,division_55b19b36aa7567f7ecbf
review_618,division_dfe2db74975e0aa9f6fd
review_619,division_df561e6f16d9f3e64a28
review_620,division_55b19b36aa7567f7ecbf
review_621,division_df561e6f16d9f3e64a28
review_622,division_df561e6f16d9f3e64a28
review_623,division_df561e6f16d9f3e64a28
review_624,division_55b19b36aa7567f7ecbf
review_625,division_df561e6f16d9f3e64a28
review_626,division_df561e6f16d9f3e64a28
review_627,division_55b19b36aa7567f7ecbf
review_628,division_dfe2db74975e0aa9f6fd
review_629,division_dfe2db74975e0aa9f6fd
review_630,division_df561e6f16d9f3e64a28
review_631,division_dfe2db74975e0aa9f6fd
review_632,division_dfe2db74975e0aa9f6fd
review_633,division_55b19b36aa7567f7ecbf
review_634,division_dfe2db74975e0aa9f6fd
review_635,division_55b19b36aa7567f7ecbf
review_636,division_dfe2db74975e0aa9f6fd
review_637,division_dfe2db74975e0aa9f6fd
review_638,division_dfe2db74975e0aa9f6fd
review_639,division_55b19b36aa7567f7ecbf
review_640,division_dfe2db74975e0aa9f6fd
review_641,division_dfe2db74975e0aa9f6fd
review_642,division_dfe2db74975e0aa9f6fd
review_643,division_55b19b36aa7567f7ecbf
review_644,division_dfe2db74975e0aa9f6fd
review_645,division_55b19b36aa7567f7ecbf
review_646,division_dfe2db74975e0aa9f6fd
review_647,division_dfe2db74975e0aa9f6fd
review_648,division_df561e6f16d9f3e64a28
review_649,division_dfe2db74975e0aa9f6fd
review_650,division_dfe2db74975e0aa9f6fd
review_651,division_df561e6f16d9f3e64a28
review_652,division_dfe2db74975e0aa9f6fd
review_653,division_dfe2db74975e0aa9f6fd
review_654,division_df561e6f16d9f3e64a28
review_655,division_dfe2db74975e0aa9f6fd
review_656,division_dfe2db74975e0aa9f6fd
review_657,division_55b19b36aa7567f7ecbf
review_658,division_dfe2db74975e0aa9f6fd
review_659,division_df561e6f16d9f3e64a28
review_660,division_dfe2db74975e0aa9f6fd
review_661,division_dfe2db74975e0aa9f6fd
review_662,division_dfe2db74975e0aa9f6fd
review_663,division_dfe2db74975e0aa9f6fd
review_664,division_dfe2db74975e0aa9f6fd
review_665,division_df561e6f16d9f3e64a28
review_666,division_df561e6f16d9f3e64a28
review_667,division_df561e6f16d9f3e64a28
review_668,division_55b19b36aa7567f7ecbf
review_669,division_dfe2db74975e0aa9f6fd
review_670,division_dfe2db74975e0aa9f6fd
review_671,division_dfe2db74975e0aa9f6fd
review_672,division_dfe2db74975e0aa9f6fd
review_673,division_55b19b36aa7567f7ecbf
review_674,division_dfe2db74975e0aa9f6fd
review_675,division_dfe2db74975e0aa9f6fd
review_676,division_dfe2db74975e0aa9f6fd
review_677,division_dfe2db74975e0aa9f6fd
review_678,division_dfe2db74975e0aa9f6fd
review_679,division_df561e6f16d9f3e64a28
review_680,division_dfe2db74975e0aa9f6fd
review_681,division_dfe2db74975e0aa9f6fd
review_682,division_dfe2db74975e0aa9f6fd
review_683,division_dfe2db74975e0aa9f6fd
review_684,division_dfe2db74975e0aa9f6fd
review_685,division_df561e6f16d9f3e64a28
review_686,division_dfe2db74975e0aa9f6fd
review_687,division_dfe2db74975e0aa9f6fd
review_688,division_dfe2db74975e0aa9f6fd
review_689,division_dfe2db74975e0aa9f6fd
review_690,division_dfe2db74975e0aa9f6fd
review_691,division_dfe2db74975e0aa9f6fd
review_692,division_55b19b36aa7567f7ecbf
review_693,division_dfe2db74975e0aa9f6fd
review_694,division_55b19b36aa7567f7ecbf
review_695,division_dfe2db74975e0aa9f6fd
review_696,division_dfe2db74975e0aa9f6fd
review_697,division_dfe2db74975e0aa9f6fd
review_698,division_dfe2db74975e0aa9f6fd
review_699,division_dfe2db74975e0aa9f6fd
review_700,division_dfe2db74975e0aa9f6fd
review_701,division_dfe2db74975e0aa9f6fd
review_702,division_dfe2db74975e0aa9f6fd
review_703,division_dfe2db74975e0aa9f6fd
review_704,division_df561e6f16d9f3e64a28
review_705,division_dfe2db74975e0aa9f6fd
review_706,division_dfe2db74975e0aa9f6fd
review_707,division_dfe2db74975e0aa9f6fd
review_708,division_dfe2db74975e0aa9f6fd
review_709,division_dfe2db74975e0aa9f6fd
review_710,division_df561e6f16d9f3e64a28
review_711,division_dfe2db74975e0aa9f6fd
review_712,division_dfe2db74975e0aa9f6fd
review_713,division_dfe2db74975e0aa9f6fd
review_714,division_55b19b36aa7567f7ecbf
review_715,division_dfe2db74975e0aa9f6fd
review_716,division_55b19b36aa7567f7ecbf
review_717,division_dfe2db74975e0aa9f6fd
review_718,division_dfe2db74975e0aa9f6fd
review_719,division_dfe2db74975e0aa9f6fd
review_720,division_dfe2db74975e0aa9f6fd
review_721,division_55b19b36aa7567f7ecbf
review_722,division_dfe2db74975e0aa9f6fd
review_723,division_55b19b36aa7567f7ecbf
review_724,division_df561e6f16d9f3e64a28
review_725,division_55b19b36aa7567f7ecbf
review_726,division_55b19b36aa7567f7ecbf
review_727,division_dfe2db74975e0aa9f6fd
review_728,division_dfe2db74975e0aa9f6fd
review_729,division_dfe2db74975e0aa9f6fd
review_730,division_dfe2db74975e0aa9f6fd
review_731,division_55b19b36aa7567f7ecbf
review_732,division_55b19b36aa7567f7ecbf
review_733,division_55b19b36aa7567f7ecbf
review_734,division_55b19b36aa7567f7ecbf
review_735,division_df561e6f16d9f3e64a28
review_736,division_dfe2db74975e0aa9f6fd
review_737,division_55b19b36aa7567f7ecbf
review_738,division_dfe2db74975e0aa9f6fd
review_739,division_dfe2db74975e0aa9f6fd
review_740,division_dfe2db74975e0aa9f6fd
review_741,division_55b19b36aa7567f7ecbf
review_742,division_55b19b36aa7567f7ecbf
review_743,division_dfe2db74975e0aa9f6fd
review_744,division_dfe2db74975e0aa9f6fd
review_745,division_dfe2db74975e0aa9f6fd
review_746,division_55b19b36aa7567f7ecbf
review_747,division_dfe2db74975e0aa9f6fd
review_748,division_55b19b36aa7567f7ecbf
review_749,division_55b19b36aa7567f7ecbf
review_750,division_dfe2db74975e0aa9f6fd
review_751,division_dfe2db74975e0aa9f6fd
review_752,division_dfe2db74975e0aa9f6fd
review_753,division_dfe2db74975e0aa9f6fd
review_754,division_dfe2db74975e0aa9f6fd
review_755,division_dfe2db74975e0aa9f6fd
review_756,division_55b19b36aa7567f7ecbf
review_757,division_55b19b36aa7567f7ecbf
review_758,division_dfe2db74975e0aa9f6fd
review_759,division_df561e6f16d9f3e64a28
review_760,division_dfe2db74975e0aa9f6fd
review_761,division_55b19b36aa7567f7ecbf
review_762,division_dfe2db74975e0aa9f6fd
review_763,division_dfe2db74975e0aa9f6fd
review_764,division_dfe2db74975e0aa9f6fd
review_765,division_df561e6f16d9f3e64a28
review_766,division_df561e6f16d9f3e64a28
review_767,division_dfe2db74975e0aa9f6fd
review_768,division_dfe2db74975e0aa9f6fd
review_769,division_dfe2db74975e0aa9f6fd
review_770,division_55b19b36aa7567f7ecbf
review_771,division_dfe2db74975e0aa9f6fd
review_772,division_df561e6f16d9f3e64a28
review_773,division_dfe2db74975e0aa9f6fd
review_774,division_55b19b36aa7567f7ecbf
review_775,division_55b19b36aa7567f7ecbf
review_776,division_dfe2db74975e0aa9f6fd
review_777,division_dfe2db74975e0aa9f6fd
review_778,division_dfe2db74975e0aa9f6fd
review_779,division_dfe2db74975e0aa9f6fd
review_780,division_dfe2db74975e0aa9f6fd
review_781,division_dfe2db74975e0aa9f6fd
review_782,division_dfe2db74975e0aa9f6fd
review_783,division_dfe2db74975e0aa9f6fd
review_784,division_dfe2db74975e0aa9f6fd
review_785,division_dfe2db74975e0aa9f6fd
review_786,division_dfe2db74975e0aa9f6fd
review_787,division_df561e6f16d9f3e64a28
review_788,division_dfe2db74975e0aa9f6fd
review_789,division_dfe2db74975e0aa9f6fd
review_790,division_dfe2db74975e0aa9f6fd
review_791,division_dfe2db74975e0aa9f6fd
review_792,division_df561e6f16d9f3e64a28
review_793,division_dfe2db74975e0aa9f6fd
review_794,division_55b19b36aa7567f7ecbf
review_795,division_55b19b36aa7567f7ecbf
review_796,division_55b19b36aa7567f7ecbf
review_797,division_dfe2db74975e0aa9f6fd
review_798,division_55b19b36aa7567f7ecbf
review_799,division_dfe2db74975e0aa9f6fd
review_800,division_dfe2db74975e0aa9f6fd
review_801,division_dfe2db74975e0aa9f6fd
review_802,division_55b19b36aa7567f7ecbf
review_803,division_dfe2db74975e0aa9f6fd
review_804,division_dfe2db74975e0aa9f6fd
review_805,division_55b19b36aa7567f7ecbf
review_806,division_dfe2db74975e0aa9f6fd
review_807,division_55b19b36aa7567f7ecbf
review_808,division_55b19b36aa7567f7ecbf
review_809,division_55b19b36aa7567f7ecbf
review_810,division_55b19b36aa7567f7ecbf
review_811,division_55b19b36aa7567f7ecbf
review_812,division_55b19b36aa7567f7ecbf
review_813,division_dfe2db74975e0aa9f6fd
review_814,division_55b19b36aa7567f7ecbf
review_815,division_dfe2db74975e0aa9f6fd
review_816,division_dfe2db74975e0aa9f6fd
review_817,division_55b19b36aa7567f7ecbf
review_818,division_55b19b36aa7567f7ecbf
review_819,division_55b19b36aa7567f7ecbf
review_820,division_dfe2db74975e0aa9f6fd
review_821,division_55b19b36aa7567f7ecbf
review_822,division_55b19b36aa7567f7ecbf
review_823,division_55b19b36aa7567f7ecbf
review_824,division_55b19b36aa7567f7ecbf
review_825,division_55b19b36aa7567f7ecbf
review_826,division_dfe2db74975e0aa9f6fd
review_827,division_dfe2db74975e0aa9f6fd
review_828,division_55b19b36aa7567f7ecbf
review_829,division_dfe2db74975e0aa9f6fd
review_830,division_dfe2db74975e0aa9f6fd
review_831,division_55b19b36aa7567f7ecbf
review_832,division_55b19b36aa7567f7ecbf
review_833,division_dfe2db74975e0aa9f6fd
review_834,division_dfe2db74975e0aa9f6fd
review_835,division_dfe2db74975e0aa9f6fd
review_836,division_55b19b36aa7567f7ecbf
review_837,division_55b19b36aa7567f7ecbf
review_838,division_55b19b36aa7567f7ecbf
review_839,division_55b19b36aa7567f7ecbf
review_840,division_55b19b36aa7567f7ecbf
review_841,division_dfe2db74975e0aa9f6fd
review_842,division_dfe2db74975e0aa9f6fd
review_843,division_dfe2db74975e0aa9f6fd
review_844,division_55b19b36aa7567f7ecbf
review_845,division_dfe2db74975e0aa9f6fd
review_846,division_55b19b36aa7567f7ecbf
review_847,division_55b19b36aa7567f7ecbf
review_848,division_55b19b36aa7567f7ecbf
review_849,division_55b19b36aa7567f7ecbf
review_850,division_55b19b36aa7567f7ecbf
review_851,division_55b19b36aa7567f7ecbf
review_852,division_dfe2db74975e0aa9f6fd
review_853,division_dfe2db74975e0aa9f6fd
review_854,division_dfe2db74975e0aa9f6fd
review_855,division_dfe2db74975e0aa9f6fd
review_856,division_55b19b36aa7567f7ecbf
review_857,division_df561e6f16d9f3e64a28
review_858,division_55b19b36aa7567f7ecbf
review_859,division_55b19b36aa7567f7ecbf
review_860,division_55b19b36aa7567f7ecbf
review_861,division_55b19b36aa7567f7ecbf
review_862,division_dfe2db74975e0aa9f6fd
review_863,division_55b19b36aa7567f7ecbf
review_864,division_dfe2db74975e0aa9f6fd
review_865,division_55b19b36aa7567f7ecbf
review_866,division_55b19b36aa7567f7ecbf
review_867,division_55b19b36aa7567f7ecbf
review_868,division_dfe2db74975e0aa9f6fd
review_869,division_55b19b36aa7567f7ecbf
review_870,division_dfe2db74975e0aa9f6fd
review_871,division_55b19b36aa7567f7ecbf
review_872,division_55b19b36aa7567f7ecbf
review_873,division_55b19b36aa7567f7ecbf
review_874,division_55b19b36aa7567f7ecbf
review_875,division_dfe2db74975e0aa9f6fd
review_876,division_dfe2db74975e0aa9f6fd
review_877,division_dfe2db74975e0aa9f6fd
review_878,division_55b19b36aa7567f7ecbf
review_879,division_55b19b36aa7567f7ecbf
review_880,division_dfe2db74975e0aa9f6fd
review_881,division_dfe2db74975e0aa9f6fd
review_882,division_55b19b36aa7567f7ecbf
review_883,division_55b19b36aa7567f7ecbf
review_884,division_55b19b36aa7567f7ecbf
review_885,division_55b19b36aa7567f7ecbf
review_886,division_dfe2db74975e0aa9f6fd
review_887,division_55b19b36aa7567f7ecbf
review_888,division_55b19b36aa7567f7ecbf
review_889,division_dfe2db74975e0aa9f6fd
review_890,division_df561e6f16d9f3e64a28
review_891,division_55b19b36aa7567f7ecbf
review_892,division_df561e6f16d9f3e64a28
review_893,division_55b19b36aa7567f7ecbf
review_894,division_55b19b36aa7567f7ecbf
review_895,division_55b19b36aa7567f7ecbf
review_896,division_dfe2db74975e0aa9f6fd
review_897,division_55b19b36aa7567f7ecbf
review_898,division_55b19b36aa7567f7ecbf
review_899,division_dfe2db74975e0aa9f6fd
review_900,division_55b19b36aa7567f7ecbf
review_901,division_dfe2db74975e0aa9f6fd
review_902,division_dfe2db74975e0aa9f6fd
review_903,division_dfe2db74975e0aa9f6fd
review_904,division_dfe2db74975e0aa9f6fd
review_905,division_55b19b36aa7567f7ecbf
review_906,division_dfe2db74975e0aa9f6fd
review_907,division_55b19b36aa7567f7ecbf
review_908,division_dfe2db74975e0aa9f6fd
review_909,division_55b19b36aa7567f7ecbf
review_910,division_55b19b36aa7567f7ecbf
review_911,division_dfe2db74975e0aa9f6fd
review_912,division_55b19b36aa7567f7ecbf
review_913,division_dfe2db74975e0aa9f6fd
review_914,division_df561e6f16d9f3e64a28
review_915,division_55b19b36aa7567f7ecbf
review_916,division_dfe2db74975e0aa9f6fd
review_917,division_dfe2db74975e0aa9f6fd
review_918,division_dfe2db74975e0aa9f6fd
review_919,division_55b19b36aa7567f7ecbf
review_920,division_dfe2db74975e0aa9f6fd
review_921,division_dfe2db74975e0aa9f6fd
review_922,division_55b19b36aa7567f7ecbf
review_923,division_dfe2db74975e0aa9f6fd
review_924,division_55b19b36aa7567f7ecbf
review_925,division_55b19b36aa7567f7ecbf
review_926,division_55b19b36aa7567f7ecbf
review_927,division_55b19b36aa7567f7ecbf
review_928,division_55b19b36aa7567f7ecbf
review_929,division_55b19b36aa7567f7ecbf
review_930,division_dfe2db74975e0aa9f6fd
review_931,division_dfe2db74975e0aa9f6fd
review_932,division_dfe2db74975e0aa9f6fd
review_933,division_dfe2db74975e0aa9f6fd
review_934,division_dfe2db74975e0aa9f6fd
review_935,division_dfe2db74975e0aa9f6fd
review_936,division_dfe2db74975e0aa9f6fd
review_937,division_dfe2db74975e0aa9f6fd
review_938,division_dfe2db74975e0aa9f6fd
review_939,division_55b19b36aa7567f7ecbf
review_940,division_dfe2db74975e0aa9f6fd
review_941,division_dfe2db74975e0aa9f6fd
review_942,division_dfe2db74975e0aa9f6fd
review_943,division_df561e6f16d9f3e64a28
review_944,division_dfe2db74975e0aa9f6fd
review_945,division_dfe2db74975e0aa9f6fd
review_946,division_df561e6f16d9f3e64a28
review_947,division_55b19b36aa7567f7ecbf
review_948,division_df561e6f16d9f3e64a28
review_949,division_dfe2db74975e0aa9f6fd
review_950,division_dfe2db74975e0aa9f6fd
review_951,division_df561e6f16d9f3e64a28
review_952,division_55b19b36aa7567f7ecbf
review_953,division_df561e6f16d9f3e64a28
review_954,division_dfe2db74975e0aa9f6fd
review_955,division_dfe2db74975e0aa9f6fd
review_956,division_dfe2db74975e0aa9f6fd
review_957,division_dfe2db74975e0aa9f6fd
review_958,division_dfe2db74975e0aa9f6fd
review_959,division_df561e6f16d9f3e64a28
review_960,division_dfe2db74975e0aa9f6fd
review_961,division_dfe2db74975e0aa9f6fd
review_962,division_df561e6f16d9f3e64a28
review_963,division_55b19b36aa7567f7ecbf
review_964,division_df561e6f16d9f3e64a28
review_965,division_55b19b36aa7567f7ecbf
review_966,division_dfe2db74975e0aa9f6fd
review_967,division_dfe2db74975e0aa9f6fd
review_968,division_dfe2db74975e0aa9f6fd
review_969,division_dfe2db74975e0aa9f6fd
review_970,division_dfe2db74975e0aa9f6fd
review_971,division_dfe2db74975e0aa9f6fd
review_972,division_dfe2db74975e0aa9f6fd
review_973,division_55b19b36aa7567f7ecbf
review_974,division_dfe2db74975e0aa9f6fd
review_975,division_dfe2db74975e0aa9f6fd
review_976,division_df561e6f16d9f3e64a28
review_977,division_dfe2db74975e0aa9f6fd
review_978,division_dfe2db74975e0aa9f6fd
review_979,division_df561e6f16d9f3e64a28
review_980,division_dfe2db74975e0aa9f6fd
review_981,division_dfe2db74975e0aa9f6fd
review_982,division_dfe2db74975e0aa9f6fd
review_983,division_dfe2db74975e0aa9f6fd
review_984,division_dfe2db74975e0aa9f6fd
review_985,division_dfe2db74975e0aa9f6fd
review_986,division_dfe2db74975e0aa9f6fd
review_987,division_55b19b36aa7567f7ecbf
review_988,division_dfe2db74975e0aa9f6fd
review_989,division_dfe2db74975e0aa9f6fd
review_990,division_dfe2db74975e0aa9f6fd
review_991,division_55b19b36aa7567f7ecbf
review_992,division_55b19b36aa7567f7ecbf
review_993,division_dfe2db74975e0aa9f6fd
review_994,division_dfe2db74975e0aa9f6fd
review_995,division_dfe2db74975e0aa9f6fd
review_996,division_dfe2db74975e0aa9f6fd
review_997,division_dfe2db74975e0aa9f6fd
review_998,division_55b19b36aa7567f7ecbf
review_999,division_dfe2db74975e0aa9f6fd
review_1000,division_df561e6f16d9f3e64a28
review_1001,division_55b19b36aa7567f7ecbf
review_1002,division_55b19b36aa7567f7ecbf
review_1003,division_dfe2db74975e0aa9f6fd
review_1004,division_dfe2db74975e0aa9f6fd
review_1005,division_dfe2db74975e0aa9f6fd
review_1006,division_dfe2db74975e0aa9f6fd
review_1007,division_dfe2db74975e0aa9f6fd
review_1008,division_dfe2db74975e0aa9f6fd
review_1009,division_dfe2db74975e0aa9f6fd
review_1010,division_dfe2db74975e0aa9f6fd
review_1011,division_dfe2db74975e0aa9f6fd
review_1012,division_dfe2db74975e0aa9f6fd
review_1013,division_dfe2db74975e0aa9f6fd
review_1014,division_dfe2db74975e0aa9f6fd
review_1015,division_dfe2db74975e0aa9f6fd
review_1016,division_dfe2db74975e0aa9f6fd
review_1017,division_df561e6f16d9f3e64a28
review_1018,division_dfe2db74975e0aa9f6fd
review_1019,division_dfe2db74975e0aa9f6fd
review_1020,division_dfe2db74975e0aa9f6fd
review_1021,division_dfe2db74975e0aa9f6fd
review_1022,division_55b19b36aa7567f7ecbf
review_1023,division_dfe2db74975e0aa9f6fd
review_1024,division_dfe2db74975e0aa9f6fd
review_1025,division_dfe2db74975e0aa9f6fd
review_1026,division_dfe2db74975e0aa9f6fd
review_1027,division_dfe2db74975e0aa9f6fd
review_1028,division_dfe2db74975e0aa9f6fd
review_1029,division_dfe2db74975e0aa9f6fd
review_1030,division_dfe2db74975e0aa9f6fd
review_1031,division_dfe2db74975e0aa9f6fd
review_1032,division_dfe2db74975e0aa9f6fd
review_1033,division_dfe2db74975e0aa9f6fd
review_1034,division_dfe2db74975e0aa9f6fd
review_1035,division_dfe2db74975e0aa9f6fd
review_1036,division_dfe2db74975e0aa9f6fd
review_1037,division_55b19b36aa7567f7ecbf
review_1038,division_dfe2db74975e0aa9f6fd
review_1039,division_df561e6f16d9f3e64a28
review_1040,division_55b19b36aa7567f7ecbf
review_1041,division_dfe2db74975e0aa9f6fd
review_1042,division_dfe2db74975e0aa9f6fd
review_1043,division_dfe2db74975e0aa9f6fd
review_1044,division_dfe2db74975e0aa9f6fd
review_1045,division_dfe2db74975e0aa9f6fd
review_1046,division_dfe2db74975e0aa9f6fd
review_1047,division_dfe2db74975e0aa9f6fd
review_1048,division_dfe2db74975e0aa9f6fd
review_1049,division_dfe2db74975e0aa9f6fd
review_1050,division_dfe2db74975e0aa9f6fd
review_1051,division_dfe2db74975e0aa9f6fd
review_1052,division_dfe2db74975e0aa9f6fd
review_1053,division_dfe2db74975e0aa9f6fd
review_1054,division_dfe2db74975e0aa9f6fd
review_1055,division_dfe2db74975e0aa9f6fd
review_1056,division_dfe2db74975e0aa9f6fd
review_1057,division_dfe2db74975e0aa9f6fd
review_1058,division_dfe2db74975e0aa9f6fd
review_1059,division_dfe2db74975e0aa9f6fd
review_1060,division_55b19b36aa7567f7ecbf
review_1061,division_dfe2db74975e0aa9f6fd
review_1062,division_dfe2db74975e0aa9f6fd
review_1063,division_dfe2db74975e0aa9f6fd
review_1064,division_dfe2db74975e0aa9f6fd
review_1065,division_dfe2db74975e0aa9f6fd
review_1066,division_dfe2db74975e0aa9f6fd
review_1067,division_dfe2db74975e0aa9f6fd
review_1068,division_55b19b36aa7567f7ecbf
review_1069,division_dfe2db74975e0aa9f6fd
review_1070,division_55b19b36aa7567f7ecbf
review_1071,division_55b19b36aa7567f7ecbf
review_1072,division_55b19b36aa7567f7ecbf
review_1073,division_dfe2db74975e0aa9f6fd
review_1074,division_df561e6f16d9f3e64a28
review_1075,division_55b19b36aa7567f7ecbf
review_1076,division_dfe2db74975e0aa9f6fd
review_1077,division_dfe2db74975e0aa9f6fd
review_1078,division_dfe2db74975e0aa9f6fd
review_1079,division_dfe2db74975e0aa9f6fd
review_1080,division_dfe2db74975e0aa9f6fd
review_1081,division_dfe2db74975e0aa9f6fd
review_1082,division_dfe2db74975e0aa9f6fd
review_1083,division_55b19b36aa7567f7ecbf
review_1084,division_55b19b36aa7567f7ecbf
review_1085,division_dfe2db74975e0aa9f6fd
review_1086,division_dfe2db74975e0aa9f6fd
review_1087,division_55b19b36aa7567f7ecbf
review_1088,division_55b19b36aa7567f7ecbf
review_1089,division_55b19b36aa7567f7ecbf
review_1090,division_55b19b36aa7567f7ecbf
review_1091,division_dfe2db74975e0aa9f6fd
review_1092,division_dfe2db74975e0aa9f6fd
review_1093,division_dfe2db74975e0aa9f6fd
review_1094,division_dfe2db74975e0aa9f6fd
review_1095,division_55b19b36aa7567f7ecbf
review_1096,division_55b19b36aa7567f7ecbf
review_1097,division_dfe2db74975e0aa9f6fd
review_1098,division_dfe2db74975e0aa9f6fd
review_1099,division_55b19b36aa7567f7ecbf
review_1100,division_55b19b36aa7567f7ecbf
review_1101,division_55b19b36aa7567f7ecbf
review_1102,division_55b19b36aa7567f7ecbf
review_1103,division_dfe2db74975e0aa9f6fd
review_1104,division_55b19b36aa7567f7ecbf
review_1105,division_dfe2db74975e0aa9f6fd
review_1106,division_55b19b36aa7567f7ecbf
review_1107,division_dfe2db74975e0aa9f6fd
review_1108,division_55b19b36aa7567f7ecbf
review_1109,division_dfe2db74975e0aa9f6fd
review_1110,division_dfe2db74975e0aa9f6fd
review_1111,division_dfe2db74975e0aa9f6fd
review_1112,division_dfe2db74975e0aa9f6fd
review_1113,division_dfe2db74975e0aa9f6fd
review_1114,division_dfe2db74975e0aa9f6fd
review_1115,division_dfe2db74975e0aa9f6fd
review_1116,division_df561e6f16d9f3e64a28
review_1117,division_dfe2db74975e0aa9f6fd
review_1118,division_dfe2db74975e0aa9f6fd
review_1119,division_55b19b36aa7567f7ecbf
review_1120,division_55b19b36aa7567f7ecbf
review_1121,division_df561e6f16d9f3e64a28
review_1122,division_55b19b36aa7567f7ecbf
review_1123,division_55b19b36aa7567f7ecbf
review_1124,division_dfe2db74975e0aa9f6fd
review_1125,division_55b19b36aa7567f7ecbf
review_1126,division_55b19b36aa7567f7ecbf
review_1127,division_df561e6f16d9f3e64a28
review_1128,division_df561e6f16d9f3e64a28
review_1129,division_55b19b36aa7567f7ecbf
review_1130,division_55b19b36aa7567f7ecbf
review_1131,division_dfe2db74975e0aa9f6fd
review_1132,division_55b19b36aa7567f7ecbf
review_1133,division_df561e6f16d9f3e64a28
review_1134,division_55b19b36aa7567f7ecbf
review_1135,division_dfe2db74975e0aa9f6fd
review_1136,division_dfe2db74975e0aa9f6fd
review_1137,division_55b19b36aa7567f7ecbf
review_1138,division_dfe2db74975e0aa9f6fd
review_1139,division_55b19b36aa7567f7ecbf
review_1140,division_55b19b36aa7567f7ecbf
review_1141,division_dfe2db74975e0aa9f6fd
review_1142,division_55b19b36aa7567f7ecbf
review_1143,division_55b19b36aa7567f7ecbf
review_1144,division_55b19b36aa7567f7ecbf
review_1145,division_55b19b36aa7567f7ecbf
review_1146,division_df561e6f16d9f3e64a28
review_1147,division_df561e6f16d9f3e64a28
review_1148,division_55b19b36aa7567f7ecbf
review_1149,division_dfe2db74975e0aa9f6fd
review_1150,division_55b19b36aa7567f7ecbf
review_1151,division_55b19b36aa7567f7ecbf
review_1152,division_dfe2db74975e0aa9f6fd
review_1153,division_dfe2db74975e0aa9f6fd
review_1154,division_df561e6f16d9f3e64a28
review_1155,division_55b19b36aa7567f7ecbf
review_1156,division_55b19b36aa7567f7ecbf
review_1157,division_55b19b36aa7567f7ecbf
review_1158,division_dfe2db74975e0aa9f6fd
review_1159,division_df561e6f16d9f3e64a28
review_1160,division_df561e6f16d9f3e64a28
review_1161,division_55b19b36aa7567f7ecbf
review_1162,division_df561e6f16d9f3e64a28
review_1163,division_55b19b36aa7567f7ecbf
review_1164,division_55b19b36aa7567f7ecbf
review_1165,division_dfe2db74975e0aa9f6fd
review_1166,division_55b19b36aa7567f7ecbf
review_1167,division_55b19b36aa7567f7ecbf
review_1168,division_55b19b36aa7567f7ecbf
review_1169,division_55b19b36aa7567f7ecbf
review_1170,division_dfe2db74975e0aa9f6fd
review_1171,division_55b19b36aa7567f7ecbf
review_1172,division_55b19b36aa7567f7ecbf
review_1173,division_dfe2db74975e0aa9f6fd
review_1174,division_55b19b36aa7567f7ecbf
review_1175,division_df561e6f16d9f3e64a28
review_1176,division_dfe2db74975e0aa9f6fd
review_1177,division_55b19b36aa7567f7ecbf
review_1178,division_55b19b36aa7567f7ecbf
review_1179,division_55b19b36aa7567f7ecbf
review_1180,division_55b19b36aa7567f7ecbf
review_1181,division_dfe2db74975e0aa9f6fd
review_1182,division_55b19b36aa7567f7ecbf
review_1183,division_55b19b36aa7567f7ecbf
review_1184,division_55b19b36aa7567f7ecbf
review_1185,division_55b19b36aa7567f7ecbf
review_1186,division_55b19b36aa7567f7ecbf
review_1187,division_55b19b36aa7567f7ecbf
review_1188,division_55b19b36aa7567f7ecbf
review_1189,division_55b19b36aa7567f7ecbf
review_1190,division_dfe2db74975e0aa9f6fd
review_1191,division_dfe2db74975e0aa9f6fd
review_1192,division_55b19b36aa7567f7ecbf
review_1193,division_df561e6f16d9f3e64a28
review_1194,division_55b19b36aa7567f7ecbf
review_1195,division_df561e6f16d9f3e64a28
review_1196,division_dfe2db74975e0aa9f6fd
review_1197,division_dfe2db74975e0aa9f6fd
review_1198,division_55b19b36aa7567f7ecbf
review_1199,division_df561e6f16d9f3e64a28
review_1200,division_df561e6f16d9f3e64a28
review_1201,division_55b19b36aa7567f7ecbf
review_1202,division_dfe2db74975e0aa9f6fd
review_1203,division_55b19b36aa7567f7ecbf
review_1204,division_55b19b36aa7567f7ecbf
review_1205,division_dfe2db74975e0aa9f6fd
review_1206,division_dfe2db74975e0aa9f6fd
review_1207,division_dfe2db74975e0aa9f6fd
review_1208,division_dfe2db74975e0aa9f6fd
review_1209,division_dfe2db74975e0aa9f6fd
review_1210,division_55b19b36aa7567f7ecbf
review_1211,division_55b19b36aa7567f7ecbf
review_1212,division_dfe2db74975e0aa9f6fd
review_1213,division_dfe2db74975e0aa9f6fd
review_1214,division_dfe2db74975e0aa9f6fd
review_1215,division_dfe2db74975e0aa9f6fd
review_1216,division_dfe2db74975e0aa9f6fd
review_1217,division_dfe2db74975e0aa9f6fd
review_1218,division_55b19b36aa7567f7ecbf
review_1219,division_55b19b36aa7567f7ecbf
review_1220,division_55b19b36aa7567f7ecbf
review_1221,division_55b19b36aa7567f7ecbf
review_1222,division_55b19b36aa7567f7ecbf
review_1223,division_dfe2db74975e0aa9f6fd
review_1224,division_dfe2db74975e0aa9f6fd
review_1225,division_dfe2db74975e0aa9f6fd
review_1226,division_dfe2db74975e0aa9f6fd
review_1227,division_dfe2db74975e0aa9f6fd
review_1228,division_55b19b36aa7567f7ecbf
review_1229,division_55b19b36aa7567f7ecbf
review_1230,division_dfe2db74975e0aa9f6fd
review_1231,division_55b19b36aa7567f7ecbf
review_1232,division_55b19b36aa7567f7ecbf
review_1233,division_dfe2db74975e0aa9f6fd
review_1234,division_55b19b36aa7567f7ecbf
review_1235,division_dfe2db74975e0aa9f6fd
review_1236,division_dfe2db74975e0aa9f6fd
review_1237,division_55b19b36aa7567f7ecbf
review_1238,division_55b19b36aa7567f7ecbf
review_1239,division_55b19b36aa7567f7ecbf
review_1240,division_dfe2db74975e0aa9f6fd
review_1241,division_55b19b36aa7567f7ecbf
review_1242,division_dfe2db74975e0aa9f6fd
review_1243,division_dfe2db74975e0aa9f6fd
review_1244,division_dfe2db74975e0aa9f6fd
review_1245,division_55b19b36aa7567f7ecbf
review_1246,division_55b19b36aa7567f7ecbf
review_1247,division_55b19b36aa7567f7ecbf
review_1248,division_55b19b36aa7567f7ecbf
review_1249,division_dfe2db74975e0aa9f6fd
review_1250,division_55b19b36aa7567f7ecbf
review_1251,division_55b19b36aa7567f7ecbf
review_1252,division_55b19b36aa7567f7ecbf
review_1253,division_55b19b36aa7567f7ecbf
review_1254,division_55b19b36aa7567f7ecbf
review_1255,division_dfe2db74975e0aa9f6fd
review_1256,division_dfe2db74975e0aa9f6fd
review_1257,division_55b19b36aa7567f7ecbf
review_1258,division_55b19b36aa7567f7ecbf
review_1259,division_dfe2db74975e0aa9f6fd
review_1260,division_55b19b36aa7567f7ecbf
review_1261,division_dfe2db74975e0aa9f6fd
review_1262,division_dfe2db74975e0aa9f6fd
review_1263,division_dfe2db74975e0aa9f6fd
review_1264,division_55b19b36aa7567f7ecbf
review_1265,division_dfe2db74975e0aa9f6fd
review_1266,division_dfe2db74975e0aa9f6fd
review_1267,division_dfe2db74975e0aa9f6fd
review_1268,division_dfe2db74975e0aa9f6fd
review_1269,division_dfe2db74975e0aa9f6fd
review_1270,division_dfe2db74975e0aa9f6fd
review_1271,division_dfe2db74975e0aa9f6fd
review_1272,division_dfe2db74975e0aa9f6fd
review_1273,division_dfe2db74975e0aa9f6fd
review_1274,division_dfe2db74975e0aa9f6fd
review_1275,division_dfe2db74975e0aa9f6fd
review_1276,division_dfe2db74975e0aa9f6fd
review_1277,division_dfe2db74975e0aa9f6fd
review_1278,division_dfe2db74975e0aa9f6fd
review_1279,division_dfe2db74975e0aa9f6fd
review_1280,division_55b19b36aa7567f7ecbf
review_1281,division_dfe2db74975e0aa9f6fd
review_1282,division_dfe2db74975e0aa9f6fd
review_1283,division_dfe2db74975e0aa9f6fd
review_1284,division_dfe2db74975e0aa9f6fd
review_1285,division_dfe2db74975e0aa9f6fd
review_1286,division_dfe2db74975e0aa9f6fd
review_1287,division_dfe2db74975e0aa9f6fd
review_1288,division_dfe2db74975e0aa9f6fd
review_1289,division_dfe2db74975e0aa9f6fd
review_1290,division_dfe2db74975e0aa9f6fd
review_1291,division_dfe2db74975e0aa9f6fd
review_1292,division_dfe2db74975e0aa9f6fd
review_1293,division_dfe2db74975e0aa9f6fd
review_1294,division_dfe2db74975e0aa9f6fd
review_1295,division_dfe2db74975e0aa9f6fd
review_1296,division_dfe2db74975e0aa9f6fd
review_1297,division_dfe2db74975e0aa9f6fd
review_1298,division_dfe2db74975e0aa9f6fd
review_1299,division_55b19b36aa7567f7ecbf
review_1300,division_dfe2db74975e0aa9f6fd
review_1301,division_dfe2db74975e0aa9f6fd
review_1302,division_dfe2db74975e0aa9f6fd
review_1303,division_dfe2db74975e0aa9f6fd
review_1304,division_dfe2db74975e0aa9f6fd
review_1305,division_dfe2db74975e0aa9f6fd
review_1306,division_dfe2db74975e0aa9f6fd
review_1307,division_dfe2db74975e0aa9f6fd
review_1308,division_dfe2db74975e0aa9f6fd
review_1309,division_55b19b36aa7567f7ecbf
review_1310,division_dfe2db74975e0aa9f6fd
review_1311,division_dfe2db74975e0aa9f6fd
review_1312,division_dfe2db74975e0aa9f6fd
review_1313,division_dfe2db74975e0aa9f6fd
review_1314,division_dfe2db74975e0aa9f6fd
review_1315,division_dfe2db74975e0aa9f6fd
review_1316,division_dfe2db74975e0aa9f6fd
review_1317,division_dfe2db74975e0aa9f6fd
review_1318,division_dfe2db74975e0aa9f6fd
review_1319,division_dfe2db74975e0aa9f6fd
review_1320,division_dfe2db74975e0aa9f6fd
review_1321,division_dfe2db74975e0aa9f6fd
review_1322,division_dfe2db74975e0aa9f6fd
review_1323,division_dfe2db74975e0aa9f6fd
review_1324,division_dfe2db74975e0aa9f6fd
review_1325,division_dfe2db74975e0aa9f6fd
review_1326,division_dfe2db74975e0aa9f6fd
review_1327,division_dfe2db74975e0aa9f6fd
review_1328,division_dfe2db74975e0aa9f6fd
review_1329,division_dfe2db74975e0aa9f6fd
review_1330,division_dfe2db74975e0aa9f6fd
review_1331,division_dfe2db74975e0aa9f6fd
review_1332,division_dfe2db74975e0aa9f6fd
review_1333,division_dfe2db74975e0aa9f6fd
review_1334,division_dfe2db74975e0aa9f6fd
review_1335,division_dfe2db74975e0aa9f6fd
review_1336,division_55b19b36aa7567f7ecbf
review_1337,division_dfe2db74975e0aa9f6fd
review_1338,division_dfe2db74975e0aa9f6fd
review_1339,division_dfe2db74975e0aa9f6fd
review_1340,division_dfe2db74975e0aa9f6fd
review_1341,division_dfe2db74975e0aa9f6fd
review_1342,division_dfe2db74975e0aa9f6fd
review_1343,division_df561e6f16d9f3e64a28
review_1344,division_dfe2db74975e0aa9f6fd
review_1345,division_dfe2db74975e0aa9f6fd
review_1346,division_dfe2db74975e0aa9f6fd
review_1347,division_dfe2db74975e0aa9f6fd
review_1348,division_dfe2db74975e0aa9f6fd
review_1349,division_dfe2db74975e0aa9f6fd
review_1350,division_dfe2db74975e0aa9f6fd
review_1351,division_dfe2db74975e0aa9f6fd
review_1352,division_dfe2db74975e0aa9f6fd
review_1353,division_dfe2db74975e0aa9f6fd
review_1354,division_dfe2db74975e0aa9f6fd
review_1355,division_dfe2db74975e0aa9f6fd
review_1356,division_dfe2db74975e0aa9f6fd
review_1357,division_55b19b36aa7567f7ecbf
review_1358,division_dfe2db74975e0aa9f6fd
review_1359,division_55b19b36aa7567f7ecbf
review_1360,division_dfe2db74975e0aa9f6fd
review_1361,division_dfe2db74975e0aa9f6fd
review_1362,division_dfe2db74975e0aa9f6fd
review_1363,division_dfe2db74975e0aa9f6fd
review_1364,division_dfe2db74975e0aa9f6fd
review_1365,division_55b19b36aa7567f7ecbf
review_1366,division_dfe2db74975e0aa9f6fd
review_1367,division_dfe2db74975e0aa9f6fd
review_1368,division_dfe2db74975e0aa9f6fd
review_1369,division_dfe2db74975e0aa9f6fd
review_1370,division_dfe2db74975e0aa9f6fd
review_1371,division_dfe2db74975e0aa9f6fd
review_1372,division_dfe2db74975e0aa9f6fd
review_1373,division_dfe2db74975e0aa9f6fd
review_1374,division_dfe2db74975e0aa9f6fd
review_1375,division_dfe2db74975e0aa9f6fd
review_1376,division_dfe2db74975e0aa9f6fd
review_1377,division_dfe2db74975e0aa9f6fd
review_1378,division_dfe2db74975e0aa9f6fd
review_1379,division_dfe2db74975e0aa9f6fd
review_1380,division_dfe2db74975e0aa9f6fd
review_1381,division_dfe2db74975e0aa9f6fd
review_1382,division_55b19b36aa7567f7ecbf
review_1383,division_55b19b36aa7567f7ecbf
review_1384,division_dfe2db74975e0aa9f6fd
review_1385,division_dfe2db74975e0aa9f6fd
review_1386,division_dfe2db74975e0aa9f6fd
review_1387,division_55b19b36aa7567f7ecbf
review_1388,division_55b19b36aa7567f7ecbf
review_1389,division_dfe2db74975e0aa9f6fd
review_1390,division_55b19b36aa7567f7ecbf
review_1391,division_dfe2db74975e0aa9f6fd
review_1392,division_55b19b36aa7567f7ecbf
review_1393,division_dfe2db74975e0aa9f6fd
review_1394,division_55b19b36aa7567f7ecbf
review_1395,division_dfe2db74975e0aa9f6fd
review_1396,division_55b19b36aa7567f7ecbf
review_1397,division_dfe2db74975e0aa9f6fd
review_1398,division_dfe2db74975e0aa9f6fd
review_1399,division_dfe2db74975e0aa9f6fd
review_1400,division_dfe2db74975e0aa9f6fd
review_1401,division_dfe2db74975e0aa9f6fd
review_1402,division_dfe2db74975e0aa9f6fd
review_1403,division_dfe2db74975e0aa9f6fd
review_1404,division_dfe2db74975e0aa9f6fd
review_1405,division_dfe2db74975e0aa9f6fd
review_1406,division_55b19b36aa7567f7ecbf
review_1407,division_dfe2db74975e0aa9f6fd
review_1408,division_df561e6f16d9f3e64a28
review_1409,division_dfe2db74975e0aa9f6fd
review_1410,division_dfe2db74975e0aa9f6fd
review_1411,division_dfe2db74975e0aa9f6fd
review_1412,division_df561e6f16d9f3e64a28
review_1413,division_55b19b36aa7567f7ecbf
review_1414,division_dfe2db74975e0aa9f6fd
review_1415,division_df561e6f16d9f3e64a28
review_1416,division_dfe2db74975e0aa9f6fd
review_1417,division_dfe2db74975e0aa9f6fd
review_1418,division_55b19b36aa7567f7ecbf
review_1419,division_dfe2db74975e0aa9f6fd
review_1420,division_dfe2db74975e0aa9f6fd
review_1421,division_dfe2db74975e0aa9f6fd
review_1422,division_55b19b36aa7567f7ecbf
review_1423,division_55b19b36aa7567f7ecbf
review_1424,division_55b19b36aa7567f7ecbf
review_1425,division_55b19b36aa7567f7ecbf
review_1426,division_dfe2db74975e0aa9f6fd
review_1427,division_55b19b36aa7567f7ecbf
review_1428,division_dfe2db74975e0aa9f6fd
review_1429,division_55b19b36aa7567f7ecbf
review_1430,division_df561e6f16d9f3e64a28
review_1431,division_55b19b36aa7567f7ecbf
review_1432,division_dfe2db74975e0aa9f6fd
review_1433,division_dfe2db74975e0aa9f6fd
review_1434,division_dfe2db74975e0aa9f6fd
review_1435,division_dfe2db74975e0aa9f6fd
review_1436,division_df561e6f16d9f3e64a28
review_1437,division_55b19b36aa7567f7ecbf
review_1438,division_55b19b36aa7567f7ecbf
review_1439,division_55b19b36aa7567f7ecbf
review_1440,division_dfe2db74975e0aa9f6fd
review_1441,division_55b19b36aa7567f7ecbf
review_1442,division_55b19b36aa7567f7ecbf
review_1443,division_dfe2db74975e0aa9f6fd
review_1444,division_dfe2db74975e0aa9f6fd
review_1445,division_dfe2db74975e0aa9f6fd
review_1446,division_dfe2db74975e0aa9f6fd
review_1447,division_dfe2db74975e0aa9f6fd
review_1448,division_dfe2db74975e0aa9f6fd
review_1449,division_df561e6f16d9f3e64a28
review_1450,division_dfe2db74975e0aa9f6fd
review_1451,division_55b19b36aa7567f7ecbf
review_1452,division_df561e6f16d9f3e64a28
review_1453,division_dfe2db74975e0aa9f6fd
review_1454,division_df561e6f16d9f3e64a28
review_1455,division_55b19b36aa7567f7ecbf
review_1456,division_df561e6f16d9f3e64a28
review_1457,division_df561e6f16d9f3e64a28
review_1458,division_dfe2db74975e0aa9f6fd
review_1459,division_dfe2db74975e0aa9f6fd
review_1460,division_dfe2db74975e0aa9f6fd
review_1461,division_dfe2db74975e0aa9f6fd
review_1462,division_df561e6f16d9f3e64a28
review_1463,division_dfe2db74975e0aa9f6fd
review_1464,division_df561e6f16d9f3e64a28
review_1465,division_dfe2db74975e0aa9f6fd
review_1466,division_dfe2db74975e0aa9f6fd
review_1467,division_dfe2db74975e0aa9f6fd
review_1468,division_df561e6f16d9f3e64a28
review_1469,division_dfe2db74975e0aa9f6fd
review_1470,division_dfe2db74975e0aa9f6fd
review_1471,division_55b19b36aa7567f7ecbf
review_1472,division_dfe2db74975e0aa9f6fd
review_1473,division_dfe2db74975e0aa9f6fd
review_1474,division_dfe2db74975e0aa9f6fd
review_1475,division_dfe2db74975e0aa9f6fd
review_1476,division_dfe2db74975e0aa9f6fd
review_1477,division_55b19b36aa7567f7ecbf
review_1478,division_dfe2db74975e0aa9f6fd
review_1479,division_dfe2db74975e0aa9f6fd
review_1480,division_dfe2db74975e0aa9f6fd
review_1481,division_dfe2db74975e0aa9f6fd
review_1482,division_dfe2db74975e0aa9f6fd
review_1483,division_dfe2db74975e0aa9f6fd
review_1484,division_dfe2db74975e0aa9f6fd
review_1485,division_55b19b36aa7567f7ecbf
review_1486,division_55b19b36aa7567f7ecbf
review_1487,division_dfe2db74975e0aa9f6fd
review_1488,division_dfe2db74975e0aa9f6fd
review_1489,division_55b19b36aa7567f7ecbf
review_1490,division_dfe2db74975e0aa9f6fd
review_1491,division_dfe2db74975e0aa9f6fd
review_1492,division_dfe2db74975e0aa9f6fd
review_1493,division_dfe2db74975e0aa9f6fd
review_1494,division_dfe2db74975e0aa9f6fd
review_1495,division_55b19b36aa7567f7ecbf
review_1496,division_dfe2db74975e0aa9f6fd
review_1497,division_dfe2db74975e0aa9f6fd
review_1498,division_55b19b36aa7567f7ecbf
review_1499,division_55b19b36aa7567f7ecbf
review_1500,division_dfe2db74975e0aa9f6fd
review_1501,division_dfe2db74975e0aa9f6fd
review_1502,division_dfe2db74975e0aa9f6fd
review_1503,division_dfe2db74975e0aa9f6fd
review_1504,division_dfe2db74975e0aa9f6fd
review_1505,division_55b19b36aa7567f7ecbf
review_1506,division_55b19b36aa7567f7ecbf
review_1507,division_55b19b36aa7567f7ecbf
review_1508,division_dfe2db74975e0aa9f6fd
review_1509,division_55b19b36aa7567f7ecbf
review_1510,division_55b19b36aa7567f7ecbf
review_1511,division_dfe2db74975e0aa9f6fd
review_1512,division_55b19b36aa7567f7ecbf
review_1513,division_dfe2db74975e0aa9f6fd
review_1514,division_dfe2db74975e0aa9f6fd
review_1515,division_dfe2db74975e0aa9f6fd
review_1516,division_dfe2db74975e0aa9f6fd
review_1517,division_dfe2db74975e0aa9f6fd
review_1518,division_55b19b36aa7567f7ecbf
review_1519,division_dfe2db74975e0aa9f6fd
review_1520,division_dfe2db74975e0aa9f6fd
review_1521,division_dfe2db74975e0aa9f6fd
review_1522,division_df561e6f16d9f3e64a28
review_1523,division_dfe2db74975e0aa9f6fd
review_1524,division_dfe2db74975e0aa9f6fd
review_1525,division_dfe2db74975e0aa9f6fd
review_1526,division_dfe2db74975e0aa9f6fd
review_1527,division_dfe2db74975e0aa9f6fd
review_1528,division_dfe2db74975e0aa9f6fd
review_1529,division_55b19b36aa7567f7ecbf
review_1530,division_55b19b36aa7567f7ecbf
review_1531,division_dfe2db74975e0aa9f6fd
review_1532,division_55b19b36aa7567f7ecbf
review_1533,division_dfe2db74975e0aa9f6fd
review_1534,division_dfe2db74975e0aa9f6fd
review_1535,division_55b19b36aa7567f7ecbf
review_1536,division_dfe2db74975e0aa9f6fd
review_1537,division_dfe2db74975e0aa9f6fd
review_1538,division_dfe2db74975e0aa9f6fd
review_1539,division_dfe2db74975e0aa9f6fd
review_1540,division_dfe2db74975e0aa9f6fd
review_1541,division_df561e6f16d9f3e64a28
review_1542,division_55b19b36aa7567f7ecbf
review_1543,division_dfe2db74975e0aa9f6fd
review_1544,division_dfe2db74975e0aa9f6fd
review_1545,division_dfe2db74975e0aa9f6fd
review_1546,division_dfe2db74975e0aa9f6fd
review_1547,division_55b19b36aa7567f7ecbf
review_1548,division_dfe2db74975e0aa9f6fd
review_1549,division_55b19b36aa7567f7ecbf
review_1550,division_55b19b36aa7567f7ecbf
review_1551,division_dfe2db74975e0aa9f6fd
review_1552,division_dfe2db74975e0aa9f6fd
review_1553,division_dfe2db74975e0aa9f6fd
review_1554,division_55b19b36aa7567f7ecbf
review_1555,division_dfe2db74975e0aa9f6fd
review_1556,division_dfe2db74975e0aa9f6fd
review_1557,division_dfe2db74975e0aa9f6fd
review_1558,division_dfe2db74975e0aa9f6fd
review_1559,division_55b19b36aa7567f7ecbf
review_1560,division_dfe2db74975e0aa9f6fd
review_1561,division_dfe2db74975e0aa9f6fd
review_1562,division_dfe2db74975e0aa9f6fd
review_1563,division_55b19b36aa7567f7ecbf
review_1564,division_dfe2db74975e0aa9f6fd
review_1565,division_dfe2db74975e0aa9f6fd
review_1566,division_55b19b36aa7567f7ecbf
review_1567,division_dfe2db74975e0aa9f6fd
review_1568,division_dfe2db74975e0aa9f6fd
review_1569,division_55b19b36aa7567f7ecbf
review_1570,division_dfe2db74975e0aa9f6fd
review_1571,division_55b19b36aa7567f7ecbf
review_1572,division_dfe2db74975e0aa9f6fd
review_1573,division_dfe2db74975e0aa9f6fd
review_1574,division_dfe2db74975e0aa9f6fd
review_1575,division_dfe2db74975e0aa9f6fd
review_1576,division_dfe2db74975e0aa9f6fd
review_1577,division_dfe2db74975e0aa9f6fd
review_1578,division_55b19b36aa7567f7ecbf
review_1579,division_dfe2db74975e0aa9f6fd
review_1580,division_55b19b36aa7567f7ecbf
review_1581,division_dfe2db74975e0aa9f6fd
review_1582,division_dfe2db74975e0aa9f6fd
review_1583,division_55b19b36aa7567f7ecbf
review_1584,division_dfe2db74975e0aa9f6fd
review_1585,division_dfe2db74975e0aa9f6fd
review_1586,division_dfe2db74975e0aa9f6fd
review_1587,division_55b19b36aa7567f7ecbf
review_1588,division_dfe2db74975e0aa9f6fd
review_1589,division_55b19b36aa7567f7ecbf
review_1590,division_dfe2db74975e0aa9f6fd
review_1591,division_df561e6f16d9f3e64a28
review_1592,division_dfe2db74975e0aa9f6fd
review_1593,division_55b19b36aa7567f7ecbf
review_1594,division_dfe2db74975e0aa9f6fd
review_1595,division_df561e6f16d9f3e64a28
review_1596,division_55b19b36aa7567f7ecbf
review_1597,division_55b19b36aa7567f7ecbf
review_1598,division_dfe2db74975e0aa9f6fd
review_1599,division_55b19b36aa7567f7ecbf
review_1600,division_55b19b36aa7567f7ecbf
review_1601,division_55b19b36aa7567f7ecbf
review_1602,division_55b19b36aa7567f7ecbf
review_1603,division_55b19b36aa7567f7ecbf
review_1604,division_55b19b36aa7567f7ecbf
review_1605,division_55b19b36aa7567f7ecbf
review_1606,division_55b19b36aa7567f7ecbf
review_1607,division_dfe2db74975e0aa9f6fd
review_1608,division_55b19b36aa7567f7ecbf
review_1609,division_55b19b36aa7567f7ecbf
review_1610,division_55b19b36aa7567f7ecbf
review_1611,division_55b19b36aa7567f7ecbf
review_1612,division_55b19b36aa7567f7ecbf
review_1613,division_dfe2db74975e0aa9f6fd
review_1614,division_dfe2db74975e0aa9f6fd
review_1615,division_55b19b36aa7567f7ecbf
review_1616,division_dfe2db74975e0aa9f6fd
review_1617,division_55b19b36aa7567f7ecbf
review_1618,division_dfe2db74975e0aa9f6fd
review_1619,division_55b19b36aa7567f7ecbf
review_1620,division_55b19b36aa7567f7ecbf
review_1621,division_dfe2db74975e0aa9f6fd
review_1622,division_dfe2db74975e0aa9f6fd
review_1623,division_dfe2db74975e0aa9f6fd
review_1624,division_dfe2db74975e0aa9f6fd
review_1625,division_55b19b36aa7567f7ecbf
review_1626,division_55b19b36aa7567f7ecbf
review_1627,division_dfe2db74975e0aa9f6fd
review_1628,division_dfe2db74975e0aa9f6fd
review_1629,division_55b19b36aa7567f7ecbf
review_1630,division_dfe2db74975e0aa9f6fd
review_1631,division_55b19b36aa7567f7ecbf
review_1632,division_55b19b36aa7567f7ecbf
review_1633,division_55b19b36aa7567f7ecbf
review_1634,division_55b19b36aa7567f7ecbf
review_1635,division_dfe2db74975e0aa9f6fd
review_1636,division_dfe2db74975e0aa9f6fd
review_1637,division_55b19b36aa7567f7ecbf
review_1638,division_55b19b36aa7567f7ecbf
review_1639,division_dfe2db74975e0aa9f6fd
review_1640,division_55b19b36aa7567f7ecbf
review_1641,division_dfe2db74975e0aa9f6fd
review_1642,division_dfe2db74975e0aa9f6fd
review_1643,division_dfe2db74975e0aa9f6fd
review_1644,division_dfe2db74975e0aa9f6fd
review_1645,division_dfe2db74975e0aa9f6fd
review_1646,division_55b19b36aa7567f7ecbf
review_1647,division_dfe2db74975e0aa9f6fd
review_1648,division_55b19b36aa7567f7ecbf
review_1649,division_55b19b36aa7567f7ecbf
review_1650,division_dfe2db74975e0aa9f6fd
review_1651,division_55b19b36aa7567f7ecbf
review_1652,division_55b19b36aa7567f7ecbf
review_1653,division_55b19b36aa7567f7ecbf
review_1654,division_df561e6f16d9f3e64a28
review_1655,division_dfe2db74975e0aa9f6fd
review_1656,division_dfe2db74975e0aa9f6fd
review_1657,division_dfe2db74975e0aa9f6fd
review_1658,division_55b19b36aa7567f7ecbf
review_1659,division_dfe2db74975e0aa9f6fd
review_1660,division_dfe2db74975e0aa9f6fd
review_1661,division_55b19b36aa7567f7ecbf
review_1662,division_55b19b36aa7567f7ecbf
review_1663,division_55b19b36aa7567f7ecbf
review_1664,division_dfe2db74975e0aa9f6fd
review_1665,division_55b19b36aa7567f7ecbf
review_1666,division_55b19b36aa7567f7ecbf
review_1667,division_dfe2db74975e0aa9f6fd
review_1668,division_dfe2db74975e0aa9f6fd
review_1669,division_dfe2db74975e0aa9f6fd
review_1670,division_55b19b36aa7567f7ecbf
review_1671,division_dfe2db74975e0aa9f6fd
review_1672,division_dfe2db74975e0aa9f6fd
review_1673,division_dfe2db74975e0aa9f6fd
review_1674,division_55b19b36aa7567f7ecbf
review_1675,division_55b19b36aa7567f7ecbf
review_1676,division_55b19b36aa7567f7ecbf
review_1677,division_dfe2db74975e0aa9f6fd
review_1678,division_dfe2db74975e0aa9f6fd
review_1679,division_55b19b36aa7567f7ecbf
review_1680,division_df561e6f16d9f3e64a28
review_1681,division_55b19b36aa7567f7ecbf
review_1682,division_55b19b36aa7567f7ecbf
review_1683,division_55b19b36aa7567f7ecbf
review_1684,division_dfe2db74975e0aa9f6fd
review_1685,division_55b19b36aa7567f7ecbf
review_1686,division_df561e6f16d9f3e64a28
review_1687,division_dfe2db74975e0aa9f6fd
review_1688,division_dfe2db74975e0aa9f6fd
review_1689,division_55b19b36aa7567f7ecbf
review_1690,division_dfe2db74975e0aa9f6fd
review_1691,division_df561e6f16d9f3e64a28
review_1692,division_55b19b36aa7567f7ecbf
review_1693,division_dfe2db74975e0aa9f6fd
review_1694,division_55b19b36aa7567f7ecbf
review_1695,division_dfe2db74975e0aa9f6fd
review_1696,division_55b19b36aa7567f7ecbf
review_1697,division_dfe2db74975e0aa9f6fd
review_1698,division_55b19b36aa7567f7ecbf
review_1699,division_dfe2db74975e0aa9f6fd
review_1700,division_55b19b36aa7567f7ecbf
review_1701,division_df561e6f16d9f3e64a28
review_1702,division_55b19b36aa7567f7ecbf
review_1703,division_55b19b36aa7567f7ecbf
review_1704,division_55b19b36aa7567f7ecbf
review_1705,division_dfe2db74975e0aa9f6fd
review_1706,division_55b19b36aa7567f7ecbf
review_1707,division_dfe2db74975e0aa9f6fd
review_1708,division_55b19b36aa7567f7ecbf
review_1709,division_55b19b36aa7567f7ecbf
review_1710,division_df561e6f16d9f3e64a28
review_1711,division_dfe2db74975e0aa9f6fd
review_1712,division_55b19b36aa7567f7ecbf
review_1713,division_55b19b36aa7567f7ecbf
review_1714,division_dfe2db74975e0aa9f6fd
review_1715,division_df561e6f16d9f3e64a28
review_1716,division_55b19b36aa7567f7ecbf
review_1717,division_55b19b36aa7567f7ecbf
review_1718,division_55b19b36aa7567f7ecbf
review_1719,division_55b19b36aa7567f7ecbf
review_1720,division_dfe2db74975e0aa9f6fd
review_1721,division_df561e6f16d9f3e64a28
review_1722,division_dfe2db74975e0aa9f6fd
review_1723,division_df561e6f16d9f3e64a28
review_1724,division_dfe2db74975e0aa9f6fd
review_1725,division_dfe2db74975e0aa9f6fd
review_1726,division_55b19b36aa7567f7ecbf
review_1727,division_55b19b36aa7567f7ecbf
review_1728,division_df561e6f16d9f3e64a28
review_1729,division_55b19b36aa7567f7ecbf
review_1730,division_dfe2db74975e0aa9f6fd
review_1731,division_dfe2db74975e0aa9f6fd
review_1732,division_dfe2db74975e0aa9f6fd
review_1733,division_55b19b36aa7567f7ecbf
review_1734,division_dfe2db74975e0aa9f6fd
review_1735,division_55b19b36aa7567f7ecbf
review_1736,division_dfe2db74975e0aa9f6fd
review_1737,division_dfe2db74975e0aa9f6fd
review_1738,division_55b19b36aa7567f7ecbf
review_1739,division_55b19b36aa7567f7ecbf
review_1740,division_55b19b36aa7567f7ecbf
review_1741,division_55b19b36aa7567f7ecbf
review_1742,division_df561e6f16d9f3e64a28
review_1743,division_dfe2db74975e0aa9f6fd
review_1744,division_55b19b36aa7567f7ecbf
review_1745,division_dfe2db74975e0aa9f6fd
review_1746,division_55b19b36aa7567f7ecbf
review_1747,division_df561e6f16d9f3e64a28
review_1748,division_55b19b36aa7567f7ecbf
review_1749,division_55b19b36aa7567f7ecbf
review_1750,division_dfe2db74975e0aa9f6fd
review_1751,division_55b19b36aa7567f7ecbf
review_1752,division_55b19b36aa7567f7ecbf
review_1753,division_dfe2db74975e0aa9f6fd
review_1754,division_55b19b36aa7567f7ecbf
review_1755,division_55b19b36aa7567f7ecbf
review_1756,division_55b19b36aa7567f7ecbf
review_1757,division_55b19b36aa7567f7ecbf
review_1758,division_dfe2db74975e0aa9f6fd
review_1759,division_dfe2db74975e0aa9f6fd
review_1760,division_55b19b36aa7567f7ecbf
review_1761,division_55b19b36aa7567f7ecbf
review_1762,division_dfe2db74975e0aa9f6fd
review_1763,division_55b19b36aa7567f7ecbf
review_1764,division_dfe2db74975e0aa9f6fd
review_1765,division_55b19b36aa7567f7ecbf
review_1766,division_55b19b36aa7567f7ecbf
review_1767,division_55b19b36aa7567f7ecbf
review_1768,division_55b19b36aa7567f7ecbf
review_1769,division_dfe2db74975e0aa9f6fd
review_1770,division_dfe2db74975e0aa9f6fd
review_1771,division_dfe2db74975e0aa9f6fd
review_1772,division_55b19b36aa7567f7ecbf
review_1773,division_55b19b36aa7567f7ecbf
review_1774,division_55b19b36aa7567f7ecbf
review_1775,division_dfe2db74975e0aa9f6fd
review_1776,division_55b19b36aa7567f7ecbf
review_1777,division_55b19b36aa7567f7ecbf
review_1778,division_55b19b36aa7567f7ecbf
review_1779,division_55b19b36aa7567f7ecbf
review_1780,division_dfe2db74975e0aa9f6fd
review_1781,division_dfe2db74975e0aa9f6fd
review_1782,division_55b19b36aa7567f7ecbf
review_1783,division_55b19b36aa7567f7ecbf
review_1784,division_55b19b36aa7567f7ecbf
review_1785,division_55b19b36aa7567f7ecbf
review_1786,division_dfe2db74975e0aa9f6fd
review_1787,division_dfe2db74975e0aa9f6fd
review_1788,division_55b19b36aa7567f7ecbf
review_1789,division_55b19b36aa7567f7ecbf
review_1790,division_55b19b36aa7567f7ecbf
review_1791,division_55b19b36aa7567f7ecbf
review_1792,division_55b19b36aa7567f7ecbf
review_1793,division_dfe2db74975e0aa9f6fd
review_1794,division_55b19b36aa7567f7ecbf
review_1795,division_55b19b36aa7567f7ecbf
review_1796,division_55b19b36aa7567f7ecbf
review_1797,division_dfe2db74975e0aa9f6fd
review_1798,division_55b19b36aa7567f7ecbf
review_1799,division_55b19b36aa7567f7ecbf
review_1800,division_dfe2db74975e0aa9f6fd
review_1801,division_55b19b36aa7567f7ecbf
review_1802,division_dfe2db74975e0aa9f6fd
review_1803,division_dfe2db74975e0aa9f6fd
review_1804,division_55b19b36aa7567f7ecbf
review_1805,division_dfe2db74975e0aa9f6fd
review_1806,division_dfe2db74975e0aa9f6fd
review_1807,division_55b19b36aa7567f7ecbf
review_1808,division_dfe2db74975e0aa9f6fd
review_1809,division_dfe2db74975e0aa9f6fd
review_1810,division_dfe2db74975e0aa9f6fd
review_1811,division_55b19b36aa7567f7ecbf
review_1812,division_dfe2db74975e0aa9f6fd
review_1813,division_55b19b36aa7567f7ecbf
review_1814,division_55b19b36aa7567f7ecbf
review_1815,division_dfe2db74975e0aa9f6fd
review_1816,division_dfe2db74975e0aa9f6fd
review_1817,division_55b19b36aa7567f7ecbf
review_1818,division_55b19b36aa7567f7ecbf
review_1819,division_55b19b36aa7567f7ecbf
review_1820,division_dfe2db74975e0aa9f6fd
review_1821,division_dfe2db74975e0aa9f6fd
review_1822,division_dfe2db74975e0aa9f6fd
review_1823,division_55b19b36aa7567f7ecbf
review_1824,division_dfe2db74975e0aa9f6fd
review_1825,division_dfe2db74975e0aa9f6fd
review_1826,division_dfe2db74975e0aa9f6fd
review_1827,division_55b19b36aa7567f7ecbf
review_1828,division_dfe2db74975e0aa9f6fd
review_1829,division_dfe2db74975e0aa9f6fd
review_1830,division_dfe2db74975e0aa9f6fd
review_1831,division_dfe2db74975e0aa9f6fd
review_1832,division_dfe2db74975e0aa9f6fd
review_1833,division_dfe2db74975e0aa9f6fd
review_1834,division_55b19b36aa7567f7ecbf
review_1835,division_55b19b36aa7567f7ecbf
review_1836,division_dfe2db74975e0aa9f6fd
review_1837,division_dfe2db74975e0aa9f6fd
review_1838,division_55b19b36aa7567f7ecbf
review_1839,division_dfe2db74975e0aa9f6fd
review_1840,division_55b19b36aa7567f7ecbf
review_1841,division_dfe2db74975e0aa9f6fd
review_1842,division_dfe2db74975e0aa9f6fd
review_1843,division_55b19b36aa7567f7ecbf
review_1844,division_dfe2db74975e0aa9f6fd
review_1845,division_55b19b36aa7567f7ecbf
review_1846,division_55b19b36aa7567f7ecbf
review_1847,division_dfe2db74975e0aa9f6fd
review_1848,division_dfe2db74975e0aa9f6fd
review_1849,division_dfe2db74975e0aa9f6fd
review_1850,division_dfe2db74975e0aa9f6fd
review_1851,division_dfe2db74975e0aa9f6fd
review_1852,division_55b19b36aa7567f7ecbf
review_1853,division_dfe2db74975e0aa9f6fd
review_1854,division_dfe2db74975e0aa9f6fd
review_1855,division_dfe2db74975e0aa9f6fd
review_1856,division_55b19b36aa7567f7ecbf
review_1857,division_dfe2db74975e0aa9f6fd
review_1858,division_dfe2db74975e0aa9f6fd
review_1859,division_dfe2db74975e0aa9f6fd
review_1860,division_dfe2db74975e0aa9f6fd
review_1861,division_55b19b36aa7567f7ecbf
review_1862,division_55b19b36aa7567f7ecbf
review_1863,division_dfe2db74975e0aa9f6fd
review_1864,division_dfe2db74975e0aa9f6fd
review_1865,division_dfe2db74975e0aa9f6fd
review_1866,division_dfe2db74975e0aa9f6fd
review_1867,division_dfe2db74975e0aa9f6fd
review_1868,division_dfe2db74975e0aa9f6fd
review_1869,division_dfe2db74975e0aa9f6fd
review_1870,division_dfe2db74975e0aa9f6fd
review_1871,division_dfe2db74975e0aa9f6fd
review_1872,division_dfe2db74975e0aa9f6fd
review_1873,division_dfe2db74975e0aa9f6fd
review_1874,division_dfe2db74975e0aa9f6fd
review_1875,division_dfe2db74975e0aa9f6fd
review_1876,division_dfe2db74975e0aa9f6fd
review_1877,division_dfe2db74975e0aa9f6fd
review_1878,division_dfe2db74975e0aa9f6fd
review_1879,division_55b19b36aa7567f7ecbf
review_1880,division_55b19b36aa7567f7ecbf
review_1881,division_dfe2db74975e0aa9f6fd
review_1882,division_df561e6f16d9f3e64a28
review_1883,division_55b19b36aa7567f7ecbf
review_1884,division_dfe2db74975e0aa9f6fd
review_1885,division_dfe2db74975e0aa9f6fd
review_1886,division_55b19b36aa7567f7ecbf
review_1887,division_55b19b36aa7567f7ecbf
review_1888,division_55b19b36aa7567f7ecbf
review_1889,division_dfe2db74975e0aa9f6fd
review_1890,division_dfe2db74975e0aa9f6fd
review_1891,division_dfe2db74975e0aa9f6fd
review_1892,division_dfe2db74975e0aa9f6fd
review_1893,division_dfe2db74975e0aa9f6fd
review_1894,division_dfe2db74975e0aa9f6fd
review_1895,division_dfe2db74975e0aa9f6fd
review_1896,division_55b19b36aa7567f7ecbf
review_1897,division_dfe2db74975e0aa9f6fd
review_1898,division_dfe2db74975e0aa9f6fd
review_1899,division_dfe2db74975e0aa9f6fd
review_1900,division_55b19b36aa7567f7ecbf
review_1901,division_55b19b36aa7567f7ecbf
review_1902,division_55b19b36aa7567f7ecbf
review_1903,division_dfe2db74975e0aa9f6fd
review_1904,division_dfe2db74975e0aa9f6fd
review_1905,division_dfe2db74975e0aa9f6fd
review_1906,division_dfe2db74975e0aa9f6fd
review_1907,division_55b19b36aa7567f7ecbf
review_1908,division_dfe2db74975e0aa9f6fd
review_1909,division_55b19b36aa7567f7ecbf
review_1910,division_dfe2db74975e0aa9f6fd
review_1911,division_df561e6f16d9f3e64a28
review_1912,division_55b19b36aa7567f7ecbf
review_1913,division_55b19b36aa7567f7ecbf
review_1914,division_55b19b36aa7567f7ecbf
review_1915,division_55b19b36aa7567f7ecbf
review_1916,division_55b19b36aa7567f7ecbf
review_1917,division_55b19b36aa7567f7ecbf
review_1918,division_55b19b36aa7567f7ecbf
review_1919,division_55b19b36aa7567f7ecbf
review_1920,division_dfe2db74975e0aa9f6fd
review_1921,division_55b19b36aa7567f7ecbf
review_1922,division_55b19b36aa7567f7ecbf
review_1923,division_dfe2db74975e0aa9f6fd
review_1924,division_55b19b36aa7567f7ecbf
review_1925,division_55b19b36aa7567f7ecbf
review_1926,division_55b19b36aa7567f7ecbf
review_1927,division_55b19b36aa7567f7ecbf
review_1928,division_dfe2db74975e0aa9f6fd
review_1929,division_55b19b36aa7567f7ecbf
review_1930,division_55b19b36aa7567f7ecbf
review_1931,division_dfe2db74975e0aa9f6fd
review_1932,division_dfe2db74975e0aa9f6fd
review_1933,division_55b19b36aa7567f7ecbf
review_1934,division_55b19b36aa7567f7ecbf
review_1935,division_55b19b36aa7567f7ecbf
review_1936,division_55b19b36aa7567f7ecbf
review_1937,division_dfe2db74975e0aa9f6fd
review_1938,division_dfe2db74975e0aa9f6fd
review_1939,division_55b19b36aa7567f7ecbf
review_1940,division_55b19b36aa7567f7ecbf
review_1941,division_dfe2db74975e0aa9f6fd
review_1942,division_55b19b36aa7567f7ecbf
review_1943,division_55b19b36aa7567f7ecbf
review_1944,division_55b19b36aa7567f7ecbf
review_1945,division_dfe2db74975e0aa9f6fd
review_1946,division_dfe2db74975e0aa9f6fd
review_1947,division_55b19b36aa7567f7ecbf
review_1948,division_55b19b36aa7567f7ecbf
review_1949,division_55b19b36aa7567f7ecbf
review_1950,division_df561e6f16d9f3e64a28
review_1951,division_dfe2db74975e0aa9f6fd
review_1952,division_dfe2db74975e0aa9f6fd
review_1953,division_55b19b36aa7567f7ecbf
review_1954,division_dfe2db74975e0aa9f6fd
review_1955,division_dfe2db74975e0aa9f6fd
review_1956,division_55b19b36aa7567f7ecbf
review_1957,division_df561e6f16d9f3e64a28
review_1958,division_55b19b36aa7567f7ecbf
review_1959,division_55b19b36aa7567f7ecbf
review_1960,division_dfe2db74975e0aa9f6fd
review_1961,division_55b19b36aa7567f7ecbf
review_1962,division_55b19b36aa7567f7ecbf
review_1963,division_55b19b36aa7567f7ecbf
review_1964,division_55b19b36aa7567f7ecbf
review_1965,division_dfe2db74975e0aa9f6fd
review_1966,division_55b19b36aa7567f7ecbf
review_1967,division_55b19b36aa7567f7ecbf
review_1968,division_55b19b36aa7567f7ecbf
review_1969,division_55b19b36aa7567f7ecbf
review_1970,division_55b19b36aa7567f7ecbf
review_1971,division_dfe2db74975e0aa9f6fd
review_1972,division_dfe2db74975e0aa9f6fd
review_1973,division_55b19b36aa7567f7ecbf
review_1974,division_55b19b36aa7567f7ecbf
review_1975,division_dfe2db74975e0aa9f6fd
review_1976,division_55b19b36aa7567f7ecbf
review_1977,division_dfe2db74975e0aa9f6fd
review_1978,division_df561e6f16d9f3e64a28
review_1979,division_df561e6f16d9f3e64a28
review_1980,division_df561e6f16d9f3e64a28
review_1981,division_55b19b36aa7567f7ecbf
review_1982,division_55b19b36aa7567f7ecbf
review_1983,division_dfe2db74975e0aa9f6fd
review_1984,division_dfe2db74975e0aa9f6fd
review_1985,division_dfe2db74975e0aa9f6fd
review_1986,division_55b19b36aa7567f7ecbf
review_1987,division_dfe2db74975e0aa9f6fd
review_1988,division_dfe2db74975e0aa9f6fd
review_1989,division_55b19b36aa7567f7ecbf
review_1990,division_dfe2db74975e0aa9f6fd
review_1991,division_dfe2db74975e0aa9f6fd
review_1992,division_dfe2db74975e0aa9f6fd
review_1993,division_dfe2db74975e0aa9f6fd
review_1994,division_dfe2db74975e0aa9f6fd
review_1995,division_dfe2db74975e0aa9f6fd
review_1996,division_55b19b36aa7567f7ecbf
review_1997,division_dfe2db74975e0aa9f6fd
review_1998,division_df561e6f16d9f3e64a28
review_1999,division_55b19b36aa7567f7ecbf
review_2000,division_55b19b36aa7567f7ecbf
review_2001,division_55b19b36aa7567f7ecbf
review_2002,division_dfe2db74975e0aa9f6fd
review_2003,division_dfe2db74975e0aa9f6fd
review_2004,division_55b19b36aa7567f7ecbf
review_2005,division_55b19b36aa7567f7ecbf
review_2006,division_dfe2db74975e0aa9f6fd
review_2007,division_55b19b36aa7567f7ecbf
review_2008,division_55b19b36aa7567f7ecbf
review_2009,division_df561e6f16d9f3e64a28
review_2010,division_55b19b36aa7567f7ecbf
review_2011,division_55b19b36aa7567f7ecbf
review_2012,division_55b19b36aa7567f7ecbf
review_2013,division_dfe2db74975e0aa9f6fd
review_2014,division_55b19b36aa7567f7ecbf
review_2015,division_dfe2db74975e0aa9f6fd
review_2016,division_55b19b36aa7567f7ecbf
review_2017,division_55b19b36aa7567f7ecbf
review_2018,division_dfe2db74975e0aa9f6fd
review_2019,division_55b19b36aa7567f7ecbf
review_2020,division_dfe2db74975e0aa9f6fd
review_2021,division_dfe2db74975e0aa9f6fd
review_2022,division_dfe2db74975e0aa9f6fd
review_2023,division_dfe2db74975e0aa9f6fd
review_2024,division_55b19b36aa7567f7ecbf
review_2025,division_dfe2db74975e0aa9f6fd
review_2026,division_55b19b36aa7567f7ecbf
review_2027,division_55b19b36aa7567f7ecbf
review_2028,division_55b19b36aa7567f7ecbf
review_2029,division_dfe2db74975e0aa9f6fd
review_2030,division_55b19b36aa7567f7ecbf
review_2031,division_55b19b36aa7567f7ecbf
review_2032,division_55b19b36aa7567f7ecbf
review_2033,division_dfe2db74975e0aa9f6fd
review_2034,division_dfe2db74975e0aa9f6fd
review_2035,division_55b19b36aa7567f7ecbf
review_2036,division_dfe2db74975e0aa9f6fd
review_2037,division_55b19b36aa7567f7ecbf
review_2038,division_dfe2db74975e0aa9f6fd
review_2039,division_dfe2db74975e0aa9f6fd
review_2040,division_dfe2db74975e0aa9f6fd
review_2041,division_dfe2db74975e0aa9f6fd
review_2042,division_dfe2db74975e0aa9f6fd
review_2043,division_dfe2db74975e0aa9f6fd
review_2044,division_55b19b36aa7567f7ecbf
review_2045,division_dfe2db74975e0aa9f6fd
review_2046,division_55b19b36aa7567f7ecbf
review_2047,division_dfe2db74975e0aa9f6fd
review_2048,division_55b19b36aa7567f7ecbf
review_2049,division_55b19b36aa7567f7ecbf
review_2050,division_55b19b36aa7567f7ecbf
review_2051,division_55b19b36aa7567f7ecbf
review_2052,division_55b19b36aa7567f7ecbf
review_2053,division_55b19b36aa7567f7ecbf
review_2054,division_55b19b36aa7567f7ecbf
review_2055,division_dfe2db74975e0aa9f6fd
review_2056,division_55b19b36aa7567f7ecbf
review_2057,division_dfe2db74975e0aa9f6fd
review_2058,division_dfe2db74975e0aa9f6fd
review_2059,division_55b19b36aa7567f7ecbf
review_2060,division_55b19b36aa7567f7ecbf
review_2061,division_dfe2db74975e0aa9f6fd
review_2062,division_dfe2db74975e0aa9f6fd
review_2063,division_55b19b36aa7567f7ecbf
review_2064,division_dfe2db74975e0aa9f6fd
review_2065,division_55b19b36aa7567f7ecbf
review_2066,division_55b19b36aa7567f7ecbf
review_2067,division_55b19b36aa7567f7ecbf
review_2068,division_55b19b36aa7567f7ecbf
review_2069,division_dfe2db74975e0aa9f6fd
review_2070,division_55b19b36aa7567f7ecbf
review_2071,division_dfe2db74975e0aa9f6fd
review_2072,division_55b19b36aa7567f7ecbf
review_2073,division_dfe2db74975e0aa9f6fd
review_2074,division_55b19b36aa7567f7ecbf
review_2075,division_55b19b36aa7567f7ecbf
review_2076,division_dfe2db74975e0aa9f6fd
review_2077,division_55b19b36aa7567f7ecbf
review_2078,division_55b19b36aa7567f7ecbf
review_2079,division_55b19b36aa7567f7ecbf
review_2080,division_55b19b36aa7567f7ecbf
review_2081,division_dfe2db74975e0aa9f6fd
review_2082,division_dfe2db74975e0aa9f6fd
review_2083,division_dfe2db74975e0aa9f6fd
review_2084,division_dfe2db74975e0aa9f6fd
review_2085,division_dfe2db74975e0aa9f6fd
review_2086,division_55b19b36aa7567f7ecbf
review_2087,division_55b19b36aa7567f7ecbf
review_2088,division_dfe2db74975e0aa9f6fd
review_2089,division_dfe2db74975e0aa9f6fd
review_2090,division_55b19b36aa7567f7ecbf
review_2091,division_dfe2db74975e0aa9f6fd
review_2092,division_55b19b36aa7567f7ecbf
review_2093,division_dfe2db74975e0aa9f6fd
review_2094,division_55b19b36aa7567f7ecbf
review_2095,division_55b19b36aa7567f7ecbf
review_2096,division_55b19b36aa7567f7ecbf
review_2097,division_55b19b36aa7567f7ecbf
review_2098,division_dfe2db74975e0aa9f6fd
review_2099,division_55b19b36aa7567f7ecbf
review_2100,division_dfe2db74975e0aa9f6fd
review_2101,division_55b19b36aa7567f7ecbf
review_2102,division_55b19b36aa7567f7ecbf
review_2103,division_dfe2db74975e0aa9f6fd
review_2104,division_dfe2db74975e0aa9f6fd
review_2105,division_dfe2db74975e0aa9f6fd
review_2106,division_55b19b36aa7567f7ecbf
review_2107,division_dfe2db74975e0aa9f6fd
review_2108,division_dfe2db74975e0aa9f6fd
review_2109,division_55b19b36aa7567f7ecbf
review_2110,division_dfe2db74975e0aa9f6fd
review_2111,division_dfe2db74975e0aa9f6fd
review_2112,division_dfe2db74975e0aa9f6fd
review_2113,division_dfe2db74975e0aa9f6fd
review_2114,division_55b19b36aa7567f7ecbf
review_2115,division_dfe2db74975e0aa9f6fd
review_2116,division_55b19b36aa7567f7ecbf
review_2117,division_55b19b36aa7567f7ecbf
review_2118,division_55b19b36aa7567f7ecbf
review_2119,division_dfe2db74975e0aa9f6fd
review_2120,division_55b19b36aa7567f7ecbf
review_2121,division_55b19b36aa7567f7ecbf
review_2122,division_dfe2db74975e0aa9f6fd
review_2123,division_55b19b36aa7567f7ecbf
review_2124,division_55b19b36aa7567f7ecbf
review_2125,division_55b19b36aa7567f7ecbf
review_2126,division_55b19b36aa7567f7ecbf
review_2127,division_55b19b36aa7567f7ecbf
review_2128,division_dfe2db74975e0aa9f6fd
review_2129,division_dfe2db74975e0aa9f6fd
review_2130,division_55b19b36aa7567f7ecbf
review_2131,division_dfe2db74975e0aa9f6fd
review_2132,division_55b19b36aa7567f7ecbf
review_2133,division_dfe2db74975e0aa9f6fd
review_2134,division_55b19b36aa7567f7ecbf
review_2135,division_dfe2db74975e0aa9f6fd
review_2136,division_dfe2db74975e0aa9f6fd
review_2137,division_55b19b36aa7567f7ecbf
review_2138,division_55b19b36aa7567f7ecbf
review_2139,division_55b19b36aa7567f7ecbf
review_2140,division_55b19b36aa7567f7ecbf
review_2141,division_55b19b36aa7567f7ecbf
review_2142,division_55b19b36aa7567f7ecbf
review_2143,division_55b19b36aa7567f7ecbf
review_2144,division_dfe2db74975e0aa9f6fd
review_2145,division_55b19b36aa7567f7ecbf
review_2146,division_55b19b36aa7567f7ecbf
review_2147,division_55b19b36aa7567f7ecbf
review_2148,division_55b19b36aa7567f7ecbf
review_2149,division_dfe2db74975e0aa9f6fd
review_2150,division_55b19b36aa7567f7ecbf
review_2151,division_dfe2db74975e0aa9f6fd
review_2152,division_dfe2db74975e0aa9f6fd
review_2153,division_55b19b36aa7567f7ecbf
review_2154,division_df561e6f16d9f3e64a28
review_2155,division_55b19b36aa7567f7ecbf
review_2156,division_55b19b36aa7567f7ecbf
review_2157,division_55b19b36aa7567f7ecbf
review_2158,division_dfe2db74975e0aa9f6fd
review_2159,division_55b19b36aa7567f7ecbf
review_2160,division_55b19b36aa7567f7ecbf
review_2161,division_55b19b36aa7567f7ecbf
review_2162,division_55b19b36aa7567f7ecbf
review_2163,division_dfe2db74975e0aa9f6fd
review_2164,division_55b19b36aa7567f7ecbf
review_2165,division_dfe2db74975e0aa9f6fd
review_2166,division_55b19b36aa7567f7ecbf
review_2167,division_dfe2db74975e0aa9f6fd
review_2168,division_55b19b36aa7567f7ecbf
review_2169,division_55b19b36aa7567f7ecbf
review_2170,division_dfe2db74975e0aa9f6fd
review_2171,division_55b19b36aa7567f7ecbf
review_2172,division_55b19b36aa7567f7ecbf
review_2173,division_dfe2db74975e0aa9f6fd
review_2174,division_55b19b36aa7567f7ecbf
review_2175,division_55b19b36aa7567f7ecbf
review_2176,division_55b19b36aa7567f7ecbf
review_2177,division_dfe2db74975e0aa9f6fd
review_2178,division_dfe2db74975e0aa9f6fd
review_2179,division_dfe2db74975e0aa9f6fd
review_2180,division_dfe2db74975e0aa9f6fd
review_2181,division_dfe2db74975e0aa9f6fd
review_2182,division_55b19b36aa7567f7ecbf
review_2183,division_dfe2db74975e0aa9f6fd
review_2184,division_55b19b36aa7567f7ecbf
review_2185,division_55b19b36aa7567f7ecbf
review_2186,division_dfe2db74975e0aa9f6fd
review_2187,division_55b19b36aa7567f7ecbf
review_2188,division_dfe2db74975e0aa9f6fd
review_2189,division_dfe2db74975e0aa9f6fd
review_2190,division_55b19b36aa7567f7ecbf
review_2191,division_dfe2db74975e0aa9f6fd
review_2192,division_55b19b36aa7567f7ecbf
review_2193,division_dfe2db74975e0aa9f6fd
review_2194,division_dfe2db74975e0aa9f6fd
review_2195,division_55b19b36aa7567f7ecbf
review_2196,division_55b19b36aa7567f7ecbf
review_2197,division_dfe2db74975e0aa9f6fd
review_2198,division_dfe2db74975e0aa9f6fd
review_2199,division_dfe2db74975e0aa9f6fd
review_2200,division_dfe2db74975e0aa9f6fd
review_2201,division_dfe2db74975e0aa9f6fd
review_2202,division_dfe2db74975e0aa9f6fd
review_2203,division_55b19b36aa7567f7ecbf
review_2204,division_dfe2db74975e0aa9f6fd
review_2205,division_55b19b36aa7567f7ecbf
review_2206,division_55b19b36aa7567f7ecbf
review_2207,division_dfe2db74975e0aa9f6fd
review_2208,division_55b19b36aa7567f7ecbf
review_2209,division_55b19b36aa7567f7ecbf
review_2210,division_dfe2db74975e0aa9f6fd
review_2211,division_55b19b36aa7567f7ecbf
review_2212,division_dfe2db74975e0aa9f6fd
review_2213,division_55b19b36aa7567f7ecbf
review_2214,division_55b19b36aa7567f7ecbf
review_2215,division_55b19b36aa7567f7ecbf
review_2216,division_dfe2db74975e0aa9f6fd
review_2217,division_55b19b36aa7567f7ecbf
review_2218,division_dfe2db74975e0aa9f6fd
review_2219,division_55b19b36aa7567f7ecbf
review_2220,division_dfe2db74975e0aa9f6fd
review_2221,division_dfe2db74975e0aa9f6fd
review_2222,division_dfe2db74975e0aa9f6fd
review_2223,division_55b19b36aa7567f7ecbf
review_2224,division_dfe2db74975e0aa9f6fd
review_2225,division_dfe2db74975e0aa9f6fd
review_2226,division_55b19b36aa7567f7ecbf
review_2227,division_55b19b36aa7567f7ecbf
review_2228,division_dfe2db74975e0aa9f6fd
review_2229,division_55b19b36aa7567f7ecbf
review_2230,division_55b19b36aa7567f7ecbf
review_2231,division_dfe2db74975e0aa9f6fd
review_2232,division_dfe2db74975e0aa9f6fd
review_2233,division_dfe2db74975e0aa9f6fd
review_2234,division_55b19b36aa7567f7ecbf
review_2235,division_55b19b36aa7567f7ecbf
review_2236,division_55b19b36aa7567f7ecbf
review_2237,division_55b19b36aa7567f7ecbf
review_2238,division_dfe2db74975e0aa9f6fd
review_2239,division_dfe2db74975e0aa9f6fd
review_2240,division_dfe2db74975e0aa9f6fd
review_2241,division_55b19b36aa7567f7ecbf
review_2242,division_55b19b36aa7567f7ecbf
review_2243,division_dfe2db74975e0aa9f6fd
review_2244,division_55b19b36aa7567f7ecbf
review_2245,division_dfe2db74975e0aa9f6fd
review_2246,division_dfe2db74975e0aa9f6fd
review_2247,division_55b19b36aa7567f7ecbf
review_2248,division_dfe2db74975e0aa9f6fd
review_2249,division_55b19b36aa7567f7ecbf
review_2250,division_dfe2db74975e0aa9f6fd
review_2251,division_55b19b36aa7567f7ecbf
review_2252,division_df561e6f16d9f3e64a28
review_2253,division_dfe2db74975e0aa9f6fd
review_2254,division_55b19b36aa7567f7ecbf
review_2255,division_dfe2db74975e0aa9f6fd
review_2256,division_df561e6f16d9f3e64a28
review_2257,division_df561e6f16d9f3e64a28
review_2258,division_dfe2db74975e0aa9f6fd
review_2259,division_dfe2db74975e0aa9f6fd
review_2260,division_dfe2db74975e0aa9f6fd
review_2261,division_55b19b36aa7567f7ecbf
review_2262,division_dfe2db74975e0aa9f6fd
review_2263,division_df561e6f16d9f3e64a28
review_2264,division_dfe2db74975e0aa9f6fd
review_2265,division_55b19b36aa7567f7ecbf
review_2266,division_df561e6f16d9f3e64a28
review_2267,division_df561e6f16d9f3e64a28
review_2268,division_df561e6f16d9f3e64a28
review_2269,division_dfe2db74975e0aa9f6fd
review_2270,division_df561e6f16d9f3e64a28
review_2271,division_dfe2db74975e0aa9f6fd
review_2272,division_df561e6f16d9f3e64a28
review_2273,division_df561e6f16d9f3e64a28
review_2274,division_dfe2db74975e0aa9f6fd
review_2275,division_dfe2db74975e0aa9f6fd
review_2276,division_df561e6f16d9f3e64a28
review_2277,division_55b19b36aa7567f7ecbf
review_2278,division_df561e6f16d9f3e64a28
review_2279,division_55b19b36aa7567f7ecbf
review_2280,division_dfe2db74975e0aa9f6fd
review_2281,division_dfe2db74975e0aa9f6fd
review_2282,division_55b19b36aa7567f7ecbf
review_2283,division_dfe2db74975e0aa9f6fd
review_2284,division_df561e6f16d9f3e64a28
review_2285,division_55b19b36aa7567f7ecbf
review_2286,division_dfe2db74975e0aa9f6fd
review_2287,division_55b19b36aa7567f7ecbf
review_2288,division_dfe2db74975e0aa9f6fd
review_2289,division_dfe2db74975e0aa9f6fd
review_2290,division_55b19b36aa7567f7ecbf
review_2291,division_55b19b36aa7567f7ecbf
review_2292,division_55b19b36aa7567f7ecbf
review_2293,division_55b19b36aa7567f7ecbf
review_2294,division_55b19b36aa7567f7ecbf
review_2295,division_dfe2db74975e0aa9f6fd
review_2296,division_55b19b36aa7567f7ecbf
review_2297,division_dfe2db74975e0aa9f6fd
review_2298,division_dfe2db74975e0aa9f6fd
review_2299,division_dfe2db74975e0aa9f6fd
review_2300,division_dfe2db74975e0aa9f6fd
review_2301,division_55b19b36aa7567f7ecbf
review_2302,division_55b19b36aa7567f7ecbf
review_2303,division_dfe2db74975e0aa9f6fd
review_2304,division_dfe2db74975e0aa9f6fd
review_2305,division_df561e6f16d9f3e64a28
review_2306,division_55b19b36aa7567f7ecbf
review_2307,division_dfe2db74975e0aa9f6fd
review_2308,division_55b19b36aa7567f7ecbf
review_2309,division_dfe2db74975e0aa9f6fd
review_2310,division_dfe2db74975e0aa9f6fd
review_2311,division_dfe2db74975e0aa9f6fd
review_2312,division_55b19b36aa7567f7ecbf
review_2313,division_dfe2db74975e0aa9f6fd
review_2314,division_dfe2db74975e0aa9f6fd
review_2315,division_55b19b36aa7567f7ecbf
review_2316,division_dfe2db74975e0aa9f6fd
review_2317,division_dfe2db74975e0aa9f6fd
review_2318,division_dfe2db74975e0aa9f6fd
review_2319,division_dfe2db74975e0aa9f6fd
review_2320,division_dfe2db74975e0aa9f6fd
review_2321,division_dfe2db74975e0aa9f6fd
review_2322,division_dfe2db74975e0aa9f6fd
review_2323,division_55b19b36aa7567f7ecbf
review_2324,division_dfe2db74975e0aa9f6fd
review_2325,division_dfe2db74975e0aa9f6fd
review_2326,division_dfe2db74975e0aa9f6fd
review_2327,division_dfe2db74975e0aa9f6fd
review_2328,division_dfe2db74975e0aa9f6fd
review_2329,division_dfe2db74975e0aa9f6fd
review_2330,division_dfe2db74975e0aa9f6fd
review_2331,division_dfe2db74975e0aa9f6fd
review_2332,division_dfe2db74975e0aa9f6fd
review_2333,division_dfe2db74975e0aa9f6fd
review_2334,division_55b19b36aa7567f7ecbf
review_2335,division_55b19b36aa7567f7ecbf
review_2336,division_dfe2db74975e0aa9f6fd
review_2337,division_dfe2db74975e0aa9f6fd
review_2338,division_dfe2db74975e0aa9f6fd
review_2339,division_dfe2db74975e0aa9f6fd
review_2340,division_dfe2db74975e0aa9f6fd
review_2341,division_dfe2db74975e0aa9f6fd
review_2342,division_dfe2db74975e0aa9f6fd
review_2343,division_55b19b36aa7567f7ecbf
review_2344,division_55b19b36aa7567f7ecbf
review_2345,division_dfe2db74975e0aa9f6fd
review_2346,division_55b19b36aa7567f7ecbf
review_2347,division_dfe2db74975e0aa9f6fd
review_2348,division_dfe2db74975e0aa9f6fd
review_2349,division_dfe2db74975e0aa9f6fd
review_2350,division_dfe2db74975e0aa9f6fd
review_2351,division_dfe2db74975e0aa9f6fd
review_2352,division_55b19b36aa7567f7ecbf
review_2353,division_55b19b36aa7567f7ecbf
review_2354,division_dfe2db74975e0aa9f6fd
review_2355,division_55b19b36aa7567f7ecbf
review_2356,division_dfe2db74975e0aa9f6fd
review_2357,division_dfe2db74975e0aa9f6fd
review_2358,division_dfe2db74975e0aa9f6fd
review_2359,division_55b19b36aa7567f7ecbf
review_2360,division_55b19b36aa7567f7ecbf
review_2361,division_dfe2db74975e0aa9f6fd
review_2362,division_dfe2db74975e0aa9f6fd
review_2363,division_55b19b36aa7567f7ecbf
review_2364,division_55b19b36aa7567f7ecbf
review_2365,division_55b19b36aa7567f7ecbf
review_2366,division_55b19b36aa7567f7ecbf
review_2367,division_dfe2db74975e0aa9f6fd
review_2368,division_55b19b36aa7567f7ecbf
review_2369,division_55b19b36aa7567f7ecbf
review_2370,division_dfe2db74975e0aa9f6fd
review_2371,division_dfe2db74975e0aa9f6fd
review_2372,division_55b19b36aa7567f7ecbf
review_2373,division_dfe2db74975e0aa9f6fd
review_2374,division_dfe2db74975e0aa9f6fd
review_2375,division_df561e6f16d9f3e64a28
review_2376,division_55b19b36aa7567f7ecbf
review_2377,division_df561e6f16d9f3e64a28
review_2378,division_dfe2db74975e0aa9f6fd
review_2379,division_55b19b36aa7567f7ecbf
review_2380,division_dfe2db74975e0aa9f6fd
review_2381,division_dfe2db74975e0aa9f6fd
review_2382,division_dfe2db74975e0aa9f6fd
review_2383,division_dfe2db74975e0aa9f6fd
review_2384,division_dfe2db74975e0aa9f6fd
review_2385,division_df561e6f16d9f3e64a28
review_2386,division_dfe2db74975e0aa9f6fd
review_2387,division_dfe2db74975e0aa9f6fd
review_2388,division_dfe2db74975e0aa9f6fd
review_2389,division_dfe2db74975e0aa9f6fd
review_2390,division_dfe2db74975e0aa9f6fd
review_2391,division_55b19b36aa7567f7ecbf
review_2392,division_dfe2db74975e0aa9f6fd
review_2393,division_dfe2db74975e0aa9f6fd
review_2394,division_dfe2db74975e0aa9f6fd
review_2395,division_dfe2db74975e0aa9f6fd
review_2396,division_dfe2db74975e0aa9f6fd
review_2397,division_df561e6f16d9f3e64a28
review_2398,division_dfe2db74975e0aa9f6fd
review_2399,division_dfe2db74975e0aa9f6fd
review_2400,division_dfe2db74975e0aa9f6fd
review_2401,division_dfe2db74975e0aa9f6fd
review_2402,division_dfe2db74975e0aa9f6fd
review_2403,division_dfe2db74975e0aa9f6fd
review_2404,division_dfe2db74975e0aa9f6fd
review_2405,division_dfe2db74975e0aa9f6fd
review_2406,division_df561e6f16d9f3e64a28
review_2407,division_dfe2db74975e0aa9f6fd
review_2408,division_dfe2db74975e0aa9f6fd
review_2409,division_dfe2db74975e0aa9f6fd
review_2410,division_dfe2db74975e0aa9f6fd
review_2411,division_dfe2db74975e0aa9f6fd
review_2412,division_dfe2db74975e0aa9f6fd
review_2413,division_dfe2db74975e0aa9f6fd
review_2414,division_55b19b36aa7567f7ecbf
review_2415,division_dfe2db74975e0aa9f6fd
review_2416,division_df561e6f16d9f3e64a28
review_2417,division_55b19b36aa7567f7ecbf
review_2418,division_df561e6f16d9f3e64a28
review_2419,division_dfe2db74975e0aa9f6fd
review_2420,division_df561e6f16d9f3e64a28
review_2421,division_df561e6f16d9f3e64a28
review_2422,division_dfe2db74975e0aa9f6fd
review_2423,division_55b19b36aa7567f7ecbf
review_2424,division_55b19b36aa7567f7ecbf
review_2425,division_dfe2db74975e0aa9f6fd
review_2426,division_55b19b36aa7567f7ecbf
review_2427,division_dfe2db74975e0aa9f6fd
review_2428,division_dfe2db74975e0aa9f6fd
review_2429,division_dfe2db74975e0aa9f6fd
review_2430,division_55b19b36aa7567f7ecbf
review_2431,division_dfe2db74975e0aa9f6fd
review_2432,division_dfe2db74975e0aa9f6fd
review_2433,division_dfe2db74975e0aa9f6fd
review_2434,division_dfe2db74975e0aa9f6fd
review_2435,division_dfe2db74975e0aa9f6fd
review_2436,division_dfe2db74975e0aa9f6fd
review_2437,division_55b19b36aa7567f7ecbf
review_2438,division_55b19b36aa7567f7ecbf
review_2439,division_55b19b36aa7567f7ecbf
review_2440,division_55b19b36aa7567f7ecbf
review_2441,division_55b19b36aa7567f7ecbf
review_2442,division_dfe2db74975e0aa9f6fd
review_2443,division_55b19b36aa7567f7ecbf
review_2444,division_55b19b36aa7567f7ecbf
review_2445,division_dfe2db74975e0aa9f6fd
review_2446,division_55b19b36aa7567f7ecbf
review_2447,division_55b19b36aa7567f7ecbf
review_2448,division_55b19b36aa7567f7ecbf
review_2449,division_55b19b36aa7567f7ecbf
review_2450,division_55b19b36aa7567f7ecbf
review_2451,division_dfe2db74975e0aa9f6fd
review_2452,division_dfe2db74975e0aa9f6fd
review_2453,division_55b19b36aa7567f7ecbf
review_2454,division_dfe2db74975e0aa9f6fd
review_2455,division_55b19b36aa7567f7ecbf
review_2456,division_dfe2db74975e0aa9f6fd
review_2457,division_dfe2db74975e0aa9f6fd
review_2458,division_55b19b36aa7567f7ecbf
review_2459,division_dfe2db74975e0aa9f6fd
review_2460,division_dfe2db74975e0aa9f6fd
review_2461,division_dfe2db74975e0aa9f6fd
review_2462,division_dfe2db74975e0aa9f6fd
review_2463,division_55b19b36aa7567f7ecbf
review_2464,division_dfe2db74975e0aa9f6fd
review_2465,division_55b19b36aa7567f7ecbf
review_2466,division_55b19b36aa7567f7ecbf
review_2467,division_dfe2db74975e0aa9f6fd
review_2468,division_dfe2db74975e0aa9f6fd
review_2469,division_55b19b36aa7567f7ecbf
review_2470,division_55b19b36aa7567f7ecbf
review_2471,division_55b19b36aa7567f7ecbf
review_2472,division_df561e6f16d9f3e64a28
review_2473,division_dfe2db74975e0aa9f6fd
review_2474,division_55b19b36aa7567f7ecbf
review_2475,division_dfe2db74975e0aa9f6fd
review_2476,division_55b19b36aa7567f7ecbf
review_2477,division_dfe2db74975e0aa9f6fd
review_2478,division_dfe2db74975e0aa9f6fd
review_2479,division_dfe2db74975e0aa9f6fd
review_2480,division_55b19b36aa7567f7ecbf
review_2481,division_df561e6f16d9f3e64a28
review_2482,division_df561e6f16d9f3e64a28
review_2483,division_dfe2db74975e0aa9f6fd
review_2484,division_55b19b36aa7567f7ecbf
review_2485,division_55b19b36aa7567f7ecbf
review_2486,division_dfe2db74975e0aa9f6fd
review_2487,division_dfe2db74975e0aa9f6fd
review_2488,division_dfe2db74975e0aa9f6fd
review_2489,division_dfe2db74975e0aa9f6fd
review_2490,division_dfe2db74975e0aa9f6fd
review_2491,division_55b19b36aa7567f7ecbf
review_2492,division_55b19b36aa7567f7ecbf
review_2493,division_dfe2db74975e0aa9f6fd
review_2494,division_55b19b36aa7567f7ecbf
review_2495,division_df561e6f16d9f3e64a28
review_2496,division_55b19b36aa7567f7ecbf
review_2497,division_55b19b36aa7567f7ecbf
review_2498,division_55b19b36aa7567f7ecbf
review_2499,division_dfe2db74975e0aa9f6fd
review_2500,division_55b19b36aa7567f7ecbf
review_2501,division_55b19b36aa7567f7ecbf
review_2502,division_55b19b36aa7567f7ecbf
review_2503,division_dfe2db74975e0aa9f6fd
review_2504,division_55b19b36aa7567f7ecbf
review_2505,division_dfe2db74975e0aa9f6fd
review_2506,division_55b19b36aa7567f7ecbf
review_2507,division_55b19b36aa7567f7ecbf
review_2508,division_55b19b36aa7567f7ecbf
review_2509,division_55b19b36aa7567f7ecbf
review_2510,division_dfe2db74975e0aa9f6fd
review_2511,division_55b19b36aa7567f7ecbf
review_2512,division_dfe2db74975e0aa9f6fd
review_2513,division_dfe2db74975e0aa9f6fd
review_2514,division_55b19b36aa7567f7ecbf
review_2515,division_55b19b36aa7567f7ecbf
review_2516,division_55b19b36aa7567f7ecbf
review_2517,division_55b19b36aa7567f7ecbf
review_2518,division_55b19b36aa7567f7ecbf
review_2519,division_dfe2db74975e0aa9f6fd
review_2520,division_55b19b36aa7567f7ecbf
review_2521,division_55b19b36aa7567f7ecbf
review_2522,division_55b19b36aa7567f7ecbf
review_2523,division_55b19b36aa7567f7ecbf
review_2524,division_55b19b36aa7567f7ecbf
review_2525,division_dfe2db74975e0aa9f6fd
review_2526,division_55b19b36aa7567f7ecbf
review_2527,division_55b19b36aa7567f7ecbf
review_2528,division_55b19b36aa7567f7ecbf
review_2529,division_dfe2db74975e0aa9f6fd
review_2530,division_dfe2db74975e0aa9f6fd
review_2531,division_55b19b36aa7567f7ecbf
review_2532,division_dfe2db74975e0aa9f6fd
review_2533,division_dfe2db74975e0aa9f6fd
review_2534,division_dfe2db74975e0aa9f6fd
review_2535,division_dfe2db74975e0aa9f6fd
review_2536,division_dfe2db74975e0aa9f6fd
review_2537,division_dfe2db74975e0aa9f6fd
review_2538,division_dfe2db74975e0aa9f6fd
review_2539,division_dfe2db74975e0aa9f6fd
review_2540,division_dfe2db74975e0aa9f6fd
review_2541,division_dfe2db74975e0aa9f6fd
review_2542,division_55b19b36aa7567f7ecbf
review_2543,division_dfe2db74975e0aa9f6fd
review_2544,division_dfe2db74975e0aa9f6fd
review_2545,division_dfe2db74975e0aa9f6fd
review_2546,division_dfe2db74975e0aa9f6fd
review_2547,division_dfe2db74975e0aa9f6fd
review_2548,division_55b19b36aa7567f7ecbf
review_2549,division_dfe2db74975e0aa9f6fd
review_2550,division_dfe2db74975e0aa9f6fd
review_2551,division_dfe2db74975e0aa9f6fd
review_2552,division_dfe2db74975e0aa9f6fd
review_2553,division_55b19b36aa7567f7ecbf
review_2554,division_55b19b36aa7567f7ecbf
review_2555,division_dfe2db74975e0aa9f6fd
review_2556,division_dfe2db74975e0aa9f6fd
review_2557,division_dfe2db74975e0aa9f6fd
review_2558,division_dfe2db74975e0aa9f6fd
review_2559,division_dfe2db74975e0aa9f6fd
review_2560,division_dfe2db74975e0aa9f6fd
review_2561,division_dfe2db74975e0aa9f6fd
review_2562,division_dfe2db74975e0aa9f6fd
review_2563,division_dfe2db74975e0aa9f6fd
review_2564,division_dfe2db74975e0aa9f6fd
review_2565,division_dfe2db74975e0aa9f6fd
review_2566,division_55b19b36aa7567f7ecbf
review_2567,division_dfe2db74975e0aa9f6fd
review_2568,division_dfe2db74975e0aa9f6fd
review_2569,division_dfe2db74975e0aa9f6fd
review_2570,division_dfe2db74975e0aa9f6fd
review_2571,division_dfe2db74975e0aa9f6fd
review_2572,division_dfe2db74975e0aa9f6fd
review_2573,division_dfe2db74975e0aa9f6fd
review_2574,division_dfe2db74975e0aa9f6fd
review_2575,division_dfe2db74975e0aa9f6fd
review_2576,division_dfe2db74975e0aa9f6fd
review_2577,division_dfe2db74975e0aa9f6fd
review_2578,division_55b19b36aa7567f7ecbf
review_2579,division_55b19b36aa7567f7ecbf
review_2580,division_55b19b36aa7567f7ecbf
review_2581,division_55b19b36aa7567f7ecbf
review_2582,division_55b19b36aa7567f7ecbf
review_2583,division_55b19b36aa7567f7ecbf
review_2584,division_55b19b36aa7567f7ecbf
review_2585,division_55b19b36aa7567f7ecbf
review_2586,division_55b19b36aa7567f7ecbf
review_2587,division_55b19b36aa7567f7ecbf
review_2588,division_55b19b36aa7567f7ecbf
review_2589,division_55b19b36aa7567f7ecbf
review_2590,division_dfe2db74975e0aa9f6fd
review_2591,division_55b19b36aa7567f7ecbf
review_2592,division_dfe2db74975e0aa9f6fd
review_2593,division_55b19b36aa7567f7ecbf
review_2594,division_55b19b36aa7567f7ecbf
review_2595,division_55b19b36aa7567f7ecbf
review_2596,division_55b19b36aa7567f7ecbf
review_2597,division_55b19b36aa7567f7ecbf
review_2598,division_55b19b36aa7567f7ecbf
review_2599,division_55b19b36aa7567f7ecbf
review_2600,division_dfe2db74975e0aa9f6fd
review_2601,division_55b19b36aa7567f7ecbf
review_2602,division_dfe2db74975e0aa9f6fd
review_2603,division_dfe2db74975e0aa9f6fd
review_2604,division_df561e6f16d9f3e64a28
review_2605,division_55b19b36aa7567f7ecbf
review_2606,division_55b19b36aa7567f7ecbf
review_2607,division_55b19b36aa7567f7ecbf
review_2608,division_dfe2db74975e0aa9f6fd
review_2609,division_dfe2db74975e0aa9f6fd
review_2610,division_dfe2db74975e0aa9f6fd
review_2611,division_dfe2db74975e0aa9f6fd
review_2612,division_55b19b36aa7567f7ecbf
review_2613,division_55b19b36aa7567f7ecbf
review_2614,division_55b19b36aa7567f7ecbf
review_2615,division_55b19b36aa7567f7ecbf
review_2616,division_dfe2db74975e0aa9f6fd
review_2617,division_55b19b36aa7567f7ecbf
review_2618,division_dfe2db74975e0aa9f6fd
review_2619,division_55b19b36aa7567f7ecbf
review_2620,division_55b19b36aa7567f7ecbf
review_2621,division_dfe2db74975e0aa9f6fd
review_2622,division_dfe2db74975e0aa9f6fd
review_2623,division_dfe2db74975e0aa9f6fd
review_2624,division_dfe2db74975e0aa9f6fd
review_2625,division_dfe2db74975e0aa9f6fd
review_2626,division_dfe2db74975e0aa9f6fd
review_2627,division_dfe2db74975e0aa9f6fd
review_2628,division_55b19b36aa7567f7ecbf
review_2629,division_dfe2db74975e0aa9f6fd
review_2630,division_dfe2db74975e0aa9f6fd
review_2631,division_dfe2db74975e0aa9f6fd
review_2632,division_dfe2db74975e0aa9f6fd
review_2633,division_55b19b36aa7567f7ecbf
review_2634,division_dfe2db74975e0aa9f6fd
review_2635,division_df561e6f16d9f3e64a28
review_2636,division_55b19b36aa7567f7ecbf
review_2637,division_55b19b36aa7567f7ecbf
review_2638,division_55b19b36aa7567f7ecbf
review_2639,division_dfe2db74975e0aa9f6fd
review_2640,division_dfe2db74975e0aa9f6fd
review_2641,division_55b19b36aa7567f7ecbf
review_2642,division_dfe2db74975e0aa9f6fd
review_2643,division_dfe2db74975e0aa9f6fd
review_2644,division_df561e6f16d9f3e64a28
review_2645,division_dfe2db74975e0aa9f6fd
review_2646,division_dfe2db74975e0aa9f6fd
review_2647,division_dfe2db74975e0aa9f6fd
review_2648,division_dfe2db74975e0aa9f6fd
review_2649,division_dfe2db74975e0aa9f6fd
review_2650,division_dfe2db74975e0aa9f6fd
review_2651,division_55b19b36aa7567f7ecbf
review_2652,division_dfe2db74975e0aa9f6fd
review_2653,division_dfe2db74975e0aa9f6fd
review_2654,division_dfe2db74975e0aa9f6fd
review_2655,division_dfe2db74975e0aa9f6fd
review_2656,division_dfe2db74975e0aa9f6fd
review_2657,division_dfe2db74975e0aa9f6fd
review_2658,division_dfe2db74975e0aa9f6fd
review_2659,division_55b19b36aa7567f7ecbf
review_2660,division_dfe2db74975e0aa9f6fd
review_2661,division_dfe2db74975e0aa9f6fd
review_2662,division_dfe2db74975e0aa9f6fd
review_2663,division_dfe2db74975e0aa9f6fd
review_2664,division_55b19b36aa7567f7ecbf
review_2665,division_dfe2db74975e0aa9f6fd
review_2666,division_55b19b36aa7567f7ecbf
review_2667,division_dfe2db74975e0aa9f6fd
review_2668,division_dfe2db74975e0aa9f6fd
review_2669,division_dfe2db74975e0aa9f6fd
review_2670,division_dfe2db74975e0aa9f6fd
review_2671,division_55b19b36aa7567f7ecbf
review_2672,division_dfe2db74975e0aa9f6fd
review_2673,division_dfe2db74975e0aa9f6fd
review_2674,division_dfe2db74975e0aa9f6fd
review_2675,division_dfe2db74975e0aa9f6fd
review_2676,division_55b19b36aa7567f7ecbf
review_2677,division_dfe2db74975e0aa9f6fd
review_2678,division_55b19b36aa7567f7ecbf
review_2679,division_dfe2db74975e0aa9f6fd
review_2680,division_dfe2db74975e0aa9f6fd
review_2681,division_dfe2db74975e0aa9f6fd
review_2682,division_dfe2db74975e0aa9f6fd
review_2683,division_dfe2db74975e0aa9f6fd
review_2684,division_dfe2db74975e0aa9f6fd
review_2685,division_dfe2db74975e0aa9f6fd
review_2686,division_dfe2db74975e0aa9f6fd
review_2687,division_dfe2db74975e0aa9f6fd
review_2688,division_dfe2db74975e0aa9f6fd
review_2689,division_dfe2db74975e0aa9f6fd
review_2690,division_dfe2db74975e0aa9f6fd
review_2691,division_dfe2db74975e0aa9f6fd
review_2692,division_55b19b36aa7567f7ecbf
review_2693,division_dfe2db74975e0aa9f6fd
review_2694,division_dfe2db74975e0aa9f6fd
review_2695,division_dfe2db74975e0aa9f6fd
review_2696,division_dfe2db74975e0aa9f6fd
review_2697,division_55b19b36aa7567f7ecbf
review_2698,division_dfe2db74975e0aa9f6fd
review_2699,division_dfe2db74975e0aa9f6fd
review_2700,division_dfe2db74975e0aa9f6fd
review_2701,division_55b19b36aa7567f7ecbf
review_2702,division_dfe2db74975e0aa9f6fd
review_2703,division_dfe2db74975e0aa9f6fd
review_2704,division_dfe2db74975e0aa9f6fd
review_2705,division_dfe2db74975e0aa9f6fd
review_2706,division_55b19b36aa7567f7ecbf
review_2707,division_dfe2db74975e0aa9f6fd
review_2708,division_dfe2db74975e0aa9f6fd
review_2709,division_dfe2db74975e0aa9f6fd
review_2710,division_dfe2db74975e0aa9f6fd
review_2711,division_dfe2db74975e0aa9f6fd
review_2712,division_dfe2db74975e0aa9f6fd
review_2713,division_55b19b36aa7567f7ecbf
review_2714,division_55b19b36aa7567f7ecbf
review_2715,division_55b19b36aa7567f7ecbf
review_2716,division_55b19b36aa7567f7ecbf
review_2717,division_dfe2db74975e0aa9f6fd
review_2718,division_dfe2db74975e0aa9f6fd
review_2719,division_dfe2db74975e0aa9f6fd
review_2720,division_dfe2db74975e0aa9f6fd
review_2721,division_dfe2db74975e0aa9f6fd
review_2722,division_55b19b36aa7567f7ecbf
review_2723,division_dfe2db74975e0aa9f6fd
review_2724,division_55b19b36aa7567f7ecbf
review_2725,division_dfe2db74975e0aa9f6fd
review_2726,division_dfe2db74975e0aa9f6fd
review_2727,division_55b19b36aa7567f7ecbf
review_2728,division_55b19b36aa7567f7ecbf
review_2729,division_55b19b36aa7567f7ecbf
review_2730,division_dfe2db74975e0aa9f6fd
review_2731,division_55b19b36aa7567f7ecbf
review_2732,division_dfe2db74975e0aa9f6fd
review_2733,division_55b19b36aa7567f7ecbf
review_2734,division_dfe2db74975e0aa9f6fd
review_2735,division_dfe2db74975e0aa9f6fd
review_2736,division_dfe2db74975e0aa9f6fd
review_2737,division_dfe2db74975e0aa9f6fd
review_2738,division_dfe2db74975e0aa9f6fd
review_2739,division_55b19b36aa7567f7ecbf
review_2740,division_55b19b36aa7567f7ecbf
review_2741,division_dfe2db74975e0aa9f6fd
review_2742,division_55b19b36aa7567f7ecbf
review_2743,division_dfe2db74975e0aa9f6fd
review_2744,division_dfe2db74975e0aa9f6fd
review_2745,division_55b19b36aa7567f7ecbf
review_2746,division_55b19b36aa7567f7ecbf
review_2747,division_df561e6f16d9f3e64a28
review_2748,division_dfe2db74975e0aa9f6fd
review_2749,division_dfe2db74975e0aa9f6fd
review_2750,division_55b19b36aa7567f7ecbf
review_2751,division_dfe2db74975e0aa9f6fd
review_2752,division_dfe2db74975e0aa9f6fd
review_2753,division_55b19b36aa7567f7ecbf
review_2754,division_55b19b36aa7567f7ecbf
review_2755,division_55b19b36aa7567f7ecbf
review_2756,division_dfe2db74975e0aa9f6fd
review_2757,division_dfe2db74975e0aa9f6fd
review_2758,division_55b19b36aa7567f7ecbf
review_2759,division_dfe2db74975e0aa9f6fd
review_2760,division_dfe2db74975e0aa9f6fd
review_2761,division_dfe2db74975e0aa9f6fd
review_2762,division_55b19b36aa7567f7ecbf
review_2763,division_dfe2db74975e0aa9f6fd
review_2764,division_dfe2db74975e0aa9f6fd
review_2765,division_55b19b36aa7567f7ecbf
review_2766,division_dfe2db74975e0aa9f6fd
review_2767,division_dfe2db74975e0aa9f6fd
review_2768,division_dfe2db74975e0aa9f6fd
review_2769,division_dfe2db74975e0aa9f6fd
review_2770,division_dfe2db74975e0aa9f6fd
review_2771,division_dfe2db74975e0aa9f6fd
review_2772,division_55b19b36aa7567f7ecbf
review_2773,division_dfe2db74975e0aa9f6fd
review_2774,division_dfe2db74975e0aa9f6fd
review_2775,division_dfe2db74975e0aa9f6fd
review_2776,division_dfe2db74975e0aa9f6fd
review_2777,division_dfe2db74975e0aa9f6fd
review_2778,division_55b19b36aa7567f7ecbf
review_2779,division_dfe2db74975e0aa9f6fd
review_2780,division_55b19b36aa7567f7ecbf
review_2781,division_dfe2db74975e0aa9f6fd
review_2782,division_dfe2db74975e0aa9f6fd
review_2783,division_55b19b36aa7567f7ecbf
review_2784,division_dfe2db74975e0aa9f6fd
review_2785,division_dfe2db74975e0aa9f6fd
review_2786,division_55b19b36aa7567f7ecbf
review_2787,division_dfe2db74975e0aa9f6fd
review_2788,division_dfe2db74975e0aa9f6fd
review_2789,division_dfe2db74975e0aa9f6fd
review_2790,division_55b19b36aa7567f7ecbf
review_2791,division_dfe2db74975e0aa9f6fd
review_2792,division_df561e6f16d9f3e64a28
review_2793,division_55b19b36aa7567f7ecbf
review_2794,division_dfe2db74975e0aa9f6fd
review_2795,division_dfe2db74975e0aa9f6fd
review_2796,division_55b19b36aa7567f7ecbf
review_2797,division_55b19b36aa7567f7ecbf
review_2798,division_dfe2db74975e0aa9f6fd
review_2799,division_55b19b36aa7567f7ecbf
review_2800,division_dfe2db74975e0aa9f6fd
review_2801,division_dfe2db74975e0aa9f6fd
review_2802,division_dfe2db74975e0aa9f6fd
review_2803,division_dfe2db74975e0aa9f6fd
review_2804,division_55b19b36aa7567f7ecbf
review_2805,division_dfe2db74975e0aa9f6fd
review_2806,division_dfe2db74975e0aa9f6fd
review_2807,division_55b19b36aa7567f7ecbf
review_2808,division_dfe2db74975e0aa9f6fd
review_2809,division_dfe2db74975e0aa9f6fd
review_2810,division_dfe2db74975e0aa9f6fd
review_2811,division_dfe2db74975e0aa9f6fd
review_2812,division_dfe2db74975e0aa9f6fd
review_2813,division_dfe2db74975e0aa9f6fd
review_2814,division_df561e6f16d9f3e64a28
review_2815,division_dfe2db74975e0aa9f6fd
review_2816,division_dfe2db74975e0aa9f6fd
review_2817,division_55b19b36aa7567f7ecbf
review_2818,division_df561e6f16d9f3e64a28
review_2819,division_55b19b36aa7567f7ecbf
review_2820,division_55b19b36aa7567f7ecbf
review_2821,division_55b19b36aa7567f7ecbf
review_2822,division_df561e6f16d9f3e64a28
review_2823,division_55b19b36aa7567f7ecbf
review_2824,division_dfe2db74975e0aa9f6fd
review_2825,division_dfe2db74975e0aa9f6fd
review_2826,division_dfe2db74975e0aa9f6fd
review_2827,division_55b19b36aa7567f7ecbf
review_2828,division_dfe2db74975e0aa9f6fd
review_2829,division_dfe2db74975e0aa9f6fd
review_2830,division_55b19b36aa7567f7ecbf
review_2831,division_55b19b36aa7567f7ecbf
review_2832,division_55b19b36aa7567f7ecbf
review_2833,division_dfe2db74975e0aa9f6fd
review_2834,division_dfe2db74975e0aa9f6fd
review_2835,division_dfe2db74975e0aa9f6fd
review_2836,division_df561e6f16d9f3e64a28
review_2837,division_dfe2db74975e0aa9f6fd
review_2838,division_dfe2db74975e0aa9f6fd
review_2839,division_55b19b36aa7567f7ecbf
review_2840,division_55b19b36aa7567f7ecbf
review_2841,division_55b19b36aa7567f7ecbf
review_2842,division_55b19b36aa7567f7ecbf
review_2843,division_dfe2db74975e0aa9f6fd
review_2844,division_dfe2db74975e0aa9f6fd
review_2845,division_55b19b36aa7567f7ecbf
review_2846,division_df561e6f16d9f3e64a28
review_2847,division_dfe2db74975e0aa9f6fd
review_2848,division_dfe2db74975e0aa9f6fd
review_2849,division_55b19b36aa7567f7ecbf
review_2850,division_55b19b36aa7567f7ecbf
review_2851,division_55b19b36aa7567f7ecbf
review_2852,division_dfe2db74975e0aa9f6fd
review_2853,division_dfe2db74975e0aa9f6fd
review_2854,division_55b19b36aa7567f7ecbf
review_2855,division_dfe2db74975e0aa9f6fd
review_2856,division_dfe2db74975e0aa9f6fd
review_2857,division_55b19b36aa7567f7ecbf
review_2858,division_55b19b36aa7567f7ecbf
review_2859,division_55b19b36aa7567f7ecbf
review_2860,division_dfe2db74975e0aa9f6fd
review_2861,division_55b19b36aa7567f7ecbf
review_2862,division_dfe2db74975e0aa9f6fd
review_2863,division_dfe2db74975e0aa9f6fd
review_2864,division_dfe2db74975e0aa9f6fd
review_2865,division_55b19b36aa7567f7ecbf
review_2866,division_dfe2db74975e0aa9f6fd
review_2867,division_dfe2db74975e0aa9f6fd
review_2868,division_55b19b36aa7567f7ecbf
review_2869,division_dfe2db74975e0aa9f6fd
review_2870,division_dfe2db74975e0aa9f6fd
review_2871,division_dfe2db74975e0aa9f6fd
review_2872,division_55b19b36aa7567f7ecbf
review_2873,division_55b19b36aa7567f7ecbf
review_2874,division_55b19b36aa7567f7ecbf
review_2875,division_dfe2db74975e0aa9f6fd
review_2876,division_55b19b36aa7567f7ecbf
review_2877,division_dfe2db74975e0aa9f6fd
review_2878,division_dfe2db74975e0aa9f6fd
review_2879,division_dfe2db74975e0aa9f6fd
review_2880,division_55b19b36aa7567f7ecbf
review_2881,division_55b19b36aa7567f7ecbf
review_2882,division_dfe2db74975e0aa9f6fd
review_2883,division_55b19b36aa7567f7ecbf
review_2884,division_dfe2db74975e0aa9f6fd
review_2885,division_dfe2db74975e0aa9f6fd
review_2886,division_55b19b36aa7567f7ecbf
review_2887,division_55b19b36aa7567f7ecbf
review_2888,division_dfe2db74975e0aa9f6fd
review_2889,division_dfe2db74975e0aa9f6fd
review_2890,division_dfe2db74975e0aa9f6fd
review_2891,division_dfe2db74975e0aa9f6fd
review_2892,division_dfe2db74975e0aa9f6fd
review_2893,division_dfe2db74975e0aa9f6fd
review_2894,division_55b19b36aa7567f7ecbf
review_2895,division_dfe2db74975e0aa9f6fd
review_2896,division_dfe2db74975e0aa9f6fd
review_2897,division_dfe2db74975e0aa9f6fd
review_2898,division_55b19b36aa7567f7ecbf
review_2899,division_dfe2db74975e0aa9f6fd
review_2900,division_dfe2db74975e0aa9f6fd
review_2901,division_dfe2db74975e0aa9f6fd
review_2902,division_55b19b36aa7567f7ecbf
review_2903,division_55b19b36aa7567f7ecbf
review_2904,division_dfe2db74975e0aa9f6fd
review_2905,division_dfe2db74975e0aa9f6fd
review_2906,division_dfe2db74975e0aa9f6fd
review_2907,division_dfe2db74975e0aa9f6fd
review_2908,division_dfe2db74975e0aa9f6fd
review_2909,division_dfe2db74975e0aa9f6fd
review_2910,division_dfe2db74975e0aa9f6fd
review_2911,division_55b19b36aa7567f7ecbf
review_2912,division_dfe2db74975e0aa9f6fd
review_2913,division_dfe2db74975e0aa9f6fd
review_2914,division_55b19b36aa7567f7ecbf
review_2915,division_55b19b36aa7567f7ecbf
review_2916,division_dfe2db74975e0aa9f6fd
review_2917,division_dfe2db74975e0aa9f6fd
review_2918,division_dfe2db74975e0aa9f6fd
review_2919,division_dfe2db74975e0aa9f6fd
review_2920,division_dfe2db74975e0aa9f6fd
review_2921,division_dfe2db74975e0aa9f6fd
review_2922,division_55b19b36aa7567f7ecbf
review_2923,division_dfe2db74975e0aa9f6fd
review_2924,division_dfe2db74975e0aa9f6fd
review_2925,division_dfe2db74975e0aa9f6fd
review_2926,division_dfe2db74975e0aa9f6fd
review_2927,division_55b19b36aa7567f7ecbf
review_2928,division_dfe2db74975e0aa9f6fd
review_2929,division_dfe2db74975e0aa9f6fd
review_2930,division_dfe2db74975e0aa9f6fd
review_2931,division_55b19b36aa7567f7ecbf
review_2932,division_dfe2db74975e0aa9f6fd
review_2933,division_dfe2db74975e0aa9f6fd
review_2934,division_dfe2db74975e0aa9f6fd
review_2935,division_55b19b36aa7567f7ecbf
review_2936,division_dfe2db74975e0aa9f6fd
review_2937,division_dfe2db74975e0aa9f6fd
review_2938,division_dfe2db74975e0aa9f6fd
review_2939,division_dfe2db74975e0aa9f6fd
review_2940,division_dfe2db74975e0aa9f6fd
review_2941,division_55b19b36aa7567f7ecbf
review_2942,division_55b19b36aa7567f7ecbf
review_2943,division_dfe2db74975e0aa9f6fd
review_2944,division_dfe2db74975e0aa9f6fd
review_2945,division_dfe2db74975e0aa9f6fd
review_2946,division_df561e6f16d9f3e64a28
review_2947,division_dfe2db74975e0aa9f6fd
review_2948,division_dfe2db74975e0aa9f6fd
review_2949,division_55b19b36aa7567f7ecbf
review_2950,division_dfe2db74975e0aa9f6fd
review_2951,division_55b19b36aa7567f7ecbf
review_2952,division_dfe2db74975e0aa9f6fd
review_2953,division_dfe2db74975e0aa9f6fd
review_2954,division_dfe2db74975e0aa9f6fd
review_2955,division_dfe2db74975e0aa9f6fd
review_2956,division_dfe2db74975e0aa9f6fd
review_2957,division_dfe2db74975e0aa9f6fd
review_2958,division_dfe2db74975e0aa9f6fd
review_2959,division_dfe2db74975e0aa9f6fd
review_2960,division_dfe2db74975e0aa9f6fd
review_2961,division_55b19b36aa7567f7ecbf
review_2962,division_dfe2db74975e0aa9f6fd
review_2963,division_55b19b36aa7567f7ecbf
review_2964,division_55b19b36aa7567f7ecbf
review_2965,division_dfe2db74975e0aa9f6fd
review_2966,division_dfe2db74975e0aa9f6fd
review_2967,division_55b19b36aa7567f7ecbf
review_2968,division_55b19b36aa7567f7ecbf
review_2969,division_dfe2db74975e0aa9f6fd
review_2970,division_55b19b36aa7567f7ecbf
review_2971,division_dfe2db74975e0aa9f6fd
review_2972,division_55b19b36aa7567f7ecbf
review_2973,division_dfe2db74975e0aa9f6fd
review_2974,division_55b19b36aa7567f7ecbf
review_2975,division_55b19b36aa7567f7ecbf
review_2976,division_dfe2db74975e0aa9f6fd
review_2977,division_55b19b36aa7567f7ecbf
review_2978,division_dfe2db74975e0aa9f6fd
review_2979,division_dfe2db74975e0aa9f6fd
review_2980,division_dfe2db74975e0aa9f6fd
review_2981,division_dfe2db74975e0aa9f6fd
review_2982,division_dfe2db74975e0aa9f6fd
review_2983,division_dfe2db74975e0aa9f6fd
review_2984,division_dfe2db74975e0aa9f6fd
review_2985,division_dfe2db74975e0aa9f6fd
review_2986,division_dfe2db74975e0aa9f6fd
review_2987,division_dfe2db74975e0aa9f6fd
review_2988,division_dfe2db74975e0aa9f6fd
review_2989,division_dfe2db74975e0aa9f6fd
review_2990,division_dfe2db74975e0aa9f6fd
review_2991,division_dfe2db74975e0aa9f6fd
review_2992,division_dfe2db74975e0aa9f6fd
review_2993,division_dfe2db74975e0aa9f6fd
review_2994,division_dfe2db74975e0aa9f6fd
review_2995,division_dfe2db74975e0aa9f6fd
review_2996,division_dfe2db74975e0aa9f6fd
review_2997,division_df561e6f16d9f3e64a28
review_2998,division_dfe2db74975e0aa9f6fd
review_2999,division_dfe2db74975e0aa9f6fd
review_3000,division_dfe2db74975e0aa9f6fd
review_3001,division_dfe2db74975e0aa9f6fd
review_3002,division_dfe2db74975e0aa9f6fd
review_3003,division_dfe2db74975e0aa9f6fd
review_3004,division_dfe2db74975e0aa9f6fd
review_3005,division_dfe2db74975e0aa9f6fd
review_3006,division_dfe2db74975e0aa9f6fd
review_3007,division_dfe2db74975e0aa9f6fd
review_3008,division_dfe2db74975e0aa9f6fd
review_3009,division_dfe2db74975e0aa9f6fd
review_3010,division_dfe2db74975e0aa9f6fd
review_3011,division_dfe2db74975e0aa9f6fd
review_3012,division_55b19b36aa7567f7ecbf
review_3013,division_dfe2db74975e0aa9f6fd
review_3014,division_dfe2db74975e0aa9f6fd
review_3015,division_dfe2db74975e0aa9f6fd
review_3016,division_dfe2db74975e0aa9f6fd
review_3017,division_dfe2db74975e0aa9f6fd
review_3018,division_dfe2db74975e0aa9f6fd
review_3019,division_dfe2db74975e0aa9f6fd
review_3020,division_dfe2db74975e0aa9f6fd
review_3021,division_dfe2db74975e0aa9f6fd
review_3022,division_dfe2db74975e0aa9f6fd
review_3023,division_df561e6f16d9f3e64a28
review_3024,division_dfe2db74975e0aa9f6fd
review_3025,division_dfe2db74975e0aa9f6fd
review_3026,division_dfe2db74975e0aa9f6fd
review_3027,division_dfe2db74975e0aa9f6fd
review_3028,division_dfe2db74975e0aa9f6fd
review_3029,division_dfe2db74975e0aa9f6fd
review_3030,division_dfe2db74975e0aa9f6fd
review_3031,division_dfe2db74975e0aa9f6fd
review_3032,division_dfe2db74975e0aa9f6fd
review_3033,division_dfe2db74975e0aa9f6fd
review_3034,division_dfe2db74975e0aa9f6fd
review_3035,division_dfe2db74975e0aa9f6fd
review_3036,division_dfe2db74975e0aa9f6fd
review_3037,division_df561e6f16d9f3e64a28
review_3038,division_dfe2db74975e0aa9f6fd
review_3039,division_dfe2db74975e0aa9f6fd
review_3040,division_dfe2db74975e0aa9f6fd
review_3041,division_df561e6f16d9f3e64a28
review_3042,division_df561e6f16d9f3e64a28
review_3043,division_dfe2db74975e0aa9f6fd
review_3044,division_dfe2db74975e0aa9f6fd
review_3045,division_dfe2db74975e0aa9f6fd
review_3046,division_dfe2db74975e0aa9f6fd
review_3047,division_dfe2db74975e0aa9f6fd
review_3048,division_dfe2db74975e0aa9f6fd
review_3049,division_dfe2db74975e0aa9f6fd
review_3050,division_dfe2db74975e0aa9f6fd
review_3051,division_dfe2db74975e0aa9f6fd
review_3052,division_dfe2db74975e0aa9f6fd
review_3053,division_df561e6f16d9f3e64a28
review_3054,division_dfe2db74975e0aa9f6fd
review_3055,division_dfe2db74975e0aa9f6fd
review_3056,division_dfe2db74975e0aa9f6fd
review_3057,division_dfe2db74975e0aa9f6fd
review_3058,division_dfe2db74975e0aa9f6fd
review_3059,division_dfe2db74975e0aa9f6fd
review_3060,division_dfe2db74975e0aa9f6fd
review_3061,division_dfe2db74975e0aa9f6fd
review_3062,division_dfe2db74975e0aa9f6fd
review_3063,division_dfe2db74975e0aa9f6fd
review_3064,division_dfe2db74975e0aa9f6fd
review_3065,division_dfe2db74975e0aa9f6fd
review_3066,division_df561e6f16d9f3e64a28
review_3067,division_dfe2db74975e0aa9f6fd
review_3068,division_dfe2db74975e0aa9f6fd
review_3069,division_dfe2db74975e0aa9f6fd
review_3070,division_dfe2db74975e0aa9f6fd
review_3071,division_dfe2db74975e0aa9f6fd
review_3072,division_dfe2db74975e0aa9f6fd
review_3073,division_55b19b36aa7567f7ecbf
review_3074,division_df561e6f16d9f3e64a28
review_3075,division_dfe2db74975e0aa9f6fd
review_3076,division_dfe2db74975e0aa9f6fd
review_3077,division_dfe2db74975e0aa9f6fd
review_3078,division_dfe2db74975e0aa9f6fd
review_3079,division_dfe2db74975e0aa9f6fd
review_3080,division_dfe2db74975e0aa9f6fd
review_3081,division_df561e6f16d9f3e64a28
review_3082,division_dfe2db74975e0aa9f6fd
review_3083,division_dfe2db74975e0aa9f6fd
review_3084,division_df561e6f16d9f3e64a28
review_3085,division_dfe2db74975e0aa9f6fd
review_3086,division_dfe2db74975e0aa9f6fd
review_3087,division_55b19b36aa7567f7ecbf
review_3088,division_dfe2db74975e0aa9f6fd
review_3089,division_dfe2db74975e0aa9f6fd
review_3090,division_55b19b36aa7567f7ecbf
review_3091,division_dfe2db74975e0aa9f6fd
review_3092,division_dfe2db74975e0aa9f6fd
review_3093,division_dfe2db74975e0aa9f6fd
review_3094,division_dfe2db74975e0aa9f6fd
review_3095,division_55b19b36aa7567f7ecbf
review_3096,division_dfe2db74975e0aa9f6fd
review_3097,division_55b19b36aa7567f7ecbf
review_3098,division_dfe2db74975e0aa9f6fd
review_3099,division_55b19b36aa7567f7ecbf
review_3100,division_55b19b36aa7567f7ecbf
review_3101,division_dfe2db74975e0aa9f6fd
review_3102,division_dfe2db74975e0aa9f6fd
review_3103,division_dfe2db74975e0aa9f6fd
review_3104,division_dfe2db74975e0aa9f6fd
review_3105,division_55b19b36aa7567f7ecbf
review_3106,division_55b19b36aa7567f7ecbf
review_3107,division_dfe2db74975e0aa9f6fd
review_3108,division_df561e6f16d9f3e64a28
review_3109,division_55b19b36aa7567f7ecbf
review_3110,division_55b19b36aa7567f7ecbf
review_3111,division_55b19b36aa7567f7ecbf
review_3112,division_dfe2db74975e0aa9f6fd
review_3113,division_55b19b36aa7567f7ecbf
review_3114,division_55b19b36aa7567f7ecbf
review_3115,division_55b19b36aa7567f7ecbf
review_3116,division_55b19b36aa7567f7ecbf
review_3117,division_dfe2db74975e0aa9f6fd
review_3118,division_55b19b36aa7567f7ecbf
review_3119,division_dfe2db74975e0aa9f6fd
review_3120,division_dfe2db74975e0aa9f6fd
review_3121,division_55b19b36aa7567f7ecbf
review_3122,division_55b19b36aa7567f7ecbf
review_3123,division_55b19b36aa7567f7ecbf
review_3124,division_55b19b36aa7567f7ecbf
review_3125,division_55b19b36aa7567f7ecbf
review_3126,division_55b19b36aa7567f7ecbf
review_3127,division_55b19b36aa7567f7ecbf
review_3128,division_55b19b36aa7567f7ecbf
review_3129,division_55b19b36aa7567f7ecbf
review_3130,division_55b19b36aa7567f7ecbf
review_3131,division_55b19b36aa7567f7ecbf
review_3132,division_55b19b36aa7567f7ecbf
review_3133,division_dfe2db74975e0aa9f6fd
review_3134,division_55b19b36aa7567f7ecbf
review_3135,division_55b19b36aa7567f7ecbf
review_3136,division_55b19b36aa7567f7ecbf
review_3137,division_55b19b36aa7567f7ecbf
review_3138,division_55b19b36aa7567f7ecbf
review_3139,division_dfe2db74975e0aa9f6fd
review_3140,division_55b19b36aa7567f7ecbf
review_3141,division_dfe2db74975e0aa9f6fd
review_3142,division_55b19b36aa7567f7ecbf
review_3143,division_dfe2db74975e0aa9f6fd
review_3144,division_dfe2db74975e0aa9f6fd
review_3145,division_dfe2db74975e0aa9f6fd
review_3146,division_df561e6f16d9f3e64a28
review_3147,division_55b19b36aa7567f7ecbf
review_3148,division_dfe2db74975e0aa9f6fd
review_3149,division_55b19b36aa7567f7ecbf
review_3150,division_55b19b36aa7567f7ecbf
review_3151,division_dfe2db74975e0aa9f6fd
review_3152,division_df561e6f16d9f3e64a28
review_3153,division_55b19b36aa7567f7ecbf
review_3154,division_55b19b36aa7567f7ecbf
review_3155,division_df561e6f16d9f3e64a28
review_3156,division_dfe2db74975e0aa9f6fd
review_3157,division_dfe2db74975e0aa9f6fd
review_3158,division_dfe2db74975e0aa9f6fd
review_3159,division_dfe2db74975e0aa9f6fd
review_3160,division_55b19b36aa7567f7ecbf
review_3161,division_55b19b36aa7567f7ecbf
review_3162,division_55b19b36aa7567f7ecbf
review_3163,division_dfe2db74975e0aa9f6fd
review_3164,division_55b19b36aa7567f7ecbf
review_3165,division_55b19b36aa7567f7ecbf
review_3166,division_dfe2db74975e0aa9f6fd
review_3167,division_55b19b36aa7567f7ecbf
review_3168,division_dfe2db74975e0aa9f6fd
review_3169,division_dfe2db74975e0aa9f6fd
review_3170,division_dfe2db74975e0aa9f6fd
review_3171,division_55b19b36aa7567f7ecbf
review_3172,division_55b19b36aa7567f7ecbf
review_3173,division_55b19b36aa7567f7ecbf
review_3174,division_55b19b36aa7567f7ecbf
review_3175,division_55b19b36aa7567f7ecbf
review_3176,division_55b19b36aa7567f7ecbf
review_3177,division_dfe2db74975e0aa9f6fd
review_3178,division_dfe2db74975e0aa9f6fd
review_3179,division_55b19b36aa7567f7ecbf
review_3180,division_dfe2db74975e0aa9f6fd
review_3181,division_55b19b36aa7567f7ecbf
review_3182,division_55b19b36aa7567f7ecbf
review_3183,division_55b19b36aa7567f7ecbf
review_3184,division_dfe2db74975e0aa9f6fd
review_3185,division_dfe2db74975e0aa9f6fd
review_3186,division_55b19b36aa7567f7ecbf
review_3187,division_55b19b36aa7567f7ecbf
review_3188,division_dfe2db74975e0aa9f6fd
review_3189,division_55b19b36aa7567f7ecbf
review_3190,division_df561e6f16d9f3e64a28
review_3191,division_df561e6f16d9f3e64a28
review_3192,division_dfe2db74975e0aa9f6fd
review_3193,division_55b19b36aa7567f7ecbf
review_3194,division_dfe2db74975e0aa9f6fd
review_3195,division_dfe2db74975e0aa9f6fd
review_3196,division_55b19b36aa7567f7ecbf
review_3197,division_dfe2db74975e0aa9f6fd
review_3198,division_55b19b36aa7567f7ecbf
review_3199,division_dfe2db74975e0aa9f6fd
review_3200,division_55b19b36aa7567f7ecbf
review_3201,division_55b19b36aa7567f7ecbf
review_3202,division_55b19b36aa7567f7ecbf
review_3203,division_df561e6f16d9f3e64a28
review_3204,division_55b19b36aa7567f7ecbf
review_3205,division_55b19b36aa7567f7ecbf
review_3206,division_dfe2db74975e0aa9f6fd
review_3207,division_55b19b36aa7567f7ecbf
review_3208,division_55b19b36aa7567f7ecbf
review_3209,division_55b19b36aa7567f7ecbf
review_3210,division_dfe2db74975e0aa9f6fd
review_3211,division_55b19b36aa7567f7ecbf
review_3212,division_55b19b36aa7567f7ecbf
review_3213,division_55b19b36aa7567f7ecbf
review_3214,division_55b19b36aa7567f7ecbf
review_3215,division_55b19b36aa7567f7ecbf
review_3216,division_55b19b36aa7567f7ecbf
review_3217,division_55b19b36aa7567f7ecbf
review_3218,division_dfe2db74975e0aa9f6fd
review_3219,division_55b19b36aa7567f7ecbf
review_3220,division_dfe2db74975e0aa9f6fd
review_3221,division_55b19b36aa7567f7ecbf
review_3222,division_dfe2db74975e0aa9f6fd
review_3223,division_dfe2db74975e0aa9f6fd
review_3224,division_dfe2db74975e0aa9f6fd
review_3225,division_df561e6f16d9f3e64a28
review_3226,division_dfe2db74975e0aa9f6fd
review_3227,division_dfe2db74975e0aa9f6fd
review_3228,division_dfe2db74975e0aa9f6fd
review_3229,division_dfe2db74975e0aa9f6fd
review_3230,division_dfe2db74975e0aa9f6fd
review_3231,division_dfe2db74975e0aa9f6fd
review_3232,division_dfe2db74975e0aa9f6fd
review_3233,division_dfe2db74975e0aa9f6fd
review_3234,division_dfe2db74975e0aa9f6fd
review_3235,division_df561e6f16d9f3e64a28
review_3236,division_dfe2db74975e0aa9f6fd
review_3237,division_df561e6f16d9f3e64a28
review_3238,division_df561e6f16d9f3e64a28
review_3239,division_dfe2db74975e0aa9f6fd
review_3240,division_dfe2db74975e0aa9f6fd
review_3241,division_dfe2db74975e0aa9f6fd
review_3242,division_dfe2db74975e0aa9f6fd
review_3243,division_dfe2db74975e0aa9f6fd
review_3244,division_dfe2db74975e0aa9f6fd
review_3245,division_dfe2db74975e0aa9f6fd
review_3246,division_dfe2db74975e0aa9f6fd
review_3247,division_dfe2db74975e0aa9f6fd
review_3248,division_dfe2db74975e0aa9f6fd
review_3249,division_df561e6f16d9f3e64a28
review_3250,division_dfe2db74975e0aa9f6fd
review_3251,division_df561e6f16d9f3e64a28
review_3252,division_dfe2db74975e0aa9f6fd
review_3253,division_df561e6f16d9f3e64a28
review_3254,division_55b19b36aa7567f7ecbf
review_3255,division_dfe2db74975e0aa9f6fd
review_3256,division_df561e6f16d9f3e64a28
review_3257,division_dfe2db74975e0aa9f6fd
review_3258,division_55b19b36aa7567f7ecbf
review_3259,division_dfe2db74975e0aa9f6fd
review_3260,division_dfe2db74975e0aa9f6fd
review_3261,division_dfe2db74975e0aa9f6fd
review_3262,division_dfe2db74975e0aa9f6fd
review_3263,division_dfe2db74975e0aa9f6fd
review_3264,division_dfe2db74975e0aa9f6fd
review_3265,division_55b19b36aa7567f7ecbf
review_3266,division_55b19b36aa7567f7ecbf
review_3267,division_dfe2db74975e0aa9f6fd
review_3268,division_dfe2db74975e0aa9f6fd
review_3269,division_dfe2db74975e0aa9f6fd
review_3270,division_dfe2db74975e0aa9f6fd
review_3271,division_55b19b36aa7567f7ecbf
review_3272,division_dfe2db74975e0aa9f6fd
review_3273,division_dfe2db74975e0aa9f6fd
review_3274,division_55b19b36aa7567f7ecbf
review_3275,division_df561e6f16d9f3e64a28
review_3276,division_dfe2db74975e0aa9f6fd
review_3277,division_55b19b36aa7567f7ecbf
review_3278,division_55b19b36aa7567f7ecbf
review_3279,division_dfe2db74975e0aa9f6fd
review_3280,division_dfe2db74975e0aa9f6fd
review_3281,division_dfe2db74975e0aa9f6fd
review_3282,division_55b19b36aa7567f7ecbf
review_3283,division_55b19b36aa7567f7ecbf
review_3284,division_55b19b36aa7567f7ecbf
review_3285,division_dfe2db74975e0aa9f6fd
review_3286,division_dfe2db74975e0aa9f6fd
review_3287,division_55b19b36aa7567f7ecbf
review_3288,division_df561e6f16d9f3e64a28
review_3289,division_dfe2db74975e0aa9f6fd
review_3290,division_dfe2db74975e0aa9f6fd
review_3291,division_dfe2db74975e0aa9f6fd
review_3292,division_dfe2db74975e0aa9f6fd
review_3293,division_dfe2db74975e0aa9f6fd
review_3294,division_dfe2db74975e0aa9f6fd
review_3295,division_dfe2db74975e0aa9f6fd
review_3296,division_df561e6f16d9f3e64a28
review_3297,division_dfe2db74975e0aa9f6fd
review_3298,division_dfe2db74975e0aa9f6fd
review_3299,division_55b19b36aa7567f7ecbf
review_3300,division_dfe2db74975e0aa9f6fd
review_3301,division_55b19b36aa7567f7ecbf
review_3302,division_55b19b36aa7567f7ecbf
review_3303,division_dfe2db74975e0aa9f6fd
review_3304,division_dfe2db74975e0aa9f6fd
review_3305,division_55b19b36aa7567f7ecbf
review_3306,division_55b19b36aa7567f7ecbf
review_3307,division_55b19b36aa7567f7ecbf
review_3308,division_dfe2db74975e0aa9f6fd
review_3309,division_dfe2db74975e0aa9f6fd
review_3310,division_55b19b36aa7567f7ecbf
review_3311,division_55b19b36aa7567f7ecbf
review_3312,division_dfe2db74975e0aa9f6fd
review_3313,division_dfe2db74975e0aa9f6fd
review_3314,division_55b19b36aa7567f7ecbf
review_3315,division_55b19b36aa7567f7ecbf
review_3316,division_dfe2db74975e0aa9f6fd
review_3317,division_dfe2db74975e0aa9f6fd
review_3318,division_df561e6f16d9f3e64a28
review_3319,division_dfe2db74975e0aa9f6fd
review_3320,division_dfe2db74975e0aa9f6fd
review_3321,division_dfe2db74975e0aa9f6fd
review_3322,division_df561e6f16d9f3e64a28
review_3323,division_dfe2db74975e0aa9f6fd
review_3324,division_dfe2db74975e0aa9f6fd
review_3325,division_dfe2db74975e0aa9f6fd
review_3326,division_dfe2db74975e0aa9f6fd
review_3327,division_55b19b36aa7567f7ecbf
review_3328,division_dfe2db74975e0aa9f6fd
review_3329,division_dfe2db74975e0aa9f6fd
review_3330,division_dfe2db74975e0aa9f6fd
review_3331,division_dfe2db74975e0aa9f6fd
review_3332,division_55b19b36aa7567f7ecbf
review_3333,division_55b19b36aa7567f7ecbf
review_3334,division_dfe2db74975e0aa9f6fd
review_3335,division_55b19b36aa7567f7ecbf
review_3336,division_55b19b36aa7567f7ecbf
review_3337,division_dfe2db74975e0aa9f6fd
review_3338,division_55b19b36aa7567f7ecbf
review_3339,division_dfe2db74975e0aa9f6fd
review_3340,division_55b19b36aa7567f7ecbf
review_3341,division_dfe2db74975e0aa9f6fd
review_3342,division_55b19b36aa7567f7ecbf
review_3343,division_55b19b36aa7567f7ecbf
review_3344,division_dfe2db74975e0aa9f6fd
review_3345,division_dfe2db74975e0aa9f6fd
review_3346,division_dfe2db74975e0aa9f6fd
review_3347,division_dfe2db74975e0aa9f6fd
review_3348,division_55b19b36aa7567f7ecbf
review_3349,division_55b19b36aa7567f7ecbf
review_3350,division_df561e6f16d9f3e64a28
review_3351,division_55b19b36aa7567f7ecbf
review_3352,division_dfe2db74975e0aa9f6fd
review_3353,division_dfe2db74975e0aa9f6fd
review_3354,division_55b19b36aa7567f7ecbf
review_3355,division_dfe2db74975e0aa9f6fd
review_3356,division_dfe2db74975e0aa9f6fd
review_3357,division_55b19b36aa7567f7ecbf
review_3358,division_dfe2db74975e0aa9f6fd
review_3359,division_55b19b36aa7567f7ecbf
review_3360,division_dfe2db74975e0aa9f6fd
review_3361,division_dfe2db74975e0aa9f6fd
review_3362,division_55b19b36aa7567f7ecbf
review_3363,division_dfe2db74975e0aa9f6fd
review_3364,division_dfe2db74975e0aa9f6fd
review_3365,division_55b19b36aa7567f7ecbf
review_3366,division_dfe2db74975e0aa9f6fd
review_3367,division_dfe2db74975e0aa9f6fd
review_3368,division_dfe2db74975e0aa9f6fd
review_3369,division_dfe2db74975e0aa9f6fd
review_3370,division_55b19b36aa7567f7ecbf
review_3371,division_55b19b36aa7567f7ecbf
review_3372,division_dfe2db74975e0aa9f6fd
review_3373,division_dfe2db74975e0aa9f6fd
review_3374,division_55b19b36aa7567f7ecbf
review_3375,division_dfe2db74975e0aa9f6fd
review_3376,division_dfe2db74975e0aa9f6fd
review_3377,division_55b19b36aa7567f7ecbf
review_3378,division_dfe2db74975e0aa9f6fd
review_3379,division_dfe2db74975e0aa9f6fd
review_3380,division_dfe2db74975e0aa9f6fd
review_3381,division_dfe2db74975e0aa9f6fd
review_3382,division_55b19b36aa7567f7ecbf
review_3383,division_dfe2db74975e0aa9f6fd
review_3384,division_55b19b36aa7567f7ecbf
review_3385,division_55b19b36aa7567f7ecbf
review_3386,division_55b19b36aa7567f7ecbf
review_3387,division_dfe2db74975e0aa9f6fd
review_3388,division_dfe2db74975e0aa9f6fd
review_3389,division_dfe2db74975e0aa9f6fd
review_3390,division_dfe2db74975e0aa9f6fd
review_3391,division_55b19b36aa7567f7ecbf
review_3392,division_55b19b36aa7567f7ecbf
review_3393,division_dfe2db74975e0aa9f6fd
review_3394,division_dfe2db74975e0aa9f6fd
review_3395,division_55b19b36aa7567f7ecbf
review_3396,division_dfe2db74975e0aa9f6fd
review_3397,division_dfe2db74975e0aa9f6fd
review_3398,division_55b19b36aa7567f7ecbf
review_3399,division_55b19b36aa7567f7ecbf
review_3400,division_55b19b36aa7567f7ecbf
review_3401,division_dfe2db74975e0aa9f6fd
review_3402,division_dfe2db74975e0aa9f6fd
review_3403,division_dfe2db74975e0aa9f6fd
review_3404,division_55b19b36aa7567f7ecbf
review_3405,division_dfe2db74975e0aa9f6fd
review_3406,division_55b19b36aa7567f7ecbf
review_3407,division_dfe2db74975e0aa9f6fd
review_3408,division_dfe2db74975e0aa9f6fd
review_3409,division_dfe2db74975e0aa9f6fd
review_3410,division_55b19b36aa7567f7ecbf
review_3411,division_dfe2db74975e0aa9f6fd
review_3412,division_dfe2db74975e0aa9f6fd
review_3413,division_55b19b36aa7567f7ecbf
review_3414,division_dfe2db74975e0aa9f6fd
review_3415,division_dfe2db74975e0aa9f6fd
review_3416,division_55b19b36aa7567f7ecbf
review_3417,division_55b19b36aa7567f7ecbf
review_3418,division_55b19b36aa7567f7ecbf
review_3419,division_dfe2db74975e0aa9f6fd
review_3420,division_dfe2db74975e0aa9f6fd
review_3421,division_55b19b36aa7567f7ecbf
review_3422,division_dfe2db74975e0aa9f6fd
review_3423,division_55b19b36aa7567f7ecbf
review_3424,division_55b19b36aa7567f7ecbf
review_3425,division_dfe2db74975e0aa9f6fd
review_3426,division_55b19b36aa7567f7ecbf
review_3427,division_55b19b36aa7567f7ecbf
review_3428,division_55b19b36aa7567f7ecbf
review_3429,division_55b19b36aa7567f7ecbf
review_3430,division_55b19b36aa7567f7ecbf
review_3431,division_dfe2db74975e0aa9f6fd
review_3432,division_55b19b36aa7567f7ecbf
review_3433,division_dfe2db74975e0aa9f6fd
review_3434,division_dfe2db74975e0aa9f6fd
review_3435,division_55b19b36aa7567f7ecbf
review_3436,division_dfe2db74975e0aa9f6fd
review_3437,division_55b19b36aa7567f7ecbf
review_3438,division_55b19b36aa7567f7ecbf
review_3439,division_55b19b36aa7567f7ecbf
review_3440,division_55b19b36aa7567f7ecbf
review_3441,division_df561e6f16d9f3e64a28
review_3442,division_dfe2db74975e0aa9f6fd
review_3443,division_55b19b36aa7567f7ecbf
review_3444,division_dfe2db74975e0aa9f6fd
review_3445,division_55b19b36aa7567f7ecbf
review_3446,division_55b19b36aa7567f7ecbf
review_3447,division_55b19b36aa7567f7ecbf
review_3448,division_55b19b36aa7567f7ecbf
review_3449,division_55b19b36aa7567f7ecbf
review_3450,division_55b19b36aa7567f7ecbf
review_3451,division_55b19b36aa7567f7ecbf
review_3452,division_55b19b36aa7567f7ecbf
review_3453,division_55b19b36aa7567f7ecbf
review_3454,division_55b19b36aa7567f7ecbf
review_3455,division_55b19b36aa7567f7ecbf
review_3456,division_dfe2db74975e0aa9f6fd
review_3457,division_55b19b36aa7567f7ecbf
review_3458,division_55b19b36aa7567f7ecbf
review_3459,division_dfe2db74975e0aa9f6fd
review_3460,division_dfe2db74975e0aa9f6fd
review_3461,division_dfe2db74975e0aa9f6fd
review_3462,division_dfe2db74975e0aa9f6fd
review_3463,division_dfe2db74975e0aa9f6fd
review_3464,division_55b19b36aa7567f7ecbf
review_3465,division_55b19b36aa7567f7ecbf
review_3466,division_dfe2db74975e0aa9f6fd
review_3467,division_55b19b36aa7567f7ecbf
review_3468,division_dfe2db74975e0aa9f6fd
review_3469,division_55b19b36aa7567f7ecbf
review_3470,division_55b19b36aa7567f7ecbf
review_3471,division_55b19b36aa7567f7ecbf
review_3472,division_55b19b36aa7567f7ecbf
review_3473,division_dfe2db74975e0aa9f6fd
review_3474,division_55b19b36aa7567f7ecbf
review_3475,division_dfe2db74975e0aa9f6fd
review_3476,division_dfe2db74975e0aa9f6fd
review_3477,division_55b19b36aa7567f7ecbf
review_3478,division_55b19b36aa7567f7ecbf
review_3479,division_dfe2db74975e0aa9f6fd
review_3480,division_df561e6f16d9f3e64a28
review_3481,division_dfe2db74975e0aa9f6fd
review_3482,division_55b19b36aa7567f7ecbf
review_3483,division_dfe2db74975e0aa9f6fd
review_3484,division_55b19b36aa7567f7ecbf
review_3485,division_55b19b36aa7567f7ecbf
review_3486,division_dfe2db74975e0aa9f6fd
review_3487,division_55b19b36aa7567f7ecbf
review_3488,division_55b19b36aa7567f7ecbf
review_3489,division_dfe2db74975e0aa9f6fd
review_3490,division_dfe2db74975e0aa9f6fd
review_3491,division_55b19b36aa7567f7ecbf
review_3492,division_55b19b36aa7567f7ecbf
review_3493,division_55b19b36aa7567f7ecbf
review_3494,division_dfe2db74975e0aa9f6fd
review_3495,division_dfe2db74975e0aa9f6fd
review_3496,division_df561e6f16d9f3e64a28
review_3497,division_dfe2db74975e0aa9f6fd
review_3498,division_dfe2db74975e0aa9f6fd
review_3499,division_dfe2db74975e0aa9f6fd
review_3500,division_dfe2db74975e0aa9f6fd
review_3501,division_dfe2db74975e0aa9f6fd
review_3502,division_dfe2db74975e0aa9f6fd
review_3503,division_dfe2db74975e0aa9f6fd
review_3504,division_dfe2db74975e0aa9f6fd
review_3505,division_55b19b36aa7567f7ecbf
review_3506,division_dfe2db74975e0aa9f6fd
review_3507,division_dfe2db74975e0aa9f6fd
review_3508,division_dfe2db74975e0aa9f6fd
review_3509,division_dfe2db74975e0aa9f6fd
review_3510,division_dfe2db74975e0aa9f6fd
review_3511,division_dfe2db74975e0aa9f6fd
review_3512,division_dfe2db74975e0aa9f6fd
review_3513,division_dfe2db74975e0aa9f6fd
review_3514,division_dfe2db74975e0aa9f6fd
review_3515,division_55b19b36aa7567f7ecbf
review_3516,division_55b19b36aa7567f7ecbf
review_3517,division_dfe2db74975e0aa9f6fd
review_3518,division_dfe2db74975e0aa9f6fd
review_3519,division_dfe2db74975e0aa9f6fd
review_3520,division_dfe2db74975e0aa9f6fd
review_3521,division_df561e6f16d9f3e64a28
review_3522,division_55b19b36aa7567f7ecbf
review_3523,division_dfe2db74975e0aa9f6fd
review_3524,division_55b19b36aa7567f7ecbf
review_3525,division_dfe2db74975e0aa9f6fd
review_3526,division_dfe2db74975e0aa9f6fd
review_3527,division_dfe2db74975e0aa9f6fd
review_3528,division_dfe2db74975e0aa9f6fd
review_3529,division_dfe2db74975e0aa9f6fd
review_3530,division_dfe2db74975e0aa9f6fd
review_3531,division_dfe2db74975e0aa9f6fd
review_3532,division_dfe2db74975e0aa9f6fd
review_3533,division_dfe2db74975e0aa9f6fd
review_3534,division_dfe2db74975e0aa9f6fd
review_3535,division_55b19b36aa7567f7ecbf
review_3536,division_dfe2db74975e0aa9f6fd
review_3537,division_55b19b36aa7567f7ecbf
review_3538,division_55b19b36aa7567f7ecbf
review_3539,division_dfe2db74975e0aa9f6fd
review_3540,division_dfe2db74975e0aa9f6fd
review_3541,division_55b19b36aa7567f7ecbf
review_3542,division_55b19b36aa7567f7ecbf
review_3543,division_dfe2db74975e0aa9f6fd
review_3544,division_dfe2db74975e0aa9f6fd
review_3545,division_55b19b36aa7567f7ecbf
review_3546,division_dfe2db74975e0aa9f6fd
review_3547,division_df561e6f16d9f3e64a28
review_3548,division_dfe2db74975e0aa9f6fd
review_3549,division_dfe2db74975e0aa9f6fd
review_3550,division_dfe2db74975e0aa9f6fd
review_3551,division_dfe2db74975e0aa9f6fd
review_3552,division_dfe2db74975e0aa9f6fd
review_3553,division_dfe2db74975e0aa9f6fd
review_3554,division_55b19b36aa7567f7ecbf
review_3555,division_dfe2db74975e0aa9f6fd
review_3556,division_dfe2db74975e0aa9f6fd
review_3557,division_dfe2db74975e0aa9f6fd
review_3558,division_dfe2db74975e0aa9f6fd
review_3559,division_dfe2db74975e0aa9f6fd
review_3560,division_55b19b36aa7567f7ecbf
review_3561,division_55b19b36aa7567f7ecbf
review_3562,division_dfe2db74975e0aa9f6fd
review_3563,division_dfe2db74975e0aa9f6fd
review_3564,division_dfe2db74975e0aa9f6fd
review_3565,division_55b19b36aa7567f7ecbf
review_3566,division_dfe2db74975e0aa9f6fd
review_3567,division_55b19b36aa7567f7ecbf
review_3568,division_dfe2db74975e0aa9f6fd
review_3569,division_dfe2db74975e0aa9f6fd
review_3570,division_dfe2db74975e0aa9f6fd
review_3571,division_dfe2db74975e0aa9f6fd
review_3572,division_df561e6f16d9f3e64a28
review_3573,division_dfe2db74975e0aa9f6fd
review_3574,division_dfe2db74975e0aa9f6fd
review_3575,division_dfe2db74975e0aa9f6fd
review_3576,division_55b19b36aa7567f7ecbf
review_3577,division_dfe2db74975e0aa9f6fd
review_3578,division_dfe2db74975e0aa9f6fd
review_3579,division_dfe2db74975e0aa9f6fd
review_3580,division_dfe2db74975e0aa9f6fd
review_3581,division_dfe2db74975e0aa9f6fd
review_3582,division_dfe2db74975e0aa9f6fd
review_3583,division_df561e6f16d9f3e64a28
review_3584,division_55b19b36aa7567f7ecbf
review_3585,division_dfe2db74975e0aa9f6fd
review_3586,division_dfe2db74975e0aa9f6fd
review_3587,division_df561e6f16d9f3e64a28
review_3588,division_dfe2db74975e0aa9f6fd
review_3589,division_dfe2db74975e0aa9f6fd
review_3590,division_55b19b36aa7567f7ecbf
review_3591,division_dfe2db74975e0aa9f6fd
review_3592,division_dfe2db74975e0aa9f6fd
review_3593,division_dfe2db74975e0aa9f6fd
review_3594,division_dfe2db74975e0aa9f6fd
review_3595,division_55b19b36aa7567f7ecbf
review_3596,division_dfe2db74975e0aa9f6fd
review_3597,division_dfe2db74975e0aa9f6fd
review_3598,division_55b19b36aa7567f7ecbf
review_3599,division_55b19b36aa7567f7ecbf
review_3600,division_dfe2db74975e0aa9f6fd
review_3601,division_dfe2db74975e0aa9f6fd
review_3602,division_dfe2db74975e0aa9f6fd
review_3603,division_dfe2db74975e0aa9f6fd
review_3604,division_dfe2db74975e0aa9f6fd
review_3605,division_dfe2db74975e0aa9f6fd
review_3606,division_dfe2db74975e0aa9f6fd
review_3607,division_dfe2db74975e0aa9f6fd
review_3608,division_dfe2db74975e0aa9f6fd
review_3609,division_55b19b36aa7567f7ecbf
review_3610,division_dfe2db74975e0aa9f6fd
review_3611,division_dfe2db74975e0aa9f6fd
review_3612,division_dfe2db74975e0aa9f6fd
review_3613,division_dfe2db74975e0aa9f6fd
review_3614,division_dfe2db74975e0aa9f6fd
review_3615,division_dfe2db74975e0aa9f6fd
review_3616,division_dfe2db74975e0aa9f6fd
review_3617,division_dfe2db74975e0aa9f6fd
review_3618,division_dfe2db74975e0aa9f6fd
review_3619,division_dfe2db74975e0aa9f6fd
review_3620,division_dfe2db74975e0aa9f6fd
review_3621,division_dfe2db74975e0aa9f6fd
review_3622,division_dfe2db74975e0aa9f6fd
review_3623,division_dfe2db74975e0aa9f6fd
review_3624,division_dfe2db74975e0aa9f6fd
review_3625,division_dfe2db74975e0aa9f6fd
review_3626,division_dfe2db74975e0aa9f6fd
review_3627,division_dfe2db74975e0aa9f6fd
review_3628,division_dfe2db74975e0aa9f6fd
review_3629,division_dfe2db74975e0aa9f6fd
review_3630,division_dfe2db74975e0aa9f6fd
review_3631,division_dfe2db74975e0aa9f6fd
review_3632,division_dfe2db74975e0aa9f6fd
review_3633,division_dfe2db74975e0aa9f6fd
review_3634,division_55b19b36aa7567f7ecbf
review_3635,division_dfe2db74975e0aa9f6fd
review_3636,division_dfe2db74975e0aa9f6fd
review_3637,division_dfe2db74975e0aa9f6fd
review_3638,division_dfe2db74975e0aa9f6fd
review_3639,division_dfe2db74975e0aa9f6fd
review_3640,division_dfe2db74975e0aa9f6fd
review_3641,division_dfe2db74975e0aa9f6fd
review_3642,division_dfe2db74975e0aa9f6fd
review_3643,division_dfe2db74975e0aa9f6fd
review_3644,division_dfe2db74975e0aa9f6fd
review_3645,division_dfe2db74975e0aa9f6fd
review_3646,division_dfe2db74975e0aa9f6fd
review_3647,division_dfe2db74975e0aa9f6fd
review_3648,division_dfe2db74975e0aa9f6fd
review_3649,division_dfe2db74975e0aa9f6fd
review_3650,division_dfe2db74975e0aa9f6fd
review_3651,division_dfe2db74975e0aa9f6fd
review_3652,division_55b19b36aa7567f7ecbf
review_3653,division_dfe2db74975e0aa9f6fd
review_3654,division_dfe2db74975e0aa9f6fd
review_3655,division_55b19b36aa7567f7ecbf
review_3656,division_55b19b36aa7567f7ecbf
review_3657,division_dfe2db74975e0aa9f6fd
review_3658,division_55b19b36aa7567f7ecbf
review_3659,division_dfe2db74975e0aa9f6fd
review_3660,division_dfe2db74975e0aa9f6fd
review_3661,division_55b19b36aa7567f7ecbf
review_3662,division_55b19b36aa7567f7ecbf
review_3663,division_dfe2db74975e0aa9f6fd
review_3664,division_55b19b36aa7567f7ecbf
review_3665,division_55b19b36aa7567f7ecbf
review_3666,division_55b19b36aa7567f7ecbf
review_3667,division_55b19b36aa7567f7ecbf
review_3668,division_dfe2db74975e0aa9f6fd
review_3669,division_dfe2db74975e0aa9f6fd
review_3670,division_dfe2db74975e0aa9f6fd
review_3671,division_dfe2db74975e0aa9f6fd
review_3672,division_dfe2db74975e0aa9f6fd
review_3673,division_dfe2db74975e0aa9f6fd
review_3674,division_55b19b36aa7567f7ecbf
review_3675,division_df561e6f16d9f3e64a28
review_3676,division_df561e6f16d9f3e64a28
review_3677,division_dfe2db74975e0aa9f6fd
review_3678,division_dfe2db74975e0aa9f6fd
review_3679,division_df561e6f16d9f3e64a28
review_3680,division_dfe2db74975e0aa9f6fd
review_3681,division_dfe2db74975e0aa9f6fd
review_3682,division_dfe2db74975e0aa9f6fd
review_3683,division_dfe2db74975e0aa9f6fd
review_3684,division_dfe2db74975e0aa9f6fd
review_3685,division_55b19b36aa7567f7ecbf
review_3686,division_dfe2db74975e0aa9f6fd
review_3687,division_dfe2db74975e0aa9f6fd
review_3688,division_dfe2db74975e0aa9f6fd
review_3689,division_dfe2db74975e0aa9f6fd
review_3690,division_dfe2db74975e0aa9f6fd
review_3691,division_dfe2db74975e0aa9f6fd
review_3692,division_dfe2db74975e0aa9f6fd
review_3693,division_55b19b36aa7567f7ecbf
review_3694,division_55b19b36aa7567f7ecbf
review_3695,division_dfe2db74975e0aa9f6fd
review_3696,division_55b19b36aa7567f7ecbf
review_3697,division_55b19b36aa7567f7ecbf
review_3698,division_dfe2db74975e0aa9f6fd
review_3699,division_dfe2db74975e0aa9f6fd
review_3700,division_55b19b36aa7567f7ecbf
review_3701,division_dfe2db74975e0aa9f6fd
review_3702,division_dfe2db74975e0aa9f6fd
review_3703,division_df561e6f16d9f3e64a28
review_3704,division_55b19b36aa7567f7ecbf
review_3705,division_dfe2db74975e0aa9f6fd
review_3706,division_55b19b36aa7567f7ecbf
review_3707,division_dfe2db74975e0aa9f6fd
review_3708,division_dfe2db74975e0aa9f6fd
review_3709,division_dfe2db74975e0aa9f6fd
review_3710,division_dfe2db74975e0aa9f6fd
review_3711,division_dfe2db74975e0aa9f6fd
review_3712,division_55b19b36aa7567f7ecbf
review_3713,division_dfe2db74975e0aa9f6fd
review_3714,division_55b19b36aa7567f7ecbf
review_3715,division_dfe2db74975e0aa9f6fd
review_3716,division_dfe2db74975e0aa9f6fd
review_3717,division_dfe2db74975e0aa9f6fd
review_3718,division_dfe2db74975e0aa9f6fd
review_3719,division_dfe2db74975e0aa9f6fd
review_3720,division_dfe2db74975e0aa9f6fd
review_3721,division_55b19b36aa7567f7ecbf
review_3722,division_dfe2db74975e0aa9f6fd
review_3723,division_dfe2db74975e0aa9f6fd
review_3724,division_55b19b36aa7567f7ecbf
review_3725,division_55b19b36aa7567f7ecbf
review_3726,division_55b19b36aa7567f7ecbf
review_3727,division_dfe2db74975e0aa9f6fd
review_3728,division_dfe2db74975e0aa9f6fd
review_3729,division_55b19b36aa7567f7ecbf
review_3730,division_55b19b36aa7567f7ecbf
review_3731,division_55b19b36aa7567f7ecbf
review_3732,division_55b19b36aa7567f7ecbf
review_3733,division_55b19b36aa7567f7ecbf
review_3734,division_dfe2db74975e0aa9f6fd
review_3735,division_dfe2db74975e0aa9f6fd
review_3736,division_dfe2db74975e0aa9f6fd
review_3737,division_55b19b36aa7567f7ecbf
review_3738,division_dfe2db74975e0aa9f6fd
review_3739,division_dfe2db74975e0aa9f6fd
review_3740,division_dfe2db74975e0aa9f6fd
review_3741,division_df561e6f16d9f3e64a28
review_3742,division_55b19b36aa7567f7ecbf
review_3743,division_55b19b36aa7567f7ecbf
review_3744,division_dfe2db74975e0aa9f6fd
review_3745,division_55b19b36aa7567f7ecbf
review_3746,division_dfe2db74975e0aa9f6fd
review_3747,division_55b19b36aa7567f7ecbf
review_3748,division_dfe2db74975e0aa9f6fd
review_3749,division_dfe2db74975e0aa9f6fd
review_3750,division_55b19b36aa7567f7ecbf
review_3751,division_dfe2db74975e0aa9f6fd
review_3752,division_dfe2db74975e0aa9f6fd
review_3753,division_55b19b36aa7567f7ecbf
review_3754,division_dfe2db74975e0aa9f6fd
review_3755,division_df561e6f16d9f3e64a28
review_3756,division_dfe2db74975e0aa9f6fd
review_3757,division_dfe2db74975e0aa9f6fd
review_3758,division_dfe2db74975e0aa9f6fd
review_3759,division_dfe2db74975e0aa9f6fd
review_3760,division_dfe2db74975e0aa9f6fd
review_3761,division_dfe2db74975e0aa9f6fd
review_3762,division_dfe2db74975e0aa9f6fd
review_3763,division_55b19b36aa7567f7ecbf
review_3764,division_dfe2db74975e0aa9f6fd
review_3765,division_dfe2db74975e0aa9f6fd
review_3766,division_dfe2db74975e0aa9f6fd
review_3767,division_55b19b36aa7567f7ecbf
review_3768,division_dfe2db74975e0aa9f6fd
review_3769,division_55b19b36aa7567f7ecbf
review_3770,division_dfe2db74975e0aa9f6fd
review_3771,division_dfe2db74975e0aa9f6fd
review_3772,division_dfe2db74975e0aa9f6fd
review_3773,division_dfe2db74975e0aa9f6fd
review_3774,division_dfe2db74975e0aa9f6fd
review_3775,division_dfe2db74975e0aa9f6fd
review_3776,division_dfe2db74975e0aa9f6fd
review_3777,division_dfe2db74975e0aa9f6fd
review_3778,division_55b19b36aa7567f7ecbf
review_3779,division_dfe2db74975e0aa9f6fd
review_3780,division_dfe2db74975e0aa9f6fd
review_3781,division_55b19b36aa7567f7ecbf
review_3782,division_dfe2db74975e0aa9f6fd
review_3783,division_55b19b36aa7567f7ecbf
review_3784,division_55b19b36aa7567f7ecbf
review_3785,division_55b19b36aa7567f7ecbf
review_3786,division_dfe2db74975e0aa9f6fd
review_3787,division_dfe2db74975e0aa9f6fd
review_3788,division_dfe2db74975e0aa9f6fd
review_3789,division_dfe2db74975e0aa9f6fd
review_3790,division_dfe2db74975e0aa9f6fd
review_3791,division_dfe2db74975e0aa9f6fd
review_3792,division_dfe2db74975e0aa9f6fd
review_3793,division_dfe2db74975e0aa9f6fd
review_3794,division_dfe2db74975e0aa9f6fd
review_3795,division_dfe2db74975e0aa9f6fd
review_3796,division_dfe2db74975e0aa9f6fd
review_3797,division_dfe2db74975e0aa9f6fd
review_3798,division_55b19b36aa7567f7ecbf
review_3799,division_55b19b36aa7567f7ecbf
review_3800,division_55b19b36aa7567f7ecbf
review_3801,division_df561e6f16d9f3e64a28
review_3802,division_55b19b36aa7567f7ecbf
review_3803,division_55b19b36aa7567f7ecbf
review_3804,division_55b19b36aa7567f7ecbf
review_3805,division_55b19b36aa7567f7ecbf
review_3806,division_df561e6f16d9f3e64a28
review_3807,division_55b19b36aa7567f7ecbf
review_3808,division_55b19b36aa7567f7ecbf
review_3809,division_55b19b36aa7567f7ecbf
review_3810,division_55b19b36aa7567f7ecbf
review_3811,division_55b19b36aa7567f7ecbf
review_3812,division_55b19b36aa7567f7ecbf
review_3813,division_df561e6f16d9f3e64a28
review_3814,division_55b19b36aa7567f7ecbf
review_3815,division_dfe2db74975e0aa9f6fd
review_3816,division_dfe2db74975e0aa9f6fd
review_3817,division_dfe2db74975e0aa9f6fd
review_3818,division_dfe2db74975e0aa9f6fd
review_3819,division_dfe2db74975e0aa9f6fd
review_3820,division_dfe2db74975e0aa9f6fd
review_3821,division_55b19b36aa7567f7ecbf
review_3822,division_55b19b36aa7567f7ecbf
review_3823,division_55b19b36aa7567f7ecbf
review_3824,division_dfe2db74975e0aa9f6fd
review_3825,division_55b19b36aa7567f7ecbf
review_3826,division_dfe2db74975e0aa9f6fd
review_3827,division_dfe2db74975e0aa9f6fd
review_3828,division_df561e6f16d9f3e64a28
review_3829,division_55b19b36aa7567f7ecbf
review_3830,division_55b19b36aa7567f7ecbf
review_3831,division_55b19b36aa7567f7ecbf
review_3832,division_55b19b36aa7567f7ecbf
review_3833,division_dfe2db74975e0aa9f6fd
review_3834,division_55b19b36aa7567f7ecbf
review_3835,division_dfe2db74975e0aa9f6fd
review_3836,division_dfe2db74975e0aa9f6fd
review_3837,division_dfe2db74975e0aa9f6fd
review_3838,division_dfe2db74975e0aa9f6fd
review_3839,division_dfe2db74975e0aa9f6fd
review_3840,division_55b19b36aa7567f7ecbf
review_3841,division_dfe2db74975e0aa9f6fd
review_3842,division_55b19b36aa7567f7ecbf
review_3843,division_55b19b36aa7567f7ecbf
review_3844,division_55b19b36aa7567f7ecbf
review_3845,division_55b19b36aa7567f7ecbf
review_3846,division_dfe2db74975e0aa9f6fd
review_3847,division_55b19b36aa7567f7ecbf
review_3848,division_55b19b36aa7567f7ecbf
review_3849,division_55b19b36aa7567f7ecbf
review_3850,division_55b19b36aa7567f7ecbf
review_3851,division_dfe2db74975e0aa9f6fd
review_3852,division_55b19b36aa7567f7ecbf
review_3853,division_dfe2db74975e0aa9f6fd
review_3854,division_dfe2db74975e0aa9f6fd
review_3855,division_55b19b36aa7567f7ecbf
review_3856,division_55b19b36aa7567f7ecbf
review_3857,division_55b19b36aa7567f7ecbf
review_3858,division_dfe2db74975e0aa9f6fd
review_3859,division_55b19b36aa7567f7ecbf
review_3860,division_dfe2db74975e0aa9f6fd
review_3861,division_55b19b36aa7567f7ecbf
review_3862,division_55b19b36aa7567f7ecbf
review_3863,division_55b19b36aa7567f7ecbf
review_3864,division_dfe2db74975e0aa9f6fd
review_3865,division_dfe2db74975e0aa9f6fd
review_3866,division_55b19b36aa7567f7ecbf
review_3867,division_55b19b36aa7567f7ecbf
review_3868,division_55b19b36aa7567f7ecbf
review_3869,division_55b19b36aa7567f7ecbf
review_3870,division_55b19b36aa7567f7ecbf
review_3871,division_dfe2db74975e0aa9f6fd
review_3872,division_dfe2db74975e0aa9f6fd
review_3873,division_dfe2db74975e0aa9f6fd
review_3874,division_55b19b36aa7567f7ecbf
review_3875,division_55b19b36aa7567f7ecbf
review_3876,division_dfe2db74975e0aa9f6fd
review_3877,division_dfe2db74975e0aa9f6fd
review_3878,division_55b19b36aa7567f7ecbf
review_3879,division_55b19b36aa7567f7ecbf
review_3880,division_dfe2db74975e0aa9f6fd
review_3881,division_dfe2db74975e0aa9f6fd
review_3882,division_dfe2db74975e0aa9f6fd
review_3883,division_55b19b36aa7567f7ecbf
review_3884,division_dfe2db74975e0aa9f6fd
review_3885,division_dfe2db74975e0aa9f6fd
review_3886,division_dfe2db74975e0aa9f6fd
review_3887,division_dfe2db74975e0aa9f6fd
review_3888,division_dfe2db74975e0aa9f6fd
review_3889,division_55b19b36aa7567f7ecbf
review_3890,division_55b19b36aa7567f7ecbf
review_3891,division_55b19b36aa7567f7ecbf
review_3892,division_dfe2db74975e0aa9f6fd
review_3893,division_55b19b36aa7567f7ecbf
review_3894,division_dfe2db74975e0aa9f6fd
review_3895,division_55b19b36aa7567f7ecbf
review_3896,division_dfe2db74975e0aa9f6fd
review_3897,division_dfe2db74975e0aa9f6fd
review_3898,division_55b19b36aa7567f7ecbf
review_3899,division_dfe2db74975e0aa9f6fd
review_3900,division_55b19b36aa7567f7ecbf
review_3901,division_dfe2db74975e0aa9f6fd
review_3902,division_dfe2db74975e0aa9f6fd
review_3903,division_dfe2db74975e0aa9f6fd
review_3904,division_55b19b36aa7567f7ecbf
review_3905,division_dfe2db74975e0aa9f6fd
review_3906,division_dfe2db74975e0aa9f6fd
review_3907,division_55b19b36aa7567f7ecbf
review_3908,division_dfe2db74975e0aa9f6fd
review_3909,division_dfe2db74975e0aa9f6fd
review_3910,division_dfe2db74975e0aa9f6fd
review_3911,division_dfe2db74975e0aa9f6fd
review_3912,division_dfe2db74975e0aa9f6fd
review_3913,division_dfe2db74975e0aa9f6fd
review_3914,division_dfe2db74975e0aa9f6fd
review_3915,division_dfe2db74975e0aa9f6fd
review_3916,division_55b19b36aa7567f7ecbf
review_3917,division_dfe2db74975e0aa9f6fd
review_3918,division_dfe2db74975e0aa9f6fd
review_3919,division_dfe2db74975e0aa9f6fd
review_3920,division_dfe2db74975e0aa9f6fd
review_3921,division_55b19b36aa7567f7ecbf
review_3922,division_55b19b36aa7567f7ecbf
review_3923,division_55b19b36aa7567f7ecbf
review_3924,division_dfe2db74975e0aa9f6fd
review_3925,division_55b19b36aa7567f7ecbf
review_3926,division_55b19b36aa7567f7ecbf
review_3927,division_dfe2db74975e0aa9f6fd
review_3928,division_dfe2db74975e0aa9f6fd
review_3929,division_55b19b36aa7567f7ecbf
review_3930,division_55b19b36aa7567f7ecbf
review_3931,division_dfe2db74975e0aa9f6fd
review_3932,division_55b19b36aa7567f7ecbf
review_3933,division_dfe2db74975e0aa9f6fd
review_3934,division_55b19b36aa7567f7ecbf
review_3935,division_55b19b36aa7567f7ecbf
review_3936,division_55b19b36aa7567f7ecbf
review_3937,division_55b19b36aa7567f7ecbf
review_3938,division_55b19b36aa7567f7ecbf
review_3939,division_dfe2db74975e0aa9f6fd
review_3940,division_dfe2db74975e0aa9f6fd
review_3941,division_dfe2db74975e0aa9f6fd
review_3942,division_dfe2db74975e0aa9f6fd
review_3943,division_dfe2db74975e0aa9f6fd
review_3944,division_dfe2db74975e0aa9f6fd
review_3945,division_dfe2db74975e0aa9f6fd
review_3946,division_55b19b36aa7567f7ecbf
review_3947,division_55b19b36aa7567f7ecbf
review_3948,division_dfe2db74975e0aa9f6fd
review_3949,division_55b19b36aa7567f7ecbf
review_3950,division_dfe2db74975e0aa9f6fd
review_3951,division_55b19b36aa7567f7ecbf
review_3952,division_dfe2db74975e0aa9f6fd
review_3953,division_dfe2db74975e0aa9f6fd
review_3954,division_dfe2db74975e0aa9f6fd
review_3955,division_dfe2db74975e0aa9f6fd
review_3956,division_dfe2db74975e0aa9f6fd
review_3957,division_dfe2db74975e0aa9f6fd
review_3958,division_dfe2db74975e0aa9f6fd
review_3959,division_55b19b36aa7567f7ecbf
review_3960,division_55b19b36aa7567f7ecbf
review_3961,division_55b19b36aa7567f7ecbf
review_3962,division_55b19b36aa7567f7ecbf
review_3963,division_55b19b36aa7567f7ecbf
review_3964,division_55b19b36aa7567f7ecbf
review_3965,division_df561e6f16d9f3e64a28
review_3966,division_55b19b36aa7567f7ecbf
review_3967,division_55b19b36aa7567f7ecbf
review_3968,division_55b19b36aa7567f7ecbf
review_3969,division_55b19b36aa7567f7ecbf
review_3970,division_55b19b36aa7567f7ecbf
review_3971,division_55b19b36aa7567f7ecbf
review_3972,division_dfe2db74975e0aa9f6fd
review_3973,division_df561e6f16d9f3e64a28
review_3974,division_55b19b36aa7567f7ecbf
review_3975,division_dfe2db74975e0aa9f6fd
review_3976,division_dfe2db74975e0aa9f6fd
review_3977,division_df561e6f16d9f3e64a28
review_3978,division_55b19b36aa7567f7ecbf
review_3979,division_55b19b36aa7567f7ecbf
review_3980,division_dfe2db74975e0aa9f6fd
review_3981,division_55b19b36aa7567f7ecbf
review_3982,division_55b19b36aa7567f7ecbf
review_3983,division_dfe2db74975e0aa9f6fd
review_3984,division_55b19b36aa7567f7ecbf
review_3985,division_55b19b36aa7567f7ecbf
review_3986,division_55b19b36aa7567f7ecbf
review_3987,division_55b19b36aa7567f7ecbf
review_3988,division_55b19b36aa7567f7ecbf
review_3989,division_55b19b36aa7567f7ecbf
review_3990,division_55b19b36aa7567f7ecbf
review_3991,division_55b19b36aa7567f7ecbf
review_3992,division_55b19b36aa7567f7ecbf
review_3993,division_55b19b36aa7567f7ecbf
review_3994,division_55b19b36aa7567f7ecbf
review_3995,division_55b19b36aa7567f7ecbf
review_3996,division_55b19b36aa7567f7ecbf
review_3997,division_55b19b36aa7567f7ecbf
review_3998,division_55b19b36aa7567f7ecbf
review_3999,division_55b19b36aa7567f7ecbf
review_4000,division_55b19b36aa7567f7ecbf
review_4001,division_df561e6f16d9f3e64a28
review_4002,division_55b19b36aa7567f7ecbf
review_4003,division_55b19b36aa7567f7ecbf
review_4004,division_55b19b36aa7567f7ecbf
review_4005,division_55b19b36aa7567f7ecbf
review_4006,division_55b19b36aa7567f7ecbf
review_4007,division_55b19b36aa7567f7ecbf
review_4008,division_55b19b36aa7567f7ecbf
review_4009,division_df561e6f16d9f3e64a28
review_4010,division_55b19b36aa7567f7ecbf
review_4011,division_55b19b36aa7567f7ecbf
review_4012,division_55b19b36aa7567f7ecbf
review_4013,division_dfe2db74975e0aa9f6fd
review_4014,division_55b19b36aa7567f7ecbf
review_4015,division_55b19b36aa7567f7ecbf
review_4016,division_55b19b36aa7567f7ecbf
review_4017,division_55b19b36aa7567f7ecbf
review_4018,division_dfe2db74975e0aa9f6fd
review_4019,division_55b19b36aa7567f7ecbf
review_4020,division_55b19b36aa7567f7ecbf
review_4021,division_55b19b36aa7567f7ecbf
review_4022,division_55b19b36aa7567f7ecbf
review_4023,division_55b19b36aa7567f7ecbf
review_4024,division_55b19b36aa7567f7ecbf
review_4025,division_55b19b36aa7567f7ecbf
review_4026,division_55b19b36aa7567f7ecbf
review_4027,division_55b19b36aa7567f7ecbf
review_4028,division_55b19b36aa7567f7ecbf
review_4029,division_dfe2db74975e0aa9f6fd
review_4030,division_55b19b36aa7567f7ecbf
review_4031,division_55b19b36aa7567f7ecbf
review_4032,division_55b19b36aa7567f7ecbf
review_4033,division_55b19b36aa7567f7ecbf
review_4034,division_55b19b36aa7567f7ecbf
review_4035,division_55b19b36aa7567f7ecbf
review_4036,division_55b19b36aa7567f7ecbf
review_4037,division_55b19b36aa7567f7ecbf
review_4038,division_55b19b36aa7567f7ecbf
review_4039,division_55b19b36aa7567f7ecbf
review_4040,division_55b19b36aa7567f7ecbf
review_4041,division_55b19b36aa7567f7ecbf
review_4042,division_dfe2db74975e0aa9f6fd
review_4043,division_55b19b36aa7567f7ecbf
review_4044,division_df561e6f16d9f3e64a28
review_4045,division_55b19b36aa7567f7ecbf
review_4046,division_55b19b36aa7567f7ecbf
review_4047,division_55b19b36aa7567f7ecbf
review_4048,division_df561e6f16d9f3e64a28
review_4049,division_df561e6f16d9f3e64a28
review_4050,division_55b19b36aa7567f7ecbf
review_4051,division_55b19b36aa7567f7ecbf
review_4052,division_55b19b36aa7567f7ecbf
review_4053,division_55b19b36aa7567f7ecbf
review_4054,division_55b19b36aa7567f7ecbf
review_4055,division_dfe2db74975e0aa9f6fd
review_4056,division_55b19b36aa7567f7ecbf
review_4057,division_55b19b36aa7567f7ecbf
review_4058,division_55b19b36aa7567f7ecbf
review_4059,division_dfe2db74975e0aa9f6fd
review_4060,division_55b19b36aa7567f7ecbf
review_4061,division_55b19b36aa7567f7ecbf
review_4062,division_55b19b36aa7567f7ecbf
review_4063,division_55b19b36aa7567f7ecbf
review_4064,division_55b19b36aa7567f7ecbf
review_4065,division_55b19b36aa7567f7ecbf
review_4066,division_dfe2db74975e0aa9f6fd
review_4067,division_55b19b36aa7567f7ecbf
review_4068,division_dfe2db74975e0aa9f6fd
review_4069,division_dfe2db74975e0aa9f6fd
review_4070,division_55b19b36aa7567f7ecbf
review_4071,division_55b19b36aa7567f7ecbf
review_4072,division_dfe2db74975e0aa9f6fd
review_4073,division_dfe2db74975e0aa9f6fd
review_4074,division_df561e6f16d9f3e64a28
review_4075,division_55b19b36aa7567f7ecbf
review_4076,division_55b19b36aa7567f7ecbf
review_4077,division_dfe2db74975e0aa9f6fd
review_4078,division_dfe2db74975e0aa9f6fd
review_4079,division_55b19b36aa7567f7ecbf
review_4080,division_55b19b36aa7567f7ecbf
review_4081,division_55b19b36aa7567f7ecbf
review_4082,division_55b19b36aa7567f7ecbf
review_4083,division_55b19b36aa7567f7ecbf
review_4084,division_dfe2db74975e0aa9f6fd
review_4085,division_55b19b36aa7567f7ecbf
review_4086,division_df561e6f16d9f3e64a28
review_4087,division_55b19b36aa7567f7ecbf
review_4088,division_55b19b36aa7567f7ecbf
review_4089,division_55b19b36aa7567f7ecbf
review_4090,division_55b19b36aa7567f7ecbf
review_4091,division_dfe2db74975e0aa9f6fd
review_4092,division_df561e6f16d9f3e64a28
review_4093,division_55b19b36aa7567f7ecbf
review_4094,division_55b19b36aa7567f7ecbf
review_4095,division_55b19b36aa7567f7ecbf
review_4096,division_55b19b36aa7567f7ecbf
review_4097,division_55b19b36aa7567f7ecbf
review_4098,division_55b19b36aa7567f7ecbf
review_4099,division_55b19b36aa7567f7ecbf
review_4100,division_55b19b36aa7567f7ecbf
review_4101,division_55b19b36aa7567f7ecbf
review_4102,division_55b19b36aa7567f7ecbf
review_4103,division_55b19b36aa7567f7ecbf
review_4104,division_55b19b36aa7567f7ecbf
review_4105,division_55b19b36aa7567f7ecbf
review_4106,division_df561e6f16d9f3e64a28
review_4107,division_df561e6f16d9f3e64a28
review_4108,division_dfe2db74975e0aa9f6fd
review_4109,division_dfe2db74975e0aa9f6fd
review_4110,division_55b19b36aa7567f7ecbf
review_4111,division_df561e6f16d9f3e64a28
review_4112,division_55b19b36aa7567f7ecbf
review_4113,division_55b19b36aa7567f7ecbf
review_4114,division_dfe2db74975e0aa9f6fd
review_4115,division_55b19b36aa7567f7ecbf
review_4116,division_55b19b36aa7567f7ecbf
review_4117,division_dfe2db74975e0aa9f6fd
review_4118,division_55b19b36aa7567f7ecbf
review_4119,division_df561e6f16d9f3e64a28
review_4120,division_df561e6f16d9f3e64a28
review_4121,division_55b19b36aa7567f7ecbf
review_4122,division_df561e6f16d9f3e64a28
review_4123,division_55b19b36aa7567f7ecbf
review_4124,division_55b19b36aa7567f7ecbf
review_4125,division_55b19b36aa7567f7ecbf
review_4126,division_dfe2db74975e0aa9f6fd
review_4127,division_55b19b36aa7567f7ecbf
review_4128,division_55b19b36aa7567f7ecbf
review_4129,division_dfe2db74975e0aa9f6fd
review_4130,division_55b19b36aa7567f7ecbf
review_4131,division_55b19b36aa7567f7ecbf
review_4132,division_55b19b36aa7567f7ecbf
review_4133,division_55b19b36aa7567f7ecbf
review_4134,division_df561e6f16d9f3e64a28
review_4135,division_55b19b36aa7567f7ecbf
review_4136,division_dfe2db74975e0aa9f6fd
review_4137,division_55b19b36aa7567f7ecbf
review_4138,division_55b19b36aa7567f7ecbf
review_4139,division_55b19b36aa7567f7ecbf
review_4140,division_df561e6f16d9f3e64a28
review_4141,division_df561e6f16d9f3e64a28
review_4142,division_55b19b36aa7567f7ecbf
review_4143,division_55b19b36aa7567f7ecbf
review_4144,division_dfe2db74975e0aa9f6fd
review_4145,division_55b19b36aa7567f7ecbf
review_4146,division_55b19b36aa7567f7ecbf
review_4147,division_dfe2db74975e0aa9f6fd
review_4148,division_dfe2db74975e0aa9f6fd
review_4149,division_df561e6f16d9f3e64a28
review_4150,division_dfe2db74975e0aa9f6fd
review_4151,division_55b19b36aa7567f7ecbf
review_4152,division_dfe2db74975e0aa9f6fd
review_4153,division_dfe2db74975e0aa9f6fd
review_4154,division_df561e6f16d9f3e64a28
review_4155,division_55b19b36aa7567f7ecbf
review_4156,division_55b19b36aa7567f7ecbf
review_4157,division_df561e6f16d9f3e64a28
review_4158,division_dfe2db74975e0aa9f6fd
review_4159,division_55b19b36aa7567f7ecbf
review_4160,division_dfe2db74975e0aa9f6fd
review_4161,division_55b19b36aa7567f7ecbf
review_4162,division_dfe2db74975e0aa9f6fd
review_4163,division_df561e6f16d9f3e64a28
review_4164,division_df561e6f16d9f3e64a28
review_4165,division_df561e6f16d9f3e64a28
review_4166,division_dfe2db74975e0aa9f6fd
review_4167,division_dfe2db74975e0aa9f6fd
review_4168,division_55b19b36aa7567f7ecbf
review_4169,division_dfe2db74975e0aa9f6fd
review_4170,division_dfe2db74975e0aa9f6fd
review_4171,division_dfe2db74975e0aa9f6fd
review_4172,division_df561e6f16d9f3e64a28
review_4173,division_55b19b36aa7567f7ecbf
review_4174,division_dfe2db74975e0aa9f6fd
review_4175,division_dfe2db74975e0aa9f6fd
review_4176,division_dfe2db74975e0aa9f6fd
review_4177,division_55b19b36aa7567f7ecbf
review_4178,division_55b19b36aa7567f7ecbf
review_4179,division_dfe2db74975e0aa9f6fd
review_4180,division_dfe2db74975e0aa9f6fd
review_4181,division_dfe2db74975e0aa9f6fd
review_4182,division_55b19b36aa7567f7ecbf
review_4183,division_55b19b36aa7567f7ecbf
review_4184,division_dfe2db74975e0aa9f6fd
review_4185,division_dfe2db74975e0aa9f6fd
review_4186,division_55b19b36aa7567f7ecbf
review_4187,division_55b19b36aa7567f7ecbf
review_4188,division_df561e6f16d9f3e64a28
review_4189,division_dfe2db74975e0aa9f6fd
review_4190,division_dfe2db74975e0aa9f6fd
review_4191,division_55b19b36aa7567f7ecbf
review_4192,division_dfe2db74975e0aa9f6fd
review_4193,division_dfe2db74975e0aa9f6fd
review_4194,division_55b19b36aa7567f7ecbf
review_4195,division_dfe2db74975e0aa9f6fd
review_4196,division_55b19b36aa7567f7ecbf
review_4197,division_dfe2db74975e0aa9f6fd
review_4198,division_dfe2db74975e0aa9f6fd
review_4199,division_55b19b36aa7567f7ecbf
review_4200,division_55b19b36aa7567f7ecbf
review_4201,division_55b19b36aa7567f7ecbf
review_4202,division_55b19b36aa7567f7ecbf
review_4203,division_55b19b36aa7567f7ecbf
review_4204,division_55b19b36aa7567f7ecbf
review_4205,division_dfe2db74975e0aa9f6fd
review_4206,division_dfe2db74975e0aa9f6fd
review_4207,division_55b19b36aa7567f7ecbf
review_4208,division_dfe2db74975e0aa9f6fd
review_4209,division_dfe2db74975e0aa9f6fd
review_4210,division_dfe2db74975e0aa9f6fd
review_4211,division_55b19b36aa7567f7ecbf
review_4212,division_dfe2db74975e0aa9f6fd
review_4213,division_55b19b36aa7567f7ecbf
review_4214,division_55b19b36aa7567f7ecbf
review_4215,division_dfe2db74975e0aa9f6fd
review_4216,division_dfe2db74975e0aa9f6fd
review_4217,division_dfe2db74975e0aa9f6fd
review_4218,division_dfe2db74975e0aa9f6fd
review_4219,division_dfe2db74975e0aa9f6fd
review_4220,division_dfe2db74975e0aa9f6fd
review_4221,division_dfe2db74975e0aa9f6fd
review_4222,division_dfe2db74975e0aa9f6fd
review_4223,division_dfe2db74975e0aa9f6fd
review_4224,division_dfe2db74975e0aa9f6fd
review_4225,division_df561e6f16d9f3e64a28
review_4226,division_dfe2db74975e0aa9f6fd
review_4227,division_55b19b36aa7567f7ecbf
review_4228,division_dfe2db74975e0aa9f6fd
review_4229,division_dfe2db74975e0aa9f6fd
review_4230,division_55b19b36aa7567f7ecbf
review_4231,division_dfe2db74975e0aa9f6fd
review_4232,division_dfe2db74975e0aa9f6fd
review_4233,division_dfe2db74975e0aa9f6fd
review_4234,division_dfe2db74975e0aa9f6fd
review_4235,division_55b19b36aa7567f7ecbf
review_4236,division_55b19b36aa7567f7ecbf
review_4237,division_dfe2db74975e0aa9f6fd
review_4238,division_dfe2db74975e0aa9f6fd
review_4239,division_dfe2db74975e0aa9f6fd
review_4240,division_55b19b36aa7567f7ecbf
review_4241,division_55b19b36aa7567f7ecbf
review_4242,division_dfe2db74975e0aa9f6fd
review_4243,division_dfe2db74975e0aa9f6fd
review_4244,division_df561e6f16d9f3e64a28
review_4245,division_dfe2db74975e0aa9f6fd
review_4246,division_dfe2db74975e0aa9f6fd
review_4247,division_dfe2db74975e0aa9f6fd
review_4248,division_dfe2db74975e0aa9f6fd
review_4249,division_dfe2db74975e0aa9f6fd
review_4250,division_dfe2db74975e0aa9f6fd
review_4251,division_dfe2db74975e0aa9f6fd
review_4252,division_dfe2db74975e0aa9f6fd
review_4253,division_dfe2db74975e0aa9f6fd
review_4254,division_55b19b36aa7567f7ecbf
review_4255,division_dfe2db74975e0aa9f6fd
review_4256,division_55b19b36aa7567f7ecbf
review_4257,division_dfe2db74975e0aa9f6fd
review_4258,division_dfe2db74975e0aa9f6fd
review_4259,division_dfe2db74975e0aa9f6fd
review_4260,division_dfe2db74975e0aa9f6fd
review_4261,division_55b19b36aa7567f7ecbf
review_4262,division_dfe2db74975e0aa9f6fd
review_4263,division_dfe2db74975e0aa9f6fd
review_4264,division_dfe2db74975e0aa9f6fd
review_4265,division_dfe2db74975e0aa9f6fd
review_4266,division_55b19b36aa7567f7ecbf
review_4267,division_dfe2db74975e0aa9f6fd
review_4268,division_dfe2db74975e0aa9f6fd
review_4269,division_dfe2db74975e0aa9f6fd
review_4270,division_dfe2db74975e0aa9f6fd
review_4271,division_dfe2db74975e0aa9f6fd
review_4272,division_dfe2db74975e0aa9f6fd
review_4273,division_dfe2db74975e0aa9f6fd
review_4274,division_dfe2db74975e0aa9f6fd
review_4275,division_dfe2db74975e0aa9f6fd
review_4276,division_dfe2db74975e0aa9f6fd
review_4277,division_55b19b36aa7567f7ecbf
review_4278,division_dfe2db74975e0aa9f6fd
review_4279,division_55b19b36aa7567f7ecbf
review_4280,division_dfe2db74975e0aa9f6fd
review_4281,division_55b19b36aa7567f7ecbf
review_4282,division_dfe2db74975e0aa9f6fd
review_4283,division_dfe2db74975e0aa9f6fd
review_4284,division_55b19b36aa7567f7ecbf
review_4285,division_dfe2db74975e0aa9f6fd
review_4286,division_dfe2db74975e0aa9f6fd
review_4287,division_dfe2db74975e0aa9f6fd
review_4288,division_dfe2db74975e0aa9f6fd
review_4289,division_dfe2db74975e0aa9f6fd
review_4290,division_dfe2db74975e0aa9f6fd
review_4291,division_55b19b36aa7567f7ecbf
review_4292,division_55b19b36aa7567f7ecbf
review_4293,division_dfe2db74975e0aa9f6fd
review_4294,division_dfe2db74975e0aa9f6fd
review_4295,division_dfe2db74975e0aa9f6fd
review_4296,division_55b19b36aa7567f7ecbf
review_4297,division_dfe2db74975e0aa9f6fd
review_4298,division_dfe2db74975e0aa9f6fd
review_4299,division_55b19b36aa7567f7ecbf
review_4300,division_dfe2db74975e0aa9f6fd
review_4301,division_55b19b36aa7567f7ecbf
review_4302,division_dfe2db74975e0aa9f6fd
review_4303,division_55b19b36aa7567f7ecbf
review_4304,division_dfe2db74975e0aa9f6fd
review_4305,division_dfe2db74975e0aa9f6fd
review_4306,division_dfe2db74975e0aa9f6fd
review_4307,division_55b19b36aa7567f7ecbf
review_4308,division_dfe2db74975e0aa9f6fd
review_4309,division_dfe2db74975e0aa9f6fd
review_4310,division_55b19b36aa7567f7ecbf
review_4311,division_55b19b36aa7567f7ecbf
review_4312,division_dfe2db74975e0aa9f6fd
review_4313,division_dfe2db74975e0aa9f6fd
review_4314,division_dfe2db74975e0aa9f6fd
review_4315,division_dfe2db74975e0aa9f6fd
review_4316,division_dfe2db74975e0aa9f6fd
review_4317,division_dfe2db74975e0aa9f6fd
review_4318,division_dfe2db74975e0aa9f6fd
review_4319,division_dfe2db74975e0aa9f6fd
review_4320,division_dfe2db74975e0aa9f6fd
review_4321,division_55b19b36aa7567f7ecbf
review_4322,division_dfe2db74975e0aa9f6fd
review_4323,division_55b19b36aa7567f7ecbf
review_4324,division_dfe2db74975e0aa9f6fd
review_4325,division_dfe2db74975e0aa9f6fd
review_4326,division_55b19b36aa7567f7ecbf
review_4327,division_dfe2db74975e0aa9f6fd
review_4328,division_dfe2db74975e0aa9f6fd
review_4329,division_dfe2db74975e0aa9f6fd
review_4330,division_dfe2db74975e0aa9f6fd
review_4331,division_dfe2db74975e0aa9f6fd
review_4332,division_dfe2db74975e0aa9f6fd
review_4333,division_dfe2db74975e0aa9f6fd
review_4334,division_dfe2db74975e0aa9f6fd
review_4335,division_dfe2db74975e0aa9f6fd
review_4336,division_dfe2db74975e0aa9f6fd
review_4337,division_dfe2db74975e0aa9f6fd
review_4338,division_55b19b36aa7567f7ecbf
review_4339,division_dfe2db74975e0aa9f6fd
review_4340,division_dfe2db74975e0aa9f6fd
review_4341,division_dfe2db74975e0aa9f6fd
review_4342,division_55b19b36aa7567f7ecbf
review_4343,division_55b19b36aa7567f7ecbf
review_4344,division_dfe2db74975e0aa9f6fd
review_4345,division_dfe2db74975e0aa9f6fd
review_4346,division_dfe2db74975e0aa9f6fd
review_4347,division_dfe2db74975e0aa9f6fd
review_4348,division_55b19b36aa7567f7ecbf
review_4349,division_55b19b36aa7567f7ecbf
review_4350,division_dfe2db74975e0aa9f6fd
review_4351,division_55b19b36aa7567f7ecbf
review_4352,division_dfe2db74975e0aa9f6fd
review_4353,division_55b19b36aa7567f7ecbf
review_4354,division_dfe2db74975e0aa9f6fd
review_4355,division_dfe2db74975e0aa9f6fd
review_4356,division_dfe2db74975e0aa9f6fd
review_4357,division_dfe2db74975e0aa9f6fd
review_4358,division_dfe2db74975e0aa9f6fd
review_4359,division_dfe2db74975e0aa9f6fd
review_4360,division_dfe2db74975e0aa9f6fd
review_4361,division_dfe2db74975e0aa9f6fd
review_4362,division_dfe2db74975e0aa9f6fd
review_4363,division_dfe2db74975e0aa9f6fd
review_4364,division_dfe2db74975e0aa9f6fd
review_4365,division_dfe2db74975e0aa9f6fd
review_4366,division_dfe2db74975e0aa9f6fd
review_4367,division_dfe2db74975e0aa9f6fd
review_4368,division_55b19b36aa7567f7ecbf
review_4369,division_dfe2db74975e0aa9f6fd
review_4370,division_dfe2db74975e0aa9f6fd
review_4371,division_55b19b36aa7567f7ecbf
review_4372,division_dfe2db74975e0aa9f6fd
review_4373,division_dfe2db74975e0aa9f6fd
review_4374,division_dfe2db74975e0aa9f6fd
review_4375,division_55b19b36aa7567f7ecbf
review_4376,division_dfe2db74975e0aa9f6fd
review_4377,division_55b19b36aa7567f7ecbf
review_4378,division_55b19b36aa7567f7ecbf
review_4379,division_dfe2db74975e0aa9f6fd
review_4380,division_dfe2db74975e0aa9f6fd
review_4381,division_dfe2db74975e0aa9f6fd
review_4382,division_dfe2db74975e0aa9f6fd
review_4383,division_55b19b36aa7567f7ecbf
review_4384,division_55b19b36aa7567f7ecbf
review_4385,division_dfe2db74975e0aa9f6fd
review_4386,division_55b19b36aa7567f7ecbf
review_4387,division_55b19b36aa7567f7ecbf
review_4388,division_55b19b36aa7567f7ecbf
review_4389,division_55b19b36aa7567f7ecbf
review_4390,division_55b19b36aa7567f7ecbf
review_4391,division_dfe2db74975e0aa9f6fd
review_4392,division_55b19b36aa7567f7ecbf
review_4393,division_dfe2db74975e0aa9f6fd
review_4394,division_55b19b36aa7567f7ecbf
review_4395,division_55b19b36aa7567f7ecbf
review_4396,division_dfe2db74975e0aa9f6fd
review_4397,division_dfe2db74975e0aa9f6fd
review_4398,division_dfe2db74975e0aa9f6fd
review_4399,division_55b19b36aa7567f7ecbf
review_4400,division_55b19b36aa7567f7ecbf
review_4401,division_55b19b36aa7567f7ecbf
review_4402,division_dfe2db74975e0aa9f6fd
review_4403,division_dfe2db74975e0aa9f6fd
review_4404,division_dfe2db74975e0aa9f6fd
review_4405,division_dfe2db74975e0aa9f6fd
review_4406,division_dfe2db74975e0aa9f6fd
review_4407,division_55b19b36aa7567f7ecbf
review_4408,division_55b19b36aa7567f7ecbf
review_4409,division_dfe2db74975e0aa9f6fd
review_4410,division_55b19b36aa7567f7ecbf
review_4411,division_55b19b36aa7567f7ecbf
review_4412,division_55b19b36aa7567f7ecbf
review_4413,division_55b19b36aa7567f7ecbf
review_4414,division_55b19b36aa7567f7ecbf
review_4415,division_55b19b36aa7567f7ecbf
review_4416,division_55b19b36aa7567f7ecbf
review_4417,division_55b19b36aa7567f7ecbf
review_4418,division_55b19b36aa7567f7ecbf
review_4419,division_dfe2db74975e0aa9f6fd
review_4420,division_55b19b36aa7567f7ecbf
review_4421,division_55b19b36aa7567f7ecbf
review_4422,division_55b19b36aa7567f7ecbf
review_4423,division_55b19b36aa7567f7ecbf
review_4424,division_55b19b36aa7567f7ecbf
review_4425,division_55b19b36aa7567f7ecbf
review_4426,division_dfe2db74975e0aa9f6fd
review_4427,division_55b19b36aa7567f7ecbf
review_4428,division_dfe2db74975e0aa9f6fd
review_4429,division_55b19b36aa7567f7ecbf
review_4430,division_55b19b36aa7567f7ecbf
review_4431,division_55b19b36aa7567f7ecbf
review_4432,division_dfe2db74975e0aa9f6fd
review_4433,division_55b19b36aa7567f7ecbf
review_4434,division_df561e6f16d9f3e64a28
review_4435,division_55b19b36aa7567f7ecbf
review_4436,division_dfe2db74975e0aa9f6fd
review_4437,division_dfe2db74975e0aa9f6fd
review_4438,division_dfe2db74975e0aa9f6fd
review_4439,division_55b19b36aa7567f7ecbf
review_4440,division_55b19b36aa7567f7ecbf
review_4441,division_dfe2db74975e0aa9f6fd
review_4442,division_dfe2db74975e0aa9f6fd
review_4443,division_dfe2db74975e0aa9f6fd
review_4444,division_dfe2db74975e0aa9f6fd
review_4445,division_df561e6f16d9f3e64a28
review_4446,division_dfe2db74975e0aa9f6fd
review_4447,division_dfe2db74975e0aa9f6fd
review_4448,division_dfe2db74975e0aa9f6fd
review_4449,division_df561e6f16d9f3e64a28
review_4450,division_dfe2db74975e0aa9f6fd
review_4451,division_dfe2db74975e0aa9f6fd
review_4452,division_dfe2db74975e0aa9f6fd
review_4453,division_dfe2db74975e0aa9f6fd
review_4454,division_dfe2db74975e0aa9f6fd
review_4455,division_df561e6f16d9f3e64a28
review_4456,division_dfe2db74975e0aa9f6fd
review_4457,division_dfe2db74975e0aa9f6fd
review_4458,division_dfe2db74975e0aa9f6fd
review_4459,division_df561e6f16d9f3e64a28
review_4460,division_dfe2db74975e0aa9f6fd
review_4461,division_dfe2db74975e0aa9f6fd
review_4462,division_dfe2db74975e0aa9f6fd
review_4463,division_dfe2db74975e0aa9f6fd
review_4464,division_dfe2db74975e0aa9f6fd
review_4465,division_df561e6f16d9f3e64a28
review_4466,division_dfe2db74975e0aa9f6fd
review_4467,division_dfe2db74975e0aa9f6fd
review_4468,division_df561e6f16d9f3e64a28
review_4469,division_dfe2db74975e0aa9f6fd
review_4470,division_dfe2db74975e0aa9f6fd
review_4471,division_df561e6f16d9f3e64a28
review_4472,division_dfe2db74975e0aa9f6fd
review_4473,division_df561e6f16d9f3e64a28
review_4474,division_55b19b36aa7567f7ecbf
review_4475,division_55b19b36aa7567f7ecbf
review_4476,division_dfe2db74975e0aa9f6fd
review_4477,division_dfe2db74975e0aa9f6fd
review_4478,division_dfe2db74975e0aa9f6fd
review_4479,division_dfe2db74975e0aa9f6fd
review_4480,division_55b19b36aa7567f7ecbf
review_4481,division_dfe2db74975e0aa9f6fd
review_4482,division_55b19b36aa7567f7ecbf
review_4483,division_55b19b36aa7567f7ecbf
review_4484,division_55b19b36aa7567f7ecbf
review_4485,division_dfe2db74975e0aa9f6fd
review_4486,division_dfe2db74975e0aa9f6fd
review_4487,division_55b19b36aa7567f7ecbf
review_4488,division_55b19b36aa7567f7ecbf
review_4489,division_dfe2db74975e0aa9f6fd
review_4490,division_55b19b36aa7567f7ecbf
review_4491,division_dfe2db74975e0aa9f6fd
review_4492,division_dfe2db74975e0aa9f6fd
review_4493,division_dfe2db74975e0aa9f6fd
review_4494,division_dfe2db74975e0aa9f6fd
review_4495,division_dfe2db74975e0aa9f6fd
review_4496,division_55b19b36aa7567f7ecbf
review_4497,division_dfe2db74975e0aa9f6fd
review_4498,division_dfe2db74975e0aa9f6fd
review_4499,division_dfe2db74975e0aa9f6fd
review_4500,division_dfe2db74975e0aa9f6fd
review_4501,division_dfe2db74975e0aa9f6fd
review_4502,division_55b19b36aa7567f7ecbf
review_4503,division_55b19b36aa7567f7ecbf
review_4504,division_dfe2db74975e0aa9f6fd
review_4505,division_dfe2db74975e0aa9f6fd
review_4506,division_55b19b36aa7567f7ecbf
review_4507,division_55b19b36aa7567f7ecbf
review_4508,division_dfe2db74975e0aa9f6fd
review_4509,division_55b19b36aa7567f7ecbf
review_4510,division_55b19b36aa7567f7ecbf
review_4511,division_55b19b36aa7567f7ecbf
review_4512,division_dfe2db74975e0aa9f6fd
review_4513,division_55b19b36aa7567f7ecbf
review_4514,division_dfe2db74975e0aa9f6fd
review_4515,division_55b19b36aa7567f7ecbf
review_4516,division_dfe2db74975e0aa9f6fd
review_4517,division_55b19b36aa7567f7ecbf
review_4518,division_dfe2db74975e0aa9f6fd
review_4519,division_dfe2db74975e0aa9f6fd
review_4520,division_dfe2db74975e0aa9f6fd
review_4521,division_dfe2db74975e0aa9f6fd
review_4522,division_dfe2db74975e0aa9f6fd
review_4523,division_dfe2db74975e0aa9f6fd
review_4524,division_55b19b36aa7567f7ecbf
review_4525,division_dfe2db74975e0aa9f6fd
review_4526,division_dfe2db74975e0aa9f6fd
review_4527,division_dfe2db74975e0aa9f6fd
review_4528,division_dfe2db74975e0aa9f6fd
review_4529,division_dfe2db74975e0aa9f6fd
review_4530,division_dfe2db74975e0aa9f6fd
review_4531,division_dfe2db74975e0aa9f6fd
review_4532,division_dfe2db74975e0aa9f6fd
review_4533,division_df561e6f16d9f3e64a28
review_4534,division_55b19b36aa7567f7ecbf
review_4535,division_55b19b36aa7567f7ecbf
review_4536,division_dfe2db74975e0aa9f6fd
review_4537,division_dfe2db74975e0aa9f6fd
review_4538,division_dfe2db74975e0aa9f6fd
review_4539,division_dfe2db74975e0aa9f6fd
review_4540,division_dfe2db74975e0aa9f6fd
review_4541,division_dfe2db74975e0aa9f6fd
review_4542,division_dfe2db74975e0aa9f6fd
review_4543,division_dfe2db74975e0aa9f6fd
review_4544,division_55b19b36aa7567f7ecbf
review_4545,division_dfe2db74975e0aa9f6fd
review_4546,division_dfe2db74975e0aa9f6fd
review_4547,division_dfe2db74975e0aa9f6fd
review_4548,division_dfe2db74975e0aa9f6fd
review_4549,division_dfe2db74975e0aa9f6fd
review_4550,division_55b19b36aa7567f7ecbf
review_4551,division_dfe2db74975e0aa9f6fd
review_4552,division_dfe2db74975e0aa9f6fd
review_4553,division_55b19b36aa7567f7ecbf
review_4554,division_dfe2db74975e0aa9f6fd
review_4555,division_dfe2db74975e0aa9f6fd
review_4556,division_df561e6f16d9f3e64a28
review_4557,division_dfe2db74975e0aa9f6fd
review_4558,division_dfe2db74975e0aa9f6fd
review_4559,division_dfe2db74975e0aa9f6fd
review_4560,division_55b19b36aa7567f7ecbf
review_4561,division_dfe2db74975e0aa9f6fd
review_4562,division_55b19b36aa7567f7ecbf
review_4563,division_dfe2db74975e0aa9f6fd
review_4564,division_dfe2db74975e0aa9f6fd
review_4565,division_dfe2db74975e0aa9f6fd
review_4566,division_dfe2db74975e0aa9f6fd
review_4567,division_dfe2db74975e0aa9f6fd
review_4568,division_dfe2db74975e0aa9f6fd
review_4569,division_dfe2db74975e0aa9f6fd
review_4570,division_dfe2db74975e0aa9f6fd
review_4571,division_df561e6f16d9f3e64a28
review_4572,division_dfe2db74975e0aa9f6fd
review_4573,division_dfe2db74975e0aa9f6fd
review_4574,division_dfe2db74975e0aa9f6fd
review_4575,division_dfe2db74975e0aa9f6fd
review_4576,division_dfe2db74975e0aa9f6fd
review_4577,division_dfe2db74975e0aa9f6fd
review_4578,division_dfe2db74975e0aa9f6fd
review_4579,division_dfe2db74975e0aa9f6fd
review_4580,division_dfe2db74975e0aa9f6fd
review_4581,division_55b19b36aa7567f7ecbf
review_4582,division_dfe2db74975e0aa9f6fd
review_4583,division_dfe2db74975e0aa9f6fd
review_4584,division_dfe2db74975e0aa9f6fd
review_4585,division_55b19b36aa7567f7ecbf
review_4586,division_dfe2db74975e0aa9f6fd
review_4587,division_55b19b36aa7567f7ecbf
review_4588,division_dfe2db74975e0aa9f6fd
review_4589,division_55b19b36aa7567f7ecbf
review_4590,division_dfe2db74975e0aa9f6fd
review_4591,division_dfe2db74975e0aa9f6fd
review_4592,division_55b19b36aa7567f7ecbf
review_4593,division_dfe2db74975e0aa9f6fd
review_4594,division_dfe2db74975e0aa9f6fd
review_4595,division_dfe2db74975e0aa9f6fd
review_4596,division_dfe2db74975e0aa9f6fd
review_4597,division_55b19b36aa7567f7ecbf
review_4598,division_dfe2db74975e0aa9f6fd
review_4599,division_dfe2db74975e0aa9f6fd
review_4600,division_dfe2db74975e0aa9f6fd
review_4601,division_dfe2db74975e0aa9f6fd
review_4602,division_dfe2db74975e0aa9f6fd
review_4603,division_dfe2db74975e0aa9f6fd
review_4604,division_dfe2db74975e0aa9f6fd
review_4605,division_dfe2db74975e0aa9f6fd
review_4606,division_df561e6f16d9f3e64a28
review_4607,division_dfe2db74975e0aa9f6fd
review_4608,division_dfe2db74975e0aa9f6fd
review_4609,division_dfe2db74975e0aa9f6fd
review_4610,division_dfe2db74975e0aa9f6fd
review_4611,division_55b19b36aa7567f7ecbf
review_4612,division_dfe2db74975e0aa9f6fd
review_4613,division_dfe2db74975e0aa9f6fd
review_4614,division_dfe2db74975e0aa9f6fd
review_4615,division_dfe2db74975e0aa9f6fd
review_4616,division_dfe2db74975e0aa9f6fd
review_4617,division_dfe2db74975e0aa9f6fd
review_4618,division_dfe2db74975e0aa9f6fd
review_4619,division_dfe2db74975e0aa9f6fd
review_4620,division_dfe2db74975e0aa9f6fd
review_4621,division_df561e6f16d9f3e64a28
review_4622,division_dfe2db74975e0aa9f6fd
review_4623,division_dfe2db74975e0aa9f6fd
review_4624,division_dfe2db74975e0aa9f6fd
review_4625,division_dfe2db74975e0aa9f6fd
review_4626,division_dfe2db74975e0aa9f6fd
review_4627,division_dfe2db74975e0aa9f6fd
review_4628,division_dfe2db74975e0aa9f6fd
review_4629,division_dfe2db74975e0aa9f6fd
review_4630,division_dfe2db74975e0aa9f6fd
review_4631,division_dfe2db74975e0aa9f6fd
review_4632,division_dfe2db74975e0aa9f6fd
review_4633,division_dfe2db74975e0aa9f6fd
review_4634,division_dfe2db74975e0aa9f6fd
review_4635,division_dfe2db74975e0aa9f6fd
review_4636,division_dfe2db74975e0aa9f6fd
review_4637,division_dfe2db74975e0aa9f6fd
review_4638,division_dfe2db74975e0aa9f6fd
review_4639,division_df561e6f16d9f3e64a28
review_4640,division_dfe2db74975e0aa9f6fd
review_4641,division_dfe2db74975e0aa9f6fd
review_4642,division_dfe2db74975e0aa9f6fd
review_4643,division_dfe2db74975e0aa9f6fd
review_4644,division_dfe2db74975e0aa9f6fd
review_4645,division_dfe2db74975e0aa9f6fd
review_4646,division_dfe2db74975e0aa9f6fd
review_4647,division_dfe2db74975e0aa9f6fd
review_4648,division_dfe2db74975e0aa9f6fd
review_4649,division_dfe2db74975e0aa9f6fd
review_4650,division_55b19b36aa7567f7ecbf
review_4651,division_55b19b36aa7567f7ecbf
review_4652,division_55b19b36aa7567f7ecbf
review_4653,division_dfe2db74975e0aa9f6fd
review_4654,division_55b19b36aa7567f7ecbf
review_4655,division_55b19b36aa7567f7ecbf
review_4656,division_dfe2db74975e0aa9f6fd
review_4657,division_55b19b36aa7567f7ecbf
review_4658,division_55b19b36aa7567f7ecbf
review_4659,division_dfe2db74975e0aa9f6fd
review_4660,division_55b19b36aa7567f7ecbf
review_4661,division_dfe2db74975e0aa9f6fd
review_4662,division_55b19b36aa7567f7ecbf
review_4663,division_dfe2db74975e0aa9f6fd
review_4664,division_55b19b36aa7567f7ecbf
review_4665,division_55b19b36aa7567f7ecbf
review_4666,division_55b19b36aa7567f7ecbf
review_4667,division_55b19b36aa7567f7ecbf
review_4668,division_dfe2db74975e0aa9f6fd
review_4669,division_55b19b36aa7567f7ecbf
review_4670,division_dfe2db74975e0aa9f6fd
review_4671,division_55b19b36aa7567f7ecbf
review_4672,division_dfe2db74975e0aa9f6fd
review_4673,division_55b19b36aa7567f7ecbf
review_4674,division_55b19b36aa7567f7ecbf
review_4675,division_dfe2db74975e0aa9f6fd
review_4676,division_55b19b36aa7567f7ecbf
review_4677,division_55b19b36aa7567f7ecbf
review_4678,division_55b19b36aa7567f7ecbf
review_4679,division_55b19b36aa7567f7ecbf
review_4680,division_dfe2db74975e0aa9f6fd
review_4681,division_55b19b36aa7567f7ecbf
review_4682,division_dfe2db74975e0aa9f6fd
review_4683,division_55b19b36aa7567f7ecbf
review_4684,division_dfe2db74975e0aa9f6fd
review_4685,division_55b19b36aa7567f7ecbf
review_4686,division_55b19b36aa7567f7ecbf
review_4687,division_55b19b36aa7567f7ecbf
review_4688,division_dfe2db74975e0aa9f6fd
review_4689,division_dfe2db74975e0aa9f6fd
review_4690,division_55b19b36aa7567f7ecbf
review_4691,division_55b19b36aa7567f7ecbf
review_4692,division_dfe2db74975e0aa9f6fd
review_4693,division_55b19b36aa7567f7ecbf
review_4694,division_55b19b36aa7567f7ecbf
review_4695,division_dfe2db74975e0aa9f6fd
review_4696,division_dfe2db74975e0aa9f6fd
review_4697,division_55b19b36aa7567f7ecbf
review_4698,division_dfe2db74975e0aa9f6fd
review_4699,division_55b19b36aa7567f7ecbf
review_4700,division_55b19b36aa7567f7ecbf
review_4701,division_dfe2db74975e0aa9f6fd
review_4702,division_55b19b36aa7567f7ecbf
review_4703,division_55b19b36aa7567f7ecbf
review_4704,division_55b19b36aa7567f7ecbf
review_4705,division_dfe2db74975e0aa9f6fd
review_4706,division_55b19b36aa7567f7ecbf
review_4707,division_55b19b36aa7567f7ecbf
review_4708,division_55b19b36aa7567f7ecbf
review_4709,division_55b19b36aa7567f7ecbf
review_4710,division_55b19b36aa7567f7ecbf
review_4711,division_55b19b36aa7567f7ecbf
review_4712,division_55b19b36aa7567f7ecbf
review_4713,division_55b19b36aa7567f7ecbf
review_4714,division_dfe2db74975e0aa9f6fd
review_4715,division_55b19b36aa7567f7ecbf
review_4716,division_55b19b36aa7567f7ecbf
review_4717,division_55b19b36aa7567f7ecbf
review_4718,division_55b19b36aa7567f7ecbf
review_4719,division_dfe2db74975e0aa9f6fd
review_4720,division_df561e6f16d9f3e64a28
review_4721,division_df561e6f16d9f3e64a28
review_4722,division_dfe2db74975e0aa9f6fd
review_4723,division_df561e6f16d9f3e64a28
review_4724,division_dfe2db74975e0aa9f6fd
review_4725,division_dfe2db74975e0aa9f6fd
review_4726,division_dfe2db74975e0aa9f6fd
review_4727,division_df561e6f16d9f3e64a28
review_4728,division_dfe2db74975e0aa9f6fd
review_4729,division_dfe2db74975e0aa9f6fd
review_4730,division_dfe2db74975e0aa9f6fd
review_4731,division_55b19b36aa7567f7ecbf
review_4732,division_df561e6f16d9f3e64a28
review_4733,division_dfe2db74975e0aa9f6fd
review_4734,division_dfe2db74975e0aa9f6fd
review_4735,division_df561e6f16d9f3e64a28
review_4736,division_dfe2db74975e0aa9f6fd
review_4737,division_dfe2db74975e0aa9f6fd
review_4738,division_dfe2db74975e0aa9f6fd
review_4739,division_55b19b36aa7567f7ecbf
review_4740,division_dfe2db74975e0aa9f6fd
review_4741,division_dfe2db74975e0aa9f6fd
review_4742,division_dfe2db74975e0aa9f6fd
review_4743,division_dfe2db74975e0aa9f6fd
review_4744,division_dfe2db74975e0aa9f6fd
review_4745,division_dfe2db74975e0aa9f6fd
review_4746,division_dfe2db74975e0aa9f6fd
review_4747,division_dfe2db74975e0aa9f6fd
review_4748,division_dfe2db74975e0aa9f6fd
review_4749,division_dfe2db74975e0aa9f6fd
review_4750,division_dfe2db74975e0aa9f6fd
review_4751,division_dfe2db74975e0aa9f6fd
review_4752,division_dfe2db74975e0aa9f6fd
review_4753,division_55b19b36aa7567f7ecbf
review_4754,division_dfe2db74975e0aa9f6fd
review_4755,division_dfe2db74975e0aa9f6fd
review_4756,division_dfe2db74975e0aa9f6fd
review_4757,division_55b19b36aa7567f7ecbf
review_4758,division_df561e6f16d9f3e64a28
review_4759,division_dfe2db74975e0aa9f6fd
review_4760,division_dfe2db74975e0aa9f6fd
review_4761,division_55b19b36aa7567f7ecbf
review_4762,division_dfe2db74975e0aa9f6fd
review_4763,division_dfe2db74975e0aa9f6fd
review_4764,division_df561e6f16d9f3e64a28
review_4765,division_dfe2db74975e0aa9f6fd
review_4766,division_dfe2db74975e0aa9f6fd
review_4767,division_dfe2db74975e0aa9f6fd
review_4768,division_dfe2db74975e0aa9f6fd
review_4769,division_dfe2db74975e0aa9f6fd
review_4770,division_df561e6f16d9f3e64a28
review_4771,division_dfe2db74975e0aa9f6fd
review_4772,division_df561e6f16d9f3e64a28
review_4773,division_dfe2db74975e0aa9f6fd
review_4774,division_55b19b36aa7567f7ecbf
review_4775,division_dfe2db74975e0aa9f6fd
review_4776,division_dfe2db74975e0aa9f6fd
review_4777,division_dfe2db74975e0aa9f6fd
review_4778,division_dfe2db74975e0aa9f6fd
review_4779,division_dfe2db74975e0aa9f6fd
review_4780,division_dfe2db74975e0aa9f6fd
review_4781,division_dfe2db74975e0aa9f6fd
review_4782,division_dfe2db74975e0aa9f6fd
review_4783,division_dfe2db74975e0aa9f6fd
review_4784,division_dfe2db74975e0aa9f6fd
review_4785,division_dfe2db74975e0aa9f6fd
review_4786,division_dfe2db74975e0aa9f6fd
review_4787,division_dfe2db74975e0aa9f6fd
review_4788,division_dfe2db74975e0aa9f6fd
review_4789,division_dfe2db74975e0aa9f6fd
review_4790,division_dfe2db74975e0aa9f6fd
review_4791,division_dfe2db74975e0aa9f6fd
review_4792,division_55b19b36aa7567f7ecbf
review_4793,division_dfe2db74975e0aa9f6fd
review_4794,division_dfe2db74975e0aa9f6fd
review_4795,division_dfe2db74975e0aa9f6fd
review_4796,division_dfe2db74975e0aa9f6fd
review_4797,division_dfe2db74975e0aa9f6fd
review_4798,division_dfe2db74975e0aa9f6fd
review_4799,division_dfe2db74975e0aa9f6fd
review_4800,division_dfe2db74975e0aa9f6fd
review_4801,division_dfe2db74975e0aa9f6fd
review_4802,division_dfe2db74975e0aa9f6fd
review_4803,division_dfe2db74975e0aa9f6fd
review_4804,division_dfe2db74975e0aa9f6fd
review_4805,division_dfe2db74975e0aa9f6fd
review_4806,division_dfe2db74975e0aa9f6fd
review_4807,division_dfe2db74975e0aa9f6fd
review_4808,division_dfe2db74975e0aa9f6fd
review_4809,division_dfe2db74975e0aa9f6fd
review_4810,division_dfe2db74975e0aa9f6fd
review_4811,division_dfe2db74975e0aa9f6fd
review_4812,division_dfe2db74975e0aa9f6fd
review_4813,division_dfe2db74975e0aa9f6fd
review_4814,division_55b19b36aa7567f7ecbf
review_4815,division_dfe2db74975e0aa9f6fd
review_4816,division_dfe2db74975e0aa9f6fd
review_4817,division_dfe2db74975e0aa9f6fd
review_4818,division_dfe2db74975e0aa9f6fd
review_4819,division_55b19b36aa7567f7ecbf
review_4820,division_dfe2db74975e0aa9f6fd
review_4821,division_dfe2db74975e0aa9f6fd
review_4822,division_55b19b36aa7567f7ecbf
review_4823,division_dfe2db74975e0aa9f6fd
review_4824,division_dfe2db74975e0aa9f6fd
review_4825,division_55b19b36aa7567f7ecbf
review_4826,division_dfe2db74975e0aa9f6fd
review_4827,division_dfe2db74975e0aa9f6fd
review_4828,division_df561e6f16d9f3e64a28
review_4829,division_dfe2db74975e0aa9f6fd
review_4830,division_df561e6f16d9f3e64a28
review_4831,division_dfe2db74975e0aa9f6fd
review_4832,division_dfe2db74975e0aa9f6fd
review_4833,division_dfe2db74975e0aa9f6fd
review_4834,division_dfe2db74975e0aa9f6fd
review_4835,division_dfe2db74975e0aa9f6fd
review_4836,division_dfe2db74975e0aa9f6fd
review_4837,division_dfe2db74975e0aa9f6fd
review_4838,division_dfe2db74975e0aa9f6fd
review_4839,division_dfe2db74975e0aa9f6fd
review_4840,division_dfe2db74975e0aa9f6fd
review_4841,division_dfe2db74975e0aa9f6fd
review_4842,division_df561e6f16d9f3e64a28
review_4843,division_dfe2db74975e0aa9f6fd
review_4844,division_55b19b36aa7567f7ecbf
review_4845,division_dfe2db74975e0aa9f6fd
review_4846,division_dfe2db74975e0aa9f6fd
review_4847,division_dfe2db74975e0aa9f6fd
review_4848,division_55b19b36aa7567f7ecbf
review_4849,division_dfe2db74975e0aa9f6fd
review_4850,division_55b19b36aa7567f7ecbf
review_4851,division_55b19b36aa7567f7ecbf
review_4852,division_55b19b36aa7567f7ecbf
review_4853,division_dfe2db74975e0aa9f6fd
review_4854,division_dfe2db74975e0aa9f6fd
review_4855,division_55b19b36aa7567f7ecbf
review_4856,division_55b19b36aa7567f7ecbf
review_4857,division_55b19b36aa7567f7ecbf
review_4858,division_55b19b36aa7567f7ecbf
review_4859,division_55b19b36aa7567f7ecbf
review_4860,division_55b19b36aa7567f7ecbf
review_4861,division_df561e6f16d9f3e64a28
review_4862,division_55b19b36aa7567f7ecbf
review_4863,division_55b19b36aa7567f7ecbf
review_4864,division_55b19b36aa7567f7ecbf
review_4865,division_dfe2db74975e0aa9f6fd
review_4866,division_55b19b36aa7567f7ecbf
review_4867,division_55b19b36aa7567f7ecbf
review_4868,division_dfe2db74975e0aa9f6fd
review_4869,division_55b19b36aa7567f7ecbf
review_4870,division_55b19b36aa7567f7ecbf
review_4871,division_dfe2db74975e0aa9f6fd
review_4872,division_dfe2db74975e0aa9f6fd
review_4873,division_dfe2db74975e0aa9f6fd
review_4874,division_55b19b36aa7567f7ecbf
review_4875,division_55b19b36aa7567f7ecbf
review_4876,division_dfe2db74975e0aa9f6fd
review_4877,division_dfe2db74975e0aa9f6fd
review_4878,division_55b19b36aa7567f7ecbf
review_4879,division_df561e6f16d9f3e64a28
review_4880,division_dfe2db74975e0aa9f6fd
review_4881,division_dfe2db74975e0aa9f6fd
review_4882,division_df561e6f16d9f3e64a28
review_4883,division_55b19b36aa7567f7ecbf
review_4884,division_55b19b36aa7567f7ecbf
review_4885,division_55b19b36aa7567f7ecbf
review_4886,division_dfe2db74975e0aa9f6fd
review_4887,division_55b19b36aa7567f7ecbf
review_4888,division_55b19b36aa7567f7ecbf
review_4889,division_55b19b36aa7567f7ecbf
review_4890,division_55b19b36aa7567f7ecbf
review_4891,division_df561e6f16d9f3e64a28
review_4892,division_55b19b36aa7567f7ecbf
review_4893,division_dfe2db74975e0aa9f6fd
review_4894,division_dfe2db74975e0aa9f6fd
review_4895,division_df561e6f16d9f3e64a28
review_4896,division_dfe2db74975e0aa9f6fd
review_4897,division_df561e6f16d9f3e64a28
review_4898,division_dfe2db74975e0aa9f6fd
review_4899,division_55b19b36aa7567f7ecbf
review_4900,division_dfe2db74975e0aa9f6fd
review_4901,division_dfe2db74975e0aa9f6fd
review_4902,division_55b19b36aa7567f7ecbf
review_4903,division_55b19b36aa7567f7ecbf
review_4904,division_55b19b36aa7567f7ecbf
review_4905,division_55b19b36aa7567f7ecbf
review_4906,division_55b19b36aa7567f7ecbf
review_4907,division_df561e6f16d9f3e64a28
review_4908,division_df561e6f16d9f3e64a28
review_4909,division_dfe2db74975e0aa9f6fd
review_4910,division_55b19b36aa7567f7ecbf
review_4911,division_dfe2db74975e0aa9f6fd
review_4912,division_df561e6f16d9f3e64a28
review_4913,division_55b19b36aa7567f7ecbf
review_4914,division_55b19b36aa7567f7ecbf
review_4915,division_dfe2db74975e0aa9f6fd
review_4916,division_55b19b36aa7567f7ecbf
review_4917,division_dfe2db74975e0aa9f6fd
review_4918,division_55b19b36aa7567f7ecbf
review_4919,division_dfe2db74975e0aa9f6fd
review_4920,division_dfe2db74975e0aa9f6fd
review_4921,division_dfe2db74975e0aa9f6fd
review_4922,division_55b19b36aa7567f7ecbf
review_4923,division_55b19b36aa7567f7ecbf
review_4924,division_55b19b36aa7567f7ecbf
review_4925,division_dfe2db74975e0aa9f6fd
review_4926,division_dfe2db74975e0aa9f6fd
review_4927,division_dfe2db74975e0aa9f6fd
review_4928,division_dfe2db74975e0aa9f6fd
review_4929,division_dfe2db74975e0aa9f6fd
review_4930,division_dfe2db74975e0aa9f6fd
review_4931,division_55b19b36aa7567f7ecbf
review_4932,division_55b19b36aa7567f7ecbf
review_4933,division_dfe2db74975e0aa9f6fd
review_4934,division_dfe2db74975e0aa9f6fd
review_4935,division_dfe2db74975e0aa9f6fd
review_4936,division_dfe2db74975e0aa9f6fd
review_4937,division_dfe2db74975e0aa9f6fd
review_4938,division_dfe2db74975e0aa9f6fd
review_4939,division_dfe2db74975e0aa9f6fd
review_4940,division_dfe2db74975e0aa9f6fd
review_4941,division_dfe2db74975e0aa9f6fd
review_4942,division_dfe2db74975e0aa9f6fd
review_4943,division_dfe2db74975e0aa9f6fd
review_4944,division_dfe2db74975e0aa9f6fd
review_4945,division_dfe2db74975e0aa9f6fd
review_4946,division_dfe2db74975e0aa9f6fd
review_4947,division_dfe2db74975e0aa9f6fd
review_4948,division_dfe2db74975e0aa9f6fd
review_4949,division_dfe2db74975e0aa9f6fd
review_4950,division_dfe2db74975e0aa9f6fd
review_4951,division_dfe2db74975e0aa9f6fd
review_4952,division_dfe2db74975e0aa9f6fd
review_4953,division_dfe2db74975e0aa9f6fd
review_4954,division_dfe2db74975e0aa9f6fd
review_4955,division_dfe2db74975e0aa9f6fd
review_4956,division_dfe2db74975e0aa9f6fd
review_4957,division_dfe2db74975e0aa9f6fd
review_4958,division_dfe2db74975e0aa9f6fd
review_4959,division_dfe2db74975e0aa9f6fd
review_4960,division_dfe2db74975e0aa9f6fd
review_4961,division_dfe2db74975e0aa9f6fd
review_4962,division_dfe2db74975e0aa9f6fd
review_4963,division_dfe2db74975e0aa9f6fd
review_4964,division_dfe2db74975e0aa9f6fd
review_4965,division_dfe2db74975e0aa9f6fd
review_4966,division_dfe2db74975e0aa9f6fd
review_4967,division_dfe2db74975e0aa9f6fd
review_4968,division_dfe2db74975e0aa9f6fd
review_4969,division_dfe2db74975e0aa9f6fd
review_4970,division_dfe2db74975e0aa9f6fd
review_4971,division_dfe2db74975e0aa9f6fd
review_4972,division_dfe2db74975e0aa9f6fd
review_4973,division_dfe2db74975e0aa9f6fd
review_4974,division_dfe2db74975e0aa9f6fd
review_4975,division_dfe2db74975e0aa9f6fd
review_4976,division_dfe2db74975e0aa9f6fd
review_4977,division_dfe2db74975e0aa9f6fd
review_4978,division_dfe2db74975e0aa9f6fd
review_4979,division_dfe2db74975e0aa9f6fd
review_4980,division_dfe2db74975e0aa9f6fd
review_4981,division_dfe2db74975e0aa9f6fd
review_4982,division_dfe2db74975e0aa9f6fd
review_4983,division_dfe2db74975e0aa9f6fd
review_4984,division_dfe2db74975e0aa9f6fd
review_4985,division_dfe2db74975e0aa9f6fd
review_4986,division_dfe2db74975e0aa9f6fd
review_4987,division_dfe2db74975e0aa9f6fd
review_4988,division_dfe2db74975e0aa9f6fd
review_4989,division_dfe2db74975e0aa9f6fd
review_4990,division_dfe2db74975e0aa9f6fd
review_4991,division_dfe2db74975e0aa9f6fd
review_4992,division_55b19b36aa7567f7ecbf
review_4993,division_55b19b36aa7567f7ecbf
review_4994,division_dfe2db74975e0aa9f6fd
review_4995,division_dfe2db74975e0aa9f6fd
review_4996,division_dfe2db74975e0aa9f6fd
review_4997,division_dfe2db74975e0aa9f6fd
review_4998,division_dfe2db74975e0aa9f6fd
review_4999,division_55b19b36aa7567f7ecbf
review_5000,division_55b19b36aa7567f7ecbf
review_5001,division_dfe2db74975e0aa9f6fd
review_5002,division_dfe2db74975e0aa9f6fd
review_5003,division_dfe2db74975e0aa9f6fd
review_5004,division_55b19b36aa7567f7ecbf
review_5005,division_55b19b36aa7567f7ecbf
review_5006,division_dfe2db74975e0aa9f6fd
review_5007,division_dfe2db74975e0aa9f6fd
review_5008,division_dfe2db74975e0aa9f6fd
review_5009,division_dfe2db74975e0aa9f6fd
review_5010,division_df561e6f16d9f3e64a28
review_5011,division_dfe2db74975e0aa9f6fd
review_5012,division_dfe2db74975e0aa9f6fd
review_5013,division_dfe2db74975e0aa9f6fd
review_5014,division_dfe2db74975e0aa9f6fd
review_5015,division_dfe2db74975e0aa9f6fd
review_5016,division_55b19b36aa7567f7ecbf
review_5017,division_dfe2db74975e0aa9f6fd
review_5018,division_dfe2db74975e0aa9f6fd
review_5019,division_55b19b36aa7567f7ecbf
review_5020,division_55b19b36aa7567f7ecbf
review_5021,division_df561e6f16d9f3e64a28
review_5022,division_55b19b36aa7567f7ecbf
review_5023,division_dfe2db74975e0aa9f6fd
review_5024,division_55b19b36aa7567f7ecbf
review_5025,division_55b19b36aa7567f7ecbf
review_5026,division_55b19b36aa7567f7ecbf
review_5027,division_55b19b36aa7567f7ecbf
review_5028,division_dfe2db74975e0aa9f6fd
review_5029,division_dfe2db74975e0aa9f6fd
review_5030,division_55b19b36aa7567f7ecbf
review_5031,division_dfe2db74975e0aa9f6fd
review_5032,division_55b19b36aa7567f7ecbf
review_5033,division_55b19b36aa7567f7ecbf
review_5034,division_dfe2db74975e0aa9f6fd
review_5035,division_55b19b36aa7567f7ecbf
review_5036,division_dfe2db74975e0aa9f6fd
review_5037,division_df561e6f16d9f3e64a28
review_5038,division_55b19b36aa7567f7ecbf
review_5039,division_55b19b36aa7567f7ecbf
review_5040,division_55b19b36aa7567f7ecbf
review_5041,division_dfe2db74975e0aa9f6fd
review_5042,division_dfe2db74975e0aa9f6fd
review_5043,division_55b19b36aa7567f7ecbf
review_5044,division_dfe2db74975e0aa9f6fd
review_5045,division_dfe2db74975e0aa9f6fd
review_5046,division_dfe2db74975e0aa9f6fd
review_5047,division_55b19b36aa7567f7ecbf
review_5048,division_dfe2db74975e0aa9f6fd
review_5049,division_dfe2db74975e0aa9f6fd
review_5050,division_dfe2db74975e0aa9f6fd
review_5051,division_dfe2db74975e0aa9f6fd
review_5052,division_dfe2db74975e0aa9f6fd
review_5053,division_55b19b36aa7567f7ecbf
review_5054,division_55b19b36aa7567f7ecbf
review_5055,division_dfe2db74975e0aa9f6fd
review_5056,division_55b19b36aa7567f7ecbf
review_5057,division_dfe2db74975e0aa9f6fd
review_5058,division_55b19b36aa7567f7ecbf
review_5059,division_55b19b36aa7567f7ecbf
review_5060,division_55b19b36aa7567f7ecbf
review_5061,division_dfe2db74975e0aa9f6fd
review_5062,division_55b19b36aa7567f7ecbf
review_5063,division_55b19b36aa7567f7ecbf
review_5064,division_dfe2db74975e0aa9f6fd
review_5065,division_dfe2db74975e0aa9f6fd
review_5066,division_dfe2db74975e0aa9f6fd
review_5067,division_55b19b36aa7567f7ecbf
review_5068,division_55b19b36aa7567f7ecbf
review_5069,division_dfe2db74975e0aa9f6fd
review_5070,division_55b19b36aa7567f7ecbf
review_5071,division_dfe2db74975e0aa9f6fd
review_5072,division_dfe2db74975e0aa9f6fd
review_5073,division_dfe2db74975e0aa9f6fd
review_5074,division_55b19b36aa7567f7ecbf
review_5075,division_55b19b36aa7567f7ecbf
review_5076,division_dfe2db74975e0aa9f6fd
review_5077,division_55b19b36aa7567f7ecbf
review_5078,division_55b19b36aa7567f7ecbf
review_5079,division_dfe2db74975e0aa9f6fd
review_5080,division_dfe2db74975e0aa9f6fd
review_5081,division_55b19b36aa7567f7ecbf
review_5082,division_55b19b36aa7567f7ecbf
review_5083,division_55b19b36aa7567f7ecbf
review_5084,division_55b19b36aa7567f7ecbf
review_5085,division_dfe2db74975e0aa9f6fd
review_5086,division_55b19b36aa7567f7ecbf
review_5087,division_dfe2db74975e0aa9f6fd
review_5088,division_dfe2db74975e0aa9f6fd
review_5089,division_dfe2db74975e0aa9f6fd
review_5090,division_dfe2db74975e0aa9f6fd
review_5091,division_dfe2db74975e0aa9f6fd
review_5092,division_dfe2db74975e0aa9f6fd
review_5093,division_55b19b36aa7567f7ecbf
review_5094,division_dfe2db74975e0aa9f6fd
review_5095,division_dfe2db74975e0aa9f6fd
review_5096,division_55b19b36aa7567f7ecbf
review_5097,division_55b19b36aa7567f7ecbf
review_5098,division_dfe2db74975e0aa9f6fd
review_5099,division_dfe2db74975e0aa9f6fd
review_5100,division_dfe2db74975e0aa9f6fd
review_5101,division_dfe2db74975e0aa9f6fd
review_5102,division_dfe2db74975e0aa9f6fd
review_5103,division_dfe2db74975e0aa9f6fd
review_5104,division_55b19b36aa7567f7ecbf
review_5105,division_55b19b36aa7567f7ecbf
review_5106,division_55b19b36aa7567f7ecbf
review_5107,division_dfe2db74975e0aa9f6fd
review_5108,division_df561e6f16d9f3e64a28
review_5109,division_dfe2db74975e0aa9f6fd
review_5110,division_dfe2db74975e0aa9f6fd
review_5111,division_55b19b36aa7567f7ecbf
review_5112,division_dfe2db74975e0aa9f6fd
review_5113,division_55b19b36aa7567f7ecbf
review_5114,division_dfe2db74975e0aa9f6fd
review_5115,division_dfe2db74975e0aa9f6fd
review_5116,division_df561e6f16d9f3e64a28
review_5117,division_55b19b36aa7567f7ecbf
review_5118,division_dfe2db74975e0aa9f6fd
review_5119,division_dfe2db74975e0aa9f6fd
review_5120,division_df561e6f16d9f3e64a28
review_5121,division_dfe2db74975e0aa9f6fd
review_5122,division_dfe2db74975e0aa9f6fd
review_5123,division_55b19b36aa7567f7ecbf
review_5124,division_dfe2db74975e0aa9f6fd
review_5125,division_dfe2db74975e0aa9f6fd
review_5126,division_55b19b36aa7567f7ecbf
review_5127,division_dfe2db74975e0aa9f6fd
review_5128,division_55b19b36aa7567f7ecbf
review_5129,division_dfe2db74975e0aa9f6fd
review_5130,division_55b19b36aa7567f7ecbf
review_5131,division_55b19b36aa7567f7ecbf
review_5132,division_dfe2db74975e0aa9f6fd
review_5133,division_dfe2db74975e0aa9f6fd
review_5134,division_dfe2db74975e0aa9f6fd
review_5135,division_df561e6f16d9f3e64a28
review_5136,division_df561e6f16d9f3e64a28
review_5137,division_55b19b36aa7567f7ecbf
review_5138,division_dfe2db74975e0aa9f6fd
review_5139,division_dfe2db74975e0aa9f6fd
review_5140,division_55b19b36aa7567f7ecbf
review_5141,division_55b19b36aa7567f7ecbf
review_5142,division_dfe2db74975e0aa9f6fd
review_5143,division_df561e6f16d9f3e64a28
review_5144,division_dfe2db74975e0aa9f6fd
review_5145,division_55b19b36aa7567f7ecbf
review_5146,division_dfe2db74975e0aa9f6fd
review_5147,division_55b19b36aa7567f7ecbf
review_5148,division_dfe2db74975e0aa9f6fd
review_5149,division_55b19b36aa7567f7ecbf
review_5150,division_55b19b36aa7567f7ecbf
review_5151,division_dfe2db74975e0aa9f6fd
review_5152,division_55b19b36aa7567f7ecbf
review_5153,division_55b19b36aa7567f7ecbf
review_5154,division_55b19b36aa7567f7ecbf
review_5155,division_55b19b36aa7567f7ecbf
review_5156,division_dfe2db74975e0aa9f6fd
review_5157,division_55b19b36aa7567f7ecbf
review_5158,division_55b19b36aa7567f7ecbf
review_5159,division_55b19b36aa7567f7ecbf
review_5160,division_55b19b36aa7567f7ecbf
review_5161,division_dfe2db74975e0aa9f6fd
review_5162,division_55b19b36aa7567f7ecbf
review_5163,division_55b19b36aa7567f7ecbf
review_5164,division_55b19b36aa7567f7ecbf
review_5165,division_dfe2db74975e0aa9f6fd
review_5166,division_dfe2db74975e0aa9f6fd
review_5167,division_55b19b36aa7567f7ecbf
review_5168,division_dfe2db74975e0aa9f6fd
review_5169,division_55b19b36aa7567f7ecbf
review_5170,division_dfe2db74975e0aa9f6fd
review_5171,division_dfe2db74975e0aa9f6fd
review_5172,division_df561e6f16d9f3e64a28
review_5173,division_dfe2db74975e0aa9f6fd
review_5174,division_55b19b36aa7567f7ecbf
review_5175,division_dfe2db74975e0aa9f6fd
review_5176,division_dfe2db74975e0aa9f6fd
review_5177,division_dfe2db74975e0aa9f6fd
review_5178,division_dfe2db74975e0aa9f6fd
review_5179,division_dfe2db74975e0aa9f6fd
review_5180,division_dfe2db74975e0aa9f6fd
review_5181,division_dfe2db74975e0aa9f6fd
review_5182,division_dfe2db74975e0aa9f6fd
review_5183,division_dfe2db74975e0aa9f6fd
review_5184,division_dfe2db74975e0aa9f6fd
review_5185,division_dfe2db74975e0aa9f6fd
review_5186,division_dfe2db74975e0aa9f6fd
review_5187,division_dfe2db74975e0aa9f6fd
review_5188,division_55b19b36aa7567f7ecbf
review_5189,division_dfe2db74975e0aa9f6fd
review_5190,division_dfe2db74975e0aa9f6fd
review_5191,division_dfe2db74975e0aa9f6fd
review_5192,division_dfe2db74975e0aa9f6fd
review_5193,division_dfe2db74975e0aa9f6fd
review_5194,division_55b19b36aa7567f7ecbf
review_5195,division_55b19b36aa7567f7ecbf
review_5196,division_dfe2db74975e0aa9f6fd
review_5197,division_dfe2db74975e0aa9f6fd
review_5198,division_dfe2db74975e0aa9f6fd
review_5199,division_dfe2db74975e0aa9f6fd
review_5200,division_dfe2db74975e0aa9f6fd
review_5201,division_df561e6f16d9f3e64a28
review_5202,division_dfe2db74975e0aa9f6fd
review_5203,division_dfe2db74975e0aa9f6fd
review_5204,division_dfe2db74975e0aa9f6fd
review_5205,division_dfe2db74975e0aa9f6fd
review_5206,division_dfe2db74975e0aa9f6fd
review_5207,division_55b19b36aa7567f7ecbf
review_5208,division_55b19b36aa7567f7ecbf
review_5209,division_dfe2db74975e0aa9f6fd
review_5210,division_dfe2db74975e0aa9f6fd
review_5211,division_55b19b36aa7567f7ecbf
review_5212,division_55b19b36aa7567f7ecbf
review_5213,division_55b19b36aa7567f7ecbf
review_5214,division_dfe2db74975e0aa9f6fd
review_5215,division_55b19b36aa7567f7ecbf
review_5216,division_55b19b36aa7567f7ecbf
review_5217,division_55b19b36aa7567f7ecbf
review_5218,division_dfe2db74975e0aa9f6fd
review_5219,division_55b19b36aa7567f7ecbf
review_5220,division_55b19b36aa7567f7ecbf
review_5221,division_dfe2db74975e0aa9f6fd
review_5222,division_55b19b36aa7567f7ecbf
review_5223,division_55b19b36aa7567f7ecbf
review_5224,division_55b19b36aa7567f7ecbf
review_5225,division_55b19b36aa7567f7ecbf
review_5226,division_55b19b36aa7567f7ecbf
review_5227,division_55b19b36aa7567f7ecbf
review_5228,division_55b19b36aa7567f7ecbf
review_5229,division_55b19b36aa7567f7ecbf
review_5230,division_55b19b36aa7567f7ecbf
review_5231,division_55b19b36aa7567f7ecbf
review_5232,division_dfe2db74975e0aa9f6fd
review_5233,division_dfe2db74975e0aa9f6fd
review_5234,division_55b19b36aa7567f7ecbf
review_5235,division_dfe2db74975e0aa9f6fd
review_5236,division_dfe2db74975e0aa9f6fd
review_5237,division_dfe2db74975e0aa9f6fd
review_5238,division_55b19b36aa7567f7ecbf
review_5239,division_dfe2db74975e0aa9f6fd
review_5240,division_dfe2db74975e0aa9f6fd
review_5241,division_dfe2db74975e0aa9f6fd
review_5242,division_dfe2db74975e0aa9f6fd
review_5243,division_dfe2db74975e0aa9f6fd
review_5244,division_dfe2db74975e0aa9f6fd
review_5245,division_dfe2db74975e0aa9f6fd
review_5246,division_dfe2db74975e0aa9f6fd
review_5247,division_dfe2db74975e0aa9f6fd
review_5248,division_dfe2db74975e0aa9f6fd
review_5249,division_dfe2db74975e0aa9f6fd
review_5250,division_dfe2db74975e0aa9f6fd
review_5251,division_dfe2db74975e0aa9f6fd
review_5252,division_dfe2db74975e0aa9f6fd
review_5253,division_dfe2db74975e0aa9f6fd
review_5254,division_dfe2db74975e0aa9f6fd
review_5255,division_dfe2db74975e0aa9f6fd
review_5256,division_dfe2db74975e0aa9f6fd
review_5257,division_dfe2db74975e0aa9f6fd
review_5258,division_dfe2db74975e0aa9f6fd
review_5259,division_dfe2db74975e0aa9f6fd
review_5260,division_dfe2db74975e0aa9f6fd
review_5261,division_dfe2db74975e0aa9f6fd
review_5262,division_dfe2db74975e0aa9f6fd
review_5263,division_dfe2db74975e0aa9f6fd
review_5264,division_dfe2db74975e0aa9f6fd
review_5265,division_55b19b36aa7567f7ecbf
review_5266,division_dfe2db74975e0aa9f6fd
review_5267,division_dfe2db74975e0aa9f6fd
review_5268,division_55b19b36aa7567f7ecbf
review_5269,division_dfe2db74975e0aa9f6fd
review_5270,division_df561e6f16d9f3e64a28
review_5271,division_dfe2db74975e0aa9f6fd
review_5272,division_55b19b36aa7567f7ecbf
review_5273,division_dfe2db74975e0aa9f6fd
review_5274,division_55b19b36aa7567f7ecbf
review_5275,division_dfe2db74975e0aa9f6fd
review_5276,division_dfe2db74975e0aa9f6fd
review_5277,division_dfe2db74975e0aa9f6fd
review_5278,division_dfe2db74975e0aa9f6fd
review_5279,division_dfe2db74975e0aa9f6fd
review_5280,division_dfe2db74975e0aa9f6fd
review_5281,division_dfe2db74975e0aa9f6fd
review_5282,division_df561e6f16d9f3e64a28
review_5283,division_dfe2db74975e0aa9f6fd
review_5284,division_df561e6f16d9f3e64a28
review_5285,division_dfe2db74975e0aa9f6fd
review_5286,division_dfe2db74975e0aa9f6fd
review_5287,division_55b19b36aa7567f7ecbf
review_5288,division_dfe2db74975e0aa9f6fd
review_5289,division_55b19b36aa7567f7ecbf
review_5290,division_df561e6f16d9f3e64a28
review_5291,division_dfe2db74975e0aa9f6fd
review_5292,division_dfe2db74975e0aa9f6fd
review_5293,division_55b19b36aa7567f7ecbf
review_5294,division_dfe2db74975e0aa9f6fd
review_5295,division_55b19b36aa7567f7ecbf
review_5296,division_dfe2db74975e0aa9f6fd
review_5297,division_55b19b36aa7567f7ecbf
review_5298,division_dfe2db74975e0aa9f6fd
review_5299,division_55b19b36aa7567f7ecbf
review_5300,division_55b19b36aa7567f7ecbf
review_5301,division_55b19b36aa7567f7ecbf
review_5302,division_55b19b36aa7567f7ecbf
review_5303,division_dfe2db74975e0aa9f6fd
review_5304,division_dfe2db74975e0aa9f6fd
review_5305,division_df561e6f16d9f3e64a28
review_5306,division_dfe2db74975e0aa9f6fd
review_5307,division_dfe2db74975e0aa9f6fd
review_5308,division_df561e6f16d9f3e64a28
review_5309,division_dfe2db74975e0aa9f6fd
review_5310,division_55b19b36aa7567f7ecbf
review_5311,division_dfe2db74975e0aa9f6fd
review_5312,division_dfe2db74975e0aa9f6fd
review_5313,division_dfe2db74975e0aa9f6fd
review_5314,division_55b19b36aa7567f7ecbf
review_5315,division_dfe2db74975e0aa9f6fd
review_5316,division_55b19b36aa7567f7ecbf
review_5317,division_55b19b36aa7567f7ecbf
review_5318,division_dfe2db74975e0aa9f6fd
review_5319,division_55b19b36aa7567f7ecbf
review_5320,division_dfe2db74975e0aa9f6fd
review_5321,division_55b19b36aa7567f7ecbf
review_5322,division_55b19b36aa7567f7ecbf
review_5323,division_dfe2db74975e0aa9f6fd
review_5324,division_dfe2db74975e0aa9f6fd
review_5325,division_dfe2db74975e0aa9f6fd
review_5326,division_dfe2db74975e0aa9f6fd
review_5327,division_55b19b36aa7567f7ecbf
review_5328,division_dfe2db74975e0aa9f6fd
review_5329,division_dfe2db74975e0aa9f6fd
review_5330,division_55b19b36aa7567f7ecbf
review_5331,division_55b19b36aa7567f7ecbf
review_5332,division_dfe2db74975e0aa9f6fd
review_5333,division_55b19b36aa7567f7ecbf
review_5334,division_df561e6f16d9f3e64a28
review_5335,division_55b19b36aa7567f7ecbf
review_5336,division_dfe2db74975e0aa9f6fd
review_5337,division_55b19b36aa7567f7ecbf
review_5338,division_55b19b36aa7567f7ecbf
review_5339,division_55b19b36aa7567f7ecbf
review_5340,division_55b19b36aa7567f7ecbf
review_5341,division_dfe2db74975e0aa9f6fd
review_5342,division_55b19b36aa7567f7ecbf
review_5343,division_55b19b36aa7567f7ecbf
review_5344,division_55b19b36aa7567f7ecbf
review_5345,division_55b19b36aa7567f7ecbf
review_5346,division_dfe2db74975e0aa9f6fd
review_5347,division_55b19b36aa7567f7ecbf
review_5348,division_dfe2db74975e0aa9f6fd
review_5349,division_dfe2db74975e0aa9f6fd
review_5350,division_55b19b36aa7567f7ecbf
review_5351,division_55b19b36aa7567f7ecbf
review_5352,division_dfe2db74975e0aa9f6fd
review_5353,division_55b19b36aa7567f7ecbf
review_5354,division_dfe2db74975e0aa9f6fd
review_5355,division_dfe2db74975e0aa9f6fd
review_5356,division_dfe2db74975e0aa9f6fd
review_5357,division_55b19b36aa7567f7ecbf
review_5358,division_dfe2db74975e0aa9f6fd
review_5359,division_55b19b36aa7567f7ecbf
review_5360,division_55b19b36aa7567f7ecbf
review_5361,division_55b19b36aa7567f7ecbf
review_5362,division_dfe2db74975e0aa9f6fd
review_5363,division_55b19b36aa7567f7ecbf
review_5364,division_55b19b36aa7567f7ecbf
review_5365,division_55b19b36aa7567f7ecbf
review_5366,division_dfe2db74975e0aa9f6fd
review_5367,division_dfe2db74975e0aa9f6fd
review_5368,division_dfe2db74975e0aa9f6fd
review_5369,division_55b19b36aa7567f7ecbf
review_5370,division_dfe2db74975e0aa9f6fd
review_5371,division_dfe2db74975e0aa9f6fd
review_5372,division_dfe2db74975e0aa9f6fd
review_5373,division_55b19b36aa7567f7ecbf
review_5374,division_dfe2db74975e0aa9f6fd
review_5375,division_dfe2db74975e0aa9f6fd
review_5376,division_dfe2db74975e0aa9f6fd
review_5377,division_dfe2db74975e0aa9f6fd
review_5378,division_dfe2db74975e0aa9f6fd
review_5379,division_55b19b36aa7567f7ecbf
review_5380,division_dfe2db74975e0aa9f6fd
review_5381,division_dfe2db74975e0aa9f6fd
review_5382,division_55b19b36aa7567f7ecbf
review_5383,division_dfe2db74975e0aa9f6fd
review_5384,division_55b19b36aa7567f7ecbf
review_5385,division_dfe2db74975e0aa9f6fd
review_5386,division_dfe2db74975e0aa9f6fd
review_5387,division_55b19b36aa7567f7ecbf
review_5388,division_55b19b36aa7567f7ecbf
review_5389,division_55b19b36aa7567f7ecbf
review_5390,division_dfe2db74975e0aa9f6fd
review_5391,division_55b19b36aa7567f7ecbf
review_5392,division_55b19b36aa7567f7ecbf
review_5393,division_55b19b36aa7567f7ecbf
review_5394,division_dfe2db74975e0aa9f6fd
review_5395,division_55b19b36aa7567f7ecbf
review_5396,division_dfe2db74975e0aa9f6fd
review_5397,division_dfe2db74975e0aa9f6fd
review_5398,division_dfe2db74975e0aa9f6fd
review_5399,division_dfe2db74975e0aa9f6fd
review_5400,division_dfe2db74975e0aa9f6fd
review_5401,division_55b19b36aa7567f7ecbf
review_5402,division_55b19b36aa7567f7ecbf
review_5403,division_dfe2db74975e0aa9f6fd
review_5404,division_55b19b36aa7567f7ecbf
review_5405,division_dfe2db74975e0aa9f6fd
review_5406,division_55b19b36aa7567f7ecbf
review_5407,division_dfe2db74975e0aa9f6fd
review_5408,division_dfe2db74975e0aa9f6fd
review_5409,division_dfe2db74975e0aa9f6fd
review_5410,division_dfe2db74975e0aa9f6fd
review_5411,division_dfe2db74975e0aa9f6fd
review_5412,division_dfe2db74975e0aa9f6fd
review_5413,division_dfe2db74975e0aa9f6fd
review_5414,division_55b19b36aa7567f7ecbf
review_5415,division_dfe2db74975e0aa9f6fd
review_5416,division_dfe2db74975e0aa9f6fd
review_5417,division_55b19b36aa7567f7ecbf
review_5418,division_dfe2db74975e0aa9f6fd
review_5419,division_55b19b36aa7567f7ecbf
review_5420,division_dfe2db74975e0aa9f6fd
review_5421,division_dfe2db74975e0aa9f6fd
review_5422,division_dfe2db74975e0aa9f6fd
review_5423,division_55b19b36aa7567f7ecbf
review_5424,division_dfe2db74975e0aa9f6fd
review_5425,division_dfe2db74975e0aa9f6fd
review_5426,division_dfe2db74975e0aa9f6fd
review_5427,division_dfe2db74975e0aa9f6fd
review_5428,division_dfe2db74975e0aa9f6fd
review_5429,division_dfe2db74975e0aa9f6fd
review_5430,division_dfe2db74975e0aa9f6fd
review_5431,division_dfe2db74975e0aa9f6fd
review_5432,division_dfe2db74975e0aa9f6fd
review_5433,division_dfe2db74975e0aa9f6fd
review_5434,division_dfe2db74975e0aa9f6fd
review_5435,division_dfe2db74975e0aa9f6fd
review_5436,division_dfe2db74975e0aa9f6fd
review_5437,division_dfe2db74975e0aa9f6fd
review_5438,division_dfe2db74975e0aa9f6fd
review_5439,division_dfe2db74975e0aa9f6fd
review_5440,division_dfe2db74975e0aa9f6fd
review_5441,division_dfe2db74975e0aa9f6fd
review_5442,division_dfe2db74975e0aa9f6fd
review_5443,division_dfe2db74975e0aa9f6fd
review_5444,division_55b19b36aa7567f7ecbf
review_5445,division_dfe2db74975e0aa9f6fd
review_5446,division_dfe2db74975e0aa9f6fd
review_5447,division_dfe2db74975e0aa9f6fd
review_5448,division_dfe2db74975e0aa9f6fd
review_5449,division_dfe2db74975e0aa9f6fd
review_5450,division_dfe2db74975e0aa9f6fd
review_5451,division_dfe2db74975e0aa9f6fd
review_5452,division_dfe2db74975e0aa9f6fd
review_5453,division_dfe2db74975e0aa9f6fd
review_5454,division_dfe2db74975e0aa9f6fd
review_5455,division_55b19b36aa7567f7ecbf
review_5456,division_dfe2db74975e0aa9f6fd
review_5457,division_dfe2db74975e0aa9f6fd
review_5458,division_dfe2db74975e0aa9f6fd
review_5459,division_dfe2db74975e0aa9f6fd
review_5460,division_dfe2db74975e0aa9f6fd
review_5461,division_dfe2db74975e0aa9f6fd
review_5462,division_dfe2db74975e0aa9f6fd
review_5463,division_dfe2db74975e0aa9f6fd
review_5464,division_dfe2db74975e0aa9f6fd
review_5465,division_dfe2db74975e0aa9f6fd
review_5466,division_dfe2db74975e0aa9f6fd
review_5467,division_55b19b36aa7567f7ecbf
review_5468,division_dfe2db74975e0aa9f6fd
review_5469,division_dfe2db74975e0aa9f6fd
review_5470,division_dfe2db74975e0aa9f6fd
review_5471,division_dfe2db74975e0aa9f6fd
review_5472,division_dfe2db74975e0aa9f6fd
review_5473,division_dfe2db74975e0aa9f6fd
review_5474,division_dfe2db74975e0aa9f6fd
review_5475,division_dfe2db74975e0aa9f6fd
review_5476,division_dfe2db74975e0aa9f6fd
review_5477,division_dfe2db74975e0aa9f6fd
review_5478,division_dfe2db74975e0aa9f6fd
review_5479,division_dfe2db74975e0aa9f6fd
review_5480,division_dfe2db74975e0aa9f6fd
review_5481,division_dfe2db74975e0aa9f6fd
review_5482,division_dfe2db74975e0aa9f6fd
review_5483,division_55b19b36aa7567f7ecbf
review_5484,division_55b19b36aa7567f7ecbf
review_5485,division_55b19b36aa7567f7ecbf
review_5486,division_df561e6f16d9f3e64a28
review_5487,division_dfe2db74975e0aa9f6fd
review_5488,division_55b19b36aa7567f7ecbf
review_5489,division_55b19b36aa7567f7ecbf
review_5490,division_55b19b36aa7567f7ecbf
review_5491,division_55b19b36aa7567f7ecbf
review_5492,division_dfe2db74975e0aa9f6fd
review_5493,division_df561e6f16d9f3e64a28
review_5494,division_dfe2db74975e0aa9f6fd
review_5495,division_dfe2db74975e0aa9f6fd
review_5496,division_df561e6f16d9f3e64a28
review_5497,division_55b19b36aa7567f7ecbf
review_5498,division_dfe2db74975e0aa9f6fd
review_5499,division_dfe2db74975e0aa9f6fd
review_5500,division_55b19b36aa7567f7ecbf
review_5501,division_55b19b36aa7567f7ecbf
review_5502,division_df561e6f16d9f3e64a28
review_5503,division_55b19b36aa7567f7ecbf
review_5504,division_55b19b36aa7567f7ecbf
review_5505,division_55b19b36aa7567f7ecbf
review_5506,division_55b19b36aa7567f7ecbf
review_5507,division_55b19b36aa7567f7ecbf
review_5508,division_55b19b36aa7567f7ecbf
review_5509,division_dfe2db74975e0aa9f6fd
review_5510,division_dfe2db74975e0aa9f6fd
review_5511,division_dfe2db74975e0aa9f6fd
review_5512,division_55b19b36aa7567f7ecbf
review_5513,division_dfe2db74975e0aa9f6fd
review_5514,division_dfe2db74975e0aa9f6fd
review_5515,division_dfe2db74975e0aa9f6fd
review_5516,division_55b19b36aa7567f7ecbf
review_5517,division_55b19b36aa7567f7ecbf
review_5518,division_dfe2db74975e0aa9f6fd
review_5519,division_dfe2db74975e0aa9f6fd
review_5520,division_dfe2db74975e0aa9f6fd
review_5521,division_dfe2db74975e0aa9f6fd
review_5522,division_dfe2db74975e0aa9f6fd
review_5523,division_dfe2db74975e0aa9f6fd
review_5524,division_dfe2db74975e0aa9f6fd
review_5525,division_55b19b36aa7567f7ecbf
review_5526,division_dfe2db74975e0aa9f6fd
review_5527,division_dfe2db74975e0aa9f6fd
review_5528,division_55b19b36aa7567f7ecbf
review_5529,division_55b19b36aa7567f7ecbf
review_5530,division_55b19b36aa7567f7ecbf
review_5531,division_dfe2db74975e0aa9f6fd
review_5532,division_dfe2db74975e0aa9f6fd
review_5533,division_dfe2db74975e0aa9f6fd
review_5534,division_dfe2db74975e0aa9f6fd
review_5535,division_dfe2db74975e0aa9f6fd
review_5536,division_dfe2db74975e0aa9f6fd
review_5537,division_dfe2db74975e0aa9f6fd
review_5538,division_dfe2db74975e0aa9f6fd
review_5539,division_55b19b36aa7567f7ecbf
review_5540,division_dfe2db74975e0aa9f6fd
review_5541,division_dfe2db74975e0aa9f6fd
review_5542,division_55b19b36aa7567f7ecbf
review_5543,division_df561e6f16d9f3e64a28
review_5544,division_55b19b36aa7567f7ecbf
review_5545,division_dfe2db74975e0aa9f6fd
review_5546,division_55b19b36aa7567f7ecbf
review_5547,division_dfe2db74975e0aa9f6fd
review_5548,division_dfe2db74975e0aa9f6fd
review_5549,division_dfe2db74975e0aa9f6fd
review_5550,division_dfe2db74975e0aa9f6fd
review_5551,division_dfe2db74975e0aa9f6fd
review_5552,division_dfe2db74975e0aa9f6fd
review_5553,division_dfe2db74975e0aa9f6fd
review_5554,division_dfe2db74975e0aa9f6fd
review_5555,division_dfe2db74975e0aa9f6fd
review_5556,division_dfe2db74975e0aa9f6fd
review_5557,division_dfe2db74975e0aa9f6fd
review_5558,division_55b19b36aa7567f7ecbf
review_5559,division_dfe2db74975e0aa9f6fd
review_5560,division_dfe2db74975e0aa9f6fd
review_5561,division_55b19b36aa7567f7ecbf
review_5562,division_dfe2db74975e0aa9f6fd
review_5563,division_55b19b36aa7567f7ecbf
review_5564,division_dfe2db74975e0aa9f6fd
review_5565,division_dfe2db74975e0aa9f6fd
review_5566,division_dfe2db74975e0aa9f6fd
review_5567,division_dfe2db74975e0aa9f6fd
review_5568,division_dfe2db74975e0aa9f6fd
review_5569,division_dfe2db74975e0aa9f6fd
review_5570,division_dfe2db74975e0aa9f6fd
review_5571,division_dfe2db74975e0aa9f6fd
review_5572,division_dfe2db74975e0aa9f6fd
review_5573,division_dfe2db74975e0aa9f6fd
review_5574,division_dfe2db74975e0aa9f6fd
review_5575,division_dfe2db74975e0aa9f6fd
review_5576,division_55b19b36aa7567f7ecbf
review_5577,division_dfe2db74975e0aa9f6fd
review_5578,division_55b19b36aa7567f7ecbf
review_5579,division_dfe2db74975e0aa9f6fd
review_5580,division_dfe2db74975e0aa9f6fd
review_5581,division_dfe2db74975e0aa9f6fd
review_5582,division_dfe2db74975e0aa9f6fd
review_5583,division_dfe2db74975e0aa9f6fd
review_5584,division_dfe2db74975e0aa9f6fd
review_5585,division_dfe2db74975e0aa9f6fd
review_5586,division_dfe2db74975e0aa9f6fd
review_5587,division_dfe2db74975e0aa9f6fd
review_5588,division_55b19b36aa7567f7ecbf
review_5589,division_dfe2db74975e0aa9f6fd
review_5590,division_dfe2db74975e0aa9f6fd
review_5591,division_dfe2db74975e0aa9f6fd
review_5592,division_dfe2db74975e0aa9f6fd
review_5593,division_dfe2db74975e0aa9f6fd
review_5594,division_55b19b36aa7567f7ecbf
review_5595,division_55b19b36aa7567f7ecbf
review_5596,division_dfe2db74975e0aa9f6fd
review_5597,division_dfe2db74975e0aa9f6fd
review_5598,division_55b19b36aa7567f7ecbf
review_5599,division_55b19b36aa7567f7ecbf
review_5600,division_dfe2db74975e0aa9f6fd
review_5601,division_dfe2db74975e0aa9f6fd
review_5602,division_dfe2db74975e0aa9f6fd
review_5603,division_dfe2db74975e0aa9f6fd
review_5604,division_dfe2db74975e0aa9f6fd
review_5605,division_55b19b36aa7567f7ecbf
review_5606,division_dfe2db74975e0aa9f6fd
review_5607,division_dfe2db74975e0aa9f6fd
review_5608,division_dfe2db74975e0aa9f6fd
review_5609,division_55b19b36aa7567f7ecbf
review_5610,division_dfe2db74975e0aa9f6fd
review_5611,division_55b19b36aa7567f7ecbf
review_5612,division_df561e6f16d9f3e64a28
review_5613,division_dfe2db74975e0aa9f6fd
review_5614,division_df561e6f16d9f3e64a28
review_5615,division_dfe2db74975e0aa9f6fd
review_5616,division_dfe2db74975e0aa9f6fd
review_5617,division_df561e6f16d9f3e64a28
review_5618,division_df561e6f16d9f3e64a28
review_5619,division_dfe2db74975e0aa9f6fd
review_5620,division_df561e6f16d9f3e64a28
review_5621,division_dfe2db74975e0aa9f6fd
review_5622,division_55b19b36aa7567f7ecbf
review_5623,division_df561e6f16d9f3e64a28
review_5624,division_df561e6f16d9f3e64a28
review_5625,division_55b19b36aa7567f7ecbf
review_5626,division_df561e6f16d9f3e64a28
review_5627,division_df561e6f16d9f3e64a28
review_5628,division_55b19b36aa7567f7ecbf
review_5629,division_dfe2db74975e0aa9f6fd
review_5630,division_df561e6f16d9f3e64a28
review_5631,division_dfe2db74975e0aa9f6fd
review_5632,division_dfe2db74975e0aa9f6fd
review_5633,division_df561e6f16d9f3e64a28
review_5634,division_df561e6f16d9f3e64a28
review_5635,division_df561e6f16d9f3e64a28
review_5636,division_df561e6f16d9f3e64a28
review_5637,division_55b19b36aa7567f7ecbf
review_5638,division_dfe2db74975e0aa9f6fd
review_5639,division_dfe2db74975e0aa9f6fd
review_5640,division_55b19b36aa7567f7ecbf
review_5641,division_55b19b36aa7567f7ecbf
review_5642,division_55b19b36aa7567f7ecbf
review_5643,division_55b19b36aa7567f7ecbf
review_5644,division_dfe2db74975e0aa9f6fd
review_5645,division_55b19b36aa7567f7ecbf
review_5646,division_dfe2db74975e0aa9f6fd
review_5647,division_55b19b36aa7567f7ecbf
review_5648,division_dfe2db74975e0aa9f6fd
review_5649,division_dfe2db74975e0aa9f6fd
review_5650,division_dfe2db74975e0aa9f6fd
review_5651,division_dfe2db74975e0aa9f6fd
review_5652,division_df561e6f16d9f3e64a28
review_5653,division_dfe2db74975e0aa9f6fd
review_5654,division_55b19b36aa7567f7ecbf
review_5655,division_55b19b36aa7567f7ecbf
review_5656,division_55b19b36aa7567f7ecbf
review_5657,division_dfe2db74975e0aa9f6fd
review_5658,division_dfe2db74975e0aa9f6fd
review_5659,division_55b19b36aa7567f7ecbf
review_5660,division_dfe2db74975e0aa9f6fd
review_5661,division_dfe2db74975e0aa9f6fd
review_5662,division_dfe2db74975e0aa9f6fd
review_5663,division_dfe2db74975e0aa9f6fd
review_5664,division_dfe2db74975e0aa9f6fd
review_5665,division_df561e6f16d9f3e64a28
review_5666,division_dfe2db74975e0aa9f6fd
review_5667,division_55b19b36aa7567f7ecbf
review_5668,division_dfe2db74975e0aa9f6fd
review_5669,division_55b19b36aa7567f7ecbf
review_5670,division_dfe2db74975e0aa9f6fd
review_5671,division_dfe2db74975e0aa9f6fd
review_5672,division_55b19b36aa7567f7ecbf
review_5673,division_55b19b36aa7567f7ecbf
review_5674,division_55b19b36aa7567f7ecbf
review_5675,division_dfe2db74975e0aa9f6fd
review_5676,division_dfe2db74975e0aa9f6fd
review_5677,division_dfe2db74975e0aa9f6fd
review_5678,division_dfe2db74975e0aa9f6fd
review_5679,division_dfe2db74975e0aa9f6fd
review_5680,division_dfe2db74975e0aa9f6fd
review_5681,division_dfe2db74975e0aa9f6fd
review_5682,division_df561e6f16d9f3e64a28
review_5683,division_dfe2db74975e0aa9f6fd
review_5684,division_55b19b36aa7567f7ecbf
review_5685,division_55b19b36aa7567f7ecbf
review_5686,division_dfe2db74975e0aa9f6fd
review_5687,division_dfe2db74975e0aa9f6fd
review_5688,division_dfe2db74975e0aa9f6fd
review_5689,division_dfe2db74975e0aa9f6fd
review_5690,division_dfe2db74975e0aa9f6fd
review_5691,division_dfe2db74975e0aa9f6fd
review_5692,division_df561e6f16d9f3e64a28
review_5693,division_dfe2db74975e0aa9f6fd
review_5694,division_55b19b36aa7567f7ecbf
review_5695,division_dfe2db74975e0aa9f6fd
review_5696,division_55b19b36aa7567f7ecbf
review_5697,division_dfe2db74975e0aa9f6fd
review_5698,division_dfe2db74975e0aa9f6fd
review_5699,division_dfe2db74975e0aa9f6fd
review_5700,division_dfe2db74975e0aa9f6fd
review_5701,division_dfe2db74975e0aa9f6fd
review_5702,division_dfe2db74975e0aa9f6fd
review_5703,division_dfe2db74975e0aa9f6fd
review_5704,division_dfe2db74975e0aa9f6fd
review_5705,division_dfe2db74975e0aa9f6fd
review_5706,division_dfe2db74975e0aa9f6fd
review_5707,division_dfe2db74975e0aa9f6fd
review_5708,division_dfe2db74975e0aa9f6fd
review_5709,division_dfe2db74975e0aa9f6fd
review_5710,division_dfe2db74975e0aa9f6fd
review_5711,division_dfe2db74975e0aa9f6fd
review_5712,division_dfe2db74975e0aa9f6fd
review_5713,division_dfe2db74975e0aa9f6fd
review_5714,division_dfe2db74975e0aa9f6fd
review_5715,division_dfe2db74975e0aa9f6fd
review_5716,division_dfe2db74975e0aa9f6fd
review_5717,division_dfe2db74975e0aa9f6fd
review_5718,division_dfe2db74975e0aa9f6fd
review_5719,division_dfe2db74975e0aa9f6fd
review_5720,division_dfe2db74975e0aa9f6fd
review_5721,division_dfe2db74975e0aa9f6fd
review_5722,division_dfe2db74975e0aa9f6fd
review_5723,division_dfe2db74975e0aa9f6fd
review_5724,division_dfe2db74975e0aa9f6fd
review_5725,division_55b19b36aa7567f7ecbf
review_5726,division_dfe2db74975e0aa9f6fd
review_5727,division_55b19b36aa7567f7ecbf
review_5728,division_dfe2db74975e0aa9f6fd
review_5729,division_dfe2db74975e0aa9f6fd
review_5730,division_dfe2db74975e0aa9f6fd
review_5731,division_dfe2db74975e0aa9f6fd
review_5732,division_dfe2db74975e0aa9f6fd
review_5733,division_dfe2db74975e0aa9f6fd
review_5734,division_dfe2db74975e0aa9f6fd
review_5735,division_dfe2db74975e0aa9f6fd
review_5736,division_dfe2db74975e0aa9f6fd
review_5737,division_dfe2db74975e0aa9f6fd
review_5738,division_55b19b36aa7567f7ecbf
review_5739,division_dfe2db74975e0aa9f6fd
review_5740,division_dfe2db74975e0aa9f6fd
review_5741,division_dfe2db74975e0aa9f6fd
review_5742,division_dfe2db74975e0aa9f6fd
review_5743,division_dfe2db74975e0aa9f6fd
review_5744,division_dfe2db74975e0aa9f6fd
review_5745,division_55b19b36aa7567f7ecbf
review_5746,division_dfe2db74975e0aa9f6fd
review_5747,division_dfe2db74975e0aa9f6fd
review_5748,division_dfe2db74975e0aa9f6fd
review_5749,division_dfe2db74975e0aa9f6fd
review_5750,division_55b19b36aa7567f7ecbf
review_5751,division_dfe2db74975e0aa9f6fd
review_5752,division_df561e6f16d9f3e64a28
review_5753,division_dfe2db74975e0aa9f6fd
review_5754,division_dfe2db74975e0aa9f6fd
review_5755,division_dfe2db74975e0aa9f6fd
review_5756,division_dfe2db74975e0aa9f6fd
review_5757,division_dfe2db74975e0aa9f6fd
review_5758,division_dfe2db74975e0aa9f6fd
review_5759,division_dfe2db74975e0aa9f6fd
review_5760,division_dfe2db74975e0aa9f6fd
review_5761,division_55b19b36aa7567f7ecbf
review_5762,division_dfe2db74975e0aa9f6fd
review_5763,division_dfe2db74975e0aa9f6fd
review_5764,division_dfe2db74975e0aa9f6fd
review_5765,division_dfe2db74975e0aa9f6fd
review_5766,division_dfe2db74975e0aa9f6fd
review_5767,division_dfe2db74975e0aa9f6fd
review_5768,division_dfe2db74975e0aa9f6fd
review_5769,division_dfe2db74975e0aa9f6fd
review_5770,division_df561e6f16d9f3e64a28
review_5771,division_dfe2db74975e0aa9f6fd
review_5772,division_dfe2db74975e0aa9f6fd
review_5773,division_dfe2db74975e0aa9f6fd
review_5774,division_dfe2db74975e0aa9f6fd
review_5775,division_dfe2db74975e0aa9f6fd
review_5776,division_dfe2db74975e0aa9f6fd
review_5777,division_dfe2db74975e0aa9f6fd
review_5778,division_dfe2db74975e0aa9f6fd
review_5779,division_dfe2db74975e0aa9f6fd
review_5780,division_dfe2db74975e0aa9f6fd
review_5781,division_dfe2db74975e0aa9f6fd
review_5782,division_dfe2db74975e0aa9f6fd
review_5783,division_dfe2db74975e0aa9f6fd
review_5784,division_dfe2db74975e0aa9f6fd
review_5785,division_dfe2db74975e0aa9f6fd
review_5786,division_dfe2db74975e0aa9f6fd
review_5787,division_dfe2db74975e0aa9f6fd
review_5788,division_dfe2db74975e0aa9f6fd
review_5789,division_dfe2db74975e0aa9f6fd
review_5790,division_dfe2db74975e0aa9f6fd
review_5791,division_dfe2db74975e0aa9f6fd
review_5792,division_dfe2db74975e0aa9f6fd
review_5793,division_dfe2db74975e0aa9f6fd
review_5794,division_dfe2db74975e0aa9f6fd
review_5795,division_dfe2db74975e0aa9f6fd
review_5796,division_dfe2db74975e0aa9f6fd
review_5797,division_dfe2db74975e0aa9f6fd
review_5798,division_dfe2db74975e0aa9f6fd
review_5799,division_dfe2db74975e0aa9f6fd
review_5800,division_dfe2db74975e0aa9f6fd
review_5801,division_dfe2db74975e0aa9f6fd
review_5802,division_dfe2db74975e0aa9f6fd
review_5803,division_dfe2db74975e0aa9f6fd
review_5804,division_dfe2db74975e0aa9f6fd
review_5805,division_dfe2db74975e0aa9f6fd
review_5806,division_dfe2db74975e0aa9f6fd
review_5807,division_55b19b36aa7567f7ecbf
review_5808,division_dfe2db74975e0aa9f6fd
review_5809,division_dfe2db74975e0aa9f6fd
review_5810,division_dfe2db74975e0aa9f6fd
review_5811,division_dfe2db74975e0aa9f6fd
review_5812,division_dfe2db74975e0aa9f6fd
review_5813,division_dfe2db74975e0aa9f6fd
review_5814,division_dfe2db74975e0aa9f6fd
review_5815,division_dfe2db74975e0aa9f6fd
review_5816,division_df561e6f16d9f3e64a28
review_5817,division_dfe2db74975e0aa9f6fd
review_5818,division_dfe2db74975e0aa9f6fd
review_5819,division_55b19b36aa7567f7ecbf
review_5820,division_55b19b36aa7567f7ecbf
review_5821,division_55b19b36aa7567f7ecbf
review_5822,division_55b19b36aa7567f7ecbf
review_5823,division_55b19b36aa7567f7ecbf
review_5824,division_55b19b36aa7567f7ecbf
review_5825,division_df561e6f16d9f3e64a28
review_5826,division_55b19b36aa7567f7ecbf
review_5827,division_dfe2db74975e0aa9f6fd
review_5828,division_dfe2db74975e0aa9f6fd
review_5829,division_55b19b36aa7567f7ecbf
review_5830,division_dfe2db74975e0aa9f6fd
review_5831,division_55b19b36aa7567f7ecbf
review_5832,division_55b19b36aa7567f7ecbf
review_5833,division_55b19b36aa7567f7ecbf
review_5834,division_55b19b36aa7567f7ecbf
review_5835,division_55b19b36aa7567f7ecbf
review_5836,division_dfe2db74975e0aa9f6fd
review_5837,division_55b19b36aa7567f7ecbf
review_5838,division_dfe2db74975e0aa9f6fd
review_5839,division_55b19b36aa7567f7ecbf
review_5840,division_df561e6f16d9f3e64a28
review_5841,division_55b19b36aa7567f7ecbf
review_5842,division_dfe2db74975e0aa9f6fd
review_5843,division_55b19b36aa7567f7ecbf
review_5844,division_dfe2db74975e0aa9f6fd
review_5845,division_dfe2db74975e0aa9f6fd
review_5846,division_55b19b36aa7567f7ecbf
review_5847,division_df561e6f16d9f3e64a28
review_5848,division_55b19b36aa7567f7ecbf
review_5849,division_dfe2db74975e0aa9f6fd
review_5850,division_55b19b36aa7567f7ecbf
review_5851,division_dfe2db74975e0aa9f6fd
review_5852,division_55b19b36aa7567f7ecbf
review_5853,division_55b19b36aa7567f7ecbf
review_5854,division_55b19b36aa7567f7ecbf
review_5855,division_55b19b36aa7567f7ecbf
review_5856,division_55b19b36aa7567f7ecbf
review_5857,division_55b19b36aa7567f7ecbf
review_5858,division_55b19b36aa7567f7ecbf
review_5859,division_55b19b36aa7567f7ecbf
review_5860,division_55b19b36aa7567f7ecbf
review_5861,division_55b19b36aa7567f7ecbf
review_5862,division_55b19b36aa7567f7ecbf
review_5863,division_55b19b36aa7567f7ecbf
review_5864,division_55b19b36aa7567f7ecbf
review_5865,division_55b19b36aa7567f7ecbf
review_5866,division_55b19b36aa7567f7ecbf
review_5867,division_55b19b36aa7567f7ecbf
review_5868,division_dfe2db74975e0aa9f6fd
review_5869,division_55b19b36aa7567f7ecbf
review_5870,division_55b19b36aa7567f7ecbf
review_5871,division_dfe2db74975e0aa9f6fd
review_5872,division_dfe2db74975e0aa9f6fd
review_5873,division_55b19b36aa7567f7ecbf
review_5874,division_55b19b36aa7567f7ecbf
review_5875,division_55b19b36aa7567f7ecbf
review_5876,division_55b19b36aa7567f7ecbf
review_5877,division_55b19b36aa7567f7ecbf
review_5878,division_55b19b36aa7567f7ecbf
review_5879,division_55b19b36aa7567f7ecbf
review_5880,division_55b19b36aa7567f7ecbf
review_5881,division_dfe2db74975e0aa9f6fd
review_5882,division_55b19b36aa7567f7ecbf
review_5883,division_dfe2db74975e0aa9f6fd
review_5884,division_55b19b36aa7567f7ecbf
review_5885,division_55b19b36aa7567f7ecbf
review_5886,division_55b19b36aa7567f7ecbf
review_5887,division_55b19b36aa7567f7ecbf
review_5888,division_55b19b36aa7567f7ecbf
review_5889,division_55b19b36aa7567f7ecbf
review_5890,division_55b19b36aa7567f7ecbf
review_5891,division_55b19b36aa7567f7ecbf
review_5892,division_55b19b36aa7567f7ecbf
review_5893,division_dfe2db74975e0aa9f6fd
review_5894,division_55b19b36aa7567f7ecbf
review_5895,division_dfe2db74975e0aa9f6fd
review_5896,division_55b19b36aa7567f7ecbf
review_5897,division_dfe2db74975e0aa9f6fd
review_5898,division_55b19b36aa7567f7ecbf
review_5899,division_55b19b36aa7567f7ecbf
review_5900,division_dfe2db74975e0aa9f6fd
review_5901,division_55b19b36aa7567f7ecbf
review_5902,division_55b19b36aa7567f7ecbf
review_5903,division_dfe2db74975e0aa9f6fd
review_5904,division_dfe2db74975e0aa9f6fd
review_5905,division_dfe2db74975e0aa9f6fd
review_5906,division_dfe2db74975e0aa9f6fd
review_5907,division_55b19b36aa7567f7ecbf
review_5908,division_dfe2db74975e0aa9f6fd
review_5909,division_dfe2db74975e0aa9f6fd
review_5910,division_55b19b36aa7567f7ecbf
review_5911,division_55b19b36aa7567f7ecbf
review_5912,division_dfe2db74975e0aa9f6fd
review_5913,division_dfe2db74975e0aa9f6fd
review_5914,division_dfe2db74975e0aa9f6fd
review_5915,division_dfe2db74975e0aa9f6fd
review_5916,division_55b19b36aa7567f7ecbf
review_5917,division_55b19b36aa7567f7ecbf
review_5918,division_55b19b36aa7567f7ecbf
review_5919,division_dfe2db74975e0aa9f6fd
review_5920,division_dfe2db74975e0aa9f6fd
review_5921,division_dfe2db74975e0aa9f6fd
review_5922,division_55b19b36aa7567f7ecbf
review_5923,division_55b19b36aa7567f7ecbf
review_5924,division_dfe2db74975e0aa9f6fd
review_5925,division_dfe2db74975e0aa9f6fd
review_5926,division_dfe2db74975e0aa9f6fd
review_5927,division_dfe2db74975e0aa9f6fd
review_5928,division_dfe2db74975e0aa9f6fd
review_5929,division_dfe2db74975e0aa9f6fd
review_5930,division_55b19b36aa7567f7ecbf
review_5931,division_dfe2db74975e0aa9f6fd
review_5932,division_df561e6f16d9f3e64a28
review_5933,division_dfe2db74975e0aa9f6fd
review_5934,division_dfe2db74975e0aa9f6fd
review_5935,division_55b19b36aa7567f7ecbf
review_5936,division_dfe2db74975e0aa9f6fd
review_5937,division_dfe2db74975e0aa9f6fd
review_5938,division_55b19b36aa7567f7ecbf
review_5939,division_dfe2db74975e0aa9f6fd
review_5940,division_dfe2db74975e0aa9f6fd
review_5941,division_55b19b36aa7567f7ecbf
review_5942,division_dfe2db74975e0aa9f6fd
review_5943,division_55b19b36aa7567f7ecbf
review_5944,division_dfe2db74975e0aa9f6fd
review_5945,division_dfe2db74975e0aa9f6fd
review_5946,division_dfe2db74975e0aa9f6fd
review_5947,division_55b19b36aa7567f7ecbf
review_5948,division_dfe2db74975e0aa9f6fd
review_5949,division_dfe2db74975e0aa9f6fd
review_5950,division_dfe2db74975e0aa9f6fd
review_5951,division_dfe2db74975e0aa9f6fd
review_5952,division_55b19b36aa7567f7ecbf
review_5953,division_dfe2db74975e0aa9f6fd
review_5954,division_55b19b36aa7567f7ecbf
review_5955,division_55b19b36aa7567f7ecbf
review_5956,division_55b19b36aa7567f7ecbf
review_5957,division_dfe2db74975e0aa9f6fd
review_5958,division_55b19b36aa7567f7ecbf
review_5959,division_55b19b36aa7567f7ecbf
review_5960,division_dfe2db74975e0aa9f6fd
review_5961,division_dfe2db74975e0aa9f6fd
review_5962,division_55b19b36aa7567f7ecbf
review_5963,division_dfe2db74975e0aa9f6fd
review_5964,division_55b19b36aa7567f7ecbf
review_5965,division_dfe2db74975e0aa9f6fd
review_5966,division_dfe2db74975e0aa9f6fd
review_5967,division_55b19b36aa7567f7ecbf
review_5968,division_55b19b36aa7567f7ecbf
review_5969,division_dfe2db74975e0aa9f6fd
review_5970,division_dfe2db74975e0aa9f6fd
review_5971,division_55b19b36aa7567f7ecbf
review_5972,division_dfe2db74975e0aa9f6fd
review_5973,division_dfe2db74975e0aa9f6fd
review_5974,division_dfe2db74975e0aa9f6fd
review_5975,division_dfe2db74975e0aa9f6fd
review_5976,division_55b19b36aa7567f7ecbf
review_5977,division_55b19b36aa7567f7ecbf
review_5978,division_dfe2db74975e0aa9f6fd
review_5979,division_dfe2db74975e0aa9f6fd
review_5980,division_dfe2db74975e0aa9f6fd
review_5981,division_dfe2db74975e0aa9f6fd
review_5982,division_dfe2db74975e0aa9f6fd
review_5983,division_dfe2db74975e0aa9f6fd
review_5984,division_55b19b36aa7567f7ecbf
review_5985,division_55b19b36aa7567f7ecbf
review_5986,division_dfe2db74975e0aa9f6fd
review_5987,division_dfe2db74975e0aa9f6fd
review_5988,division_55b19b36aa7567f7ecbf
review_5989,division_dfe2db74975e0aa9f6fd
review_5990,division_55b19b36aa7567f7ecbf
review_5991,division_dfe2db74975e0aa9f6fd
review_5992,division_dfe2db74975e0aa9f6fd
review_5993,division_55b19b36aa7567f7ecbf
review_5994,division_dfe2db74975e0aa9f6fd
review_5995,division_dfe2db74975e0aa9f6fd
review_5996,division_dfe2db74975e0aa9f6fd
review_5997,division_dfe2db74975e0aa9f6fd
review_5998,division_dfe2db74975e0aa9f6fd
review_5999,division_dfe2db74975e0aa9f6fd
review_6000,division_55b19b36aa7567f7ecbf
review_6001,division_dfe2db74975e0aa9f6fd
review_6002,division_dfe2db74975e0aa9f6fd
review_6003,division_dfe2db74975e0aa9f6fd
review_6004,division_dfe2db74975e0aa9f6fd
review_6005,division_dfe2db74975e0aa9f6fd
review_6006,division_dfe2db74975e0aa9f6fd
review_6007,division_df561e6f16d9f3e64a28
review_6008,division_dfe2db74975e0aa9f6fd
review_6009,division_dfe2db74975e0aa9f6fd
review_6010,division_dfe2db74975e0aa9f6fd
review_6011,division_55b19b36aa7567f7ecbf
review_6012,division_dfe2db74975e0aa9f6fd
review_6013,division_dfe2db74975e0aa9f6fd
review_6014,division_dfe2db74975e0aa9f6fd
review_6015,division_dfe2db74975e0aa9f6fd
review_6016,division_dfe2db74975e0aa9f6fd
review_6017,division_55b19b36aa7567f7ecbf
review_6018,division_dfe2db74975e0aa9f6fd
review_6019,division_dfe2db74975e0aa9f6fd
review_6020,division_dfe2db74975e0aa9f6fd
review_6021,division_55b19b36aa7567f7ecbf
review_6022,division_55b19b36aa7567f7ecbf
review_6023,division_55b19b36aa7567f7ecbf
review_6024,division_55b19b36aa7567f7ecbf
review_6025,division_55b19b36aa7567f7ecbf
review_6026,division_dfe2db74975e0aa9f6fd
review_6027,division_dfe2db74975e0aa9f6fd
review_6028,division_dfe2db74975e0aa9f6fd
review_6029,division_55b19b36aa7567f7ecbf
review_6030,division_dfe2db74975e0aa9f6fd
review_6031,division_dfe2db74975e0aa9f6fd
review_6032,division_dfe2db74975e0aa9f6fd
review_6033,division_dfe2db74975e0aa9f6fd
review_6034,division_55b19b36aa7567f7ecbf
review_6035,division_dfe2db74975e0aa9f6fd
review_6036,division_dfe2db74975e0aa9f6fd
review_6037,division_dfe2db74975e0aa9f6fd
review_6038,division_dfe2db74975e0aa9f6fd
review_6039,division_dfe2db74975e0aa9f6fd
review_6040,division_dfe2db74975e0aa9f6fd
review_6041,division_dfe2db74975e0aa9f6fd
review_6042,division_dfe2db74975e0aa9f6fd
review_6043,division_55b19b36aa7567f7ecbf
review_6044,division_dfe2db74975e0aa9f6fd
review_6045,division_55b19b36aa7567f7ecbf
review_6046,division_dfe2db74975e0aa9f6fd
review_6047,division_dfe2db74975e0aa9f6fd
review_6048,division_55b19b36aa7567f7ecbf
review_6049,division_dfe2db74975e0aa9f6fd
review_6050,division_dfe2db74975e0aa9f6fd
review_6051,division_dfe2db74975e0aa9f6fd
review_6052,division_dfe2db74975e0aa9f6fd
review_6053,division_dfe2db74975e0aa9f6fd
review_6054,division_dfe2db74975e0aa9f6fd
review_6055,division_55b19b36aa7567f7ecbf
review_6056,division_dfe2db74975e0aa9f6fd
review_6057,division_55b19b36aa7567f7ecbf
review_6058,division_55b19b36aa7567f7ecbf
review_6059,division_dfe2db74975e0aa9f6fd
review_6060,division_dfe2db74975e0aa9f6fd
review_6061,division_55b19b36aa7567f7ecbf
review_6062,division_55b19b36aa7567f7ecbf
review_6063,division_55b19b36aa7567f7ecbf
review_6064,division_dfe2db74975e0aa9f6fd
review_6065,division_dfe2db74975e0aa9f6fd
review_6066,division_dfe2db74975e0aa9f6fd
review_6067,division_dfe2db74975e0aa9f6fd
review_6068,division_55b19b36aa7567f7ecbf
review_6069,division_55b19b36aa7567f7ecbf
review_6070,division_dfe2db74975e0aa9f6fd
review_6071,division_55b19b36aa7567f7ecbf
review_6072,division_dfe2db74975e0aa9f6fd
review_6073,division_55b19b36aa7567f7ecbf
review_6074,division_dfe2db74975e0aa9f6fd
review_6075,division_55b19b36aa7567f7ecbf
review_6076,division_dfe2db74975e0aa9f6fd
review_6077,division_55b19b36aa7567f7ecbf
review_6078,division_dfe2db74975e0aa9f6fd
review_6079,division_dfe2db74975e0aa9f6fd
review_6080,division_dfe2db74975e0aa9f6fd
review_6081,division_dfe2db74975e0aa9f6fd
review_6082,division_55b19b36aa7567f7ecbf
review_6083,division_dfe2db74975e0aa9f6fd
review_6084,division_dfe2db74975e0aa9f6fd
review_6085,division_55b19b36aa7567f7ecbf
review_6086,division_dfe2db74975e0aa9f6fd
review_6087,division_dfe2db74975e0aa9f6fd
review_6088,division_55b19b36aa7567f7ecbf
review_6089,division_55b19b36aa7567f7ecbf
review_6090,division_dfe2db74975e0aa9f6fd
review_6091,division_dfe2db74975e0aa9f6fd
review_6092,division_dfe2db74975e0aa9f6fd
review_6093,division_dfe2db74975e0aa9f6fd
review_6094,division_55b19b36aa7567f7ecbf
review_6095,division_dfe2db74975e0aa9f6fd
review_6096,division_55b19b36aa7567f7ecbf
review_6097,division_55b19b36aa7567f7ecbf
review_6098,division_dfe2db74975e0aa9f6fd
review_6099,division_dfe2db74975e0aa9f6fd
review_6100,division_dfe2db74975e0aa9f6fd
review_6101,division_dfe2db74975e0aa9f6fd
review_6102,division_dfe2db74975e0aa9f6fd
review_6103,division_dfe2db74975e0aa9f6fd
review_6104,division_dfe2db74975e0aa9f6fd
review_6105,division_55b19b36aa7567f7ecbf
review_6106,division_dfe2db74975e0aa9f6fd
review_6107,division_dfe2db74975e0aa9f6fd
review_6108,division_dfe2db74975e0aa9f6fd
review_6109,division_55b19b36aa7567f7ecbf
review_6110,division_55b19b36aa7567f7ecbf
review_6111,division_55b19b36aa7567f7ecbf
review_6112,division_55b19b36aa7567f7ecbf
review_6113,division_dfe2db74975e0aa9f6fd
review_6114,division_dfe2db74975e0aa9f6fd
review_6115,division_55b19b36aa7567f7ecbf
review_6116,division_55b19b36aa7567f7ecbf
review_6117,division_55b19b36aa7567f7ecbf
review_6118,division_55b19b36aa7567f7ecbf
review_6119,division_55b19b36aa7567f7ecbf
review_6120,division_55b19b36aa7567f7ecbf
review_6121,division_55b19b36aa7567f7ecbf
review_6122,division_dfe2db74975e0aa9f6fd
review_6123,division_dfe2db74975e0aa9f6fd
review_6124,division_55b19b36aa7567f7ecbf
review_6125,division_dfe2db74975e0aa9f6fd
review_6126,division_55b19b36aa7567f7ecbf
review_6127,division_55b19b36aa7567f7ecbf
review_6128,division_dfe2db74975e0aa9f6fd
review_6129,division_55b19b36aa7567f7ecbf
review_6130,division_dfe2db74975e0aa9f6fd
review_6131,division_55b19b36aa7567f7ecbf
review_6132,division_55b19b36aa7567f7ecbf
review_6133,division_55b19b36aa7567f7ecbf
review_6134,division_55b19b36aa7567f7ecbf
review_6135,division_55b19b36aa7567f7ecbf
review_6136,division_55b19b36aa7567f7ecbf
review_6137,division_dfe2db74975e0aa9f6fd
review_6138,division_dfe2db74975e0aa9f6fd
review_6139,division_dfe2db74975e0aa9f6fd
review_6140,division_55b19b36aa7567f7ecbf
review_6141,division_dfe2db74975e0aa9f6fd
review_6142,division_dfe2db74975e0aa9f6fd
review_6143,division_dfe2db74975e0aa9f6fd
review_6144,division_dfe2db74975e0aa9f6fd
review_6145,division_55b19b36aa7567f7ecbf
review_6146,division_55b19b36aa7567f7ecbf
review_6147,division_55b19b36aa7567f7ecbf
review_6148,division_55b19b36aa7567f7ecbf
review_6149,division_55b19b36aa7567f7ecbf
review_6150,division_55b19b36aa7567f7ecbf
review_6151,division_dfe2db74975e0aa9f6fd
review_6152,division_dfe2db74975e0aa9f6fd
review_6153,division_55b19b36aa7567f7ecbf
review_6154,division_dfe2db74975e0aa9f6fd
review_6155,division_55b19b36aa7567f7ecbf
review_6156,division_55b19b36aa7567f7ecbf
review_6157,division_55b19b36aa7567f7ecbf
review_6158,division_55b19b36aa7567f7ecbf
review_6159,division_55b19b36aa7567f7ecbf
review_6160,division_55b19b36aa7567f7ecbf
review_6161,division_55b19b36aa7567f7ecbf
review_6162,division_55b19b36aa7567f7ecbf
review_6163,division_55b19b36aa7567f7ecbf
review_6164,division_dfe2db74975e0aa9f6fd
review_6165,division_df561e6f16d9f3e64a28
review_6166,division_dfe2db74975e0aa9f6fd
review_6167,division_dfe2db74975e0aa9f6fd
review_6168,division_dfe2db74975e0aa9f6fd
review_6169,division_dfe2db74975e0aa9f6fd
review_6170,division_dfe2db74975e0aa9f6fd
review_6171,division_dfe2db74975e0aa9f6fd
review_6172,division_dfe2db74975e0aa9f6fd
review_6173,division_dfe2db74975e0aa9f6fd
review_6174,division_dfe2db74975e0aa9f6fd
review_6175,division_dfe2db74975e0aa9f6fd
review_6176,division_dfe2db74975e0aa9f6fd
review_6177,division_dfe2db74975e0aa9f6fd
review_6178,division_dfe2db74975e0aa9f6fd
review_6179,division_dfe2db74975e0aa9f6fd
review_6180,division_dfe2db74975e0aa9f6fd
review_6181,division_df561e6f16d9f3e64a28
review_6182,division_dfe2db74975e0aa9f6fd
review_6183,division_dfe2db74975e0aa9f6fd
review_6184,division_55b19b36aa7567f7ecbf
review_6185,division_55b19b36aa7567f7ecbf
review_6186,division_dfe2db74975e0aa9f6fd
review_6187,division_dfe2db74975e0aa9f6fd
review_6188,division_df561e6f16d9f3e64a28
review_6189,division_dfe2db74975e0aa9f6fd
review_6190,division_dfe2db74975e0aa9f6fd
review_6191,division_dfe2db74975e0aa9f6fd
review_6192,division_dfe2db74975e0aa9f6fd
review_6193,division_dfe2db74975e0aa9f6fd
review_6194,division_dfe2db74975e0aa9f6fd
review_6195,division_dfe2db74975e0aa9f6fd
review_6196,division_dfe2db74975e0aa9f6fd
review_6197,division_55b19b36aa7567f7ecbf
review_6198,division_dfe2db74975e0aa9f6fd
review_6199,division_dfe2db74975e0aa9f6fd
review_6200,division_55b19b36aa7567f7ecbf
review_6201,division_55b19b36aa7567f7ecbf
review_6202,division_dfe2db74975e0aa9f6fd
review_6203,division_55b19b36aa7567f7ecbf
review_6204,division_55b19b36aa7567f7ecbf
review_6205,division_55b19b36aa7567f7ecbf
review_6206,division_55b19b36aa7567f7ecbf
review_6207,division_55b19b36aa7567f7ecbf
review_6208,division_55b19b36aa7567f7ecbf
review_6209,division_55b19b36aa7567f7ecbf
review_6210,division_55b19b36aa7567f7ecbf
review_6211,division_55b19b36aa7567f7ecbf
review_6212,division_df561e6f16d9f3e64a28
review_6213,division_55b19b36aa7567f7ecbf
review_6214,division_55b19b36aa7567f7ecbf
review_6215,division_55b19b36aa7567f7ecbf
review_6216,division_dfe2db74975e0aa9f6fd
review_6217,division_55b19b36aa7567f7ecbf
review_6218,division_dfe2db74975e0aa9f6fd
review_6219,division_dfe2db74975e0aa9f6fd
review_6220,division_dfe2db74975e0aa9f6fd
review_6221,division_55b19b36aa7567f7ecbf
review_6222,division_dfe2db74975e0aa9f6fd
review_6223,division_dfe2db74975e0aa9f6fd
review_6224,division_dfe2db74975e0aa9f6fd
review_6225,division_dfe2db74975e0aa9f6fd
review_6226,division_df561e6f16d9f3e64a28
review_6227,division_dfe2db74975e0aa9f6fd
review_6228,division_dfe2db74975e0aa9f6fd
review_6229,division_55b19b36aa7567f7ecbf
review_6230,division_dfe2db74975e0aa9f6fd
review_6231,division_dfe2db74975e0aa9f6fd
review_6232,division_dfe2db74975e0aa9f6fd
review_6233,division_dfe2db74975e0aa9f6fd
review_6234,division_dfe2db74975e0aa9f6fd
review_6235,division_dfe2db74975e0aa9f6fd
review_6236,division_dfe2db74975e0aa9f6fd
review_6237,division_dfe2db74975e0aa9f6fd
review_6238,division_dfe2db74975e0aa9f6fd
review_6239,division_55b19b36aa7567f7ecbf
review_6240,division_dfe2db74975e0aa9f6fd
review_6241,division_dfe2db74975e0aa9f6fd
review_6242,division_dfe2db74975e0aa9f6fd
review_6243,division_dfe2db74975e0aa9f6fd
review_6244,division_55b19b36aa7567f7ecbf
review_6245,division_df561e6f16d9f3e64a28
review_6246,division_dfe2db74975e0aa9f6fd
review_6247,division_dfe2db74975e0aa9f6fd
review_6248,division_dfe2db74975e0aa9f6fd
review_6249,division_dfe2db74975e0aa9f6fd
review_6250,division_dfe2db74975e0aa9f6fd
review_6251,division_55b19b36aa7567f7ecbf
review_6252,division_dfe2db74975e0aa9f6fd
review_6253,division_dfe2db74975e0aa9f6fd
review_6254,division_55b19b36aa7567f7ecbf
review_6255,division_dfe2db74975e0aa9f6fd
review_6256,division_dfe2db74975e0aa9f6fd
review_6257,division_55b19b36aa7567f7ecbf
review_6258,division_dfe2db74975e0aa9f6fd
review_6259,division_55b19b36aa7567f7ecbf
review_6260,division_dfe2db74975e0aa9f6fd
review_6261,division_dfe2db74975e0aa9f6fd
review_6262,division_dfe2db74975e0aa9f6fd
review_6263,division_dfe2db74975e0aa9f6fd
review_6264,division_dfe2db74975e0aa9f6fd
review_6265,division_dfe2db74975e0aa9f6fd
review_6266,division_df561e6f16d9f3e64a28
review_6267,division_55b19b36aa7567f7ecbf
review_6268,division_dfe2db74975e0aa9f6fd
review_6269,division_dfe2db74975e0aa9f6fd
review_6270,division_dfe2db74975e0aa9f6fd
review_6271,division_55b19b36aa7567f7ecbf
review_6272,division_55b19b36aa7567f7ecbf
review_6273,division_dfe2db74975e0aa9f6fd
review_6274,division_dfe2db74975e0aa9f6fd
review_6275,division_dfe2db74975e0aa9f6fd
review_6276,division_55b19b36aa7567f7ecbf
review_6277,division_dfe2db74975e0aa9f6fd
review_6278,division_dfe2db74975e0aa9f6fd
review_6279,division_dfe2db74975e0aa9f6fd
review_6280,division_55b19b36aa7567f7ecbf
review_6281,division_dfe2db74975e0aa9f6fd
review_6282,division_dfe2db74975e0aa9f6fd
review_6283,division_dfe2db74975e0aa9f6fd
review_6284,division_dfe2db74975e0aa9f6fd
review_6285,division_dfe2db74975e0aa9f6fd
review_6286,division_dfe2db74975e0aa9f6fd
review_6287,division_dfe2db74975e0aa9f6fd
review_6288,division_dfe2db74975e0aa9f6fd
review_6289,division_dfe2db74975e0aa9f6fd
review_6290,division_dfe2db74975e0aa9f6fd
review_6291,division_dfe2db74975e0aa9f6fd
review_6292,division_dfe2db74975e0aa9f6fd
review_6293,division_dfe2db74975e0aa9f6fd
review_6294,division_dfe2db74975e0aa9f6fd
review_6295,division_dfe2db74975e0aa9f6fd
review_6296,division_dfe2db74975e0aa9f6fd
review_6297,division_dfe2db74975e0aa9f6fd
review_6298,division_dfe2db74975e0aa9f6fd
review_6299,division_dfe2db74975e0aa9f6fd
review_6300,division_dfe2db74975e0aa9f6fd
review_6301,division_55b19b36aa7567f7ecbf
review_6302,division_dfe2db74975e0aa9f6fd
review_6303,division_dfe2db74975e0aa9f6fd
review_6304,division_dfe2db74975e0aa9f6fd
review_6305,division_dfe2db74975e0aa9f6fd
review_6306,division_dfe2db74975e0aa9f6fd
review_6307,division_dfe2db74975e0aa9f6fd
review_6308,division_dfe2db74975e0aa9f6fd
review_6309,division_dfe2db74975e0aa9f6fd
review_6310,division_dfe2db74975e0aa9f6fd
review_6311,division_dfe2db74975e0aa9f6fd
review_6312,division_dfe2db74975e0aa9f6fd
review_6313,division_dfe2db74975e0aa9f6fd
review_6314,division_dfe2db74975e0aa9f6fd
review_6315,division_dfe2db74975e0aa9f6fd
review_6316,division_55b19b36aa7567f7ecbf
review_6317,division_55b19b36aa7567f7ecbf
review_6318,division_dfe2db74975e0aa9f6fd
review_6319,division_55b19b36aa7567f7ecbf
review_6320,division_55b19b36aa7567f7ecbf
review_6321,division_dfe2db74975e0aa9f6fd
review_6322,division_55b19b36aa7567f7ecbf
review_6323,division_55b19b36aa7567f7ecbf
review_6324,division_55b19b36aa7567f7ecbf
review_6325,division_55b19b36aa7567f7ecbf
review_6326,division_55b19b36aa7567f7ecbf
review_6327,division_dfe2db74975e0aa9f6fd
review_6328,division_55b19b36aa7567f7ecbf
review_6329,division_55b19b36aa7567f7ecbf
review_6330,division_dfe2db74975e0aa9f6fd
review_6331,division_55b19b36aa7567f7ecbf
review_6332,division_df561e6f16d9f3e64a28
review_6333,division_dfe2db74975e0aa9f6fd
review_6334,division_55b19b36aa7567f7ecbf
review_6335,division_55b19b36aa7567f7ecbf
review_6336,division_55b19b36aa7567f7ecbf
review_6337,division_df561e6f16d9f3e64a28
review_6338,division_55b19b36aa7567f7ecbf
review_6339,division_55b19b36aa7567f7ecbf
review_6340,division_df561e6f16d9f3e64a28
review_6341,division_dfe2db74975e0aa9f6fd
review_6342,division_dfe2db74975e0aa9f6fd
review_6343,division_55b19b36aa7567f7ecbf
review_6344,division_55b19b36aa7567f7ecbf
review_6345,division_55b19b36aa7567f7ecbf
review_6346,division_55b19b36aa7567f7ecbf
review_6347,division_dfe2db74975e0aa9f6fd
review_6348,division_dfe2db74975e0aa9f6fd
review_6349,division_dfe2db74975e0aa9f6fd
review_6350,division_55b19b36aa7567f7ecbf
review_6351,division_55b19b36aa7567f7ecbf
review_6352,division_55b19b36aa7567f7ecbf
review_6353,division_dfe2db74975e0aa9f6fd
review_6354,division_55b19b36aa7567f7ecbf
review_6355,division_dfe2db74975e0aa9f6fd
review_6356,division_55b19b36aa7567f7ecbf
review_6357,division_dfe2db74975e0aa9f6fd
review_6358,division_df561e6f16d9f3e64a28
review_6359,division_dfe2db74975e0aa9f6fd
review_6360,division_dfe2db74975e0aa9f6fd
review_6361,division_dfe2db74975e0aa9f6fd
review_6362,division_55b19b36aa7567f7ecbf
review_6363,division_55b19b36aa7567f7ecbf
review_6364,division_55b19b36aa7567f7ecbf
review_6365,division_dfe2db74975e0aa9f6fd
review_6366,division_55b19b36aa7567f7ecbf
review_6367,division_dfe2db74975e0aa9f6fd
review_6368,division_dfe2db74975e0aa9f6fd
review_6369,division_dfe2db74975e0aa9f6fd
review_6370,division_55b19b36aa7567f7ecbf
review_6371,division_dfe2db74975e0aa9f6fd
review_6372,division_dfe2db74975e0aa9f6fd
review_6373,division_dfe2db74975e0aa9f6fd
review_6374,division_dfe2db74975e0aa9f6fd
review_6375,division_dfe2db74975e0aa9f6fd
review_6376,division_dfe2db74975e0aa9f6fd
review_6377,division_dfe2db74975e0aa9f6fd
review_6378,division_dfe2db74975e0aa9f6fd
review_6379,division_dfe2db74975e0aa9f6fd
review_6380,division_dfe2db74975e0aa9f6fd
review_6381,division_dfe2db74975e0aa9f6fd
review_6382,division_dfe2db74975e0aa9f6fd
review_6383,division_55b19b36aa7567f7ecbf
review_6384,division_dfe2db74975e0aa9f6fd
review_6385,division_dfe2db74975e0aa9f6fd
review_6386,division_dfe2db74975e0aa9f6fd
review_6387,division_dfe2db74975e0aa9f6fd
review_6388,division_dfe2db74975e0aa9f6fd
review_6389,division_dfe2db74975e0aa9f6fd
review_6390,division_dfe2db74975e0aa9f6fd
review_6391,division_dfe2db74975e0aa9f6fd
review_6392,division_dfe2db74975e0aa9f6fd
review_6393,division_dfe2db74975e0aa9f6fd
review_6394,division_dfe2db74975e0aa9f6fd
review_6395,division_dfe2db74975e0aa9f6fd
review_6396,division_dfe2db74975e0aa9f6fd
review_6397,division_dfe2db74975e0aa9f6fd
review_6398,division_dfe2db74975e0aa9f6fd
review_6399,division_dfe2db74975e0aa9f6fd
review_6400,division_dfe2db74975e0aa9f6fd
review_6401,division_dfe2db74975e0aa9f6fd
review_6402,division_dfe2db74975e0aa9f6fd
review_6403,division_dfe2db74975e0aa9f6fd
review_6404,division_dfe2db74975e0aa9f6fd
review_6405,division_dfe2db74975e0aa9f6fd
review_6406,division_dfe2db74975e0aa9f6fd
review_6407,division_dfe2db74975e0aa9f6fd
review_6408,division_dfe2db74975e0aa9f6fd
review_6409,division_dfe2db74975e0aa9f6fd
review_6410,division_dfe2db74975e0aa9f6fd
review_6411,division_55b19b36aa7567f7ecbf
review_6412,division_dfe2db74975e0aa9f6fd
review_6413,division_55b19b36aa7567f7ecbf
review_6414,division_dfe2db74975e0aa9f6fd
review_6415,division_55b19b36aa7567f7ecbf
review_6416,division_55b19b36aa7567f7ecbf
review_6417,division_df561e6f16d9f3e64a28
review_6418,division_dfe2db74975e0aa9f6fd
review_6419,division_55b19b36aa7567f7ecbf
review_6420,division_55b19b36aa7567f7ecbf
review_6421,division_55b19b36aa7567f7ecbf
review_6422,division_55b19b36aa7567f7ecbf
review_6423,division_55b19b36aa7567f7ecbf
review_6424,division_55b19b36aa7567f7ecbf
review_6425,division_55b19b36aa7567f7ecbf
review_6426,division_dfe2db74975e0aa9f6fd
review_6427,division_55b19b36aa7567f7ecbf
review_6428,division_55b19b36aa7567f7ecbf
review_6429,division_55b19b36aa7567f7ecbf
review_6430,division_55b19b36aa7567f7ecbf
review_6431,division_df561e6f16d9f3e64a28
review_6432,division_55b19b36aa7567f7ecbf
review_6433,division_55b19b36aa7567f7ecbf
review_6434,division_55b19b36aa7567f7ecbf
review_6435,division_dfe2db74975e0aa9f6fd
review_6436,division_55b19b36aa7567f7ecbf
review_6437,division_55b19b36aa7567f7ecbf
review_6438,division_dfe2db74975e0aa9f6fd
review_6439,division_55b19b36aa7567f7ecbf
review_6440,division_df561e6f16d9f3e64a28
review_6441,division_dfe2db74975e0aa9f6fd
review_6442,division_55b19b36aa7567f7ecbf
review_6443,division_55b19b36aa7567f7ecbf
review_6444,division_55b19b36aa7567f7ecbf
review_6445,division_df561e6f16d9f3e64a28
review_6446,division_dfe2db74975e0aa9f6fd
review_6447,division_dfe2db74975e0aa9f6fd
review_6448,division_55b19b36aa7567f7ecbf
review_6449,division_55b19b36aa7567f7ecbf
review_6450,division_dfe2db74975e0aa9f6fd
review_6451,division_55b19b36aa7567f7ecbf
review_6452,division_dfe2db74975e0aa9f6fd
review_6453,division_55b19b36aa7567f7ecbf
review_6454,division_55b19b36aa7567f7ecbf
review_6455,division_55b19b36aa7567f7ecbf
review_6456,division_55b19b36aa7567f7ecbf
review_6457,division_dfe2db74975e0aa9f6fd
review_6458,division_df561e6f16d9f3e64a28
review_6459,division_df561e6f16d9f3e64a28
review_6460,division_df561e6f16d9f3e64a28
review_6461,division_dfe2db74975e0aa9f6fd
review_6462,division_dfe2db74975e0aa9f6fd
review_6463,division_55b19b36aa7567f7ecbf
review_6464,division_df561e6f16d9f3e64a28
review_6465,division_dfe2db74975e0aa9f6fd
review_6466,division_55b19b36aa7567f7ecbf
review_6467,division_df561e6f16d9f3e64a28
review_6468,division_55b19b36aa7567f7ecbf
review_6469,division_55b19b36aa7567f7ecbf
review_6470,division_dfe2db74975e0aa9f6fd
review_6471,division_df561e6f16d9f3e64a28
review_6472,division_df561e6f16d9f3e64a28
review_6473,division_dfe2db74975e0aa9f6fd
review_6474,division_df561e6f16d9f3e64a28
review_6475,division_55b19b36aa7567f7ecbf
review_6476,division_55b19b36aa7567f7ecbf
review_6477,division_55b19b36aa7567f7ecbf
review_6478,division_df561e6f16d9f3e64a28
review_6479,division_dfe2db74975e0aa9f6fd
review_6480,division_55b19b36aa7567f7ecbf
review_6481,division_55b19b36aa7567f7ecbf
review_6482,division_df561e6f16d9f3e64a28
review_6483,division_df561e6f16d9f3e64a28
review_6484,division_dfe2db74975e0aa9f6fd
review_6485,division_dfe2db74975e0aa9f6fd
review_6486,division_dfe2db74975e0aa9f6fd
review_6487,division_dfe2db74975e0aa9f6fd
review_6488,division_dfe2db74975e0aa9f6fd
review_6489,division_55b19b36aa7567f7ecbf
review_6490,division_dfe2db74975e0aa9f6fd
review_6491,division_dfe2db74975e0aa9f6fd
review_6492,division_55b19b36aa7567f7ecbf
review_6493,division_dfe2db74975e0aa9f6fd
review_6494,division_dfe2db74975e0aa9f6fd
review_6495,division_dfe2db74975e0aa9f6fd
review_6496,division_dfe2db74975e0aa9f6fd
review_6497,division_dfe2db74975e0aa9f6fd
review_6498,division_dfe2db74975e0aa9f6fd
review_6499,division_dfe2db74975e0aa9f6fd
review_6500,division_dfe2db74975e0aa9f6fd
review_6501,division_dfe2db74975e0aa9f6fd
review_6502,division_55b19b36aa7567f7ecbf
review_6503,division_55b19b36aa7567f7ecbf
review_6504,division_dfe2db74975e0aa9f6fd
review_6505,division_dfe2db74975e0aa9f6fd
review_6506,division_55b19b36aa7567f7ecbf
review_6507,division_dfe2db74975e0aa9f6fd
review_6508,division_dfe2db74975e0aa9f6fd
review_6509,division_dfe2db74975e0aa9f6fd
review_6510,division_55b19b36aa7567f7ecbf
review_6511,division_dfe2db74975e0aa9f6fd
review_6512,division_dfe2db74975e0aa9f6fd
review_6513,division_dfe2db74975e0aa9f6fd
review_6514,division_55b19b36aa7567f7ecbf
review_6515,division_dfe2db74975e0aa9f6fd
review_6516,division_55b19b36aa7567f7ecbf
review_6517,division_dfe2db74975e0aa9f6fd
review_6518,division_dfe2db74975e0aa9f6fd
review_6519,division_55b19b36aa7567f7ecbf
review_6520,division_dfe2db74975e0aa9f6fd
review_6521,division_55b19b36aa7567f7ecbf
review_6522,division_dfe2db74975e0aa9f6fd
review_6523,division_dfe2db74975e0aa9f6fd
review_6524,division_dfe2db74975e0aa9f6fd
review_6525,division_dfe2db74975e0aa9f6fd
review_6526,division_dfe2db74975e0aa9f6fd
review_6527,division_dfe2db74975e0aa9f6fd
review_6528,division_55b19b36aa7567f7ecbf
review_6529,division_dfe2db74975e0aa9f6fd
review_6530,division_dfe2db74975e0aa9f6fd
review_6531,division_dfe2db74975e0aa9f6fd
review_6532,division_dfe2db74975e0aa9f6fd
review_6533,division_dfe2db74975e0aa9f6fd
review_6534,division_55b19b36aa7567f7ecbf
review_6535,division_dfe2db74975e0aa9f6fd
review_6536,division_dfe2db74975e0aa9f6fd
review_6537,division_dfe2db74975e0aa9f6fd
review_6538,division_dfe2db74975e0aa9f6fd
review_6539,division_55b19b36aa7567f7ecbf
review_6540,division_55b19b36aa7567f7ecbf
review_6541,division_dfe2db74975e0aa9f6fd
review_6542,division_dfe2db74975e0aa9f6fd
review_6543,division_dfe2db74975e0aa9f6fd
review_6544,division_dfe2db74975e0aa9f6fd
review_6545,division_dfe2db74975e0aa9f6fd
review_6546,division_dfe2db74975e0aa9f6fd
review_6547,division_dfe2db74975e0aa9f6fd
review_6548,division_55b19b36aa7567f7ecbf
review_6549,division_dfe2db74975e0aa9f6fd
review_6550,division_dfe2db74975e0aa9f6fd
review_6551,division_55b19b36aa7567f7ecbf
review_6552,division_dfe2db74975e0aa9f6fd
review_6553,division_dfe2db74975e0aa9f6fd
review_6554,division_dfe2db74975e0aa9f6fd
review_6555,division_dfe2db74975e0aa9f6fd
review_6556,division_dfe2db74975e0aa9f6fd
review_6557,division_dfe2db74975e0aa9f6fd
review_6558,division_55b19b36aa7567f7ecbf
review_6559,division_df561e6f16d9f3e64a28
review_6560,division_55b19b36aa7567f7ecbf
review_6561,division_dfe2db74975e0aa9f6fd
review_6562,division_55b19b36aa7567f7ecbf
review_6563,division_df561e6f16d9f3e64a28
review_6564,division_dfe2db74975e0aa9f6fd
review_6565,division_55b19b36aa7567f7ecbf
review_6566,division_55b19b36aa7567f7ecbf
review_6567,division_55b19b36aa7567f7ecbf
review_6568,division_df561e6f16d9f3e64a28
review_6569,division_55b19b36aa7567f7ecbf
review_6570,division_55b19b36aa7567f7ecbf
review_6571,division_55b19b36aa7567f7ecbf
review_6572,division_55b19b36aa7567f7ecbf
review_6573,division_55b19b36aa7567f7ecbf
review_6574,division_55b19b36aa7567f7ecbf
review_6575,division_df561e6f16d9f3e64a28
review_6576,division_df561e6f16d9f3e64a28
review_6577,division_df561e6f16d9f3e64a28
review_6578,division_55b19b36aa7567f7ecbf
review_6579,division_dfe2db74975e0aa9f6fd
review_6580,division_55b19b36aa7567f7ecbf
review_6581,division_df561e6f16d9f3e64a28
review_6582,division_55b19b36aa7567f7ecbf
review_6583,division_dfe2db74975e0aa9f6fd
review_6584,division_55b19b36aa7567f7ecbf
review_6585,division_55b19b36aa7567f7ecbf
review_6586,division_dfe2db74975e0aa9f6fd
review_6587,division_55b19b36aa7567f7ecbf
review_6588,division_55b19b36aa7567f7ecbf
review_6589,division_dfe2db74975e0aa9f6fd
review_6590,division_dfe2db74975e0aa9f6fd
review_6591,division_df561e6f16d9f3e64a28
review_6592,division_dfe2db74975e0aa9f6fd
review_6593,division_dfe2db74975e0aa9f6fd
review_6594,division_dfe2db74975e0aa9f6fd
review_6595,division_dfe2db74975e0aa9f6fd
review_6596,division_dfe2db74975e0aa9f6fd
review_6597,division_55b19b36aa7567f7ecbf
review_6598,division_dfe2db74975e0aa9f6fd
review_6599,division_55b19b36aa7567f7ecbf
review_6600,division_55b19b36aa7567f7ecbf
review_6601,division_dfe2db74975e0aa9f6fd
review_6602,division_55b19b36aa7567f7ecbf
review_6603,division_dfe2db74975e0aa9f6fd
review_6604,division_55b19b36aa7567f7ecbf
review_6605,division_df561e6f16d9f3e64a28
review_6606,division_dfe2db74975e0aa9f6fd
review_6607,division_55b19b36aa7567f7ecbf
review_6608,division_dfe2db74975e0aa9f6fd
review_6609,division_dfe2db74975e0aa9f6fd
review_6610,division_dfe2db74975e0aa9f6fd
review_6611,division_dfe2db74975e0aa9f6fd
review_6612,division_dfe2db74975e0aa9f6fd
review_6613,division_55b19b36aa7567f7ecbf
review_6614,division_55b19b36aa7567f7ecbf
review_6615,division_df561e6f16d9f3e64a28
review_6616,division_dfe2db74975e0aa9f6fd
review_6617,division_dfe2db74975e0aa9f6fd
review_6618,division_dfe2db74975e0aa9f6fd
review_6619,division_55b19b36aa7567f7ecbf
review_6620,division_dfe2db74975e0aa9f6fd
review_6621,division_55b19b36aa7567f7ecbf
review_6622,division_dfe2db74975e0aa9f6fd
review_6623,division_dfe2db74975e0aa9f6fd
review_6624,division_55b19b36aa7567f7ecbf
review_6625,division_dfe2db74975e0aa9f6fd
review_6626,division_dfe2db74975e0aa9f6fd
review_6627,division_55b19b36aa7567f7ecbf
review_6628,division_55b19b36aa7567f7ecbf
review_6629,division_dfe2db74975e0aa9f6fd
review_6630,division_dfe2db74975e0aa9f6fd
review_6631,division_dfe2db74975e0aa9f6fd
review_6632,division_55b19b36aa7567f7ecbf
review_6633,division_55b19b36aa7567f7ecbf
review_6634,division_55b19b36aa7567f7ecbf
review_6635,division_55b19b36aa7567f7ecbf
review_6636,division_55b19b36aa7567f7ecbf
review_6637,division_dfe2db74975e0aa9f6fd
review_6638,division_55b19b36aa7567f7ecbf
review_6639,division_dfe2db74975e0aa9f6fd
review_6640,division_55b19b36aa7567f7ecbf
review_6641,division_55b19b36aa7567f7ecbf
review_6642,division_55b19b36aa7567f7ecbf
review_6643,division_dfe2db74975e0aa9f6fd
review_6644,division_55b19b36aa7567f7ecbf
review_6645,division_55b19b36aa7567f7ecbf
review_6646,division_55b19b36aa7567f7ecbf
review_6647,division_55b19b36aa7567f7ecbf
review_6648,division_55b19b36aa7567f7ecbf
review_6649,division_dfe2db74975e0aa9f6fd
review_6650,division_dfe2db74975e0aa9f6fd
review_6651,division_55b19b36aa7567f7ecbf
review_6652,division_55b19b36aa7567f7ecbf
review_6653,division_55b19b36aa7567f7ecbf
review_6654,division_55b19b36aa7567f7ecbf
review_6655,division_df561e6f16d9f3e64a28
review_6656,division_55b19b36aa7567f7ecbf
review_6657,division_55b19b36aa7567f7ecbf
review_6658,division_55b19b36aa7567f7ecbf
review_6659,division_dfe2db74975e0aa9f6fd
review_6660,division_55b19b36aa7567f7ecbf
review_6661,division_55b19b36aa7567f7ecbf
review_6662,division_dfe2db74975e0aa9f6fd
review_6663,division_55b19b36aa7567f7ecbf
review_6664,division_dfe2db74975e0aa9f6fd
review_6665,division_dfe2db74975e0aa9f6fd
review_6666,division_dfe2db74975e0aa9f6fd
review_6667,division_55b19b36aa7567f7ecbf
review_6668,division_dfe2db74975e0aa9f6fd
review_6669,division_dfe2db74975e0aa9f6fd
review_6670,division_55b19b36aa7567f7ecbf
review_6671,division_55b19b36aa7567f7ecbf
review_6672,division_55b19b36aa7567f7ecbf
review_6673,division_55b19b36aa7567f7ecbf
review_6674,division_55b19b36aa7567f7ecbf
review_6675,division_dfe2db74975e0aa9f6fd
review_6676,division_dfe2db74975e0aa9f6fd
review_6677,division_dfe2db74975e0aa9f6fd
review_6678,division_dfe2db74975e0aa9f6fd
review_6679,division_df561e6f16d9f3e64a28
review_6680,division_dfe2db74975e0aa9f6fd
review_6681,division_55b19b36aa7567f7ecbf
review_6682,division_dfe2db74975e0aa9f6fd
review_6683,division_55b19b36aa7567f7ecbf
review_6684,division_dfe2db74975e0aa9f6fd
review_6685,division_dfe2db74975e0aa9f6fd
review_6686,division_dfe2db74975e0aa9f6fd
review_6687,division_dfe2db74975e0aa9f6fd
review_6688,division_dfe2db74975e0aa9f6fd
review_6689,division_dfe2db74975e0aa9f6fd
review_6690,division_55b19b36aa7567f7ecbf
review_6691,division_dfe2db74975e0aa9f6fd
review_6692,division_dfe2db74975e0aa9f6fd
review_6693,division_dfe2db74975e0aa9f6fd
review_6694,division_dfe2db74975e0aa9f6fd
review_6695,division_dfe2db74975e0aa9f6fd
review_6696,division_dfe2db74975e0aa9f6fd
review_6697,division_dfe2db74975e0aa9f6fd
review_6698,division_55b19b36aa7567f7ecbf
review_6699,division_dfe2db74975e0aa9f6fd
review_6700,division_dfe2db74975e0aa9f6fd
review_6701,division_55b19b36aa7567f7ecbf
review_6702,division_dfe2db74975e0aa9f6fd
review_6703,division_55b19b36aa7567f7ecbf
review_6704,division_dfe2db74975e0aa9f6fd
review_6705,division_dfe2db74975e0aa9f6fd
review_6706,division_dfe2db74975e0aa9f6fd
review_6707,division_dfe2db74975e0aa9f6fd
review_6708,division_dfe2db74975e0aa9f6fd
review_6709,division_dfe2db74975e0aa9f6fd
review_6710,division_55b19b36aa7567f7ecbf
review_6711,division_dfe2db74975e0aa9f6fd
review_6712,division_55b19b36aa7567f7ecbf
review_6713,division_dfe2db74975e0aa9f6fd
review_6714,division_55b19b36aa7567f7ecbf
review_6715,division_df561e6f16d9f3e64a28
review_6716,division_55b19b36aa7567f7ecbf
review_6717,division_55b19b36aa7567f7ecbf
review_6718,division_dfe2db74975e0aa9f6fd
review_6719,division_dfe2db74975e0aa9f6fd
review_6720,division_dfe2db74975e0aa9f6fd
review_6721,division_df561e6f16d9f3e64a28
review_6722,division_dfe2db74975e0aa9f6fd
review_6723,division_dfe2db74975e0aa9f6fd
review_6724,division_dfe2db74975e0aa9f6fd
review_6725,division_55b19b36aa7567f7ecbf
review_6726,division_dfe2db74975e0aa9f6fd
review_6727,division_55b19b36aa7567f7ecbf
review_6728,division_dfe2db74975e0aa9f6fd
review_6729,division_dfe2db74975e0aa9f6fd
review_6730,division_dfe2db74975e0aa9f6fd
review_6731,division_dfe2db74975e0aa9f6fd
review_6732,division_55b19b36aa7567f7ecbf
review_6733,division_dfe2db74975e0aa9f6fd
review_6734,division_dfe2db74975e0aa9f6fd
review_6735,division_dfe2db74975e0aa9f6fd
review_6736,division_dfe2db74975e0aa9f6fd
review_6737,division_dfe2db74975e0aa9f6fd
review_6738,division_dfe2db74975e0aa9f6fd
review_6739,division_dfe2db74975e0aa9f6fd
review_6740,division_dfe2db74975e0aa9f6fd
review_6741,division_dfe2db74975e0aa9f6fd
review_6742,division_dfe2db74975e0aa9f6fd
review_6743,division_55b19b36aa7567f7ecbf
review_6744,division_dfe2db74975e0aa9f6fd
review_6745,division_dfe2db74975e0aa9f6fd
review_6746,division_dfe2db74975e0aa9f6fd
review_6747,division_dfe2db74975e0aa9f6fd
review_6748,division_dfe2db74975e0aa9f6fd
review_6749,division_55b19b36aa7567f7ecbf
review_6750,division_dfe2db74975e0aa9f6fd
review_6751,division_dfe2db74975e0aa9f6fd
review_6752,division_55b19b36aa7567f7ecbf
review_6753,division_dfe2db74975e0aa9f6fd
review_6754,division_55b19b36aa7567f7ecbf
review_6755,division_dfe2db74975e0aa9f6fd
review_6756,division_55b19b36aa7567f7ecbf
review_6757,division_55b19b36aa7567f7ecbf
review_6758,division_55b19b36aa7567f7ecbf
review_6759,division_55b19b36aa7567f7ecbf
review_6760,division_55b19b36aa7567f7ecbf
review_6761,division_55b19b36aa7567f7ecbf
review_6762,division_dfe2db74975e0aa9f6fd
review_6763,division_55b19b36aa7567f7ecbf
review_6764,division_55b19b36aa7567f7ecbf
review_6765,division_55b19b36aa7567f7ecbf
review_6766,division_55b19b36aa7567f7ecbf
review_6767,division_dfe2db74975e0aa9f6fd
review_6768,division_55b19b36aa7567f7ecbf
review_6769,division_55b19b36aa7567f7ecbf
review_6770,division_55b19b36aa7567f7ecbf
review_6771,division_55b19b36aa7567f7ecbf
review_6772,division_55b19b36aa7567f7ecbf
review_6773,division_55b19b36aa7567f7ecbf
review_6774,division_dfe2db74975e0aa9f6fd
review_6775,division_55b19b36aa7567f7ecbf
review_6776,division_dfe2db74975e0aa9f6fd
review_6777,division_55b19b36aa7567f7ecbf
review_6778,division_55b19b36aa7567f7ecbf
review_6779,division_dfe2db74975e0aa9f6fd
review_6780,division_dfe2db74975e0aa9f6fd
review_6781,division_dfe2db74975e0aa9f6fd
review_6782,division_dfe2db74975e0aa9f6fd
review_6783,division_dfe2db74975e0aa9f6fd
review_6784,division_dfe2db74975e0aa9f6fd
review_6785,division_dfe2db74975e0aa9f6fd
review_6786,division_dfe2db74975e0aa9f6fd
review_6787,division_dfe2db74975e0aa9f6fd
review_6788,division_dfe2db74975e0aa9f6fd
review_6789,division_dfe2db74975e0aa9f6fd
review_6790,division_dfe2db74975e0aa9f6fd
review_6791,division_dfe2db74975e0aa9f6fd
review_6792,division_dfe2db74975e0aa9f6fd
review_6793,division_dfe2db74975e0aa9f6fd
review_6794,division_dfe2db74975e0aa9f6fd
review_6795,division_dfe2db74975e0aa9f6fd
review_6796,division_55b19b36aa7567f7ecbf
review_6797,division_dfe2db74975e0aa9f6fd
review_6798,division_dfe2db74975e0aa9f6fd
review_6799,division_dfe2db74975e0aa9f6fd
review_6800,division_dfe2db74975e0aa9f6fd
review_6801,division_dfe2db74975e0aa9f6fd
review_6802,division_dfe2db74975e0aa9f6fd
review_6803,division_dfe2db74975e0aa9f6fd
review_6804,division_df561e6f16d9f3e64a28
review_6805,division_55b19b36aa7567f7ecbf
review_6806,division_55b19b36aa7567f7ecbf
review_6807,division_55b19b36aa7567f7ecbf
review_6808,division_dfe2db74975e0aa9f6fd
review_6809,division_55b19b36aa7567f7ecbf
review_6810,division_dfe2db74975e0aa9f6fd
review_6811,division_df561e6f16d9f3e64a28
review_6812,division_dfe2db74975e0aa9f6fd
review_6813,division_55b19b36aa7567f7ecbf
review_6814,division_55b19b36aa7567f7ecbf
review_6815,division_55b19b36aa7567f7ecbf
review_6816,division_55b19b36aa7567f7ecbf
review_6817,division_dfe2db74975e0aa9f6fd
review_6818,division_dfe2db74975e0aa9f6fd
review_6819,division_dfe2db74975e0aa9f6fd
review_6820,division_df561e6f16d9f3e64a28
review_6821,division_55b19b36aa7567f7ecbf
review_6822,division_55b19b36aa7567f7ecbf
review_6823,division_55b19b36aa7567f7ecbf
review_6824,division_dfe2db74975e0aa9f6fd
review_6825,division_55b19b36aa7567f7ecbf
review_6826,division_55b19b36aa7567f7ecbf
review_6827,division_df561e6f16d9f3e64a28
review_6828,division_df561e6f16d9f3e64a28
review_6829,division_dfe2db74975e0aa9f6fd
review_6830,division_df561e6f16d9f3e64a28
review_6831,division_55b19b36aa7567f7ecbf
review_6832,division_55b19b36aa7567f7ecbf
review_6833,division_dfe2db74975e0aa9f6fd
review_6834,division_dfe2db74975e0aa9f6fd
review_6835,division_df561e6f16d9f3e64a28
review_6836,division_dfe2db74975e0aa9f6fd
review_6837,division_55b19b36aa7567f7ecbf
review_6838,division_df561e6f16d9f3e64a28
review_6839,division_55b19b36aa7567f7ecbf
review_6840,division_55b19b36aa7567f7ecbf
review_6841,division_dfe2db74975e0aa9f6fd
review_6842,division_dfe2db74975e0aa9f6fd
review_6843,division_dfe2db74975e0aa9f6fd
review_6844,division_dfe2db74975e0aa9f6fd
review_6845,division_dfe2db74975e0aa9f6fd
review_6846,division_dfe2db74975e0aa9f6fd
review_6847,division_dfe2db74975e0aa9f6fd
review_6848,division_dfe2db74975e0aa9f6fd
review_6849,division_df561e6f16d9f3e64a28
review_6850,division_df561e6f16d9f3e64a28
review_6851,division_dfe2db74975e0aa9f6fd
review_6852,division_55b19b36aa7567f7ecbf
review_6853,division_df561e6f16d9f3e64a28
review_6854,division_df561e6f16d9f3e64a28
review_6855,division_df561e6f16d9f3e64a28
review_6856,division_dfe2db74975e0aa9f6fd
review_6857,division_df561e6f16d9f3e64a28
review_6858,division_dfe2db74975e0aa9f6fd
review_6859,division_dfe2db74975e0aa9f6fd
review_6860,division_dfe2db74975e0aa9f6fd
review_6861,division_dfe2db74975e0aa9f6fd
review_6862,division_dfe2db74975e0aa9f6fd
review_6863,division_55b19b36aa7567f7ecbf
review_6864,division_df561e6f16d9f3e64a28
review_6865,division_dfe2db74975e0aa9f6fd
review_6866,division_dfe2db74975e0aa9f6fd
review_6867,division_55b19b36aa7567f7ecbf
review_6868,division_df561e6f16d9f3e64a28
review_6869,division_dfe2db74975e0aa9f6fd
review_6870,division_df561e6f16d9f3e64a28
review_6871,division_dfe2db74975e0aa9f6fd
review_6872,division_df561e6f16d9f3e64a28
review_6873,division_55b19b36aa7567f7ecbf
review_6874,division_df561e6f16d9f3e64a28
review_6875,division_55b19b36aa7567f7ecbf
review_6876,division_df561e6f16d9f3e64a28
review_6877,division_dfe2db74975e0aa9f6fd
review_6878,division_55b19b36aa7567f7ecbf
review_6879,division_55b19b36aa7567f7ecbf
review_6880,division_55b19b36aa7567f7ecbf
review_6881,division_55b19b36aa7567f7ecbf
review_6882,division_55b19b36aa7567f7ecbf
review_6883,division_df561e6f16d9f3e64a28
review_6884,division_df561e6f16d9f3e64a28
review_6885,division_55b19b36aa7567f7ecbf
review_6886,division_55b19b36aa7567f7ecbf
review_6887,division_df561e6f16d9f3e64a28
review_6888,division_dfe2db74975e0aa9f6fd
review_6889,division_df561e6f16d9f3e64a28
review_6890,division_dfe2db74975e0aa9f6fd
review_6891,division_55b19b36aa7567f7ecbf
review_6892,division_55b19b36aa7567f7ecbf
review_6893,division_dfe2db74975e0aa9f6fd
review_6894,division_df561e6f16d9f3e64a28
review_6895,division_55b19b36aa7567f7ecbf
review_6896,division_55b19b36aa7567f7ecbf
review_6897,division_dfe2db74975e0aa9f6fd
review_6898,division_df561e6f16d9f3e64a28
review_6899,division_55b19b36aa7567f7ecbf
review_6900,division_dfe2db74975e0aa9f6fd
review_6901,division_df561e6f16d9f3e64a28
review_6902,division_dfe2db74975e0aa9f6fd
review_6903,division_df561e6f16d9f3e64a28
review_6904,division_df561e6f16d9f3e64a28
review_6905,division_55b19b36aa7567f7ecbf
review_6906,division_55b19b36aa7567f7ecbf
review_6907,division_dfe2db74975e0aa9f6fd
review_6908,division_55b19b36aa7567f7ecbf
review_6909,division_df561e6f16d9f3e64a28
review_6910,division_55b19b36aa7567f7ecbf
review_6911,division_55b19b36aa7567f7ecbf
review_6912,division_df561e6f16d9f3e64a28
review_6913,division_dfe2db74975e0aa9f6fd
review_6914,division_dfe2db74975e0aa9f6fd
review_6915,division_df561e6f16d9f3e64a28
review_6916,division_55b19b36aa7567f7ecbf
review_6917,division_55b19b36aa7567f7ecbf
review_6918,division_dfe2db74975e0aa9f6fd
review_6919,division_df561e6f16d9f3e64a28
review_6920,division_55b19b36aa7567f7ecbf
review_6921,division_dfe2db74975e0aa9f6fd
review_6922,division_55b19b36aa7567f7ecbf
review_6923,division_df561e6f16d9f3e64a28
review_6924,division_dfe2db74975e0aa9f6fd
review_6925,division_df561e6f16d9f3e64a28
review_6926,division_dfe2db74975e0aa9f6fd
review_6927,division_55b19b36aa7567f7ecbf
review_6928,division_df561e6f16d9f3e64a28
review_6929,division_dfe2db74975e0aa9f6fd
review_6930,division_dfe2db74975e0aa9f6fd
review_6931,division_dfe2db74975e0aa9f6fd
review_6932,division_df561e6f16d9f3e64a28
review_6933,division_dfe2db74975e0aa9f6fd
review_6934,division_55b19b36aa7567f7ecbf
review_6935,division_dfe2db74975e0aa9f6fd
review_6936,division_55b19b36aa7567f7ecbf
review_6937,division_55b19b36aa7567f7ecbf
review_6938,division_55b19b36aa7567f7ecbf
review_6939,division_df561e6f16d9f3e64a28
review_6940,division_55b19b36aa7567f7ecbf
review_6941,division_df561e6f16d9f3e64a28
review_6942,division_dfe2db74975e0aa9f6fd
review_6943,division_55b19b36aa7567f7ecbf
review_6944,division_dfe2db74975e0aa9f6fd
review_6945,division_55b19b36aa7567f7ecbf
review_6946,division_55b19b36aa7567f7ecbf
review_6947,division_dfe2db74975e0aa9f6fd
review_6948,division_dfe2db74975e0aa9f6fd
review_6949,division_dfe2db74975e0aa9f6fd
review_6950,division_55b19b36aa7567f7ecbf
review_6951,division_55b19b36aa7567f7ecbf
review_6952,division_dfe2db74975e0aa9f6fd
review_6953,division_df561e6f16d9f3e64a28
review_6954,division_dfe2db74975e0aa9f6fd
review_6955,division_df561e6f16d9f3e64a28
review_6956,division_dfe2db74975e0aa9f6fd
review_6957,division_55b19b36aa7567f7ecbf
review_6958,division_dfe2db74975e0aa9f6fd
review_6959,division_55b19b36aa7567f7ecbf
review_6960,division_dfe2db74975e0aa9f6fd
review_6961,division_55b19b36aa7567f7ecbf
review_6962,division_55b19b36aa7567f7ecbf
review_6963,division_dfe2db74975e0aa9f6fd
review_6964,division_df561e6f16d9f3e64a28
review_6965,division_df561e6f16d9f3e64a28
review_6966,division_df561e6f16d9f3e64a28
review_6967,division_df561e6f16d9f3e64a28
review_6968,division_dfe2db74975e0aa9f6fd
review_6969,division_df561e6f16d9f3e64a28
review_6970,division_df561e6f16d9f3e64a28
review_6971,division_df561e6f16d9f3e64a28
review_6972,division_dfe2db74975e0aa9f6fd
review_6973,division_df561e6f16d9f3e64a28
review_6974,division_df561e6f16d9f3e64a28
review_6975,division_df561e6f16d9f3e64a28
review_6976,division_df561e6f16d9f3e64a28
review_6977,division_df561e6f16d9f3e64a28
review_6978,division_df561e6f16d9f3e64a28
review_6979,division_df561e6f16d9f3e64a28
review_6980,division_df561e6f16d9f3e64a28
review_6981,division_df561e6f16d9f3e64a28
review_6982,division_55b19b36aa7567f7ecbf
review_6983,division_df561e6f16d9f3e64a28
review_6984,division_df561e6f16d9f3e64a28
review_6985,division_df561e6f16d9f3e64a28
review_6986,division_df561e6f16d9f3e64a28
review_6987,division_df561e6f16d9f3e64a28
review_6988,division_df561e6f16d9f3e64a28
review_6989,division_df561e6f16d9f3e64a28
review_6990,division_dfe2db74975e0aa9f6fd
review_6991,division_df561e6f16d9f3e64a28
review_6992,division_df561e6f16d9f3e64a28
review_6993,division_df561e6f16d9f3e64a28
review_6994,division_dfe2db74975e0aa9f6fd
review_6995,division_df561e6f16d9f3e64a28
review_6996,division_df561e6f16d9f3e64a28
review_6997,division_df561e6f16d9f3e64a28
review_6998,division_dfe2db74975e0aa9f6fd
review_6999,division_55b19b36aa7567f7ecbf
review_7000,division_dfe2db74975e0aa9f6fd
review_7001,division_dfe2db74975e0aa9f6fd
review_7002,division_dfe2db74975e0aa9f6fd
review_7003,division_dfe2db74975e0aa9f6fd
review_7004,division_dfe2db74975e0aa9f6fd
review_7005,division_dfe2db74975e0aa9f6fd
review_7006,division_dfe2db74975e0aa9f6fd
review_7007,division_55b19b36aa7567f7ecbf
review_7008,division_55b19b36aa7567f7ecbf
review_7009,division_55b19b36aa7567f7ecbf
review_7010,division_dfe2db74975e0aa9f6fd
review_7011,division_55b19b36aa7567f7ecbf
review_7012,division_dfe2db74975e0aa9f6fd
review_7013,division_dfe2db74975e0aa9f6fd
review_7014,division_55b19b36aa7567f7ecbf
review_7015,division_55b19b36aa7567f7ecbf
review_7016,division_dfe2db74975e0aa9f6fd
review_7017,division_55b19b36aa7567f7ecbf
review_7018,division_55b19b36aa7567f7ecbf
review_7019,division_dfe2db74975e0aa9f6fd
review_7020,division_55b19b36aa7567f7ecbf
review_7021,division_dfe2db74975e0aa9f6fd
review_7022,division_dfe2db74975e0aa9f6fd
review_7023,division_55b19b36aa7567f7ecbf
review_7024,division_dfe2db74975e0aa9f6fd
review_7025,division_55b19b36aa7567f7ecbf
review_7026,division_55b19b36aa7567f7ecbf
review_7027,division_dfe2db74975e0aa9f6fd
review_7028,division_dfe2db74975e0aa9f6fd
review_7029,division_dfe2db74975e0aa9f6fd
review_7030,division_dfe2db74975e0aa9f6fd
review_7031,division_dfe2db74975e0aa9f6fd
review_7032,division_55b19b36aa7567f7ecbf
review_7033,division_dfe2db74975e0aa9f6fd
review_7034,division_55b19b36aa7567f7ecbf
review_7035,division_dfe2db74975e0aa9f6fd
review_7036,division_dfe2db74975e0aa9f6fd
review_7037,division_dfe2db74975e0aa9f6fd
review_7038,division_dfe2db74975e0aa9f6fd
review_7039,division_dfe2db74975e0aa9f6fd
review_7040,division_dfe2db74975e0aa9f6fd
review_7041,division_55b19b36aa7567f7ecbf
review_7042,division_dfe2db74975e0aa9f6fd
review_7043,division_dfe2db74975e0aa9f6fd
review_7044,division_dfe2db74975e0aa9f6fd
review_7045,division_55b19b36aa7567f7ecbf
review_7046,division_dfe2db74975e0aa9f6fd
review_7047,division_dfe2db74975e0aa9f6fd
review_7048,division_dfe2db74975e0aa9f6fd
review_7049,division_dfe2db74975e0aa9f6fd
review_7050,division_55b19b36aa7567f7ecbf
review_7051,division_dfe2db74975e0aa9f6fd
review_7052,division_dfe2db74975e0aa9f6fd
review_7053,division_df561e6f16d9f3e64a28
review_7054,division_dfe2db74975e0aa9f6fd
review_7055,division_dfe2db74975e0aa9f6fd
review_7056,division_dfe2db74975e0aa9f6fd
review_7057,division_dfe2db74975e0aa9f6fd
review_7058,division_dfe2db74975e0aa9f6fd
review_7059,division_dfe2db74975e0aa9f6fd
review_7060,division_dfe2db74975e0aa9f6fd
review_7061,division_df561e6f16d9f3e64a28
review_7062,division_dfe2db74975e0aa9f6fd
review_7063,division_dfe2db74975e0aa9f6fd
review_7064,division_55b19b36aa7567f7ecbf
review_7065,division_dfe2db74975e0aa9f6fd
review_7066,division_dfe2db74975e0aa9f6fd
review_7067,division_dfe2db74975e0aa9f6fd
review_7068,division_55b19b36aa7567f7ecbf
review_7069,division_dfe2db74975e0aa9f6fd
review_7070,division_55b19b36aa7567f7ecbf
review_7071,division_dfe2db74975e0aa9f6fd
review_7072,division_55b19b36aa7567f7ecbf
review_7073,division_dfe2db74975e0aa9f6fd
review_7074,division_dfe2db74975e0aa9f6fd
review_7075,division_55b19b36aa7567f7ecbf
review_7076,division_55b19b36aa7567f7ecbf
review_7077,division_55b19b36aa7567f7ecbf
review_7078,division_55b19b36aa7567f7ecbf
review_7079,division_dfe2db74975e0aa9f6fd
review_7080,division_df561e6f16d9f3e64a28
review_7081,division_55b19b36aa7567f7ecbf
review_7082,division_dfe2db74975e0aa9f6fd
review_7083,division_55b19b36aa7567f7ecbf
review_7084,division_55b19b36aa7567f7ecbf
review_7085,division_55b19b36aa7567f7ecbf
review_7086,division_dfe2db74975e0aa9f6fd
review_7087,division_dfe2db74975e0aa9f6fd
review_7088,division_55b19b36aa7567f7ecbf
review_7089,division_55b19b36aa7567f7ecbf
review_7090,division_55b19b36aa7567f7ecbf
review_7091,division_55b19b36aa7567f7ecbf
review_7092,division_dfe2db74975e0aa9f6fd
review_7093,division_55b19b36aa7567f7ecbf
review_7094,division_55b19b36aa7567f7ecbf
review_7095,division_dfe2db74975e0aa9f6fd
review_7096,division_dfe2db74975e0aa9f6fd
review_7097,division_55b19b36aa7567f7ecbf
review_7098,division_dfe2db74975e0aa9f6fd
review_7099,division_55b19b36aa7567f7ecbf
review_7100,division_55b19b36aa7567f7ecbf
review_7101,division_dfe2db74975e0aa9f6fd
review_7102,division_55b19b36aa7567f7ecbf
review_7103,division_55b19b36aa7567f7ecbf
review_7104,division_df561e6f16d9f3e64a28
review_7105,division_dfe2db74975e0aa9f6fd
review_7106,division_df561e6f16d9f3e64a28
review_7107,division_dfe2db74975e0aa9f6fd
review_7108,division_55b19b36aa7567f7ecbf
review_7109,division_dfe2db74975e0aa9f6fd
review_7110,division_55b19b36aa7567f7ecbf
review_7111,division_dfe2db74975e0aa9f6fd
review_7112,division_55b19b36aa7567f7ecbf
review_7113,division_55b19b36aa7567f7ecbf
review_7114,division_55b19b36aa7567f7ecbf
review_7115,division_55b19b36aa7567f7ecbf
review_7116,division_55b19b36aa7567f7ecbf
review_7117,division_dfe2db74975e0aa9f6fd
review_7118,division_55b19b36aa7567f7ecbf
review_7119,division_55b19b36aa7567f7ecbf
review_7120,division_55b19b36aa7567f7ecbf
review_7121,division_55b19b36aa7567f7ecbf
review_7122,division_df561e6f16d9f3e64a28
review_7123,division_55b19b36aa7567f7ecbf
review_7124,division_55b19b36aa7567f7ecbf
review_7125,division_55b19b36aa7567f7ecbf
review_7126,division_dfe2db74975e0aa9f6fd
review_7127,division_dfe2db74975e0aa9f6fd
review_7128,division_55b19b36aa7567f7ecbf
review_7129,division_dfe2db74975e0aa9f6fd
review_7130,division_55b19b36aa7567f7ecbf
review_7131,division_55b19b36aa7567f7ecbf
review_7132,division_55b19b36aa7567f7ecbf
review_7133,division_dfe2db74975e0aa9f6fd
review_7134,division_55b19b36aa7567f7ecbf
review_7135,division_55b19b36aa7567f7ecbf
review_7136,division_55b19b36aa7567f7ecbf
review_7137,division_dfe2db74975e0aa9f6fd
review_7138,division_dfe2db74975e0aa9f6fd
review_7139,division_dfe2db74975e0aa9f6fd
review_7140,division_dfe2db74975e0aa9f6fd
review_7141,division_dfe2db74975e0aa9f6fd
review_7142,division_dfe2db74975e0aa9f6fd
review_7143,division_dfe2db74975e0aa9f6fd
review_7144,division_dfe2db74975e0aa9f6fd
review_7145,division_dfe2db74975e0aa9f6fd
review_7146,division_dfe2db74975e0aa9f6fd
review_7147,division_55b19b36aa7567f7ecbf
review_7148,division_dfe2db74975e0aa9f6fd
review_7149,division_dfe2db74975e0aa9f6fd
review_7150,division_dfe2db74975e0aa9f6fd
review_7151,division_dfe2db74975e0aa9f6fd
review_7152,division_dfe2db74975e0aa9f6fd
review_7153,division_dfe2db74975e0aa9f6fd
review_7154,division_dfe2db74975e0aa9f6fd
review_7155,division_55b19b36aa7567f7ecbf
review_7156,division_55b19b36aa7567f7ecbf
review_7157,division_dfe2db74975e0aa9f6fd
review_7158,division_dfe2db74975e0aa9f6fd
review_7159,division_55b19b36aa7567f7ecbf
review_7160,division_dfe2db74975e0aa9f6fd
review_7161,division_dfe2db74975e0aa9f6fd
review_7162,division_dfe2db74975e0aa9f6fd
review_7163,division_dfe2db74975e0aa9f6fd
review_7164,division_dfe2db74975e0aa9f6fd
review_7165,division_55b19b36aa7567f7ecbf
review_7166,division_55b19b36aa7567f7ecbf
review_7167,division_dfe2db74975e0aa9f6fd
review_7168,division_dfe2db74975e0aa9f6fd
review_7169,division_55b19b36aa7567f7ecbf
review_7170,division_55b19b36aa7567f7ecbf
review_7171,division_dfe2db74975e0aa9f6fd
review_7172,division_55b19b36aa7567f7ecbf
review_7173,division_dfe2db74975e0aa9f6fd
review_7174,division_dfe2db74975e0aa9f6fd
review_7175,division_dfe2db74975e0aa9f6fd
review_7176,division_dfe2db74975e0aa9f6fd
review_7177,division_dfe2db74975e0aa9f6fd
review_7178,division_df561e6f16d9f3e64a28
review_7179,division_55b19b36aa7567f7ecbf
review_7180,division_55b19b36aa7567f7ecbf
review_7181,division_dfe2db74975e0aa9f6fd
review_7182,division_55b19b36aa7567f7ecbf
review_7183,division_dfe2db74975e0aa9f6fd
review_7184,division_55b19b36aa7567f7ecbf
review_7185,division_dfe2db74975e0aa9f6fd
review_7186,division_dfe2db74975e0aa9f6fd
review_7187,division_dfe2db74975e0aa9f6fd
review_7188,division_dfe2db74975e0aa9f6fd
review_7189,division_55b19b36aa7567f7ecbf
review_7190,division_55b19b36aa7567f7ecbf
review_7191,division_dfe2db74975e0aa9f6fd
review_7192,division_55b19b36aa7567f7ecbf
review_7193,division_55b19b36aa7567f7ecbf
review_7194,division_55b19b36aa7567f7ecbf
review_7195,division_dfe2db74975e0aa9f6fd
review_7196,division_dfe2db74975e0aa9f6fd
review_7197,division_dfe2db74975e0aa9f6fd
review_7198,division_dfe2db74975e0aa9f6fd
review_7199,division_55b19b36aa7567f7ecbf
review_7200,division_dfe2db74975e0aa9f6fd
review_7201,division_55b19b36aa7567f7ecbf
review_7202,division_df561e6f16d9f3e64a28
review_7203,division_dfe2db74975e0aa9f6fd
review_7204,division_55b19b36aa7567f7ecbf
review_7205,division_dfe2db74975e0aa9f6fd
review_7206,division_dfe2db74975e0aa9f6fd
review_7207,division_dfe2db74975e0aa9f6fd
review_7208,division_dfe2db74975e0aa9f6fd
review_7209,division_55b19b36aa7567f7ecbf
review_7210,division_dfe2db74975e0aa9f6fd
review_7211,division_55b19b36aa7567f7ecbf
review_7212,division_55b19b36aa7567f7ecbf
review_7213,division_dfe2db74975e0aa9f6fd
review_7214,division_dfe2db74975e0aa9f6fd
review_7215,division_55b19b36aa7567f7ecbf
review_7216,division_55b19b36aa7567f7ecbf
review_7217,division_dfe2db74975e0aa9f6fd
review_7218,division_dfe2db74975e0aa9f6fd
review_7219,division_dfe2db74975e0aa9f6fd
review_7220,division_55b19b36aa7567f7ecbf
review_7221,division_dfe2db74975e0aa9f6fd
review_7222,division_dfe2db74975e0aa9f6fd
review_7223,division_dfe2db74975e0aa9f6fd
review_7224,division_55b19b36aa7567f7ecbf
review_7225,division_dfe2db74975e0aa9f6fd
review_7226,division_55b19b36aa7567f7ecbf
review_7227,division_dfe2db74975e0aa9f6fd
review_7228,division_55b19b36aa7567f7ecbf
review_7229,division_dfe2db74975e0aa9f6fd
review_7230,division_dfe2db74975e0aa9f6fd
review_7231,division_df561e6f16d9f3e64a28
review_7232,division_55b19b36aa7567f7ecbf
review_7233,division_dfe2db74975e0aa9f6fd
review_7234,division_dfe2db74975e0aa9f6fd
review_7235,division_dfe2db74975e0aa9f6fd
review_7236,division_dfe2db74975e0aa9f6fd
review_7237,division_55b19b36aa7567f7ecbf
review_7238,division_dfe2db74975e0aa9f6fd
review_7239,division_55b19b36aa7567f7ecbf
review_7240,division_dfe2db74975e0aa9f6fd
review_7241,division_dfe2db74975e0aa9f6fd
review_7242,division_55b19b36aa7567f7ecbf
review_7243,division_dfe2db74975e0aa9f6fd
review_7244,division_df561e6f16d9f3e64a28
review_7245,division_dfe2db74975e0aa9f6fd
review_7246,division_55b19b36aa7567f7ecbf
review_7247,division_55b19b36aa7567f7ecbf
review_7248,division_df561e6f16d9f3e64a28
review_7249,division_dfe2db74975e0aa9f6fd
review_7250,division_55b19b36aa7567f7ecbf
review_7251,division_dfe2db74975e0aa9f6fd
review_7252,division_dfe2db74975e0aa9f6fd
review_7253,division_dfe2db74975e0aa9f6fd
review_7254,division_df561e6f16d9f3e64a28
review_7255,division_55b19b36aa7567f7ecbf
review_7256,division_dfe2db74975e0aa9f6fd
review_7257,division_dfe2db74975e0aa9f6fd
review_7258,division_55b19b36aa7567f7ecbf
review_7259,division_dfe2db74975e0aa9f6fd
review_7260,division_55b19b36aa7567f7ecbf
review_7261,division_df561e6f16d9f3e64a28
review_7262,division_dfe2db74975e0aa9f6fd
review_7263,division_dfe2db74975e0aa9f6fd
review_7264,division_dfe2db74975e0aa9f6fd
review_7265,division_dfe2db74975e0aa9f6fd
review_7266,division_dfe2db74975e0aa9f6fd
review_7267,division_55b19b36aa7567f7ecbf
review_7268,division_dfe2db74975e0aa9f6fd
review_7269,division_dfe2db74975e0aa9f6fd
review_7270,division_55b19b36aa7567f7ecbf
review_7271,division_55b19b36aa7567f7ecbf
review_7272,division_dfe2db74975e0aa9f6fd
review_7273,division_55b19b36aa7567f7ecbf
review_7274,division_55b19b36aa7567f7ecbf
review_7275,division_55b19b36aa7567f7ecbf
review_7276,division_dfe2db74975e0aa9f6fd
review_7277,division_dfe2db74975e0aa9f6fd
review_7278,division_dfe2db74975e0aa9f6fd
review_7279,division_dfe2db74975e0aa9f6fd
review_7280,division_dfe2db74975e0aa9f6fd
review_7281,division_dfe2db74975e0aa9f6fd
review_7282,division_dfe2db74975e0aa9f6fd
review_7283,division_dfe2db74975e0aa9f6fd
review_7284,division_dfe2db74975e0aa9f6fd
review_7285,division_dfe2db74975e0aa9f6fd
review_7286,division_55b19b36aa7567f7ecbf
review_7287,division_dfe2db74975e0aa9f6fd
review_7288,division_55b19b36aa7567f7ecbf
review_7289,division_dfe2db74975e0aa9f6fd
review_7290,division_df561e6f16d9f3e64a28
review_7291,division_dfe2db74975e0aa9f6fd
review_7292,division_dfe2db74975e0aa9f6fd
review_7293,division_dfe2db74975e0aa9f6fd
review_7294,division_dfe2db74975e0aa9f6fd
review_7295,division_dfe2db74975e0aa9f6fd
review_7296,division_dfe2db74975e0aa9f6fd
review_7297,division_dfe2db74975e0aa9f6fd
review_7298,division_dfe2db74975e0aa9f6fd
review_7299,division_dfe2db74975e0aa9f6fd
review_7300,division_dfe2db74975e0aa9f6fd
review_7301,division_dfe2db74975e0aa9f6fd
review_7302,division_dfe2db74975e0aa9f6fd
review_7303,division_dfe2db74975e0aa9f6fd
review_7304,division_dfe2db74975e0aa9f6fd
review_7305,division_dfe2db74975e0aa9f6fd
review_7306,division_dfe2db74975e0aa9f6fd
review_7307,division_dfe2db74975e0aa9f6fd
review_7308,division_dfe2db74975e0aa9f6fd
review_7309,division_dfe2db74975e0aa9f6fd
review_7310,division_dfe2db74975e0aa9f6fd
review_7311,division_dfe2db74975e0aa9f6fd
review_7312,division_dfe2db74975e0aa9f6fd
review_7313,division_55b19b36aa7567f7ecbf
review_7314,division_df561e6f16d9f3e64a28
review_7315,division_dfe2db74975e0aa9f6fd
review_7316,division_dfe2db74975e0aa9f6fd
review_7317,division_dfe2db74975e0aa9f6fd
review_7318,division_55b19b36aa7567f7ecbf
review_7319,division_dfe2db74975e0aa9f6fd
review_7320,division_dfe2db74975e0aa9f6fd
review_7321,division_55b19b36aa7567f7ecbf
review_7322,division_dfe2db74975e0aa9f6fd
review_7323,division_df561e6f16d9f3e64a28
review_7324,division_df561e6f16d9f3e64a28
review_7325,division_dfe2db74975e0aa9f6fd
review_7326,division_dfe2db74975e0aa9f6fd
review_7327,division_dfe2db74975e0aa9f6fd
review_7328,division_dfe2db74975e0aa9f6fd
review_7329,division_55b19b36aa7567f7ecbf
review_7330,division_55b19b36aa7567f7ecbf
review_7331,division_dfe2db74975e0aa9f6fd
review_7332,division_55b19b36aa7567f7ecbf
review_7333,division_55b19b36aa7567f7ecbf
review_7334,division_dfe2db74975e0aa9f6fd
review_7335,division_55b19b36aa7567f7ecbf
review_7336,division_55b19b36aa7567f7ecbf
review_7337,division_55b19b36aa7567f7ecbf
review_7338,division_55b19b36aa7567f7ecbf
review_7339,division_55b19b36aa7567f7ecbf
review_7340,division_dfe2db74975e0aa9f6fd
review_7341,division_55b19b36aa7567f7ecbf
review_7342,division_55b19b36aa7567f7ecbf
review_7343,division_dfe2db74975e0aa9f6fd
review_7344,division_55b19b36aa7567f7ecbf
review_7345,division_dfe2db74975e0aa9f6fd
review_7346,division_dfe2db74975e0aa9f6fd
review_7347,division_dfe2db74975e0aa9f6fd
review_7348,division_dfe2db74975e0aa9f6fd
review_7349,division_dfe2db74975e0aa9f6fd
review_7350,division_dfe2db74975e0aa9f6fd
review_7351,division_dfe2db74975e0aa9f6fd
review_7352,division_55b19b36aa7567f7ecbf
review_7353,division_55b19b36aa7567f7ecbf
review_7354,division_55b19b36aa7567f7ecbf
review_7355,division_55b19b36aa7567f7ecbf
review_7356,division_55b19b36aa7567f7ecbf
review_7357,division_55b19b36aa7567f7ecbf
review_7358,division_55b19b36aa7567f7ecbf
review_7359,division_55b19b36aa7567f7ecbf
review_7360,division_55b19b36aa7567f7ecbf
review_7361,division_55b19b36aa7567f7ecbf
review_7362,division_55b19b36aa7567f7ecbf
review_7363,division_dfe2db74975e0aa9f6fd
review_7364,division_55b19b36aa7567f7ecbf
review_7365,division_df561e6f16d9f3e64a28
review_7366,division_dfe2db74975e0aa9f6fd
review_7367,division_dfe2db74975e0aa9f6fd
review_7368,division_55b19b36aa7567f7ecbf
review_7369,division_df561e6f16d9f3e64a28
review_7370,division_dfe2db74975e0aa9f6fd
review_7371,division_55b19b36aa7567f7ecbf
review_7372,division_55b19b36aa7567f7ecbf
review_7373,division_55b19b36aa7567f7ecbf
review_7374,division_dfe2db74975e0aa9f6fd
review_7375,division_dfe2db74975e0aa9f6fd
review_7376,division_55b19b36aa7567f7ecbf
review_7377,division_dfe2db74975e0aa9f6fd
review_7378,division_55b19b36aa7567f7ecbf
review_7379,division_df561e6f16d9f3e64a28
review_7380,division_55b19b36aa7567f7ecbf
review_7381,division_55b19b36aa7567f7ecbf
review_7382,division_55b19b36aa7567f7ecbf
review_7383,division_dfe2db74975e0aa9f6fd
review_7384,division_dfe2db74975e0aa9f6fd
review_7385,division_dfe2db74975e0aa9f6fd
review_7386,division_dfe2db74975e0aa9f6fd
review_7387,division_df561e6f16d9f3e64a28
review_7388,division_55b19b36aa7567f7ecbf
review_7389,division_dfe2db74975e0aa9f6fd
review_7390,division_df561e6f16d9f3e64a28
review_7391,division_df561e6f16d9f3e64a28
review_7392,division_55b19b36aa7567f7ecbf
review_7393,division_55b19b36aa7567f7ecbf
review_7394,division_dfe2db74975e0aa9f6fd
review_7395,division_55b19b36aa7567f7ecbf
review_7396,division_dfe2db74975e0aa9f6fd
review_7397,division_55b19b36aa7567f7ecbf
review_7398,division_55b19b36aa7567f7ecbf
review_7399,division_dfe2db74975e0aa9f6fd
review_7400,division_dfe2db74975e0aa9f6fd
review_7401,division_dfe2db74975e0aa9f6fd
review_7402,division_55b19b36aa7567f7ecbf
review_7403,division_55b19b36aa7567f7ecbf
review_7404,division_dfe2db74975e0aa9f6fd
review_7405,division_55b19b36aa7567f7ecbf
review_7406,division_55b19b36aa7567f7ecbf
review_7407,division_55b19b36aa7567f7ecbf
review_7408,division_55b19b36aa7567f7ecbf
review_7409,division_dfe2db74975e0aa9f6fd
review_7410,division_55b19b36aa7567f7ecbf
review_7411,division_55b19b36aa7567f7ecbf
review_7412,division_55b19b36aa7567f7ecbf
review_7413,division_df561e6f16d9f3e64a28
review_7414,division_dfe2db74975e0aa9f6fd
review_7415,division_55b19b36aa7567f7ecbf
review_7416,division_dfe2db74975e0aa9f6fd
review_7417,division_df561e6f16d9f3e64a28
review_7418,division_55b19b36aa7567f7ecbf
review_7419,division_55b19b36aa7567f7ecbf
review_7420,division_dfe2db74975e0aa9f6fd
review_7421,division_dfe2db74975e0aa9f6fd
review_7422,division_55b19b36aa7567f7ecbf
review_7423,division_dfe2db74975e0aa9f6fd
review_7424,division_55b19b36aa7567f7ecbf
review_7425,division_55b19b36aa7567f7ecbf
review_7426,division_55b19b36aa7567f7ecbf
review_7427,division_55b19b36aa7567f7ecbf
review_7428,division_dfe2db74975e0aa9f6fd
review_7429,division_dfe2db74975e0aa9f6fd
review_7430,division_55b19b36aa7567f7ecbf
review_7431,division_df561e6f16d9f3e64a28
review_7432,division_dfe2db74975e0aa9f6fd
review_7433,division_55b19b36aa7567f7ecbf
review_7434,division_dfe2db74975e0aa9f6fd
review_7435,division_dfe2db74975e0aa9f6fd
review_7436,division_df561e6f16d9f3e64a28
review_7437,division_dfe2db74975e0aa9f6fd
review_7438,division_dfe2db74975e0aa9f6fd
review_7439,division_55b19b36aa7567f7ecbf
review_7440,division_dfe2db74975e0aa9f6fd
review_7441,division_df561e6f16d9f3e64a28
review_7442,division_dfe2db74975e0aa9f6fd
review_7443,division_dfe2db74975e0aa9f6fd
review_7444,division_dfe2db74975e0aa9f6fd
review_7445,division_dfe2db74975e0aa9f6fd
review_7446,division_55b19b36aa7567f7ecbf
review_7447,division_dfe2db74975e0aa9f6fd
review_7448,division_55b19b36aa7567f7ecbf
review_7449,division_df561e6f16d9f3e64a28
review_7450,division_55b19b36aa7567f7ecbf
review_7451,division_55b19b36aa7567f7ecbf
review_7452,division_dfe2db74975e0aa9f6fd
review_7453,division_dfe2db74975e0aa9f6fd
review_7454,division_df561e6f16d9f3e64a28
review_7455,division_55b19b36aa7567f7ecbf
review_7456,division_55b19b36aa7567f7ecbf
review_7457,division_55b19b36aa7567f7ecbf
review_7458,division_55b19b36aa7567f7ecbf
review_7459,division_dfe2db74975e0aa9f6fd
review_7460,division_55b19b36aa7567f7ecbf
review_7461,division_dfe2db74975e0aa9f6fd
review_7462,division_55b19b36aa7567f7ecbf
review_7463,division_df561e6f16d9f3e64a28
review_7464,division_55b19b36aa7567f7ecbf
review_7465,division_55b19b36aa7567f7ecbf
review_7466,division_dfe2db74975e0aa9f6fd
review_7467,division_dfe2db74975e0aa9f6fd
review_7468,division_dfe2db74975e0aa9f6fd
review_7469,division_dfe2db74975e0aa9f6fd
review_7470,division_55b19b36aa7567f7ecbf
review_7471,division_55b19b36aa7567f7ecbf
review_7472,division_dfe2db74975e0aa9f6fd
review_7473,division_df561e6f16d9f3e64a28
review_7474,division_dfe2db74975e0aa9f6fd
review_7475,division_df561e6f16d9f3e64a28
review_7476,division_dfe2db74975e0aa9f6fd
review_7477,division_dfe2db74975e0aa9f6fd
review_7478,division_dfe2db74975e0aa9f6fd
review_7479,division_df561e6f16d9f3e64a28
review_7480,division_dfe2db74975e0aa9f6fd
review_7481,division_55b19b36aa7567f7ecbf
review_7482,division_dfe2db74975e0aa9f6fd
review_7483,division_dfe2db74975e0aa9f6fd
review_7484,division_df561e6f16d9f3e64a28
review_7485,division_55b19b36aa7567f7ecbf
review_7486,division_df561e6f16d9f3e64a28
review_7487,division_df561e6f16d9f3e64a28
review_7488,division_55b19b36aa7567f7ecbf
review_7489,division_dfe2db74975e0aa9f6fd
review_7490,division_dfe2db74975e0aa9f6fd
review_7491,division_dfe2db74975e0aa9f6fd
review_7492,division_dfe2db74975e0aa9f6fd
review_7493,division_55b19b36aa7567f7ecbf
review_7494,division_dfe2db74975e0aa9f6fd
review_7495,division_dfe2db74975e0aa9f6fd
review_7496,division_dfe2db74975e0aa9f6fd
review_7497,division_dfe2db74975e0aa9f6fd
review_7498,division_dfe2db74975e0aa9f6fd
review_7499,division_55b19b36aa7567f7ecbf
review_7500,division_dfe2db74975e0aa9f6fd
review_7501,division_55b19b36aa7567f7ecbf
review_7502,division_dfe2db74975e0aa9f6fd
review_7503,division_dfe2db74975e0aa9f6fd
review_7504,division_dfe2db74975e0aa9f6fd
review_7505,division_df561e6f16d9f3e64a28
review_7506,division_dfe2db74975e0aa9f6fd
review_7507,division_dfe2db74975e0aa9f6fd
review_7508,division_dfe2db74975e0aa9f6fd
review_7509,division_dfe2db74975e0aa9f6fd
review_7510,division_dfe2db74975e0aa9f6fd
review_7511,division_dfe2db74975e0aa9f6fd
review_7512,division_dfe2db74975e0aa9f6fd
review_7513,division_dfe2db74975e0aa9f6fd
review_7514,division_dfe2db74975e0aa9f6fd
review_7515,division_dfe2db74975e0aa9f6fd
review_7516,division_dfe2db74975e0aa9f6fd
review_7517,division_df561e6f16d9f3e64a28
review_7518,division_dfe2db74975e0aa9f6fd
review_7519,division_55b19b36aa7567f7ecbf
review_7520,division_dfe2db74975e0aa9f6fd
review_7521,division_55b19b36aa7567f7ecbf
review_7522,division_dfe2db74975e0aa9f6fd
review_7523,division_55b19b36aa7567f7ecbf
review_7524,division_55b19b36aa7567f7ecbf
review_7525,division_dfe2db74975e0aa9f6fd
review_7526,division_55b19b36aa7567f7ecbf
review_7527,division_55b19b36aa7567f7ecbf
review_7528,division_dfe2db74975e0aa9f6fd
review_7529,division_55b19b36aa7567f7ecbf
review_7530,division_55b19b36aa7567f7ecbf
review_7531,division_dfe2db74975e0aa9f6fd
review_7532,division_dfe2db74975e0aa9f6fd
review_7533,division_55b19b36aa7567f7ecbf
review_7534,division_dfe2db74975e0aa9f6fd
review_7535,division_55b19b36aa7567f7ecbf
review_7536,division_55b19b36aa7567f7ecbf
review_7537,division_dfe2db74975e0aa9f6fd
review_7538,division_dfe2db74975e0aa9f6fd
review_7539,division_dfe2db74975e0aa9f6fd
review_7540,division_dfe2db74975e0aa9f6fd
review_7541,division_dfe2db74975e0aa9f6fd
review_7542,division_dfe2db74975e0aa9f6fd
review_7543,division_55b19b36aa7567f7ecbf
review_7544,division_dfe2db74975e0aa9f6fd
review_7545,division_55b19b36aa7567f7ecbf
review_7546,division_dfe2db74975e0aa9f6fd
review_7547,division_df561e6f16d9f3e64a28
review_7548,division_dfe2db74975e0aa9f6fd
review_7549,division_dfe2db74975e0aa9f6fd
review_7550,division_dfe2db74975e0aa9f6fd
review_7551,division_dfe2db74975e0aa9f6fd
review_7552,division_dfe2db74975e0aa9f6fd
review_7553,division_dfe2db74975e0aa9f6fd
review_7554,division_55b19b36aa7567f7ecbf
review_7555,division_55b19b36aa7567f7ecbf
review_7556,division_dfe2db74975e0aa9f6fd
review_7557,division_dfe2db74975e0aa9f6fd
review_7558,division_dfe2db74975e0aa9f6fd
review_7559,division_dfe2db74975e0aa9f6fd
review_7560,division_55b19b36aa7567f7ecbf
review_7561,division_dfe2db74975e0aa9f6fd
review_7562,division_dfe2db74975e0aa9f6fd
review_7563,division_df561e6f16d9f3e64a28
review_7564,division_dfe2db74975e0aa9f6fd
review_7565,division_dfe2db74975e0aa9f6fd
review_7566,division_dfe2db74975e0aa9f6fd
review_7567,division_dfe2db74975e0aa9f6fd
review_7568,division_dfe2db74975e0aa9f6fd
review_7569,division_dfe2db74975e0aa9f6fd
review_7570,division_dfe2db74975e0aa9f6fd
review_7571,division_dfe2db74975e0aa9f6fd
review_7572,division_55b19b36aa7567f7ecbf
review_7573,division_dfe2db74975e0aa9f6fd
review_7574,division_dfe2db74975e0aa9f6fd
review_7575,division_55b19b36aa7567f7ecbf
review_7576,division_dfe2db74975e0aa9f6fd
review_7577,division_dfe2db74975e0aa9f6fd
review_7578,division_dfe2db74975e0aa9f6fd
review_7579,division_dfe2db74975e0aa9f6fd
review_7580,division_55b19b36aa7567f7ecbf
review_7581,division_dfe2db74975e0aa9f6fd
review_7582,division_dfe2db74975e0aa9f6fd
review_7583,division_dfe2db74975e0aa9f6fd
review_7584,division_55b19b36aa7567f7ecbf
review_7585,division_dfe2db74975e0aa9f6fd
review_7586,division_dfe2db74975e0aa9f6fd
review_7587,division_dfe2db74975e0aa9f6fd
review_7588,division_dfe2db74975e0aa9f6fd
review_7589,division_dfe2db74975e0aa9f6fd
review_7590,division_dfe2db74975e0aa9f6fd
review_7591,division_55b19b36aa7567f7ecbf
review_7592,division_55b19b36aa7567f7ecbf
review_7593,division_dfe2db74975e0aa9f6fd
review_7594,division_dfe2db74975e0aa9f6fd
review_7595,division_dfe2db74975e0aa9f6fd
review_7596,division_dfe2db74975e0aa9f6fd
review_7597,division_dfe2db74975e0aa9f6fd
review_7598,division_dfe2db74975e0aa9f6fd
review_7599,division_55b19b36aa7567f7ecbf
review_7600,division_dfe2db74975e0aa9f6fd
review_7601,division_dfe2db74975e0aa9f6fd
review_7602,division_dfe2db74975e0aa9f6fd
review_7603,division_55b19b36aa7567f7ecbf
review_7604,division_dfe2db74975e0aa9f6fd
review_7605,division_dfe2db74975e0aa9f6fd
review_7606,division_dfe2db74975e0aa9f6fd
review_7607,division_dfe2db74975e0aa9f6fd
review_7608,division_dfe2db74975e0aa9f6fd
review_7609,division_55b19b36aa7567f7ecbf
review_7610,division_dfe2db74975e0aa9f6fd
review_7611,division_dfe2db74975e0aa9f6fd
review_7612,division_55b19b36aa7567f7ecbf
review_7613,division_55b19b36aa7567f7ecbf
review_7614,division_dfe2db74975e0aa9f6fd
review_7615,division_dfe2db74975e0aa9f6fd
review_7616,division_dfe2db74975e0aa9f6fd
review_7617,division_dfe2db74975e0aa9f6fd
review_7618,division_55b19b36aa7567f7ecbf
review_7619,division_55b19b36aa7567f7ecbf
review_7620,division_dfe2db74975e0aa9f6fd
review_7621,division_dfe2db74975e0aa9f6fd
review_7622,division_dfe2db74975e0aa9f6fd
review_7623,division_dfe2db74975e0aa9f6fd
review_7624,division_dfe2db74975e0aa9f6fd
review_7625,division_dfe2db74975e0aa9f6fd
review_7626,division_dfe2db74975e0aa9f6fd
review_7627,division_dfe2db74975e0aa9f6fd
review_7628,division_dfe2db74975e0aa9f6fd
review_7629,division_dfe2db74975e0aa9f6fd
review_7630,division_dfe2db74975e0aa9f6fd
review_7631,division_dfe2db74975e0aa9f6fd
review_7632,division_dfe2db74975e0aa9f6fd
review_7633,division_55b19b36aa7567f7ecbf
review_7634,division_dfe2db74975e0aa9f6fd
review_7635,division_55b19b36aa7567f7ecbf
review_7636,division_df561e6f16d9f3e64a28
review_7637,division_55b19b36aa7567f7ecbf
review_7638,division_dfe2db74975e0aa9f6fd
review_7639,division_df561e6f16d9f3e64a28
review_7640,division_dfe2db74975e0aa9f6fd
review_7641,division_55b19b36aa7567f7ecbf
review_7642,division_55b19b36aa7567f7ecbf
review_7643,division_df561e6f16d9f3e64a28
review_7644,division_dfe2db74975e0aa9f6fd
review_7645,division_55b19b36aa7567f7ecbf
review_7646,division_dfe2db74975e0aa9f6fd
review_7647,division_55b19b36aa7567f7ecbf
review_7648,division_dfe2db74975e0aa9f6fd
review_7649,division_55b19b36aa7567f7ecbf
review_7650,division_55b19b36aa7567f7ecbf
review_7651,division_dfe2db74975e0aa9f6fd
review_7652,division_55b19b36aa7567f7ecbf
review_7653,division_55b19b36aa7567f7ecbf
review_7654,division_55b19b36aa7567f7ecbf
review_7655,division_dfe2db74975e0aa9f6fd
review_7656,division_dfe2db74975e0aa9f6fd
review_7657,division_55b19b36aa7567f7ecbf
review_7658,division_dfe2db74975e0aa9f6fd
review_7659,division_55b19b36aa7567f7ecbf
review_7660,division_dfe2db74975e0aa9f6fd
review_7661,division_dfe2db74975e0aa9f6fd
review_7662,division_55b19b36aa7567f7ecbf
review_7663,division_dfe2db74975e0aa9f6fd
review_7664,division_dfe2db74975e0aa9f6fd
review_7665,division_55b19b36aa7567f7ecbf
review_7666,division_dfe2db74975e0aa9f6fd
review_7667,division_dfe2db74975e0aa9f6fd
review_7668,division_dfe2db74975e0aa9f6fd
review_7669,division_dfe2db74975e0aa9f6fd
review_7670,division_dfe2db74975e0aa9f6fd
review_7671,division_dfe2db74975e0aa9f6fd
review_7672,division_dfe2db74975e0aa9f6fd
review_7673,division_dfe2db74975e0aa9f6fd
review_7674,division_df561e6f16d9f3e64a28
review_7675,division_dfe2db74975e0aa9f6fd
review_7676,division_dfe2db74975e0aa9f6fd
review_7677,division_dfe2db74975e0aa9f6fd
review_7678,division_dfe2db74975e0aa9f6fd
review_7679,division_dfe2db74975e0aa9f6fd
review_7680,division_dfe2db74975e0aa9f6fd
review_7681,division_dfe2db74975e0aa9f6fd
review_7682,division_dfe2db74975e0aa9f6fd
review_7683,division_55b19b36aa7567f7ecbf
review_7684,division_dfe2db74975e0aa9f6fd
review_7685,division_dfe2db74975e0aa9f6fd
review_7686,division_dfe2db74975e0aa9f6fd
review_7687,division_dfe2db74975e0aa9f6fd
review_7688,division_dfe2db74975e0aa9f6fd
review_7689,division_dfe2db74975e0aa9f6fd
review_7690,division_dfe2db74975e0aa9f6fd
review_7691,division_55b19b36aa7567f7ecbf
review_7692,division_dfe2db74975e0aa9f6fd
review_7693,division_dfe2db74975e0aa9f6fd
review_7694,division_dfe2db74975e0aa9f6fd
review_7695,division_dfe2db74975e0aa9f6fd
review_7696,division_dfe2db74975e0aa9f6fd
review_7697,division_dfe2db74975e0aa9f6fd
review_7698,division_df561e6f16d9f3e64a28
review_7699,division_dfe2db74975e0aa9f6fd
review_7700,division_dfe2db74975e0aa9f6fd
review_7701,division_dfe2db74975e0aa9f6fd
review_7702,division_dfe2db74975e0aa9f6fd
review_7703,division_dfe2db74975e0aa9f6fd
review_7704,division_dfe2db74975e0aa9f6fd
review_7705,division_dfe2db74975e0aa9f6fd
review_7706,division_dfe2db74975e0aa9f6fd
review_7707,division_dfe2db74975e0aa9f6fd
review_7708,division_dfe2db74975e0aa9f6fd
review_7709,division_dfe2db74975e0aa9f6fd
review_7710,division_dfe2db74975e0aa9f6fd
review_7711,division_dfe2db74975e0aa9f6fd
review_7712,division_dfe2db74975e0aa9f6fd
review_7713,division_dfe2db74975e0aa9f6fd
review_7714,division_dfe2db74975e0aa9f6fd
review_7715,division_dfe2db74975e0aa9f6fd
review_7716,division_dfe2db74975e0aa9f6fd
review_7717,division_dfe2db74975e0aa9f6fd
review_7718,division_dfe2db74975e0aa9f6fd
review_7719,division_dfe2db74975e0aa9f6fd
review_7720,division_dfe2db74975e0aa9f6fd
review_7721,division_dfe2db74975e0aa9f6fd
review_7722,division_dfe2db74975e0aa9f6fd
review_7723,division_dfe2db74975e0aa9f6fd
review_7724,division_dfe2db74975e0aa9f6fd
review_7725,division_dfe2db74975e0aa9f6fd
review_7726,division_55b19b36aa7567f7ecbf
review_7727,division_dfe2db74975e0aa9f6fd
review_7728,division_dfe2db74975e0aa9f6fd
review_7729,division_55b19b36aa7567f7ecbf
review_7730,division_55b19b36aa7567f7ecbf
review_7731,division_55b19b36aa7567f7ecbf
review_7732,division_55b19b36aa7567f7ecbf
review_7733,division_dfe2db74975e0aa9f6fd
review_7734,division_dfe2db74975e0aa9f6fd
review_7735,division_dfe2db74975e0aa9f6fd
review_7736,division_55b19b36aa7567f7ecbf
review_7737,division_55b19b36aa7567f7ecbf
review_7738,division_dfe2db74975e0aa9f6fd
review_7739,division_55b19b36aa7567f7ecbf
review_7740,division_dfe2db74975e0aa9f6fd
review_7741,division_55b19b36aa7567f7ecbf
review_7742,division_dfe2db74975e0aa9f6fd
review_7743,division_55b19b36aa7567f7ecbf
review_7744,division_55b19b36aa7567f7ecbf
review_7745,division_dfe2db74975e0aa9f6fd
review_7746,division_55b19b36aa7567f7ecbf
review_7747,division_55b19b36aa7567f7ecbf
review_7748,division_55b19b36aa7567f7ecbf
review_7749,division_55b19b36aa7567f7ecbf
review_7750,division_55b19b36aa7567f7ecbf
review_7751,division_55b19b36aa7567f7ecbf
review_7752,division_55b19b36aa7567f7ecbf
review_7753,division_55b19b36aa7567f7ecbf
review_7754,division_55b19b36aa7567f7ecbf
review_7755,division_55b19b36aa7567f7ecbf
review_7756,division_55b19b36aa7567f7ecbf
review_7757,division_55b19b36aa7567f7ecbf
review_7758,division_dfe2db74975e0aa9f6fd
review_7759,division_df561e6f16d9f3e64a28
review_7760,division_dfe2db74975e0aa9f6fd
review_7761,division_dfe2db74975e0aa9f6fd
review_7762,division_dfe2db74975e0aa9f6fd
review_7763,division_55b19b36aa7567f7ecbf
review_7764,division_55b19b36aa7567f7ecbf
review_7765,division_dfe2db74975e0aa9f6fd
review_7766,division_dfe2db74975e0aa9f6fd
review_7767,division_dfe2db74975e0aa9f6fd
review_7768,division_dfe2db74975e0aa9f6fd
review_7769,division_dfe2db74975e0aa9f6fd
review_7770,division_dfe2db74975e0aa9f6fd
review_7771,division_df561e6f16d9f3e64a28
review_7772,division_55b19b36aa7567f7ecbf
review_7773,division_dfe2db74975e0aa9f6fd
review_7774,division_dfe2db74975e0aa9f6fd
review_7775,division_dfe2db74975e0aa9f6fd
review_7776,division_df561e6f16d9f3e64a28
review_7777,division_55b19b36aa7567f7ecbf
review_7778,division_55b19b36aa7567f7ecbf
review_7779,division_dfe2db74975e0aa9f6fd
review_7780,division_55b19b36aa7567f7ecbf
review_7781,division_55b19b36aa7567f7ecbf
review_7782,division_55b19b36aa7567f7ecbf
review_7783,division_55b19b36aa7567f7ecbf
review_7784,division_55b19b36aa7567f7ecbf
review_7785,division_55b19b36aa7567f7ecbf
review_7786,division_55b19b36aa7567f7ecbf
review_7787,division_55b19b36aa7567f7ecbf
review_7788,division_55b19b36aa7567f7ecbf
review_7789,division_55b19b36aa7567f7ecbf
review_7790,division_dfe2db74975e0aa9f6fd
review_7791,division_55b19b36aa7567f7ecbf
review_7792,division_55b19b36aa7567f7ecbf
review_7793,division_55b19b36aa7567f7ecbf
review_7794,division_55b19b36aa7567f7ecbf
review_7795,division_dfe2db74975e0aa9f6fd
review_7796,division_55b19b36aa7567f7ecbf
review_7797,division_dfe2db74975e0aa9f6fd
review_7798,division_55b19b36aa7567f7ecbf
review_7799,division_df561e6f16d9f3e64a28
review_7800,division_55b19b36aa7567f7ecbf
review_7801,division_55b19b36aa7567f7ecbf
review_7802,division_55b19b36aa7567f7ecbf
review_7803,division_dfe2db74975e0aa9f6fd
review_7804,division_dfe2db74975e0aa9f6fd
review_7805,division_dfe2db74975e0aa9f6fd
review_7806,division_dfe2db74975e0aa9f6fd
review_7807,division_dfe2db74975e0aa9f6fd
review_7808,division_dfe2db74975e0aa9f6fd
review_7809,division_55b19b36aa7567f7ecbf
review_7810,division_dfe2db74975e0aa9f6fd
review_7811,division_dfe2db74975e0aa9f6fd
review_7812,division_55b19b36aa7567f7ecbf
review_7813,division_55b19b36aa7567f7ecbf
review_7814,division_dfe2db74975e0aa9f6fd
review_7815,division_dfe2db74975e0aa9f6fd
review_7816,division_dfe2db74975e0aa9f6fd
review_7817,division_55b19b36aa7567f7ecbf
review_7818,division_55b19b36aa7567f7ecbf
review_7819,division_55b19b36aa7567f7ecbf
review_7820,division_55b19b36aa7567f7ecbf
review_7821,division_dfe2db74975e0aa9f6fd
review_7822,division_dfe2db74975e0aa9f6fd
review_7823,division_dfe2db74975e0aa9f6fd
review_7824,division_df561e6f16d9f3e64a28
review_7825,division_55b19b36aa7567f7ecbf
review_7826,division_55b19b36aa7567f7ecbf
review_7827,division_dfe2db74975e0aa9f6fd
review_7828,division_dfe2db74975e0aa9f6fd
review_7829,division_dfe2db74975e0aa9f6fd
review_7830,division_55b19b36aa7567f7ecbf
review_7831,division_dfe2db74975e0aa9f6fd
review_7832,division_55b19b36aa7567f7ecbf
review_7833,division_55b19b36aa7567f7ecbf
review_7834,division_dfe2db74975e0aa9f6fd
review_7835,division_55b19b36aa7567f7ecbf
review_7836,division_dfe2db74975e0aa9f6fd
review_7837,division_dfe2db74975e0aa9f6fd
review_7838,division_dfe2db74975e0aa9f6fd
review_7839,division_dfe2db74975e0aa9f6fd
review_7840,division_55b19b36aa7567f7ecbf
review_7841,division_dfe2db74975e0aa9f6fd
review_7842,division_55b19b36aa7567f7ecbf
review_7843,division_55b19b36aa7567f7ecbf
review_7844,division_dfe2db74975e0aa9f6fd
review_7845,division_dfe2db74975e0aa9f6fd
review_7846,division_55b19b36aa7567f7ecbf
review_7847,division_dfe2db74975e0aa9f6fd
review_7848,division_55b19b36aa7567f7ecbf
review_7849,division_dfe2db74975e0aa9f6fd
review_7850,division_55b19b36aa7567f7ecbf
review_7851,division_dfe2db74975e0aa9f6fd
review_7852,division_55b19b36aa7567f7ecbf
review_7853,division_dfe2db74975e0aa9f6fd
review_7854,division_dfe2db74975e0aa9f6fd
review_7855,division_dfe2db74975e0aa9f6fd
review_7856,division_55b19b36aa7567f7ecbf
review_7857,division_dfe2db74975e0aa9f6fd
review_7858,division_dfe2db74975e0aa9f6fd
review_7859,division_55b19b36aa7567f7ecbf
review_7860,division_dfe2db74975e0aa9f6fd
review_7861,division_dfe2db74975e0aa9f6fd
review_7862,division_55b19b36aa7567f7ecbf
review_7863,division_55b19b36aa7567f7ecbf
review_7864,division_dfe2db74975e0aa9f6fd
review_7865,division_55b19b36aa7567f7ecbf
review_7866,division_dfe2db74975e0aa9f6fd
review_7867,division_dfe2db74975e0aa9f6fd
review_7868,division_55b19b36aa7567f7ecbf
review_7869,division_dfe2db74975e0aa9f6fd
review_7870,division_dfe2db74975e0aa9f6fd
review_7871,division_dfe2db74975e0aa9f6fd
review_7872,division_55b19b36aa7567f7ecbf
review_7873,division_dfe2db74975e0aa9f6fd
review_7874,division_dfe2db74975e0aa9f6fd
review_7875,division_55b19b36aa7567f7ecbf
review_7876,division_dfe2db74975e0aa9f6fd
review_7877,division_55b19b36aa7567f7ecbf
review_7878,division_dfe2db74975e0aa9f6fd
review_7879,division_dfe2db74975e0aa9f6fd
review_7880,division_55b19b36aa7567f7ecbf
review_7881,division_dfe2db74975e0aa9f6fd
review_7882,division_dfe2db74975e0aa9f6fd
review_7883,division_55b19b36aa7567f7ecbf
review_7884,division_dfe2db74975e0aa9f6fd
review_7885,division_dfe2db74975e0aa9f6fd
review_7886,division_dfe2db74975e0aa9f6fd
review_7887,division_dfe2db74975e0aa9f6fd
review_7888,division_55b19b36aa7567f7ecbf
review_7889,division_55b19b36aa7567f7ecbf
review_7890,division_dfe2db74975e0aa9f6fd
review_7891,division_55b19b36aa7567f7ecbf
review_7892,division_55b19b36aa7567f7ecbf
review_7893,division_55b19b36aa7567f7ecbf
review_7894,division_55b19b36aa7567f7ecbf
review_7895,division_55b19b36aa7567f7ecbf
review_7896,division_55b19b36aa7567f7ecbf
review_7897,division_55b19b36aa7567f7ecbf
review_7898,division_55b19b36aa7567f7ecbf
review_7899,division_55b19b36aa7567f7ecbf
review_7900,division_55b19b36aa7567f7ecbf
review_7901,division_55b19b36aa7567f7ecbf
review_7902,division_55b19b36aa7567f7ecbf
review_7903,division_55b19b36aa7567f7ecbf
review_7904,division_55b19b36aa7567f7ecbf
review_7905,division_55b19b36aa7567f7ecbf
review_7906,division_55b19b36aa7567f7ecbf
review_7907,division_55b19b36aa7567f7ecbf
review_7908,division_55b19b36aa7567f7ecbf
review_7909,division_55b19b36aa7567f7ecbf
review_7910,division_55b19b36aa7567f7ecbf
review_7911,division_55b19b36aa7567f7ecbf
review_7912,division_55b19b36aa7567f7ecbf
review_7913,division_55b19b36aa7567f7ecbf
review_7914,division_55b19b36aa7567f7ecbf
review_7915,division_55b19b36aa7567f7ecbf
review_7916,division_55b19b36aa7567f7ecbf
review_7917,division_55b19b36aa7567f7ecbf
review_7918,division_55b19b36aa7567f7ecbf
review_7919,division_55b19b36aa7567f7ecbf
review_7920,division_55b19b36aa7567f7ecbf
review_7921,division_55b19b36aa7567f7ecbf
review_7922,division_55b19b36aa7567f7ecbf
review_7923,division_55b19b36aa7567f7ecbf
review_7924,division_55b19b36aa7567f7ecbf
review_7925,division_55b19b36aa7567f7ecbf
review_7926,division_55b19b36aa7567f7ecbf
review_7927,division_55b19b36aa7567f7ecbf
review_7928,division_55b19b36aa7567f7ecbf
review_7929,division_55b19b36aa7567f7ecbf
review_7930,division_55b19b36aa7567f7ecbf
review_7931,division_55b19b36aa7567f7ecbf
review_7932,division_55b19b36aa7567f7ecbf
review_7933,division_55b19b36aa7567f7ecbf
review_7934,division_dfe2db74975e0aa9f6fd
review_7935,division_55b19b36aa7567f7ecbf
review_7936,division_55b19b36aa7567f7ecbf
review_7937,division_55b19b36aa7567f7ecbf
review_7938,division_55b19b36aa7567f7ecbf
review_7939,division_55b19b36aa7567f7ecbf
review_7940,division_55b19b36aa7567f7ecbf
review_7941,division_55b19b36aa7567f7ecbf
review_7942,division_55b19b36aa7567f7ecbf
review_7943,division_55b19b36aa7567f7ecbf
review_7944,division_55b19b36aa7567f7ecbf
review_7945,division_55b19b36aa7567f7ecbf
review_7946,division_dfe2db74975e0aa9f6fd
review_7947,division_55b19b36aa7567f7ecbf
review_7948,division_dfe2db74975e0aa9f6fd
review_7949,division_55b19b36aa7567f7ecbf
review_7950,division_55b19b36aa7567f7ecbf
review_7951,division_dfe2db74975e0aa9f6fd
review_7952,division_55b19b36aa7567f7ecbf
review_7953,division_55b19b36aa7567f7ecbf
review_7954,division_55b19b36aa7567f7ecbf
review_7955,division_dfe2db74975e0aa9f6fd
review_7956,division_55b19b36aa7567f7ecbf
review_7957,division_dfe2db74975e0aa9f6fd
review_7958,division_55b19b36aa7567f7ecbf
review_7959,division_dfe2db74975e0aa9f6fd
review_7960,division_dfe2db74975e0aa9f6fd
review_7961,division_55b19b36aa7567f7ecbf
review_7962,division_55b19b36aa7567f7ecbf
review_7963,division_dfe2db74975e0aa9f6fd
review_7964,division_55b19b36aa7567f7ecbf
review_7965,division_55b19b36aa7567f7ecbf
review_7966,division_55b19b36aa7567f7ecbf
review_7967,division_55b19b36aa7567f7ecbf
review_7968,division_55b19b36aa7567f7ecbf
review_7969,division_dfe2db74975e0aa9f6fd
review_7970,division_dfe2db74975e0aa9f6fd
review_7971,division_dfe2db74975e0aa9f6fd
review_7972,division_55b19b36aa7567f7ecbf
review_7973,division_dfe2db74975e0aa9f6fd
review_7974,division_dfe2db74975e0aa9f6fd
review_7975,division_dfe2db74975e0aa9f6fd
review_7976,division_dfe2db74975e0aa9f6fd
review_7977,division_55b19b36aa7567f7ecbf
review_7978,division_55b19b36aa7567f7ecbf
review_7979,division_55b19b36aa7567f7ecbf
review_7980,division_55b19b36aa7567f7ecbf
review_7981,division_55b19b36aa7567f7ecbf
review_7982,division_55b19b36aa7567f7ecbf
review_7983,division_dfe2db74975e0aa9f6fd
review_7984,division_55b19b36aa7567f7ecbf
review_7985,division_dfe2db74975e0aa9f6fd
review_7986,division_dfe2db74975e0aa9f6fd
review_7987,division_55b19b36aa7567f7ecbf
review_7988,division_55b19b36aa7567f7ecbf
review_7989,division_55b19b36aa7567f7ecbf
review_7990,division_55b19b36aa7567f7ecbf
review_7991,division_55b19b36aa7567f7ecbf
review_7992,division_55b19b36aa7567f7ecbf
review_7993,division_55b19b36aa7567f7ecbf
review_7994,division_df561e6f16d9f3e64a28
review_7995,division_55b19b36aa7567f7ecbf
review_7996,division_55b19b36aa7567f7ecbf
review_7997,division_55b19b36aa7567f7ecbf
review_7998,division_55b19b36aa7567f7ecbf
review_7999,division_55b19b36aa7567f7ecbf
review_8000,division_55b19b36aa7567f7ecbf
review_8001,division_55b19b36aa7567f7ecbf
review_8002,division_df561e6f16d9f3e64a28
review_8003,division_55b19b36aa7567f7ecbf
review_8004,division_55b19b36aa7567f7ecbf
review_8005,division_dfe2db74975e0aa9f6fd
review_8006,division_55b19b36aa7567f7ecbf
review_8007,division_dfe2db74975e0aa9f6fd
review_8008,division_55b19b36aa7567f7ecbf
review_8009,division_55b19b36aa7567f7ecbf
review_8010,division_dfe2db74975e0aa9f6fd
review_8011,division_dfe2db74975e0aa9f6fd
review_8012,division_55b19b36aa7567f7ecbf
review_8013,division_55b19b36aa7567f7ecbf
review_8014,division_55b19b36aa7567f7ecbf
review_8015,division_dfe2db74975e0aa9f6fd
review_8016,division_dfe2db74975e0aa9f6fd
review_8017,division_55b19b36aa7567f7ecbf
review_8018,division_55b19b36aa7567f7ecbf
review_8019,division_dfe2db74975e0aa9f6fd
review_8020,division_55b19b36aa7567f7ecbf
review_8021,division_55b19b36aa7567f7ecbf
review_8022,division_55b19b36aa7567f7ecbf
review_8023,division_dfe2db74975e0aa9f6fd
review_8024,division_dfe2db74975e0aa9f6fd
review_8025,division_55b19b36aa7567f7ecbf
review_8026,division_55b19b36aa7567f7ecbf
review_8027,division_55b19b36aa7567f7ecbf
review_8028,division_55b19b36aa7567f7ecbf
review_8029,division_df561e6f16d9f3e64a28
review_8030,division_55b19b36aa7567f7ecbf
review_8031,division_55b19b36aa7567f7ecbf
review_8032,division_55b19b36aa7567f7ecbf
review_8033,division_dfe2db74975e0aa9f6fd
review_8034,division_55b19b36aa7567f7ecbf
review_8035,division_dfe2db74975e0aa9f6fd
review_8036,division_dfe2db74975e0aa9f6fd
review_8037,division_55b19b36aa7567f7ecbf
review_8038,division_dfe2db74975e0aa9f6fd
review_8039,division_dfe2db74975e0aa9f6fd
review_8040,division_dfe2db74975e0aa9f6fd
review_8041,division_55b19b36aa7567f7ecbf
review_8042,division_dfe2db74975e0aa9f6fd
review_8043,division_dfe2db74975e0aa9f6fd
review_8044,division_dfe2db74975e0aa9f6fd
review_8045,division_dfe2db74975e0aa9f6fd
review_8046,division_dfe2db74975e0aa9f6fd
review_8047,division_55b19b36aa7567f7ecbf
review_8048,division_dfe2db74975e0aa9f6fd
review_8049,division_55b19b36aa7567f7ecbf
review_8050,division_55b19b36aa7567f7ecbf
review_8051,division_dfe2db74975e0aa9f6fd
review_8052,division_dfe2db74975e0aa9f6fd
review_8053,division_55b19b36aa7567f7ecbf
review_8054,division_dfe2db74975e0aa9f6fd
review_8055,division_55b19b36aa7567f7ecbf
review_8056,division_df561e6f16d9f3e64a28
review_8057,division_55b19b36aa7567f7ecbf
review_8058,division_dfe2db74975e0aa9f6fd
review_8059,division_55b19b36aa7567f7ecbf
review_8060,division_dfe2db74975e0aa9f6fd
review_8061,division_dfe2db74975e0aa9f6fd
review_8062,division_dfe2db74975e0aa9f6fd
review_8063,division_55b19b36aa7567f7ecbf
review_8064,division_55b19b36aa7567f7ecbf
review_8065,division_55b19b36aa7567f7ecbf
review_8066,division_dfe2db74975e0aa9f6fd
review_8067,division_55b19b36aa7567f7ecbf
review_8068,division_55b19b36aa7567f7ecbf
review_8069,division_55b19b36aa7567f7ecbf
review_8070,division_dfe2db74975e0aa9f6fd
review_8071,division_55b19b36aa7567f7ecbf
review_8072,division_dfe2db74975e0aa9f6fd
review_8073,division_dfe2db74975e0aa9f6fd
review_8074,division_55b19b36aa7567f7ecbf
review_8075,division_dfe2db74975e0aa9f6fd
review_8076,division_55b19b36aa7567f7ecbf
review_8077,division_55b19b36aa7567f7ecbf
review_8078,division_dfe2db74975e0aa9f6fd
review_8079,division_dfe2db74975e0aa9f6fd
review_8080,division_55b19b36aa7567f7ecbf
review_8081,division_55b19b36aa7567f7ecbf
review_8082,division_55b19b36aa7567f7ecbf
review_8083,division_dfe2db74975e0aa9f6fd
review_8084,division_55b19b36aa7567f7ecbf
review_8085,division_dfe2db74975e0aa9f6fd
review_8086,division_dfe2db74975e0aa9f6fd
review_8087,division_dfe2db74975e0aa9f6fd
review_8088,division_dfe2db74975e0aa9f6fd
review_8089,division_dfe2db74975e0aa9f6fd
review_8090,division_dfe2db74975e0aa9f6fd
review_8091,division_dfe2db74975e0aa9f6fd
review_8092,division_dfe2db74975e0aa9f6fd
review_8093,division_dfe2db74975e0aa9f6fd
review_8094,division_df561e6f16d9f3e64a28
review_8095,division_dfe2db74975e0aa9f6fd
review_8096,division_dfe2db74975e0aa9f6fd
review_8097,division_dfe2db74975e0aa9f6fd
review_8098,division_dfe2db74975e0aa9f6fd
review_8099,division_55b19b36aa7567f7ecbf
review_8100,division_55b19b36aa7567f7ecbf
review_8101,division_55b19b36aa7567f7ecbf
review_8102,division_dfe2db74975e0aa9f6fd
review_8103,division_dfe2db74975e0aa9f6fd
review_8104,division_dfe2db74975e0aa9f6fd
review_8105,division_dfe2db74975e0aa9f6fd
review_8106,division_dfe2db74975e0aa9f6fd
review_8107,division_55b19b36aa7567f7ecbf
review_8108,division_dfe2db74975e0aa9f6fd
review_8109,division_dfe2db74975e0aa9f6fd
review_8110,division_df561e6f16d9f3e64a28
review_8111,division_55b19b36aa7567f7ecbf
review_8112,division_55b19b36aa7567f7ecbf
review_8113,division_df561e6f16d9f3e64a28
review_8114,division_55b19b36aa7567f7ecbf
review_8115,division_dfe2db74975e0aa9f6fd
review_8116,division_55b19b36aa7567f7ecbf
review_8117,division_dfe2db74975e0aa9f6fd
review_8118,division_55b19b36aa7567f7ecbf
review_8119,division_dfe2db74975e0aa9f6fd
review_8120,division_dfe2db74975e0aa9f6fd
review_8121,division_dfe2db74975e0aa9f6fd
review_8122,division_55b19b36aa7567f7ecbf
review_8123,division_dfe2db74975e0aa9f6fd
review_8124,division_dfe2db74975e0aa9f6fd
review_8125,division_55b19b36aa7567f7ecbf
review_8126,division_dfe2db74975e0aa9f6fd
review_8127,division_dfe2db74975e0aa9f6fd
review_8128,division_dfe2db74975e0aa9f6fd
review_8129,division_dfe2db74975e0aa9f6fd
review_8130,division_dfe2db74975e0aa9f6fd
review_8131,division_dfe2db74975e0aa9f6fd
review_8132,division_dfe2db74975e0aa9f6fd
review_8133,division_55b19b36aa7567f7ecbf
review_8134,division_dfe2db74975e0aa9f6fd
review_8135,division_df561e6f16d9f3e64a28
review_8136,division_dfe2db74975e0aa9f6fd
review_8137,division_dfe2db74975e0aa9f6fd
review_8138,division_dfe2db74975e0aa9f6fd
review_8139,division_dfe2db74975e0aa9f6fd
review_8140,division_dfe2db74975e0aa9f6fd
review_8141,division_dfe2db74975e0aa9f6fd
review_8142,division_55b19b36aa7567f7ecbf
review_8143,division_dfe2db74975e0aa9f6fd
review_8144,division_dfe2db74975e0aa9f6fd
review_8145,division_dfe2db74975e0aa9f6fd
review_8146,division_dfe2db74975e0aa9f6fd
review_8147,division_dfe2db74975e0aa9f6fd
review_8148,division_dfe2db74975e0aa9f6fd
review_8149,division_dfe2db74975e0aa9f6fd
review_8150,division_55b19b36aa7567f7ecbf
review_8151,division_55b19b36aa7567f7ecbf
review_8152,division_dfe2db74975e0aa9f6fd
review_8153,division_dfe2db74975e0aa9f6fd
review_8154,division_df561e6f16d9f3e64a28
review_8155,division_55b19b36aa7567f7ecbf
review_8156,division_55b19b36aa7567f7ecbf
review_8157,division_55b19b36aa7567f7ecbf
review_8158,division_55b19b36aa7567f7ecbf
review_8159,division_dfe2db74975e0aa9f6fd
review_8160,division_55b19b36aa7567f7ecbf
review_8161,division_55b19b36aa7567f7ecbf
review_8162,division_df561e6f16d9f3e64a28
review_8163,division_55b19b36aa7567f7ecbf
review_8164,division_55b19b36aa7567f7ecbf
review_8165,division_55b19b36aa7567f7ecbf
review_8166,division_55b19b36aa7567f7ecbf
review_8167,division_55b19b36aa7567f7ecbf
review_8168,division_55b19b36aa7567f7ecbf
review_8169,division_55b19b36aa7567f7ecbf
review_8170,division_dfe2db74975e0aa9f6fd
review_8171,division_dfe2db74975e0aa9f6fd
review_8172,division_55b19b36aa7567f7ecbf
review_8173,division_dfe2db74975e0aa9f6fd
review_8174,division_dfe2db74975e0aa9f6fd
review_8175,division_dfe2db74975e0aa9f6fd
review_8176,division_55b19b36aa7567f7ecbf
review_8177,division_dfe2db74975e0aa9f6fd
review_8178,division_dfe2db74975e0aa9f6fd
review_8179,division_55b19b36aa7567f7ecbf
review_8180,division_dfe2db74975e0aa9f6fd
review_8181,division_55b19b36aa7567f7ecbf
review_8182,division_dfe2db74975e0aa9f6fd
review_8183,division_55b19b36aa7567f7ecbf
review_8184,division_55b19b36aa7567f7ecbf
review_8185,division_55b19b36aa7567f7ecbf
review_8186,division_55b19b36aa7567f7ecbf
review_8187,division_55b19b36aa7567f7ecbf
review_8188,division_55b19b36aa7567f7ecbf
review_8189,division_55b19b36aa7567f7ecbf
review_8190,division_55b19b36aa7567f7ecbf
review_8191,division_55b19b36aa7567f7ecbf
review_8192,division_dfe2db74975e0aa9f6fd
review_8193,division_55b19b36aa7567f7ecbf
review_8194,division_55b19b36aa7567f7ecbf
review_8195,division_55b19b36aa7567f7ecbf
review_8196,division_55b19b36aa7567f7ecbf
review_8197,division_55b19b36aa7567f7ecbf
review_8198,division_dfe2db74975e0aa9f6fd
review_8199,division_dfe2db74975e0aa9f6fd
review_8200,division_dfe2db74975e0aa9f6fd
review_8201,division_55b19b36aa7567f7ecbf
review_8202,division_dfe2db74975e0aa9f6fd
review_8203,division_55b19b36aa7567f7ecbf
review_8204,division_55b19b36aa7567f7ecbf
review_8205,division_55b19b36aa7567f7ecbf
review_8206,division_df561e6f16d9f3e64a28
review_8207,division_55b19b36aa7567f7ecbf
review_8208,division_55b19b36aa7567f7ecbf
review_8209,division_dfe2db74975e0aa9f6fd
review_8210,division_dfe2db74975e0aa9f6fd
review_8211,division_dfe2db74975e0aa9f6fd
review_8212,division_dfe2db74975e0aa9f6fd
review_8213,division_df561e6f16d9f3e64a28
review_8214,division_55b19b36aa7567f7ecbf
review_8215,division_55b19b36aa7567f7ecbf
review_8216,division_dfe2db74975e0aa9f6fd
review_8217,division_55b19b36aa7567f7ecbf
review_8218,division_dfe2db74975e0aa9f6fd
review_8219,division_55b19b36aa7567f7ecbf
review_8220,division_dfe2db74975e0aa9f6fd
review_8221,division_df561e6f16d9f3e64a28
review_8222,division_55b19b36aa7567f7ecbf
review_8223,division_55b19b36aa7567f7ecbf
review_8224,division_dfe2db74975e0aa9f6fd
review_8225,division_dfe2db74975e0aa9f6fd
review_8226,division_dfe2db74975e0aa9f6fd
review_8227,division_dfe2db74975e0aa9f6fd
review_8228,division_dfe2db74975e0aa9f6fd
review_8229,division_dfe2db74975e0aa9f6fd
review_8230,division_dfe2db74975e0aa9f6fd
review_8231,division_55b19b36aa7567f7ecbf
review_8232,division_dfe2db74975e0aa9f6fd
review_8233,division_dfe2db74975e0aa9f6fd
review_8234,division_55b19b36aa7567f7ecbf
review_8235,division_dfe2db74975e0aa9f6fd
review_8236,division_55b19b36aa7567f7ecbf
review_8237,division_dfe2db74975e0aa9f6fd
review_8238,division_dfe2db74975e0aa9f6fd
review_8239,division_df561e6f16d9f3e64a28
review_8240,division_55b19b36aa7567f7ecbf
review_8241,division_55b19b36aa7567f7ecbf
review_8242,division_55b19b36aa7567f7ecbf
review_8243,division_55b19b36aa7567f7ecbf
review_8244,division_55b19b36aa7567f7ecbf
review_8245,division_55b19b36aa7567f7ecbf
review_8246,division_55b19b36aa7567f7ecbf
review_8247,division_55b19b36aa7567f7ecbf
review_8248,division_dfe2db74975e0aa9f6fd
review_8249,division_55b19b36aa7567f7ecbf
review_8250,division_55b19b36aa7567f7ecbf
review_8251,division_dfe2db74975e0aa9f6fd
review_8252,division_55b19b36aa7567f7ecbf
review_8253,division_dfe2db74975e0aa9f6fd
review_8254,division_dfe2db74975e0aa9f6fd
review_8255,division_dfe2db74975e0aa9f6fd
review_8256,division_55b19b36aa7567f7ecbf
review_8257,division_55b19b36aa7567f7ecbf
review_8258,division_55b19b36aa7567f7ecbf
review_8259,division_55b19b36aa7567f7ecbf
review_8260,division_55b19b36aa7567f7ecbf
review_8261,division_dfe2db74975e0aa9f6fd
review_8262,division_dfe2db74975e0aa9f6fd
review_8263,division_55b19b36aa7567f7ecbf
review_8264,division_55b19b36aa7567f7ecbf
review_8265,division_dfe2db74975e0aa9f6fd
review_8266,division_dfe2db74975e0aa9f6fd
review_8267,division_55b19b36aa7567f7ecbf
review_8268,division_55b19b36aa7567f7ecbf
review_8269,division_dfe2db74975e0aa9f6fd
review_8270,division_55b19b36aa7567f7ecbf
review_8271,division_55b19b36aa7567f7ecbf
review_8272,division_dfe2db74975e0aa9f6fd
review_8273,division_dfe2db74975e0aa9f6fd
review_8274,division_55b19b36aa7567f7ecbf
review_8275,division_55b19b36aa7567f7ecbf
review_8276,division_55b19b36aa7567f7ecbf
review_8277,division_dfe2db74975e0aa9f6fd
review_8278,division_dfe2db74975e0aa9f6fd
review_8279,division_55b19b36aa7567f7ecbf
review_8280,division_55b19b36aa7567f7ecbf
review_8281,division_55b19b36aa7567f7ecbf
review_8282,division_dfe2db74975e0aa9f6fd
review_8283,division_55b19b36aa7567f7ecbf
review_8284,division_55b19b36aa7567f7ecbf
review_8285,division_55b19b36aa7567f7ecbf
review_8286,division_dfe2db74975e0aa9f6fd
review_8287,division_55b19b36aa7567f7ecbf
review_8288,division_55b19b36aa7567f7ecbf
review_8289,division_dfe2db74975e0aa9f6fd
review_8290,division_55b19b36aa7567f7ecbf
review_8291,division_55b19b36aa7567f7ecbf
review_8292,division_df561e6f16d9f3e64a28
review_8293,division_dfe2db74975e0aa9f6fd
review_8294,division_dfe2db74975e0aa9f6fd
review_8295,division_dfe2db74975e0aa9f6fd
review_8296,division_dfe2db74975e0aa9f6fd
review_8297,division_dfe2db74975e0aa9f6fd
review_8298,division_55b19b36aa7567f7ecbf
review_8299,division_55b19b36aa7567f7ecbf
review_8300,division_55b19b36aa7567f7ecbf
review_8301,division_55b19b36aa7567f7ecbf
review_8302,division_dfe2db74975e0aa9f6fd
review_8303,division_dfe2db74975e0aa9f6fd
review_8304,division_55b19b36aa7567f7ecbf
review_8305,division_dfe2db74975e0aa9f6fd
review_8306,division_dfe2db74975e0aa9f6fd
review_8307,division_dfe2db74975e0aa9f6fd
review_8308,division_dfe2db74975e0aa9f6fd
review_8309,division_dfe2db74975e0aa9f6fd
review_8310,division_55b19b36aa7567f7ecbf
review_8311,division_55b19b36aa7567f7ecbf
review_8312,division_dfe2db74975e0aa9f6fd
review_8313,division_dfe2db74975e0aa9f6fd
review_8314,division_55b19b36aa7567f7ecbf
review_8315,division_55b19b36aa7567f7ecbf
review_8316,division_55b19b36aa7567f7ecbf
review_8317,division_55b19b36aa7567f7ecbf
review_8318,division_55b19b36aa7567f7ecbf
review_8319,division_dfe2db74975e0aa9f6fd
review_8320,division_dfe2db74975e0aa9f6fd
review_8321,division_55b19b36aa7567f7ecbf
review_8322,division_dfe2db74975e0aa9f6fd
review_8323,division_dfe2db74975e0aa9f6fd
review_8324,division_55b19b36aa7567f7ecbf
review_8325,division_55b19b36aa7567f7ecbf
review_8326,division_dfe2db74975e0aa9f6fd
review_8327,division_dfe2db74975e0aa9f6fd
review_8328,division_55b19b36aa7567f7ecbf
review_8329,division_dfe2db74975e0aa9f6fd
review_8330,division_dfe2db74975e0aa9f6fd
review_8331,division_dfe2db74975e0aa9f6fd
review_8332,division_dfe2db74975e0aa9f6fd
review_8333,division_55b19b36aa7567f7ecbf
review_8334,division_55b19b36aa7567f7ecbf
review_8335,division_dfe2db74975e0aa9f6fd
review_8336,division_dfe2db74975e0aa9f6fd
review_8337,division_dfe2db74975e0aa9f6fd
review_8338,division_dfe2db74975e0aa9f6fd
review_8339,division_dfe2db74975e0aa9f6fd
review_8340,division_dfe2db74975e0aa9f6fd
review_8341,division_55b19b36aa7567f7ecbf
review_8342,division_dfe2db74975e0aa9f6fd
review_8343,division_55b19b36aa7567f7ecbf
review_8344,division_55b19b36aa7567f7ecbf
review_8345,division_55b19b36aa7567f7ecbf
review_8346,division_dfe2db74975e0aa9f6fd
review_8347,division_55b19b36aa7567f7ecbf
review_8348,division_55b19b36aa7567f7ecbf
review_8349,division_dfe2db74975e0aa9f6fd
review_8350,division_55b19b36aa7567f7ecbf
review_8351,division_55b19b36aa7567f7ecbf
review_8352,division_dfe2db74975e0aa9f6fd
review_8353,division_55b19b36aa7567f7ecbf
review_8354,division_dfe2db74975e0aa9f6fd
review_8355,division_dfe2db74975e0aa9f6fd
review_8356,division_dfe2db74975e0aa9f6fd
review_8357,division_55b19b36aa7567f7ecbf
review_8358,division_55b19b36aa7567f7ecbf
review_8359,division_55b19b36aa7567f7ecbf
review_8360,division_dfe2db74975e0aa9f6fd
review_8361,division_55b19b36aa7567f7ecbf
review_8362,division_dfe2db74975e0aa9f6fd
review_8363,division_55b19b36aa7567f7ecbf
review_8364,division_dfe2db74975e0aa9f6fd
review_8365,division_55b19b36aa7567f7ecbf
review_8366,division_55b19b36aa7567f7ecbf
review_8367,division_dfe2db74975e0aa9f6fd
review_8368,division_dfe2db74975e0aa9f6fd
review_8369,division_dfe2db74975e0aa9f6fd
review_8370,division_dfe2db74975e0aa9f6fd
review_8371,division_55b19b36aa7567f7ecbf
review_8372,division_dfe2db74975e0aa9f6fd
review_8373,division_dfe2db74975e0aa9f6fd
review_8374,division_dfe2db74975e0aa9f6fd
review_8375,division_dfe2db74975e0aa9f6fd
review_8376,division_dfe2db74975e0aa9f6fd
review_8377,division_dfe2db74975e0aa9f6fd
review_8378,division_dfe2db74975e0aa9f6fd
review_8379,division_dfe2db74975e0aa9f6fd
review_8380,division_dfe2db74975e0aa9f6fd
review_8381,division_55b19b36aa7567f7ecbf
review_8382,division_dfe2db74975e0aa9f6fd
review_8383,division_dfe2db74975e0aa9f6fd
review_8384,division_dfe2db74975e0aa9f6fd
review_8385,division_dfe2db74975e0aa9f6fd
review_8386,division_dfe2db74975e0aa9f6fd
review_8387,division_dfe2db74975e0aa9f6fd
review_8388,division_dfe2db74975e0aa9f6fd
review_8389,division_dfe2db74975e0aa9f6fd
review_8390,division_dfe2db74975e0aa9f6fd
review_8391,division_dfe2db74975e0aa9f6fd
review_8392,division_dfe2db74975e0aa9f6fd
review_8393,division_dfe2db74975e0aa9f6fd
review_8394,division_dfe2db74975e0aa9f6fd
review_8395,division_dfe2db74975e0aa9f6fd
review_8396,division_dfe2db74975e0aa9f6fd
review_8397,division_55b19b36aa7567f7ecbf
review_8398,division_55b19b36aa7567f7ecbf
review_8399,division_55b19b36aa7567f7ecbf
review_8400,division_dfe2db74975e0aa9f6fd
review_8401,division_dfe2db74975e0aa9f6fd
review_8402,division_dfe2db74975e0aa9f6fd
review_8403,division_dfe2db74975e0aa9f6fd
review_8404,division_dfe2db74975e0aa9f6fd
review_8405,division_dfe2db74975e0aa9f6fd
review_8406,division_dfe2db74975e0aa9f6fd
review_8407,division_dfe2db74975e0aa9f6fd
review_8408,division_55b19b36aa7567f7ecbf
review_8409,division_dfe2db74975e0aa9f6fd
review_8410,division_dfe2db74975e0aa9f6fd
review_8411,division_dfe2db74975e0aa9f6fd
review_8412,division_dfe2db74975e0aa9f6fd
review_8413,division_dfe2db74975e0aa9f6fd
review_8414,division_dfe2db74975e0aa9f6fd
review_8415,division_dfe2db74975e0aa9f6fd
review_8416,division_dfe2db74975e0aa9f6fd
review_8417,division_dfe2db74975e0aa9f6fd
review_8418,division_dfe2db74975e0aa9f6fd
review_8419,division_dfe2db74975e0aa9f6fd
review_8420,division_dfe2db74975e0aa9f6fd
review_8421,division_dfe2db74975e0aa9f6fd
review_8422,division_55b19b36aa7567f7ecbf
review_8423,division_dfe2db74975e0aa9f6fd
review_8424,division_dfe2db74975e0aa9f6fd
review_8425,division_dfe2db74975e0aa9f6fd
review_8426,division_dfe2db74975e0aa9f6fd
review_8427,division_dfe2db74975e0aa9f6fd
review_8428,division_dfe2db74975e0aa9f6fd
review_8429,division_dfe2db74975e0aa9f6fd
review_8430,division_dfe2db74975e0aa9f6fd
review_8431,division_dfe2db74975e0aa9f6fd
review_8432,division_dfe2db74975e0aa9f6fd
review_8433,division_dfe2db74975e0aa9f6fd
review_8434,division_dfe2db74975e0aa9f6fd
review_8435,division_dfe2db74975e0aa9f6fd
review_8436,division_dfe2db74975e0aa9f6fd
review_8437,division_dfe2db74975e0aa9f6fd
review_8438,division_dfe2db74975e0aa9f6fd
review_8439,division_dfe2db74975e0aa9f6fd
review_8440,division_dfe2db74975e0aa9f6fd
review_8441,division_dfe2db74975e0aa9f6fd
review_8442,division_dfe2db74975e0aa9f6fd
review_8443,division_dfe2db74975e0aa9f6fd
review_8444,division_dfe2db74975e0aa9f6fd
review_8445,division_df561e6f16d9f3e64a28
review_8446,division_dfe2db74975e0aa9f6fd
review_8447,division_dfe2db74975e0aa9f6fd
review_8448,division_df561e6f16d9f3e64a28
review_8449,division_dfe2db74975e0aa9f6fd
review_8450,division_55b19b36aa7567f7ecbf
review_8451,division_dfe2db74975e0aa9f6fd
review_8452,division_dfe2db74975e0aa9f6fd
review_8453,division_55b19b36aa7567f7ecbf
review_8454,division_dfe2db74975e0aa9f6fd
review_8455,division_dfe2db74975e0aa9f6fd
review_8456,division_dfe2db74975e0aa9f6fd
review_8457,division_55b19b36aa7567f7ecbf
review_8458,division_dfe2db74975e0aa9f6fd
review_8459,division_dfe2db74975e0aa9f6fd
review_8460,division_df561e6f16d9f3e64a28
review_8461,division_dfe2db74975e0aa9f6fd
review_8462,division_dfe2db74975e0aa9f6fd
review_8463,division_dfe2db74975e0aa9f6fd
review_8464,division_dfe2db74975e0aa9f6fd
review_8465,division_dfe2db74975e0aa9f6fd
review_8466,division_55b19b36aa7567f7ecbf
review_8467,division_55b19b36aa7567f7ecbf
review_8468,division_dfe2db74975e0aa9f6fd
review_8469,division_dfe2db74975e0aa9f6fd
review_8470,division_dfe2db74975e0aa9f6fd
review_8471,division_55b19b36aa7567f7ecbf
review_8472,division_dfe2db74975e0aa9f6fd
review_8473,division_55b19b36aa7567f7ecbf
review_8474,division_dfe2db74975e0aa9f6fd
review_8475,division_dfe2db74975e0aa9f6fd
review_8476,division_dfe2db74975e0aa9f6fd
review_8477,division_dfe2db74975e0aa9f6fd
review_8478,division_dfe2db74975e0aa9f6fd
review_8479,division_dfe2db74975e0aa9f6fd
review_8480,division_dfe2db74975e0aa9f6fd
review_8481,division_dfe2db74975e0aa9f6fd
review_8482,division_dfe2db74975e0aa9f6fd
review_8483,division_dfe2db74975e0aa9f6fd
review_8484,division_dfe2db74975e0aa9f6fd
review_8485,division_dfe2db74975e0aa9f6fd
review_8486,division_dfe2db74975e0aa9f6fd
review_8487,division_dfe2db74975e0aa9f6fd
review_8488,division_dfe2db74975e0aa9f6fd
review_8489,division_dfe2db74975e0aa9f6fd
review_8490,division_dfe2db74975e0aa9f6fd
review_8491,division_dfe2db74975e0aa9f6fd
review_8492,division_dfe2db74975e0aa9f6fd
review_8493,division_dfe2db74975e0aa9f6fd
review_8494,division_df561e6f16d9f3e64a28
review_8495,division_dfe2db74975e0aa9f6fd
review_8496,division_dfe2db74975e0aa9f6fd
review_8497,division_dfe2db74975e0aa9f6fd
review_8498,division_dfe2db74975e0aa9f6fd
review_8499,division_df561e6f16d9f3e64a28
review_8500,division_dfe2db74975e0aa9f6fd
review_8501,division_dfe2db74975e0aa9f6fd
review_8502,division_df561e6f16d9f3e64a28
review_8503,division_dfe2db74975e0aa9f6fd
review_8504,division_dfe2db74975e0aa9f6fd
review_8505,division_dfe2db74975e0aa9f6fd
review_8506,division_df561e6f16d9f3e64a28
review_8507,division_55b19b36aa7567f7ecbf
review_8508,division_dfe2db74975e0aa9f6fd
review_8509,division_dfe2db74975e0aa9f6fd
review_8510,division_df561e6f16d9f3e64a28
review_8511,division_dfe2db74975e0aa9f6fd
review_8512,division_dfe2db74975e0aa9f6fd
review_8513,division_dfe2db74975e0aa9f6fd
review_8514,division_55b19b36aa7567f7ecbf
review_8515,division_dfe2db74975e0aa9f6fd
review_8516,division_dfe2db74975e0aa9f6fd
review_8517,division_dfe2db74975e0aa9f6fd
review_8518,division_df561e6f16d9f3e64a28
review_8519,division_55b19b36aa7567f7ecbf
review_8520,division_dfe2db74975e0aa9f6fd
review_8521,division_dfe2db74975e0aa9f6fd
review_8522,division_55b19b36aa7567f7ecbf
review_8523,division_55b19b36aa7567f7ecbf
review_8524,division_dfe2db74975e0aa9f6fd
review_8525,division_df561e6f16d9f3e64a28
review_8526,division_55b19b36aa7567f7ecbf
review_8527,division_dfe2db74975e0aa9f6fd
review_8528,division_dfe2db74975e0aa9f6fd
review_8529,division_55b19b36aa7567f7ecbf
review_8530,division_55b19b36aa7567f7ecbf
review_8531,division_dfe2db74975e0aa9f6fd
review_8532,division_dfe2db74975e0aa9f6fd
review_8533,division_55b19b36aa7567f7ecbf
review_8534,division_55b19b36aa7567f7ecbf
review_8535,division_55b19b36aa7567f7ecbf
review_8536,division_55b19b36aa7567f7ecbf
review_8537,division_55b19b36aa7567f7ecbf
review_8538,division_55b19b36aa7567f7ecbf
review_8539,division_55b19b36aa7567f7ecbf
review_8540,division_dfe2db74975e0aa9f6fd
review_8541,division_55b19b36aa7567f7ecbf
review_8542,division_55b19b36aa7567f7ecbf
review_8543,division_dfe2db74975e0aa9f6fd
review_8544,division_dfe2db74975e0aa9f6fd
review_8545,division_dfe2db74975e0aa9f6fd
review_8546,division_dfe2db74975e0aa9f6fd
review_8547,division_df561e6f16d9f3e64a28
review_8548,division_dfe2db74975e0aa9f6fd
review_8549,division_55b19b36aa7567f7ecbf
review_8550,division_55b19b36aa7567f7ecbf
review_8551,division_55b19b36aa7567f7ecbf
review_8552,division_dfe2db74975e0aa9f6fd
review_8553,division_dfe2db74975e0aa9f6fd
review_8554,division_dfe2db74975e0aa9f6fd
review_8555,division_dfe2db74975e0aa9f6fd
review_8556,division_55b19b36aa7567f7ecbf
review_8557,division_55b19b36aa7567f7ecbf
review_8558,division_dfe2db74975e0aa9f6fd
review_8559,division_55b19b36aa7567f7ecbf
review_8560,division_dfe2db74975e0aa9f6fd
review_8561,division_55b19b36aa7567f7ecbf
review_8562,division_dfe2db74975e0aa9f6fd
review_8563,division_dfe2db74975e0aa9f6fd
review_8564,division_dfe2db74975e0aa9f6fd
review_8565,division_55b19b36aa7567f7ecbf
review_8566,division_55b19b36aa7567f7ecbf
review_8567,division_55b19b36aa7567f7ecbf
review_8568,division_dfe2db74975e0aa9f6fd
review_8569,division_dfe2db74975e0aa9f6fd
review_8570,division_dfe2db74975e0aa9f6fd
review_8571,division_dfe2db74975e0aa9f6fd
review_8572,division_dfe2db74975e0aa9f6fd
review_8573,division_55b19b36aa7567f7ecbf
review_8574,division_dfe2db74975e0aa9f6fd
review_8575,division_dfe2db74975e0aa9f6fd
review_8576,division_dfe2db74975e0aa9f6fd
review_8577,division_df561e6f16d9f3e64a28
review_8578,division_dfe2db74975e0aa9f6fd
review_8579,division_df561e6f16d9f3e64a28
review_8580,division_dfe2db74975e0aa9f6fd
review_8581,division_df561e6f16d9f3e64a28
review_8582,division_dfe2db74975e0aa9f6fd
review_8583,division_df561e6f16d9f3e64a28
review_8584,division_df561e6f16d9f3e64a28
review_8585,division_df561e6f16d9f3e64a28
review_8586,division_df561e6f16d9f3e64a28
review_8587,division_dfe2db74975e0aa9f6fd
review_8588,division_dfe2db74975e0aa9f6fd
review_8589,division_dfe2db74975e0aa9f6fd
review_8590,division_dfe2db74975e0aa9f6fd
review_8591,division_df561e6f16d9f3e64a28
review_8592,division_dfe2db74975e0aa9f6fd
review_8593,division_dfe2db74975e0aa9f6fd
review_8594,division_df561e6f16d9f3e64a28
review_8595,division_df561e6f16d9f3e64a28
review_8596,division_dfe2db74975e0aa9f6fd
review_8597,division_dfe2db74975e0aa9f6fd
review_8598,division_df561e6f16d9f3e64a28
review_8599,division_df561e6f16d9f3e64a28
review_8600,division_df561e6f16d9f3e64a28
review_8601,division_dfe2db74975e0aa9f6fd
review_8602,division_dfe2db74975e0aa9f6fd
review_8603,division_df561e6f16d9f3e64a28
review_8604,division_df561e6f16d9f3e64a28
review_8605,division_55b19b36aa7567f7ecbf
review_8606,division_dfe2db74975e0aa9f6fd
review_8607,division_55b19b36aa7567f7ecbf
review_8608,division_dfe2db74975e0aa9f6fd
review_8609,division_df561e6f16d9f3e64a28
review_8610,division_df561e6f16d9f3e64a28
review_8611,division_dfe2db74975e0aa9f6fd
review_8612,division_df561e6f16d9f3e64a28
review_8613,division_dfe2db74975e0aa9f6fd
review_8614,division_df561e6f16d9f3e64a28
review_8615,division_55b19b36aa7567f7ecbf
review_8616,division_dfe2db74975e0aa9f6fd
review_8617,division_55b19b36aa7567f7ecbf
review_8618,division_55b19b36aa7567f7ecbf
review_8619,division_55b19b36aa7567f7ecbf
review_8620,division_55b19b36aa7567f7ecbf
review_8621,division_55b19b36aa7567f7ecbf
review_8622,division_dfe2db74975e0aa9f6fd
review_8623,division_df561e6f16d9f3e64a28
review_8624,division_dfe2db74975e0aa9f6fd
review_8625,division_55b19b36aa7567f7ecbf
review_8626,division_df561e6f16d9f3e64a28
review_8627,division_df561e6f16d9f3e64a28
review_8628,division_dfe2db74975e0aa9f6fd
review_8629,division_55b19b36aa7567f7ecbf
review_8630,division_df561e6f16d9f3e64a28
review_8631,division_dfe2db74975e0aa9f6fd
review_8632,division_55b19b36aa7567f7ecbf
review_8633,division_dfe2db74975e0aa9f6fd
review_8634,division_55b19b36aa7567f7ecbf
review_8635,division_df561e6f16d9f3e64a28
review_8636,division_df561e6f16d9f3e64a28
review_8637,division_dfe2db74975e0aa9f6fd
review_8638,division_55b19b36aa7567f7ecbf
review_8639,division_55b19b36aa7567f7ecbf
review_8640,division_55b19b36aa7567f7ecbf
review_8641,division_dfe2db74975e0aa9f6fd
review_8642,division_dfe2db74975e0aa9f6fd
review_8643,division_55b19b36aa7567f7ecbf
review_8644,division_dfe2db74975e0aa9f6fd
review_8645,division_df561e6f16d9f3e64a28
review_8646,division_df561e6f16d9f3e64a28
review_8647,division_55b19b36aa7567f7ecbf
review_8648,division_dfe2db74975e0aa9f6fd
review_8649,division_55b19b36aa7567f7ecbf
review_8650,division_dfe2db74975e0aa9f6fd
review_8651,division_dfe2db74975e0aa9f6fd
review_8652,division_df561e6f16d9f3e64a28
review_8653,division_dfe2db74975e0aa9f6fd
review_8654,division_df561e6f16d9f3e64a28
review_8655,division_dfe2db74975e0aa9f6fd
review_8656,division_dfe2db74975e0aa9f6fd
review_8657,division_dfe2db74975e0aa9f6fd
review_8658,division_55b19b36aa7567f7ecbf
review_8659,division_df561e6f16d9f3e64a28
review_8660,division_55b19b36aa7567f7ecbf
review_8661,division_55b19b36aa7567f7ecbf
review_8662,division_df561e6f16d9f3e64a28
review_8663,division_55b19b36aa7567f7ecbf
review_8664,division_dfe2db74975e0aa9f6fd
review_8665,division_dfe2db74975e0aa9f6fd
review_8666,division_dfe2db74975e0aa9f6fd
review_8667,division_55b19b36aa7567f7ecbf
review_8668,division_55b19b36aa7567f7ecbf
review_8669,division_55b19b36aa7567f7ecbf
review_8670,division_df561e6f16d9f3e64a28
review_8671,division_55b19b36aa7567f7ecbf
review_8672,division_df561e6f16d9f3e64a28
review_8673,division_dfe2db74975e0aa9f6fd
review_8674,division_df561e6f16d9f3e64a28
review_8675,division_55b19b36aa7567f7ecbf
review_8676,division_55b19b36aa7567f7ecbf
review_8677,division_dfe2db74975e0aa9f6fd
review_8678,division_55b19b36aa7567f7ecbf
review_8679,division_df561e6f16d9f3e64a28
review_8680,division_df561e6f16d9f3e64a28
review_8681,division_dfe2db74975e0aa9f6fd
review_8682,division_55b19b36aa7567f7ecbf
review_8683,division_55b19b36aa7567f7ecbf
review_8684,division_dfe2db74975e0aa9f6fd
review_8685,division_55b19b36aa7567f7ecbf
review_8686,division_55b19b36aa7567f7ecbf
review_8687,division_df561e6f16d9f3e64a28
review_8688,division_dfe2db74975e0aa9f6fd
review_8689,division_dfe2db74975e0aa9f6fd
review_8690,division_dfe2db74975e0aa9f6fd
review_8691,division_dfe2db74975e0aa9f6fd
review_8692,division_dfe2db74975e0aa9f6fd
review_8693,division_df561e6f16d9f3e64a28
review_8694,division_df561e6f16d9f3e64a28
review_8695,division_dfe2db74975e0aa9f6fd
review_8696,division_dfe2db74975e0aa9f6fd
review_8697,division_55b19b36aa7567f7ecbf
review_8698,division_55b19b36aa7567f7ecbf
review_8699,division_dfe2db74975e0aa9f6fd
review_8700,division_dfe2db74975e0aa9f6fd
review_8701,division_55b19b36aa7567f7ecbf
review_8702,division_dfe2db74975e0aa9f6fd
review_8703,division_dfe2db74975e0aa9f6fd
review_8704,division_55b19b36aa7567f7ecbf
review_8705,division_dfe2db74975e0aa9f6fd
review_8706,division_55b19b36aa7567f7ecbf
review_8707,division_dfe2db74975e0aa9f6fd
review_8708,division_dfe2db74975e0aa9f6fd
review_8709,division_55b19b36aa7567f7ecbf
review_8710,division_55b19b36aa7567f7ecbf
review_8711,division_dfe2db74975e0aa9f6fd
review_8712,division_dfe2db74975e0aa9f6fd
review_8713,division_dfe2db74975e0aa9f6fd
review_8714,division_dfe2db74975e0aa9f6fd
review_8715,division_dfe2db74975e0aa9f6fd
review_8716,division_dfe2db74975e0aa9f6fd
review_8717,division_dfe2db74975e0aa9f6fd
review_8718,division_55b19b36aa7567f7ecbf
review_8719,division_dfe2db74975e0aa9f6fd
review_8720,division_dfe2db74975e0aa9f6fd
review_8721,division_55b19b36aa7567f7ecbf
review_8722,division_dfe2db74975e0aa9f6fd
review_8723,division_dfe2db74975e0aa9f6fd
review_8724,division_dfe2db74975e0aa9f6fd
review_8725,division_55b19b36aa7567f7ecbf
review_8726,division_55b19b36aa7567f7ecbf
review_8727,division_dfe2db74975e0aa9f6fd
review_8728,division_dfe2db74975e0aa9f6fd
review_8729,division_dfe2db74975e0aa9f6fd
review_8730,division_dfe2db74975e0aa9f6fd
review_8731,division_dfe2db74975e0aa9f6fd
review_8732,division_dfe2db74975e0aa9f6fd
review_8733,division_dfe2db74975e0aa9f6fd
review_8734,division_dfe2db74975e0aa9f6fd
review_8735,division_dfe2db74975e0aa9f6fd
review_8736,division_dfe2db74975e0aa9f6fd
review_8737,division_dfe2db74975e0aa9f6fd
review_8738,division_dfe2db74975e0aa9f6fd
review_8739,division_dfe2db74975e0aa9f6fd
review_8740,division_dfe2db74975e0aa9f6fd
review_8741,division_dfe2db74975e0aa9f6fd
review_8742,division_dfe2db74975e0aa9f6fd
review_8743,division_dfe2db74975e0aa9f6fd
review_8744,division_dfe2db74975e0aa9f6fd
review_8745,division_dfe2db74975e0aa9f6fd
review_8746,division_dfe2db74975e0aa9f6fd
review_8747,division_dfe2db74975e0aa9f6fd
review_8748,division_dfe2db74975e0aa9f6fd
review_8749,division_dfe2db74975e0aa9f6fd
review_8750,division_dfe2db74975e0aa9f6fd
review_8751,division_55b19b36aa7567f7ecbf
review_8752,division_dfe2db74975e0aa9f6fd
review_8753,division_dfe2db74975e0aa9f6fd
review_8754,division_dfe2db74975e0aa9f6fd
review_8755,division_dfe2db74975e0aa9f6fd
review_8756,division_dfe2db74975e0aa9f6fd
review_8757,division_dfe2db74975e0aa9f6fd
review_8758,division_55b19b36aa7567f7ecbf
review_8759,division_55b19b36aa7567f7ecbf
review_8760,division_dfe2db74975e0aa9f6fd
review_8761,division_dfe2db74975e0aa9f6fd
review_8762,division_55b19b36aa7567f7ecbf
review_8763,division_55b19b36aa7567f7ecbf
review_8764,division_dfe2db74975e0aa9f6fd
review_8765,division_55b19b36aa7567f7ecbf
review_8766,division_dfe2db74975e0aa9f6fd
review_8767,division_dfe2db74975e0aa9f6fd
review_8768,division_55b19b36aa7567f7ecbf
review_8769,division_55b19b36aa7567f7ecbf
review_8770,division_dfe2db74975e0aa9f6fd
review_8771,division_dfe2db74975e0aa9f6fd
review_8772,division_dfe2db74975e0aa9f6fd
review_8773,division_dfe2db74975e0aa9f6fd
review_8774,division_dfe2db74975e0aa9f6fd
review_8775,division_55b19b36aa7567f7ecbf
review_8776,division_dfe2db74975e0aa9f6fd
review_8777,division_55b19b36aa7567f7ecbf
review_8778,division_dfe2db74975e0aa9f6fd
review_8779,division_df561e6f16d9f3e64a28
review_8780,division_55b19b36aa7567f7ecbf
review_8781,division_55b19b36aa7567f7ecbf
review_8782,division_df561e6f16d9f3e64a28
review_8783,division_55b19b36aa7567f7ecbf
review_8784,division_55b19b36aa7567f7ecbf
review_8785,division_55b19b36aa7567f7ecbf
review_8786,division_55b19b36aa7567f7ecbf
review_8787,division_55b19b36aa7567f7ecbf
review_8788,division_55b19b36aa7567f7ecbf
review_8789,division_55b19b36aa7567f7ecbf
review_8790,division_55b19b36aa7567f7ecbf
review_8791,division_55b19b36aa7567f7ecbf
review_8792,division_dfe2db74975e0aa9f6fd
review_8793,division_55b19b36aa7567f7ecbf
review_8794,division_55b19b36aa7567f7ecbf
review_8795,division_55b19b36aa7567f7ecbf
review_8796,division_55b19b36aa7567f7ecbf
review_8797,division_55b19b36aa7567f7ecbf
review_8798,division_55b19b36aa7567f7ecbf
review_8799,division_dfe2db74975e0aa9f6fd
review_8800,division_55b19b36aa7567f7ecbf
review_8801,division_55b19b36aa7567f7ecbf
review_8802,division_55b19b36aa7567f7ecbf
review_8803,division_55b19b36aa7567f7ecbf
review_8804,division_55b19b36aa7567f7ecbf
review_8805,division_55b19b36aa7567f7ecbf
review_8806,division_55b19b36aa7567f7ecbf
review_8807,division_55b19b36aa7567f7ecbf
review_8808,division_55b19b36aa7567f7ecbf
review_8809,division_55b19b36aa7567f7ecbf
review_8810,division_55b19b36aa7567f7ecbf
review_8811,division_dfe2db74975e0aa9f6fd
review_8812,division_55b19b36aa7567f7ecbf
review_8813,division_55b19b36aa7567f7ecbf
review_8814,division_dfe2db74975e0aa9f6fd
review_8815,division_55b19b36aa7567f7ecbf
review_8816,division_55b19b36aa7567f7ecbf
review_8817,division_55b19b36aa7567f7ecbf
review_8818,division_55b19b36aa7567f7ecbf
review_8819,division_55b19b36aa7567f7ecbf
review_8820,division_55b19b36aa7567f7ecbf
review_8821,division_55b19b36aa7567f7ecbf
review_8822,division_55b19b36aa7567f7ecbf
review_8823,division_55b19b36aa7567f7ecbf
review_8824,division_df561e6f16d9f3e64a28
review_8825,division_dfe2db74975e0aa9f6fd
review_8826,division_dfe2db74975e0aa9f6fd
review_8827,division_55b19b36aa7567f7ecbf
review_8828,division_df561e6f16d9f3e64a28
review_8829,division_dfe2db74975e0aa9f6fd
review_8830,division_55b19b36aa7567f7ecbf
review_8831,division_55b19b36aa7567f7ecbf
review_8832,division_dfe2db74975e0aa9f6fd
review_8833,division_dfe2db74975e0aa9f6fd
review_8834,division_dfe2db74975e0aa9f6fd
review_8835,division_df561e6f16d9f3e64a28
review_8836,division_dfe2db74975e0aa9f6fd
review_8837,division_dfe2db74975e0aa9f6fd
review_8838,division_dfe2db74975e0aa9f6fd
review_8839,division_dfe2db74975e0aa9f6fd
review_8840,division_dfe2db74975e0aa9f6fd
review_8841,division_55b19b36aa7567f7ecbf
review_8842,division_dfe2db74975e0aa9f6fd
review_8843,division_dfe2db74975e0aa9f6fd
review_8844,division_dfe2db74975e0aa9f6fd
review_8845,division_df561e6f16d9f3e64a28
review_8846,division_dfe2db74975e0aa9f6fd
review_8847,division_dfe2db74975e0aa9f6fd
review_8848,division_55b19b36aa7567f7ecbf
review_8849,division_df561e6f16d9f3e64a28
review_8850,division_dfe2db74975e0aa9f6fd
review_8851,division_dfe2db74975e0aa9f6fd
review_8852,division_dfe2db74975e0aa9f6fd
review_8853,division_df561e6f16d9f3e64a28
review_8854,division_55b19b36aa7567f7ecbf
review_8855,division_dfe2db74975e0aa9f6fd
review_8856,division_dfe2db74975e0aa9f6fd
review_8857,division_dfe2db74975e0aa9f6fd
review_8858,division_dfe2db74975e0aa9f6fd
review_8859,division_dfe2db74975e0aa9f6fd
review_8860,division_dfe2db74975e0aa9f6fd
review_8861,division_dfe2db74975e0aa9f6fd
review_8862,division_dfe2db74975e0aa9f6fd
review_8863,division_dfe2db74975e0aa9f6fd
review_8864,division_dfe2db74975e0aa9f6fd
review_8865,division_55b19b36aa7567f7ecbf
review_8866,division_dfe2db74975e0aa9f6fd
review_8867,division_55b19b36aa7567f7ecbf
review_8868,division_dfe2db74975e0aa9f6fd
review_8869,division_dfe2db74975e0aa9f6fd
review_8870,division_dfe2db74975e0aa9f6fd
review_8871,division_df561e6f16d9f3e64a28
review_8872,division_dfe2db74975e0aa9f6fd
review_8873,division_dfe2db74975e0aa9f6fd
review_8874,division_dfe2db74975e0aa9f6fd
review_8875,division_dfe2db74975e0aa9f6fd
review_8876,division_dfe2db74975e0aa9f6fd
review_8877,division_dfe2db74975e0aa9f6fd
review_8878,division_dfe2db74975e0aa9f6fd
review_8879,division_dfe2db74975e0aa9f6fd
review_8880,division_dfe2db74975e0aa9f6fd
review_8881,division_dfe2db74975e0aa9f6fd
review_8882,division_df561e6f16d9f3e64a28
review_8883,division_dfe2db74975e0aa9f6fd
review_8884,division_dfe2db74975e0aa9f6fd
review_8885,division_dfe2db74975e0aa9f6fd
review_8886,division_dfe2db74975e0aa9f6fd
review_8887,division_dfe2db74975e0aa9f6fd
review_8888,division_dfe2db74975e0aa9f6fd
review_8889,division_dfe2db74975e0aa9f6fd
review_8890,division_dfe2db74975e0aa9f6fd
review_8891,division_dfe2db74975e0aa9f6fd
review_8892,division_dfe2db74975e0aa9f6fd
review_8893,division_dfe2db74975e0aa9f6fd
review_8894,division_dfe2db74975e0aa9f6fd
review_8895,division_dfe2db74975e0aa9f6fd
review_8896,division_dfe2db74975e0aa9f6fd
review_8897,division_dfe2db74975e0aa9f6fd
review_8898,division_55b19b36aa7567f7ecbf
review_8899,division_55b19b36aa7567f7ecbf
review_8900,division_dfe2db74975e0aa9f6fd
review_8901,division_55b19b36aa7567f7ecbf
review_8902,division_dfe2db74975e0aa9f6fd
review_8903,division_55b19b36aa7567f7ecbf
review_8904,division_dfe2db74975e0aa9f6fd
review_8905,division_dfe2db74975e0aa9f6fd
review_8906,division_55b19b36aa7567f7ecbf
review_8907,division_55b19b36aa7567f7ecbf
review_8908,division_55b19b36aa7567f7ecbf
review_8909,division_dfe2db74975e0aa9f6fd
review_8910,division_dfe2db74975e0aa9f6fd
review_8911,division_dfe2db74975e0aa9f6fd
review_8912,division_55b19b36aa7567f7ecbf
review_8913,division_55b19b36aa7567f7ecbf
review_8914,division_55b19b36aa7567f7ecbf
review_8915,division_55b19b36aa7567f7ecbf
review_8916,division_dfe2db74975e0aa9f6fd
review_8917,division_df561e6f16d9f3e64a28
review_8918,division_dfe2db74975e0aa9f6fd
review_8919,division_dfe2db74975e0aa9f6fd
review_8920,division_dfe2db74975e0aa9f6fd
review_8921,division_55b19b36aa7567f7ecbf
review_8922,division_dfe2db74975e0aa9f6fd
review_8923,division_df561e6f16d9f3e64a28
review_8924,division_dfe2db74975e0aa9f6fd
review_8925,division_dfe2db74975e0aa9f6fd
review_8926,division_dfe2db74975e0aa9f6fd
review_8927,division_dfe2db74975e0aa9f6fd
review_8928,division_55b19b36aa7567f7ecbf
review_8929,division_dfe2db74975e0aa9f6fd
review_8930,division_dfe2db74975e0aa9f6fd
review_8931,division_55b19b36aa7567f7ecbf
review_8932,division_dfe2db74975e0aa9f6fd
review_8933,division_dfe2db74975e0aa9f6fd
review_8934,division_55b19b36aa7567f7ecbf
review_8935,division_dfe2db74975e0aa9f6fd
review_8936,division_dfe2db74975e0aa9f6fd
review_8937,division_55b19b36aa7567f7ecbf
review_8938,division_dfe2db74975e0aa9f6fd
review_8939,division_55b19b36aa7567f7ecbf
review_8940,division_55b19b36aa7567f7ecbf
review_8941,division_55b19b36aa7567f7ecbf
review_8942,division_55b19b36aa7567f7ecbf
review_8943,division_dfe2db74975e0aa9f6fd
review_8944,division_dfe2db74975e0aa9f6fd
review_8945,division_dfe2db74975e0aa9f6fd
review_8946,division_dfe2db74975e0aa9f6fd
review_8947,division_dfe2db74975e0aa9f6fd
review_8948,division_dfe2db74975e0aa9f6fd
review_8949,division_dfe2db74975e0aa9f6fd
review_8950,division_dfe2db74975e0aa9f6fd
review_8951,division_dfe2db74975e0aa9f6fd
review_8952,division_df561e6f16d9f3e64a28
review_8953,division_dfe2db74975e0aa9f6fd
review_8954,division_dfe2db74975e0aa9f6fd
review_8955,division_df561e6f16d9f3e64a28
review_8956,division_dfe2db74975e0aa9f6fd
review_8957,division_dfe2db74975e0aa9f6fd
review_8958,division_dfe2db74975e0aa9f6fd
review_8959,division_dfe2db74975e0aa9f6fd
review_8960,division_dfe2db74975e0aa9f6fd
review_8961,division_dfe2db74975e0aa9f6fd
review_8962,division_55b19b36aa7567f7ecbf
review_8963,division_dfe2db74975e0aa9f6fd
review_8964,division_dfe2db74975e0aa9f6fd
review_8965,division_dfe2db74975e0aa9f6fd
review_8966,division_dfe2db74975e0aa9f6fd
review_8967,division_55b19b36aa7567f7ecbf
review_8968,division_dfe2db74975e0aa9f6fd
review_8969,division_dfe2db74975e0aa9f6fd
review_8970,division_dfe2db74975e0aa9f6fd
review_8971,division_55b19b36aa7567f7ecbf
review_8972,division_55b19b36aa7567f7ecbf
review_8973,division_dfe2db74975e0aa9f6fd
review_8974,division_dfe2db74975e0aa9f6fd
review_8975,division_dfe2db74975e0aa9f6fd
review_8976,division_dfe2db74975e0aa9f6fd
review_8977,division_dfe2db74975e0aa9f6fd
review_8978,division_dfe2db74975e0aa9f6fd
review_8979,division_dfe2db74975e0aa9f6fd
review_8980,division_dfe2db74975e0aa9f6fd
review_8981,division_dfe2db74975e0aa9f6fd
review_8982,division_55b19b36aa7567f7ecbf
review_8983,division_dfe2db74975e0aa9f6fd
review_8984,division_dfe2db74975e0aa9f6fd
review_8985,division_dfe2db74975e0aa9f6fd
review_8986,division_dfe2db74975e0aa9f6fd
review_8987,division_dfe2db74975e0aa9f6fd
review_8988,division_dfe2db74975e0aa9f6fd
review_8989,division_55b19b36aa7567f7ecbf
review_8990,division_55b19b36aa7567f7ecbf
review_8991,division_dfe2db74975e0aa9f6fd
review_8992,division_dfe2db74975e0aa9f6fd
review_8993,division_dfe2db74975e0aa9f6fd
review_8994,division_dfe2db74975e0aa9f6fd
review_8995,division_dfe2db74975e0aa9f6fd
review_8996,division_df561e6f16d9f3e64a28
review_8997,division_dfe2db74975e0aa9f6fd
review_8998,division_dfe2db74975e0aa9f6fd
review_8999,division_dfe2db74975e0aa9f6fd
review_9000,division_dfe2db74975e0aa9f6fd
review_9001,division_dfe2db74975e0aa9f6fd
review_9002,division_dfe2db74975e0aa9f6fd
review_9003,division_55b19b36aa7567f7ecbf
review_9004,division_55b19b36aa7567f7ecbf
review_9005,division_dfe2db74975e0aa9f6fd
review_9006,division_55b19b36aa7567f7ecbf
review_9007,division_dfe2db74975e0aa9f6fd
review_9008,division_dfe2db74975e0aa9f6fd
review_9009,division_dfe2db74975e0aa9f6fd
review_9010,division_dfe2db74975e0aa9f6fd
review_9011,division_dfe2db74975e0aa9f6fd
review_9012,division_df561e6f16d9f3e64a28
review_9013,division_df561e6f16d9f3e64a28
review_9014,division_55b19b36aa7567f7ecbf
review_9015,division_dfe2db74975e0aa9f6fd
review_9016,division_dfe2db74975e0aa9f6fd
review_9017,division_dfe2db74975e0aa9f6fd
review_9018,division_55b19b36aa7567f7ecbf
review_9019,division_df561e6f16d9f3e64a28
review_9020,division_df561e6f16d9f3e64a28
review_9021,division_dfe2db74975e0aa9f6fd
review_9022,division_55b19b36aa7567f7ecbf
review_9023,division_55b19b36aa7567f7ecbf
review_9024,division_dfe2db74975e0aa9f6fd
review_9025,division_dfe2db74975e0aa9f6fd
review_9026,division_dfe2db74975e0aa9f6fd
review_9027,division_dfe2db74975e0aa9f6fd
review_9028,division_55b19b36aa7567f7ecbf
review_9029,division_dfe2db74975e0aa9f6fd
review_9030,division_dfe2db74975e0aa9f6fd
review_9031,division_55b19b36aa7567f7ecbf
review_9032,division_55b19b36aa7567f7ecbf
review_9033,division_55b19b36aa7567f7ecbf
review_9034,division_55b19b36aa7567f7ecbf
review_9035,division_55b19b36aa7567f7ecbf
review_9036,division_55b19b36aa7567f7ecbf
review_9037,division_dfe2db74975e0aa9f6fd
review_9038,division_55b19b36aa7567f7ecbf
review_9039,division_dfe2db74975e0aa9f6fd
review_9040,division_dfe2db74975e0aa9f6fd
review_9041,division_55b19b36aa7567f7ecbf
review_9042,division_55b19b36aa7567f7ecbf
review_9043,division_dfe2db74975e0aa9f6fd
review_9044,division_dfe2db74975e0aa9f6fd
review_9045,division_dfe2db74975e0aa9f6fd
review_9046,division_55b19b36aa7567f7ecbf
review_9047,division_dfe2db74975e0aa9f6fd
review_9048,division_55b19b36aa7567f7ecbf
review_9049,division_dfe2db74975e0aa9f6fd
review_9050,division_dfe2db74975e0aa9f6fd
review_9051,division_55b19b36aa7567f7ecbf
review_9052,division_dfe2db74975e0aa9f6fd
review_9053,division_55b19b36aa7567f7ecbf
review_9054,division_55b19b36aa7567f7ecbf
review_9055,division_55b19b36aa7567f7ecbf
review_9056,division_dfe2db74975e0aa9f6fd
review_9057,division_df561e6f16d9f3e64a28
review_9058,division_55b19b36aa7567f7ecbf
review_9059,division_dfe2db74975e0aa9f6fd
review_9060,division_df561e6f16d9f3e64a28
review_9061,division_dfe2db74975e0aa9f6fd
review_9062,division_dfe2db74975e0aa9f6fd
review_9063,division_dfe2db74975e0aa9f6fd
review_9064,division_dfe2db74975e0aa9f6fd
review_9065,division_dfe2db74975e0aa9f6fd
review_9066,division_dfe2db74975e0aa9f6fd
review_9067,division_dfe2db74975e0aa9f6fd
review_9068,division_dfe2db74975e0aa9f6fd
review_9069,division_55b19b36aa7567f7ecbf
review_9070,division_dfe2db74975e0aa9f6fd
review_9071,division_dfe2db74975e0aa9f6fd
review_9072,division_55b19b36aa7567f7ecbf
review_9073,division_dfe2db74975e0aa9f6fd
review_9074,division_dfe2db74975e0aa9f6fd
review_9075,division_dfe2db74975e0aa9f6fd
review_9076,division_df561e6f16d9f3e64a28
review_9077,division_dfe2db74975e0aa9f6fd
review_9078,division_dfe2db74975e0aa9f6fd
review_9079,division_dfe2db74975e0aa9f6fd
review_9080,division_dfe2db74975e0aa9f6fd
review_9081,division_dfe2db74975e0aa9f6fd
review_9082,division_dfe2db74975e0aa9f6fd
review_9083,division_dfe2db74975e0aa9f6fd
review_9084,division_dfe2db74975e0aa9f6fd
review_9085,division_dfe2db74975e0aa9f6fd
review_9086,division_55b19b36aa7567f7ecbf
review_9087,division_dfe2db74975e0aa9f6fd
review_9088,division_55b19b36aa7567f7ecbf
review_9089,division_dfe2db74975e0aa9f6fd
review_9090,division_dfe2db74975e0aa9f6fd
review_9091,division_dfe2db74975e0aa9f6fd
review_9092,division_dfe2db74975e0aa9f6fd
review_9093,division_dfe2db74975e0aa9f6fd
review_9094,division_55b19b36aa7567f7ecbf
review_9095,division_55b19b36aa7567f7ecbf
review_9096,division_dfe2db74975e0aa9f6fd
review_9097,division_dfe2db74975e0aa9f6fd
review_9098,division_55b19b36aa7567f7ecbf
review_9099,division_55b19b36aa7567f7ecbf
review_9100,division_55b19b36aa7567f7ecbf
review_9101,division_dfe2db74975e0aa9f6fd
review_9102,division_55b19b36aa7567f7ecbf
review_9103,division_dfe2db74975e0aa9f6fd
review_9104,division_dfe2db74975e0aa9f6fd
review_9105,division_dfe2db74975e0aa9f6fd
review_9106,division_dfe2db74975e0aa9f6fd
review_9107,division_55b19b36aa7567f7ecbf
review_9108,division_dfe2db74975e0aa9f6fd
review_9109,division_dfe2db74975e0aa9f6fd
review_9110,division_df561e6f16d9f3e64a28
review_9111,division_dfe2db74975e0aa9f6fd
review_9112,division_55b19b36aa7567f7ecbf
review_9113,division_dfe2db74975e0aa9f6fd
review_9114,division_df561e6f16d9f3e64a28
review_9115,division_55b19b36aa7567f7ecbf
review_9116,division_df561e6f16d9f3e64a28
review_9117,division_55b19b36aa7567f7ecbf
review_9118,division_df561e6f16d9f3e64a28
review_9119,division_dfe2db74975e0aa9f6fd
review_9120,division_dfe2db74975e0aa9f6fd
review_9121,division_df561e6f16d9f3e64a28
review_9122,division_55b19b36aa7567f7ecbf
review_9123,division_dfe2db74975e0aa9f6fd
review_9124,division_dfe2db74975e0aa9f6fd
review_9125,division_dfe2db74975e0aa9f6fd
review_9126,division_55b19b36aa7567f7ecbf
review_9127,division_55b19b36aa7567f7ecbf
review_9128,division_df561e6f16d9f3e64a28
review_9129,division_55b19b36aa7567f7ecbf
review_9130,division_55b19b36aa7567f7ecbf
review_9131,division_55b19b36aa7567f7ecbf
review_9132,division_df561e6f16d9f3e64a28
review_9133,division_df561e6f16d9f3e64a28
review_9134,division_df561e6f16d9f3e64a28
review_9135,division_55b19b36aa7567f7ecbf
review_9136,division_55b19b36aa7567f7ecbf
review_9137,division_df561e6f16d9f3e64a28
review_9138,division_55b19b36aa7567f7ecbf
review_9139,division_dfe2db74975e0aa9f6fd
review_9140,division_55b19b36aa7567f7ecbf
review_9141,division_dfe2db74975e0aa9f6fd
review_9142,division_df561e6f16d9f3e64a28
review_9143,division_dfe2db74975e0aa9f6fd
review_9144,division_dfe2db74975e0aa9f6fd
review_9145,division_55b19b36aa7567f7ecbf
review_9146,division_55b19b36aa7567f7ecbf
review_9147,division_df561e6f16d9f3e64a28
review_9148,division_55b19b36aa7567f7ecbf
review_9149,division_dfe2db74975e0aa9f6fd
review_9150,division_dfe2db74975e0aa9f6fd
review_9151,division_dfe2db74975e0aa9f6fd
review_9152,division_dfe2db74975e0aa9f6fd
review_9153,division_dfe2db74975e0aa9f6fd
review_9154,division_dfe2db74975e0aa9f6fd
review_9155,division_55b19b36aa7567f7ecbf
review_9156,division_df561e6f16d9f3e64a28
review_9157,division_dfe2db74975e0aa9f6fd
review_9158,division_df561e6f16d9f3e64a28
review_9159,division_dfe2db74975e0aa9f6fd
review_9160,division_55b19b36aa7567f7ecbf
review_9161,division_55b19b36aa7567f7ecbf
review_9162,division_dfe2db74975e0aa9f6fd
review_9163,division_55b19b36aa7567f7ecbf
review_9164,division_dfe2db74975e0aa9f6fd
review_9165,division_55b19b36aa7567f7ecbf
review_9166,division_55b19b36aa7567f7ecbf
review_9167,division_dfe2db74975e0aa9f6fd
review_9168,division_dfe2db74975e0aa9f6fd
review_9169,division_dfe2db74975e0aa9f6fd
review_9170,division_dfe2db74975e0aa9f6fd
review_9171,division_55b19b36aa7567f7ecbf
review_9172,division_dfe2db74975e0aa9f6fd
review_9173,division_dfe2db74975e0aa9f6fd
review_9174,division_dfe2db74975e0aa9f6fd
review_9175,division_dfe2db74975e0aa9f6fd
review_9176,division_dfe2db74975e0aa9f6fd
review_9177,division_dfe2db74975e0aa9f6fd
review_9178,division_dfe2db74975e0aa9f6fd
review_9179,division_dfe2db74975e0aa9f6fd
review_9180,division_dfe2db74975e0aa9f6fd
review_9181,division_55b19b36aa7567f7ecbf
review_9182,division_dfe2db74975e0aa9f6fd
review_9183,division_55b19b36aa7567f7ecbf
review_9184,division_dfe2db74975e0aa9f6fd
review_9185,division_dfe2db74975e0aa9f6fd
review_9186,division_dfe2db74975e0aa9f6fd
review_9187,division_dfe2db74975e0aa9f6fd
review_9188,division_dfe2db74975e0aa9f6fd
review_9189,division_dfe2db74975e0aa9f6fd
review_9190,division_dfe2db74975e0aa9f6fd
review_9191,division_dfe2db74975e0aa9f6fd
review_9192,division_dfe2db74975e0aa9f6fd
review_9193,division_55b19b36aa7567f7ecbf
review_9194,division_dfe2db74975e0aa9f6fd
review_9195,division_55b19b36aa7567f7ecbf
review_9196,division_dfe2db74975e0aa9f6fd
review_9197,division_dfe2db74975e0aa9f6fd
review_9198,division_55b19b36aa7567f7ecbf
review_9199,division_dfe2db74975e0aa9f6fd
review_9200,division_dfe2db74975e0aa9f6fd
review_9201,division_dfe2db74975e0aa9f6fd
review_9202,division_dfe2db74975e0aa9f6fd
review_9203,division_dfe2db74975e0aa9f6fd
review_9204,division_dfe2db74975e0aa9f6fd
review_9205,division_dfe2db74975e0aa9f6fd
review_9206,division_dfe2db74975e0aa9f6fd
review_9207,division_dfe2db74975e0aa9f6fd
review_9208,division_dfe2db74975e0aa9f6fd
review_9209,division_dfe2db74975e0aa9f6fd
review_9210,division_dfe2db74975e0aa9f6fd
review_9211,division_dfe2db74975e0aa9f6fd
review_9212,division_dfe2db74975e0aa9f6fd
review_9213,division_dfe2db74975e0aa9f6fd
review_9214,division_dfe2db74975e0aa9f6fd
review_9215,division_dfe2db74975e0aa9f6fd
review_9216,division_dfe2db74975e0aa9f6fd
review_9217,division_dfe2db74975e0aa9f6fd
review_9218,division_dfe2db74975e0aa9f6fd
review_9219,division_dfe2db74975e0aa9f6fd
review_9220,division_55b19b36aa7567f7ecbf
review_9221,division_dfe2db74975e0aa9f6fd
review_9222,division_dfe2db74975e0aa9f6fd
review_9223,division_dfe2db74975e0aa9f6fd
review_9224,division_dfe2db74975e0aa9f6fd
review_9225,division_dfe2db74975e0aa9f6fd
review_9226,division_dfe2db74975e0aa9f6fd
review_9227,division_55b19b36aa7567f7ecbf
review_9228,division_dfe2db74975e0aa9f6fd
review_9229,division_dfe2db74975e0aa9f6fd
review_9230,division_dfe2db74975e0aa9f6fd
review_9231,division_dfe2db74975e0aa9f6fd
review_9232,division_dfe2db74975e0aa9f6fd
review_9233,division_dfe2db74975e0aa9f6fd
review_9234,division_55b19b36aa7567f7ecbf
review_9235,division_dfe2db74975e0aa9f6fd
review_9236,division_dfe2db74975e0aa9f6fd
review_9237,division_55b19b36aa7567f7ecbf
review_9238,division_dfe2db74975e0aa9f6fd
review_9239,division_dfe2db74975e0aa9f6fd
review_9240,division_55b19b36aa7567f7ecbf
review_9241,division_dfe2db74975e0aa9f6fd
review_9242,division_55b19b36aa7567f7ecbf
review_9243,division_dfe2db74975e0aa9f6fd
review_9244,division_dfe2db74975e0aa9f6fd
review_9245,division_55b19b36aa7567f7ecbf
review_9246,division_dfe2db74975e0aa9f6fd
review_9247,division_dfe2db74975e0aa9f6fd
review_9248,division_55b19b36aa7567f7ecbf
review_9249,division_dfe2db74975e0aa9f6fd
review_9250,division_dfe2db74975e0aa9f6fd
review_9251,division_dfe2db74975e0aa9f6fd
review_9252,division_55b19b36aa7567f7ecbf
review_9253,division_dfe2db74975e0aa9f6fd
review_9254,division_dfe2db74975e0aa9f6fd
review_9255,division_dfe2db74975e0aa9f6fd
review_9256,division_dfe2db74975e0aa9f6fd
review_9257,division_dfe2db74975e0aa9f6fd
review_9258,division_dfe2db74975e0aa9f6fd
review_9259,division_dfe2db74975e0aa9f6fd
review_9260,division_dfe2db74975e0aa9f6fd
review_9261,division_dfe2db74975e0aa9f6fd
review_9262,division_55b19b36aa7567f7ecbf
review_9263,division_dfe2db74975e0aa9f6fd
review_9264,division_dfe2db74975e0aa9f6fd
review_9265,division_55b19b36aa7567f7ecbf
review_9266,division_55b19b36aa7567f7ecbf
review_9267,division_55b19b36aa7567f7ecbf
review_9268,division_dfe2db74975e0aa9f6fd
review_9269,division_dfe2db74975e0aa9f6fd
review_9270,division_55b19b36aa7567f7ecbf
review_9271,division_dfe2db74975e0aa9f6fd
review_9272,division_dfe2db74975e0aa9f6fd
review_9273,division_dfe2db74975e0aa9f6fd
review_9274,division_df561e6f16d9f3e64a28
review_9275,division_dfe2db74975e0aa9f6fd
review_9276,division_55b19b36aa7567f7ecbf
review_9277,division_dfe2db74975e0aa9f6fd
review_9278,division_dfe2db74975e0aa9f6fd
review_9279,division_dfe2db74975e0aa9f6fd
review_9280,division_dfe2db74975e0aa9f6fd
review_9281,division_55b19b36aa7567f7ecbf
review_9282,division_dfe2db74975e0aa9f6fd
review_9283,division_dfe2db74975e0aa9f6fd
review_9284,division_55b19b36aa7567f7ecbf
review_9285,division_55b19b36aa7567f7ecbf
review_9286,division_dfe2db74975e0aa9f6fd
review_9287,division_dfe2db74975e0aa9f6fd
review_9288,division_dfe2db74975e0aa9f6fd
review_9289,division_dfe2db74975e0aa9f6fd
review_9290,division_dfe2db74975e0aa9f6fd
review_9291,division_dfe2db74975e0aa9f6fd
review_9292,division_dfe2db74975e0aa9f6fd
review_9293,division_dfe2db74975e0aa9f6fd
review_9294,division_55b19b36aa7567f7ecbf
review_9295,division_dfe2db74975e0aa9f6fd
review_9296,division_55b19b36aa7567f7ecbf
review_9297,division_dfe2db74975e0aa9f6fd
review_9298,division_dfe2db74975e0aa9f6fd
review_9299,division_dfe2db74975e0aa9f6fd
review_9300,division_dfe2db74975e0aa9f6fd
review_9301,division_55b19b36aa7567f7ecbf
review_9302,division_55b19b36aa7567f7ecbf
review_9303,division_55b19b36aa7567f7ecbf
review_9304,division_dfe2db74975e0aa9f6fd
review_9305,division_55b19b36aa7567f7ecbf
review_9306,division_55b19b36aa7567f7ecbf
review_9307,division_55b19b36aa7567f7ecbf
review_9308,division_55b19b36aa7567f7ecbf
review_9309,division_55b19b36aa7567f7ecbf
review_9310,division_55b19b36aa7567f7ecbf
review_9311,division_55b19b36aa7567f7ecbf
review_9312,division_dfe2db74975e0aa9f6fd
review_9313,division_dfe2db74975e0aa9f6fd
review_9314,division_55b19b36aa7567f7ecbf
review_9315,division_55b19b36aa7567f7ecbf
review_9316,division_55b19b36aa7567f7ecbf
review_9317,division_55b19b36aa7567f7ecbf
review_9318,division_dfe2db74975e0aa9f6fd
review_9319,division_55b19b36aa7567f7ecbf
review_9320,division_55b19b36aa7567f7ecbf
review_9321,division_dfe2db74975e0aa9f6fd
review_9322,division_dfe2db74975e0aa9f6fd
review_9323,division_55b19b36aa7567f7ecbf
review_9324,division_55b19b36aa7567f7ecbf
review_9325,division_55b19b36aa7567f7ecbf
review_9326,division_55b19b36aa7567f7ecbf
review_9327,division_55b19b36aa7567f7ecbf
review_9328,division_dfe2db74975e0aa9f6fd
review_9329,division_dfe2db74975e0aa9f6fd
review_9330,division_55b19b36aa7567f7ecbf
review_9331,division_55b19b36aa7567f7ecbf
review_9332,division_55b19b36aa7567f7ecbf
review_9333,division_55b19b36aa7567f7ecbf
review_9334,division_55b19b36aa7567f7ecbf
review_9335,division_55b19b36aa7567f7ecbf
review_9336,division_dfe2db74975e0aa9f6fd
review_9337,division_dfe2db74975e0aa9f6fd
review_9338,division_55b19b36aa7567f7ecbf
review_9339,division_dfe2db74975e0aa9f6fd
review_9340,division_55b19b36aa7567f7ecbf
review_9341,division_55b19b36aa7567f7ecbf
review_9342,division_dfe2db74975e0aa9f6fd
review_9343,division_dfe2db74975e0aa9f6fd
review_9344,division_dfe2db74975e0aa9f6fd
review_9345,division_dfe2db74975e0aa9f6fd
review_9346,division_dfe2db74975e0aa9f6fd
review_9347,division_55b19b36aa7567f7ecbf
review_9348,division_dfe2db74975e0aa9f6fd
review_9349,division_55b19b36aa7567f7ecbf
review_9350,division_55b19b36aa7567f7ecbf
review_9351,division_55b19b36aa7567f7ecbf
review_9352,division_55b19b36aa7567f7ecbf
review_9353,division_dfe2db74975e0aa9f6fd
review_9354,division_dfe2db74975e0aa9f6fd
review_9355,division_55b19b36aa7567f7ecbf
review_9356,division_55b19b36aa7567f7ecbf
review_9357,division_dfe2db74975e0aa9f6fd
review_9358,division_55b19b36aa7567f7ecbf
review_9359,division_55b19b36aa7567f7ecbf
review_9360,division_55b19b36aa7567f7ecbf
review_9361,division_55b19b36aa7567f7ecbf
review_9362,division_55b19b36aa7567f7ecbf
review_9363,division_dfe2db74975e0aa9f6fd
review_9364,division_55b19b36aa7567f7ecbf
review_9365,division_55b19b36aa7567f7ecbf
review_9366,division_dfe2db74975e0aa9f6fd
review_9367,division_dfe2db74975e0aa9f6fd
review_9368,division_dfe2db74975e0aa9f6fd
review_9369,division_55b19b36aa7567f7ecbf
review_9370,division_55b19b36aa7567f7ecbf
review_9371,division_dfe2db74975e0aa9f6fd
review_9372,division_55b19b36aa7567f7ecbf
review_9373,division_dfe2db74975e0aa9f6fd
review_9374,division_dfe2db74975e0aa9f6fd
review_9375,division_dfe2db74975e0aa9f6fd
review_9376,division_55b19b36aa7567f7ecbf
review_9377,division_dfe2db74975e0aa9f6fd
review_9378,division_dfe2db74975e0aa9f6fd
review_9379,division_dfe2db74975e0aa9f6fd
review_9380,division_dfe2db74975e0aa9f6fd
review_9381,division_dfe2db74975e0aa9f6fd
review_9382,division_55b19b36aa7567f7ecbf
review_9383,division_dfe2db74975e0aa9f6fd
review_9384,division_55b19b36aa7567f7ecbf
review_9385,division_dfe2db74975e0aa9f6fd
review_9386,division_dfe2db74975e0aa9f6fd
review_9387,division_55b19b36aa7567f7ecbf
review_9388,division_dfe2db74975e0aa9f6fd
review_9389,division_dfe2db74975e0aa9f6fd
review_9390,division_df561e6f16d9f3e64a28
review_9391,division_55b19b36aa7567f7ecbf
review_9392,division_dfe2db74975e0aa9f6fd
review_9393,division_dfe2db74975e0aa9f6fd
review_9394,division_dfe2db74975e0aa9f6fd
review_9395,division_55b19b36aa7567f7ecbf
review_9396,division_df561e6f16d9f3e64a28
review_9397,division_dfe2db74975e0aa9f6fd
review_9398,division_dfe2db74975e0aa9f6fd
review_9399,division_dfe2db74975e0aa9f6fd
review_9400,division_55b19b36aa7567f7ecbf
review_9401,division_dfe2db74975e0aa9f6fd
review_9402,division_55b19b36aa7567f7ecbf
review_9403,division_dfe2db74975e0aa9f6fd
review_9404,division_55b19b36aa7567f7ecbf
review_9405,division_dfe2db74975e0aa9f6fd
review_9406,division_dfe2db74975e0aa9f6fd
review_9407,division_55b19b36aa7567f7ecbf
review_9408,division_55b19b36aa7567f7ecbf
review_9409,division_dfe2db74975e0aa9f6fd
review_9410,division_55b19b36aa7567f7ecbf
review_9411,division_55b19b36aa7567f7ecbf
review_9412,division_55b19b36aa7567f7ecbf
review_9413,division_55b19b36aa7567f7ecbf
review_9414,division_55b19b36aa7567f7ecbf
review_9415,division_55b19b36aa7567f7ecbf
review_9416,division_55b19b36aa7567f7ecbf
review_9417,division_55b19b36aa7567f7ecbf
review_9418,division_dfe2db74975e0aa9f6fd
review_9419,division_55b19b36aa7567f7ecbf
review_9420,division_55b19b36aa7567f7ecbf
review_9421,division_dfe2db74975e0aa9f6fd
review_9422,division_55b19b36aa7567f7ecbf
review_9423,division_55b19b36aa7567f7ecbf
review_9424,division_55b19b36aa7567f7ecbf
review_9425,division_55b19b36aa7567f7ecbf
review_9426,division_dfe2db74975e0aa9f6fd
review_9427,division_55b19b36aa7567f7ecbf
review_9428,division_dfe2db74975e0aa9f6fd
review_9429,division_55b19b36aa7567f7ecbf
review_9430,division_55b19b36aa7567f7ecbf
review_9431,division_55b19b36aa7567f7ecbf
review_9432,division_dfe2db74975e0aa9f6fd
review_9433,division_df561e6f16d9f3e64a28
review_9434,division_dfe2db74975e0aa9f6fd
review_9435,division_dfe2db74975e0aa9f6fd
review_9436,division_55b19b36aa7567f7ecbf
review_9437,division_55b19b36aa7567f7ecbf
review_9438,division_dfe2db74975e0aa9f6fd
review_9439,division_55b19b36aa7567f7ecbf
review_9440,division_55b19b36aa7567f7ecbf
review_9441,division_dfe2db74975e0aa9f6fd
review_9442,division_55b19b36aa7567f7ecbf
review_9443,division_dfe2db74975e0aa9f6fd
review_9445,division_55b19b36aa7567f7ecbf
review_9446,division_dfe2db74975e0aa9f6fd
review_9447,division_dfe2db74975e0aa9f6fd
review_9448,division_dfe2db74975e0aa9f6fd
review_9449,division_55b19b36aa7567f7ecbf
review_9450,division_dfe2db74975e0aa9f6fd
review_9451,division_55b19b36aa7567f7ecbf
review_9452,division_55b19b36aa7567f7ecbf
review_9453,division_dfe2db74975e0aa9f6fd
review_9454,division_55b19b36aa7567f7ecbf
review_9455,division_55b19b36aa7567f7ecbf
review_9456,division_dfe2db74975e0aa9f6fd
review_9457,division_55b19b36aa7567f7ecbf
review_9458,division_df561e6f16d9f3e64a28
review_9459,division_55b19b36aa7567f7ecbf
review_9460,division_55b19b36aa7567f7ecbf
review_9461,division_55b19b36aa7567f7ecbf
review_9462,division_55b19b36aa7567f7ecbf
review_9463,division_df561e6f16d9f3e64a28
review_9464,division_55b19b36aa7567f7ecbf
review_9465,division_55b19b36aa7567f7ecbf
review_9466,division_dfe2db74975e0aa9f6fd
review_9467,division_55b19b36aa7567f7ecbf
review_9468,division_55b19b36aa7567f7ecbf
review_9469,division_55b19b36aa7567f7ecbf
review_9470,division_55b19b36aa7567f7ecbf
review_9471,division_dfe2db74975e0aa9f6fd
review_9472,division_dfe2db74975e0aa9f6fd
review_9473,division_dfe2db74975e0aa9f6fd
review_9474,division_55b19b36aa7567f7ecbf
review_9475,division_dfe2db74975e0aa9f6fd
review_9476,division_dfe2db74975e0aa9f6fd
review_9477,division_dfe2db74975e0aa9f6fd
review_9478,division_dfe2db74975e0aa9f6fd
review_9479,division_dfe2db74975e0aa9f6fd
review_9480,division_dfe2db74975e0aa9f6fd
review_9481,division_dfe2db74975e0aa9f6fd
review_9482,division_dfe2db74975e0aa9f6fd
review_9483,division_55b19b36aa7567f7ecbf
review_9484,division_dfe2db74975e0aa9f6fd
review_9485,division_dfe2db74975e0aa9f6fd
review_9486,division_dfe2db74975e0aa9f6fd
review_9487,division_dfe2db74975e0aa9f6fd
review_9488,division_dfe2db74975e0aa9f6fd
review_9489,division_55b19b36aa7567f7ecbf
review_9490,division_dfe2db74975e0aa9f6fd
review_9491,division_dfe2db74975e0aa9f6fd
review_9492,division_dfe2db74975e0aa9f6fd
review_9493,division_55b19b36aa7567f7ecbf
review_9494,division_55b19b36aa7567f7ecbf
review_9495,division_55b19b36aa7567f7ecbf
review_9496,division_55b19b36aa7567f7ecbf
review_9497,division_dfe2db74975e0aa9f6fd
review_9498,division_dfe2db74975e0aa9f6fd
review_9499,division_55b19b36aa7567f7ecbf
review_9500,division_55b19b36aa7567f7ecbf
review_9501,division_dfe2db74975e0aa9f6fd
review_9502,division_dfe2db74975e0aa9f6fd
review_9503,division_55b19b36aa7567f7ecbf
review_9504,division_55b19b36aa7567f7ecbf
review_9505,division_55b19b36aa7567f7ecbf
review_9506,division_dfe2db74975e0aa9f6fd
review_9507,division_dfe2db74975e0aa9f6fd
review_9508,division_dfe2db74975e0aa9f6fd
review_9509,division_55b19b36aa7567f7ecbf
review_9510,division_55b19b36aa7567f7ecbf
review_9511,division_55b19b36aa7567f7ecbf
review_9512,division_dfe2db74975e0aa9f6fd
review_9513,division_dfe2db74975e0aa9f6fd
review_9514,division_dfe2db74975e0aa9f6fd
review_9515,division_55b19b36aa7567f7ecbf
review_9516,division_55b19b36aa7567f7ecbf
review_9517,division_dfe2db74975e0aa9f6fd
review_9518,division_dfe2db74975e0aa9f6fd
review_9519,division_55b19b36aa7567f7ecbf
review_9520,division_dfe2db74975e0aa9f6fd
review_9521,division_dfe2db74975e0aa9f6fd
review_9522,division_dfe2db74975e0aa9f6fd
review_9523,division_dfe2db74975e0aa9f6fd
review_9524,division_dfe2db74975e0aa9f6fd
review_9525,division_55b19b36aa7567f7ecbf
review_9526,division_55b19b36aa7567f7ecbf
review_9527,division_dfe2db74975e0aa9f6fd
review_9528,division_dfe2db74975e0aa9f6fd
review_9529,division_dfe2db74975e0aa9f6fd
review_9530,division_dfe2db74975e0aa9f6fd
review_9531,division_55b19b36aa7567f7ecbf
review_9532,division_dfe2db74975e0aa9f6fd
review_9533,division_dfe2db74975e0aa9f6fd
review_9534,division_55b19b36aa7567f7ecbf
review_9535,division_55b19b36aa7567f7ecbf
review_9536,division_55b19b36aa7567f7ecbf
review_9537,division_dfe2db74975e0aa9f6fd
review_9538,division_55b19b36aa7567f7ecbf
review_9539,division_55b19b36aa7567f7ecbf
review_9540,division_dfe2db74975e0aa9f6fd
review_9541,division_dfe2db74975e0aa9f6fd
review_9542,division_55b19b36aa7567f7ecbf
review_9543,division_55b19b36aa7567f7ecbf
review_9544,division_55b19b36aa7567f7ecbf
review_9545,division_55b19b36aa7567f7ecbf
review_9546,division_55b19b36aa7567f7ecbf
review_9547,division_55b19b36aa7567f7ecbf
review_9548,division_55b19b36aa7567f7ecbf
review_9549,division_55b19b36aa7567f7ecbf
review_9550,division_dfe2db74975e0aa9f6fd
review_9551,division_dfe2db74975e0aa9f6fd
review_9552,division_dfe2db74975e0aa9f6fd
review_9553,division_dfe2db74975e0aa9f6fd
review_9554,division_dfe2db74975e0aa9f6fd
review_9555,division_dfe2db74975e0aa9f6fd
review_9556,division_dfe2db74975e0aa9f6fd
review_9557,division_55b19b36aa7567f7ecbf
review_9558,division_dfe2db74975e0aa9f6fd
review_9559,division_dfe2db74975e0aa9f6fd
review_9560,division_dfe2db74975e0aa9f6fd
review_9561,division_dfe2db74975e0aa9f6fd
review_9562,division_dfe2db74975e0aa9f6fd
review_9563,division_55b19b36aa7567f7ecbf
review_9564,division_55b19b36aa7567f7ecbf
review_9565,division_dfe2db74975e0aa9f6fd
review_9566,division_dfe2db74975e0aa9f6fd
review_9567,division_55b19b36aa7567f7ecbf
review_9568,division_55b19b36aa7567f7ecbf
review_9569,division_df561e6f16d9f3e64a28
review_9570,division_55b19b36aa7567f7ecbf
review_9571,division_dfe2db74975e0aa9f6fd
review_9572,division_dfe2db74975e0aa9f6fd
review_9573,division_55b19b36aa7567f7ecbf
review_9574,division_dfe2db74975e0aa9f6fd
review_9575,division_55b19b36aa7567f7ecbf
review_9576,division_dfe2db74975e0aa9f6fd
review_9577,division_55b19b36aa7567f7ecbf
review_9578,division_dfe2db74975e0aa9f6fd
review_9579,division_dfe2db74975e0aa9f6fd
review_9580,division_dfe2db74975e0aa9f6fd
review_9581,division_dfe2db74975e0aa9f6fd
review_9582,division_dfe2db74975e0aa9f6fd
review_9583,division_dfe2db74975e0aa9f6fd
review_9584,division_55b19b36aa7567f7ecbf
review_9585,division_55b19b36aa7567f7ecbf
review_9586,division_dfe2db74975e0aa9f6fd
review_9587,division_dfe2db74975e0aa9f6fd
review_9588,division_55b19b36aa7567f7ecbf
review_9589,division_dfe2db74975e0aa9f6fd
review_9590,division_dfe2db74975e0aa9f6fd
review_9591,division_55b19b36aa7567f7ecbf
review_9592,division_dfe2db74975e0aa9f6fd
review_9593,division_dfe2db74975e0aa9f6fd
review_9594,division_dfe2db74975e0aa9f6fd
review_9595,division_55b19b36aa7567f7ecbf
review_9596,division_55b19b36aa7567f7ecbf
review_9597,division_dfe2db74975e0aa9f6fd
review_9598,division_55b19b36aa7567f7ecbf
review_9599,division_dfe2db74975e0aa9f6fd
review_9600,division_55b19b36aa7567f7ecbf
review_9601,division_dfe2db74975e0aa9f6fd
review_9602,division_dfe2db74975e0aa9f6fd
review_9603,division_dfe2db74975e0aa9f6fd
review_9604,division_dfe2db74975e0aa9f6fd
review_9605,division_dfe2db74975e0aa9f6fd
review_9606,division_dfe2db74975e0aa9f6fd
review_9607,division_dfe2db74975e0aa9f6fd
review_9608,division_dfe2db74975e0aa9f6fd
review_9609,division_dfe2db74975e0aa9f6fd
review_9610,division_dfe2db74975e0aa9f6fd
review_9611,division_55b19b36aa7567f7ecbf
review_9612,division_dfe2db74975e0aa9f6fd
review_9613,division_dfe2db74975e0aa9f6fd
review_9614,division_dfe2db74975e0aa9f6fd
review_9615,division_dfe2db74975e0aa9f6fd
review_9616,division_55b19b36aa7567f7ecbf
review_9617,division_dfe2db74975e0aa9f6fd
review_9618,division_dfe2db74975e0aa9f6fd
review_9619,division_55b19b36aa7567f7ecbf
review_9620,division_55b19b36aa7567f7ecbf
review_9621,division_55b19b36aa7567f7ecbf
review_9622,division_df561e6f16d9f3e64a28
review_9623,division_55b19b36aa7567f7ecbf
review_9624,division_55b19b36aa7567f7ecbf
review_9625,division_dfe2db74975e0aa9f6fd
review_9626,division_dfe2db74975e0aa9f6fd
review_9627,division_55b19b36aa7567f7ecbf
review_9628,division_dfe2db74975e0aa9f6fd
review_9629,division_dfe2db74975e0aa9f6fd
review_9630,division_dfe2db74975e0aa9f6fd
review_9631,division_dfe2db74975e0aa9f6fd
review_9632,division_dfe2db74975e0aa9f6fd
review_9633,division_dfe2db74975e0aa9f6fd
review_9634,division_dfe2db74975e0aa9f6fd
review_9635,division_dfe2db74975e0aa9f6fd
review_9636,division_dfe2db74975e0aa9f6fd
review_9637,division_dfe2db74975e0aa9f6fd
review_9638,division_dfe2db74975e0aa9f6fd
review_9639,division_dfe2db74975e0aa9f6fd
review_9640,division_dfe2db74975e0aa9f6fd
review_9641,division_dfe2db74975e0aa9f6fd
review_9642,division_dfe2db74975e0aa9f6fd
review_9643,division_dfe2db74975e0aa9f6fd
review_9644,division_dfe2db74975e0aa9f6fd
review_9645,division_55b19b36aa7567f7ecbf
review_9646,division_dfe2db74975e0aa9f6fd
review_9647,division_55b19b36aa7567f7ecbf
review_9648,division_55b19b36aa7567f7ecbf
review_9649,division_df561e6f16d9f3e64a28
review_9650,division_55b19b36aa7567f7ecbf
review_9651,division_55b19b36aa7567f7ecbf
review_9652,division_55b19b36aa7567f7ecbf
review_9653,division_dfe2db74975e0aa9f6fd
review_9654,division_55b19b36aa7567f7ecbf
review_9655,division_55b19b36aa7567f7ecbf
review_9656,division_55b19b36aa7567f7ecbf
review_9657,division_dfe2db74975e0aa9f6fd
review_9658,division_55b19b36aa7567f7ecbf
review_9659,division_55b19b36aa7567f7ecbf
review_9660,division_55b19b36aa7567f7ecbf
review_9661,division_55b19b36aa7567f7ecbf
review_9662,division_55b19b36aa7567f7ecbf
review_9663,division_55b19b36aa7567f7ecbf
review_9664,division_dfe2db74975e0aa9f6fd
review_9665,division_55b19b36aa7567f7ecbf
review_9666,division_55b19b36aa7567f7ecbf
review_9667,division_55b19b36aa7567f7ecbf
review_9668,division_55b19b36aa7567f7ecbf
review_9669,division_55b19b36aa7567f7ecbf
review_9670,division_dfe2db74975e0aa9f6fd
review_9671,division_55b19b36aa7567f7ecbf
review_9672,division_dfe2db74975e0aa9f6fd
review_9673,division_dfe2db74975e0aa9f6fd
review_9674,division_55b19b36aa7567f7ecbf
review_9675,division_dfe2db74975e0aa9f6fd
review_9676,division_dfe2db74975e0aa9f6fd
review_9677,division_55b19b36aa7567f7ecbf
review_9678,division_55b19b36aa7567f7ecbf
review_9679,division_dfe2db74975e0aa9f6fd
review_9680,division_55b19b36aa7567f7ecbf
review_9681,division_dfe2db74975e0aa9f6fd
review_9682,division_55b19b36aa7567f7ecbf
review_9683,division_dfe2db74975e0aa9f6fd
review_9684,division_dfe2db74975e0aa9f6fd
review_9685,division_dfe2db74975e0aa9f6fd
review_9686,division_dfe2db74975e0aa9f6fd
review_9687,division_dfe2db74975e0aa9f6fd
review_9688,division_dfe2db74975e0aa9f6fd
review_9689,division_dfe2db74975e0aa9f6fd
review_9690,division_dfe2db74975e0aa9f6fd
review_9691,division_dfe2db74975e0aa9f6fd
review_9692,division_dfe2db74975e0aa9f6fd
review_9693,division_dfe2db74975e0aa9f6fd
review_9694,division_dfe2db74975e0aa9f6fd
review_9695,division_dfe2db74975e0aa9f6fd
review_9696,division_dfe2db74975e0aa9f6fd
review_9697,division_dfe2db74975e0aa9f6fd
review_9698,division_55b19b36aa7567f7ecbf
review_9699,division_dfe2db74975e0aa9f6fd
review_9700,division_dfe2db74975e0aa9f6fd
review_9701,division_dfe2db74975e0aa9f6fd
review_9702,division_dfe2db74975e0aa9f6fd
review_9703,division_dfe2db74975e0aa9f6fd
review_9704,division_dfe2db74975e0aa9f6fd
review_9705,division_dfe2db74975e0aa9f6fd
review_9706,division_dfe2db74975e0aa9f6fd
review_9707,division_dfe2db74975e0aa9f6fd
review_9708,division_dfe2db74975e0aa9f6fd
review_9709,division_dfe2db74975e0aa9f6fd
review_9710,division_dfe2db74975e0aa9f6fd
review_9711,division_dfe2db74975e0aa9f6fd
review_9712,division_dfe2db74975e0aa9f6fd
review_9713,division_dfe2db74975e0aa9f6fd
review_9714,division_dfe2db74975e0aa9f6fd
review_9715,division_dfe2db74975e0aa9f6fd
review_9716,division_dfe2db74975e0aa9f6fd
review_9717,division_55b19b36aa7567f7ecbf
review_9718,division_55b19b36aa7567f7ecbf
review_9719,division_dfe2db74975e0aa9f6fd
review_9720,division_dfe2db74975e0aa9f6fd
review_9721,division_df561e6f16d9f3e64a28
review_9722,division_dfe2db74975e0aa9f6fd
review_9723,division_dfe2db74975e0aa9f6fd
review_9724,division_dfe2db74975e0aa9f6fd
review_9725,division_dfe2db74975e0aa9f6fd
review_9726,division_dfe2db74975e0aa9f6fd
review_9727,division_dfe2db74975e0aa9f6fd
review_9728,division_55b19b36aa7567f7ecbf
review_9729,division_dfe2db74975e0aa9f6fd
review_9730,division_dfe2db74975e0aa9f6fd
review_9731,division_dfe2db74975e0aa9f6fd
review_9732,division_dfe2db74975e0aa9f6fd
review_9733,division_dfe2db74975e0aa9f6fd
review_9734,division_dfe2db74975e0aa9f6fd
review_9735,division_dfe2db74975e0aa9f6fd
review_9736,division_dfe2db74975e0aa9f6fd
review_9737,division_dfe2db74975e0aa9f6fd
review_9738,division_dfe2db74975e0aa9f6fd
review_9739,division_dfe2db74975e0aa9f6fd
review_9740,division_dfe2db74975e0aa9f6fd
review_9741,division_dfe2db74975e0aa9f6fd
review_9742,division_dfe2db74975e0aa9f6fd
review_9743,division_dfe2db74975e0aa9f6fd
review_9744,division_55b19b36aa7567f7ecbf
review_9745,division_dfe2db74975e0aa9f6fd
review_9746,division_dfe2db74975e0aa9f6fd
review_9747,division_dfe2db74975e0aa9f6fd
review_9748,division_dfe2db74975e0aa9f6fd
review_9749,division_dfe2db74975e0aa9f6fd
review_9750,division_dfe2db74975e0aa9f6fd
review_9751,division_dfe2db74975e0aa9f6fd
review_9752,division_dfe2db74975e0aa9f6fd
review_9753,division_dfe2db74975e0aa9f6fd
review_9754,division_dfe2db74975e0aa9f6fd
review_9755,division_55b19b36aa7567f7ecbf
review_9756,division_55b19b36aa7567f7ecbf
review_9757,division_55b19b36aa7567f7ecbf
review_9758,division_dfe2db74975e0aa9f6fd
review_9759,division_55b19b36aa7567f7ecbf
review_9760,division_dfe2db74975e0aa9f6fd
review_9761,division_df561e6f16d9f3e64a28
review_9762,division_dfe2db74975e0aa9f6fd
review_9763,division_dfe2db74975e0aa9f6fd
review_9764,division_dfe2db74975e0aa9f6fd
review_9765,division_dfe2db74975e0aa9f6fd
review_9766,division_dfe2db74975e0aa9f6fd
review_9767,division_dfe2db74975e0aa9f6fd
review_9768,division_55b19b36aa7567f7ecbf
review_9769,division_dfe2db74975e0aa9f6fd
review_9770,division_55b19b36aa7567f7ecbf
review_9771,division_55b19b36aa7567f7ecbf
review_9772,division_dfe2db74975e0aa9f6fd
review_9773,division_dfe2db74975e0aa9f6fd
review_9774,division_55b19b36aa7567f7ecbf
review_9775,division_dfe2db74975e0aa9f6fd
review_9776,division_dfe2db74975e0aa9f6fd
review_9777,division_dfe2db74975e0aa9f6fd
review_9778,division_dfe2db74975e0aa9f6fd
review_9779,division_55b19b36aa7567f7ecbf
review_9780,division_df561e6f16d9f3e64a28
review_9781,division_55b19b36aa7567f7ecbf
review_9782,division_55b19b36aa7567f7ecbf
review_9783,division_55b19b36aa7567f7ecbf
review_9784,division_dfe2db74975e0aa9f6fd
review_9785,division_55b19b36aa7567f7ecbf
review_9786,division_55b19b36aa7567f7ecbf
review_9787,division_55b19b36aa7567f7ecbf
review_9788,division_dfe2db74975e0aa9f6fd
review_9789,division_55b19b36aa7567f7ecbf
review_9790,division_55b19b36aa7567f7ecbf
review_9791,division_55b19b36aa7567f7ecbf
review_9792,division_dfe2db74975e0aa9f6fd
review_9793,division_df561e6f16d9f3e64a28
review_9794,division_55b19b36aa7567f7ecbf
review_9795,division_df561e6f16d9f3e64a28
review_9796,division_df561e6f16d9f3e64a28
review_9797,division_55b19b36aa7567f7ecbf
review_9798,division_55b19b36aa7567f7ecbf
review_9799,division_55b19b36aa7567f7ecbf
review_9800,division_df561e6f16d9f3e64a28
review_9801,division_55b19b36aa7567f7ecbf
review_9802,division_df561e6f16d9f3e64a28
review_9803,division_55b19b36aa7567f7ecbf
review_9804,division_55b19b36aa7567f7ecbf
review_9805,division_df561e6f16d9f3e64a28
review_9806,division_55b19b36aa7567f7ecbf
review_9807,division_dfe2db74975e0aa9f6fd
review_9808,division_df561e6f16d9f3e64a28
review_9809,division_dfe2db74975e0aa9f6fd
review_9810,division_55b19b36aa7567f7ecbf
review_9811,division_55b19b36aa7567f7ecbf
review_9812,division_55b19b36aa7567f7ecbf
review_9813,division_dfe2db74975e0aa9f6fd
review_9814,division_55b19b36aa7567f7ecbf
review_9815,division_55b19b36aa7567f7ecbf
review_9816,division_55b19b36aa7567f7ecbf
review_9817,division_55b19b36aa7567f7ecbf
review_9818,division_55b19b36aa7567f7ecbf
review_9819,division_55b19b36aa7567f7ecbf
review_9820,division_55b19b36aa7567f7ecbf
review_9821,division_55b19b36aa7567f7ecbf
review_9822,division_55b19b36aa7567f7ecbf
review_9823,division_dfe2db74975e0aa9f6fd
review_9824,division_dfe2db74975e0aa9f6fd
review_9825,division_dfe2db74975e0aa9f6fd
review_9826,division_55b19b36aa7567f7ecbf
review_9827,division_55b19b36aa7567f7ecbf
review_9828,division_55b19b36aa7567f7ecbf
review_9829,division_55b19b36aa7567f7ecbf
review_9830,division_dfe2db74975e0aa9f6fd
review_9831,division_dfe2db74975e0aa9f6fd
review_9832,division_55b19b36aa7567f7ecbf
review_9833,division_dfe2db74975e0aa9f6fd
review_9834,division_55b19b36aa7567f7ecbf
review_9835,division_55b19b36aa7567f7ecbf
review_9836,division_dfe2db74975e0aa9f6fd
review_9837,division_55b19b36aa7567f7ecbf
review_9838,division_55b19b36aa7567f7ecbf
review_9839,division_55b19b36aa7567f7ecbf
review_9840,division_dfe2db74975e0aa9f6fd
review_9841,division_dfe2db74975e0aa9f6fd
review_9842,division_55b19b36aa7567f7ecbf
review_9843,division_dfe2db74975e0aa9f6fd
review_9844,division_dfe2db74975e0aa9f6fd
review_9845,division_55b19b36aa7567f7ecbf
review_9846,division_dfe2db74975e0aa9f6fd
review_9847,division_dfe2db74975e0aa9f6fd
review_9848,division_dfe2db74975e0aa9f6fd
review_9849,division_55b19b36aa7567f7ecbf
review_9850,division_dfe2db74975e0aa9f6fd
review_9851,division_dfe2db74975e0aa9f6fd
review_9852,division_dfe2db74975e0aa9f6fd
review_9853,division_55b19b36aa7567f7ecbf
review_9854,division_dfe2db74975e0aa9f6fd
review_9855,division_dfe2db74975e0aa9f6fd
review_9856,division_dfe2db74975e0aa9f6fd
review_9857,division_dfe2db74975e0aa9f6fd
review_9858,division_dfe2db74975e0aa9f6fd
review_9859,division_dfe2db74975e0aa9f6fd
review_9860,division_dfe2db74975e0aa9f6fd
review_9861,division_dfe2db74975e0aa9f6fd
review_9862,division_dfe2db74975e0aa9f6fd
review_9863,division_dfe2db74975e0aa9f6fd
review_9864,division_dfe2db74975e0aa9f6fd
review_9865,division_dfe2db74975e0aa9f6fd
review_9866,division_dfe2db74975e0aa9f6fd
review_9867,division_dfe2db74975e0aa9f6fd
review_9868,division_dfe2db74975e0aa9f6fd
review_9869,division_55b19b36aa7567f7ecbf
review_9870,division_dfe2db74975e0aa9f6fd
review_9871,division_dfe2db74975e0aa9f6fd
review_9872,division_dfe2db74975e0aa9f6fd
review_9873,division_55b19b36aa7567f7ecbf
review_9874,division_dfe2db74975e0aa9f6fd
review_9875,division_dfe2db74975e0aa9f6fd
review_9876,division_dfe2db74975e0aa9f6fd
review_9877,division_55b19b36aa7567f7ecbf
review_9878,division_dfe2db74975e0aa9f6fd
review_9879,division_dfe2db74975e0aa9f6fd
review_9880,division_55b19b36aa7567f7ecbf
review_9881,division_dfe2db74975e0aa9f6fd
review_9882,division_dfe2db74975e0aa9f6fd
review_9883,division_55b19b36aa7567f7ecbf
review_9884,division_dfe2db74975e0aa9f6fd
review_9885,division_dfe2db74975e0aa9f6fd
review_9886,division_55b19b36aa7567f7ecbf
review_9887,division_df561e6f16d9f3e64a28
review_9888,division_dfe2db74975e0aa9f6fd
review_9889,division_dfe2db74975e0aa9f6fd
review_9890,division_55b19b36aa7567f7ecbf
review_9891,division_55b19b36aa7567f7ecbf
review_9892,division_55b19b36aa7567f7ecbf
review_9893,division_55b19b36aa7567f7ecbf
review_9894,division_55b19b36aa7567f7ecbf
review_9895,division_dfe2db74975e0aa9f6fd
review_9896,division_dfe2db74975e0aa9f6fd
review_9897,division_dfe2db74975e0aa9f6fd
review_9898,division_dfe2db74975e0aa9f6fd
review_9899,division_55b19b36aa7567f7ecbf
review_9900,division_dfe2db74975e0aa9f6fd
review_9901,division_55b19b36aa7567f7ecbf
review_9902,division_dfe2db74975e0aa9f6fd
review_9903,division_55b19b36aa7567f7ecbf
review_9904,division_dfe2db74975e0aa9f6fd
review_9905,division_dfe2db74975e0aa9f6fd
review_9906,division_dfe2db74975e0aa9f6fd
review_9907,division_dfe2db74975e0aa9f6fd
review_9908,division_55b19b36aa7567f7ecbf
review_9909,division_dfe2db74975e0aa9f6fd
review_9910,division_dfe2db74975e0aa9f6fd
review_9911,division_dfe2db74975e0aa9f6fd
review_9912,division_dfe2db74975e0aa9f6fd
review_9913,division_dfe2db74975e0aa9f6fd
review_9914,division_dfe2db74975e0aa9f6fd
review_9915,division_55b19b36aa7567f7ecbf
review_9916,division_dfe2db74975e0aa9f6fd
review_9917,division_dfe2db74975e0aa9f6fd
review_9918,division_dfe2db74975e0aa9f6fd
review_9919,division_55b19b36aa7567f7ecbf
review_9920,division_dfe2db74975e0aa9f6fd
review_9921,division_dfe2db74975e0aa9f6fd
review_9922,division_dfe2db74975e0aa9f6fd
review_9923,division_dfe2db74975e0aa9f6fd
review_9924,division_55b19b36aa7567f7ecbf
review_9925,division_dfe2db74975e0aa9f6fd
review_9926,division_dfe2db74975e0aa9f6fd
review_9927,division_dfe2db74975e0aa9f6fd
review_9928,division_dfe2db74975e0aa9f6fd
review_9929,division_dfe2db74975e0aa9f6fd
review_9930,division_dfe2db74975e0aa9f6fd
review_9931,division_dfe2db74975e0aa9f6fd
review_9932,division_dfe2db74975e0aa9f6fd
review_9933,division_dfe2db74975e0aa9f6fd
review_9934,division_df561e6f16d9f3e64a28
review_9935,division_dfe2db74975e0aa9f6fd
review_9936,division_dfe2db74975e0aa9f6fd
review_9937,division_dfe2db74975e0aa9f6fd
review_9938,division_dfe2db74975e0aa9f6fd
review_9939,division_dfe2db74975e0aa9f6fd
review_9940,division_dfe2db74975e0aa9f6fd
review_9941,division_dfe2db74975e0aa9f6fd
review_9942,division_dfe2db74975e0aa9f6fd
review_9943,division_dfe2db74975e0aa9f6fd
review_9944,division_dfe2db74975e0aa9f6fd
review_9945,division_dfe2db74975e0aa9f6fd
review_9946,division_dfe2db74975e0aa9f6fd
review_9947,division_55b19b36aa7567f7ecbf
review_9948,division_dfe2db74975e0aa9f6fd
review_9949,division_dfe2db74975e0aa9f6fd
review_9950,division_dfe2db74975e0aa9f6fd
review_9951,division_dfe2db74975e0aa9f6fd
review_9952,division_dfe2db74975e0aa9f6fd
review_9953,division_dfe2db74975e0aa9f6fd
review_9954,division_dfe2db74975e0aa9f6fd
review_9955,division_dfe2db74975e0aa9f6fd
review_9956,division_dfe2db74975e0aa9f6fd
review_9957,division_dfe2db74975e0aa9f6fd
review_9958,division_dfe2db74975e0aa9f6fd
review_9959,division_dfe2db74975e0aa9f6fd
review_9960,division_dfe2db74975e0aa9f6fd
review_9961,division_dfe2db74975e0aa9f6fd
review_9962,division_dfe2db74975e0aa9f6fd
review_9963,division_55b19b36aa7567f7ecbf
review_9964,division_dfe2db74975e0aa9f6fd
review_9965,division_dfe2db74975e0aa9f6fd
review_9966,division_dfe2db74975e0aa9f6fd
review_9967,division_dfe2db74975e0aa9f6fd
review_9968,division_dfe2db74975e0aa9f6fd
review_9969,division_dfe2db74975e0aa9f6fd
review_9970,division_dfe2db74975e0aa9f6fd
review_9971,division_dfe2db74975e0aa9f6fd
review_9972,division_dfe2db74975e0aa9f6fd
review_9973,division_dfe2db74975e0aa9f6fd
review_9974,division_dfe2db74975e0aa9f6fd
review_9975,division_dfe2db74975e0aa9f6fd
review_9976,division_dfe2db74975e0aa9f6fd
review_9977,division_dfe2db74975e0aa9f6fd
review_9978,division_dfe2db74975e0aa9f6fd
review_9979,division_dfe2db74975e0aa9f6fd
review_9980,division_dfe2db74975e0aa9f6fd
review_9981,division_dfe2db74975e0aa9f6fd
review_9982,division_dfe2db74975e0aa9f6fd
review_9983,division_dfe2db74975e0aa9f6fd
review_9984,division_dfe2db74975e0aa9f6fd
review_9985,division_dfe2db74975e0aa9f6fd
review_9986,division_dfe2db74975e0aa9f6fd
review_9987,division_55b19b36aa7567f7ecbf
review_9988,division_dfe2db74975e0aa9f6fd
review_9989,division_dfe2db74975e0aa9f6fd
review_9990,division_dfe2db74975e0aa9f6fd
review_9991,division_dfe2db74975e0aa9f6fd
review_9992,division_dfe2db74975e0aa9f6fd
review_9993,division_dfe2db74975e0aa9f6fd
review_9994,division_dfe2db74975e0aa9f6fd
review_9995,division_dfe2db74975e0aa9f6fd
review_9996,division_dfe2db74975e0aa9f6fd
review_9997,division_55b19b36aa7567f7ecbf
review_9998,division_55b19b36aa7567f7ecbf
review_9999,division_55b19b36aa7567f7ecbf
review_10000,division_55b19b36aa7567f7ecbf
review_10001,division_dfe2db74975e0aa9f6fd
review_10002,division_dfe2db74975e0aa9f6fd
review_10003,division_55b19b36aa7567f7ecbf
review_10004,division_dfe2db74975e0aa9f6fd
review_10005,division_dfe2db74975e0aa9f6fd
review_10006,division_55b19b36aa7567f7ecbf
review_10007,division_dfe2db74975e0aa9f6fd
review_10008,division_dfe2db74975e0aa9f6fd
review_10009,division_55b19b36aa7567f7ecbf
review_10010,division_dfe2db74975e0aa9f6fd
review_10011,division_dfe2db74975e0aa9f6fd
review_10012,division_dfe2db74975e0aa9f6fd
review_10013,division_dfe2db74975e0aa9f6fd
review_10014,division_dfe2db74975e0aa9f6fd
review_10015,division_dfe2db74975e0aa9f6fd
review_10016,division_dfe2db74975e0aa9f6fd
review_10017,division_dfe2db74975e0aa9f6fd
review_10018,division_dfe2db74975e0aa9f6fd
review_10019,division_dfe2db74975e0aa9f6fd
review_10020,division_dfe2db74975e0aa9f6fd
review_10021,division_55b19b36aa7567f7ecbf
review_10022,division_dfe2db74975e0aa9f6fd
review_10023,division_dfe2db74975e0aa9f6fd
review_10024,division_55b19b36aa7567f7ecbf
review_10025,division_dfe2db74975e0aa9f6fd
review_10026,division_55b19b36aa7567f7ecbf
review_10027,division_dfe2db74975e0aa9f6fd
review_10028,division_dfe2db74975e0aa9f6fd
review_10029,division_dfe2db74975e0aa9f6fd
review_10030,division_dfe2db74975e0aa9f6fd
review_10031,division_55b19b36aa7567f7ecbf
review_10032,division_dfe2db74975e0aa9f6fd
review_10033,division_dfe2db74975e0aa9f6fd
review_10034,division_dfe2db74975e0aa9f6fd
review_10035,division_dfe2db74975e0aa9f6fd
review_10036,division_dfe2db74975e0aa9f6fd
review_10037,division_dfe2db74975e0aa9f6fd
review_10038,division_55b19b36aa7567f7ecbf
review_10039,division_dfe2db74975e0aa9f6fd
review_10040,division_55b19b36aa7567f7ecbf
review_10041,division_dfe2db74975e0aa9f6fd
review_10042,division_dfe2db74975e0aa9f6fd
review_10043,division_dfe2db74975e0aa9f6fd
review_10044,division_dfe2db74975e0aa9f6fd
review_10045,division_dfe2db74975e0aa9f6fd
review_10046,division_55b19b36aa7567f7ecbf
review_10047,division_55b19b36aa7567f7ecbf
review_10048,division_dfe2db74975e0aa9f6fd
review_10049,division_55b19b36aa7567f7ecbf
review_10050,division_55b19b36aa7567f7ecbf
review_10051,division_dfe2db74975e0aa9f6fd
review_10052,division_dfe2db74975e0aa9f6fd
review_10053,division_55b19b36aa7567f7ecbf
review_10054,division_55b19b36aa7567f7ecbf
review_10055,division_dfe2db74975e0aa9f6fd
review_10056,division_55b19b36aa7567f7ecbf
review_10057,division_55b19b36aa7567f7ecbf
review_10058,division_dfe2db74975e0aa9f6fd
review_10059,division_55b19b36aa7567f7ecbf
review_10060,division_dfe2db74975e0aa9f6fd
review_10061,division_df561e6f16d9f3e64a28
review_10062,division_dfe2db74975e0aa9f6fd
review_10063,division_55b19b36aa7567f7ecbf
review_10064,division_dfe2db74975e0aa9f6fd
review_10065,division_55b19b36aa7567f7ecbf
review_10066,division_dfe2db74975e0aa9f6fd
review_10067,division_df561e6f16d9f3e64a28
review_10068,division_55b19b36aa7567f7ecbf
review_10069,division_dfe2db74975e0aa9f6fd
review_10070,division_dfe2db74975e0aa9f6fd
review_10071,division_55b19b36aa7567f7ecbf
review_10072,division_dfe2db74975e0aa9f6fd
review_10073,division_dfe2db74975e0aa9f6fd
review_10074,division_55b19b36aa7567f7ecbf
review_10075,division_dfe2db74975e0aa9f6fd
review_10076,division_dfe2db74975e0aa9f6fd
review_10077,division_dfe2db74975e0aa9f6fd
review_10078,division_55b19b36aa7567f7ecbf
review_10079,division_55b19b36aa7567f7ecbf
review_10080,division_dfe2db74975e0aa9f6fd
review_10081,division_dfe2db74975e0aa9f6fd
review_10082,division_dfe2db74975e0aa9f6fd
review_10083,division_55b19b36aa7567f7ecbf
review_10084,division_dfe2db74975e0aa9f6fd
review_10085,division_dfe2db74975e0aa9f6fd
review_10086,division_dfe2db74975e0aa9f6fd
review_10087,division_55b19b36aa7567f7ecbf
review_10088,division_dfe2db74975e0aa9f6fd
review_10089,division_dfe2db74975e0aa9f6fd
review_10090,division_55b19b36aa7567f7ecbf
review_10091,division_dfe2db74975e0aa9f6fd
review_10092,division_55b19b36aa7567f7ecbf
review_10093,division_dfe2db74975e0aa9f6fd
review_10094,division_dfe2db74975e0aa9f6fd
review_10095,division_55b19b36aa7567f7ecbf
review_10096,division_dfe2db74975e0aa9f6fd
review_10097,division_55b19b36aa7567f7ecbf
review_10098,division_dfe2db74975e0aa9f6fd
review_10099,division_dfe2db74975e0aa9f6fd
review_10100,division_dfe2db74975e0aa9f6fd
review_10101,division_dfe2db74975e0aa9f6fd
review_10102,division_dfe2db74975e0aa9f6fd
review_10103,division_dfe2db74975e0aa9f6fd
review_10104,division_dfe2db74975e0aa9f6fd
review_10105,division_55b19b36aa7567f7ecbf
review_10106,division_dfe2db74975e0aa9f6fd
review_10107,division_dfe2db74975e0aa9f6fd
review_10108,division_55b19b36aa7567f7ecbf
review_10109,division_dfe2db74975e0aa9f6fd
review_10110,division_dfe2db74975e0aa9f6fd
review_10111,division_dfe2db74975e0aa9f6fd
review_10112,division_dfe2db74975e0aa9f6fd
review_10113,division_dfe2db74975e0aa9f6fd
review_10114,division_dfe2db74975e0aa9f6fd
review_10115,division_55b19b36aa7567f7ecbf
review_10116,division_dfe2db74975e0aa9f6fd
review_10117,division_dfe2db74975e0aa9f6fd
review_10118,division_dfe2db74975e0aa9f6fd
review_10119,division_dfe2db74975e0aa9f6fd
review_10120,division_55b19b36aa7567f7ecbf
review_10121,division_dfe2db74975e0aa9f6fd
review_10122,division_55b19b36aa7567f7ecbf
review_10123,division_55b19b36aa7567f7ecbf
review_10124,division_55b19b36aa7567f7ecbf
review_10125,division_55b19b36aa7567f7ecbf
review_10126,division_55b19b36aa7567f7ecbf
review_10127,division_55b19b36aa7567f7ecbf
review_10128,division_55b19b36aa7567f7ecbf
review_10129,division_55b19b36aa7567f7ecbf
review_10130,division_55b19b36aa7567f7ecbf
review_10131,division_55b19b36aa7567f7ecbf
review_10132,division_55b19b36aa7567f7ecbf
review_10133,division_55b19b36aa7567f7ecbf
review_10134,division_dfe2db74975e0aa9f6fd
review_10135,division_dfe2db74975e0aa9f6fd
review_10136,division_55b19b36aa7567f7ecbf
review_10137,division_55b19b36aa7567f7ecbf
review_10138,division_55b19b36aa7567f7ecbf
review_10139,division_55b19b36aa7567f7ecbf
review_10140,division_55b19b36aa7567f7ecbf
review_10141,division_dfe2db74975e0aa9f6fd
review_10142,division_55b19b36aa7567f7ecbf
review_10143,division_dfe2db74975e0aa9f6fd
review_10144,division_55b19b36aa7567f7ecbf
review_10145,division_55b19b36aa7567f7ecbf
review_10146,division_55b19b36aa7567f7ecbf
review_10147,division_55b19b36aa7567f7ecbf
review_10148,division_55b19b36aa7567f7ecbf
review_10149,division_55b19b36aa7567f7ecbf
review_10150,division_55b19b36aa7567f7ecbf
review_10151,division_55b19b36aa7567f7ecbf
review_10152,division_55b19b36aa7567f7ecbf
review_10153,division_55b19b36aa7567f7ecbf
review_10154,division_55b19b36aa7567f7ecbf
review_10155,division_55b19b36aa7567f7ecbf
review_10156,division_55b19b36aa7567f7ecbf
review_10157,division_55b19b36aa7567f7ecbf
review_10158,division_55b19b36aa7567f7ecbf
review_10159,division_dfe2db74975e0aa9f6fd
review_10160,division_dfe2db74975e0aa9f6fd
review_10161,division_dfe2db74975e0aa9f6fd
review_10162,division_df561e6f16d9f3e64a28
review_10163,division_dfe2db74975e0aa9f6fd
review_10164,division_dfe2db74975e0aa9f6fd
review_10165,division_dfe2db74975e0aa9f6fd
review_10166,division_dfe2db74975e0aa9f6fd
review_10167,division_dfe2db74975e0aa9f6fd
review_10168,division_dfe2db74975e0aa9f6fd
review_10169,division_df561e6f16d9f3e64a28
review_10170,division_dfe2db74975e0aa9f6fd
review_10171,division_dfe2db74975e0aa9f6fd
review_10172,division_dfe2db74975e0aa9f6fd
review_10173,division_dfe2db74975e0aa9f6fd
review_10174,division_dfe2db74975e0aa9f6fd
review_10175,division_df561e6f16d9f3e64a28
review_10176,division_dfe2db74975e0aa9f6fd
review_10177,division_dfe2db74975e0aa9f6fd
review_10178,division_df561e6f16d9f3e64a28
review_10179,division_dfe2db74975e0aa9f6fd
review_10180,division_dfe2db74975e0aa9f6fd
review_10181,division_dfe2db74975e0aa9f6fd
review_10182,division_dfe2db74975e0aa9f6fd
review_10183,division_dfe2db74975e0aa9f6fd
review_10184,division_df561e6f16d9f3e64a28
review_10185,division_df561e6f16d9f3e64a28
review_10186,division_dfe2db74975e0aa9f6fd
review_10187,division_dfe2db74975e0aa9f6fd
review_10188,division_dfe2db74975e0aa9f6fd
review_10189,division_dfe2db74975e0aa9f6fd
review_10190,division_df561e6f16d9f3e64a28
review_10191,division_dfe2db74975e0aa9f6fd
review_10192,division_55b19b36aa7567f7ecbf
review_10193,division_dfe2db74975e0aa9f6fd
review_10194,division_dfe2db74975e0aa9f6fd
review_10195,division_dfe2db74975e0aa9f6fd
review_10196,division_dfe2db74975e0aa9f6fd
review_10197,division_dfe2db74975e0aa9f6fd
review_10198,division_dfe2db74975e0aa9f6fd
review_10199,division_dfe2db74975e0aa9f6fd
review_10200,division_dfe2db74975e0aa9f6fd
review_10201,division_df561e6f16d9f3e64a28
review_10202,division_55b19b36aa7567f7ecbf
review_10203,division_dfe2db74975e0aa9f6fd
review_10204,division_dfe2db74975e0aa9f6fd
review_10205,division_dfe2db74975e0aa9f6fd
review_10206,division_dfe2db74975e0aa9f6fd
review_10207,division_dfe2db74975e0aa9f6fd
review_10208,division_dfe2db74975e0aa9f6fd
review_10209,division_dfe2db74975e0aa9f6fd
review_10210,division_dfe2db74975e0aa9f6fd
review_10211,division_dfe2db74975e0aa9f6fd
review_10212,division_dfe2db74975e0aa9f6fd
review_10213,division_dfe2db74975e0aa9f6fd
review_10214,division_dfe2db74975e0aa9f6fd
review_10215,division_dfe2db74975e0aa9f6fd
review_10216,division_dfe2db74975e0aa9f6fd
review_10217,division_dfe2db74975e0aa9f6fd
review_10218,division_dfe2db74975e0aa9f6fd
review_10219,division_dfe2db74975e0aa9f6fd
review_10220,division_dfe2db74975e0aa9f6fd
review_10221,division_dfe2db74975e0aa9f6fd
review_10222,division_dfe2db74975e0aa9f6fd
review_10223,division_dfe2db74975e0aa9f6fd
review_10224,division_df561e6f16d9f3e64a28
review_10225,division_dfe2db74975e0aa9f6fd
review_10226,division_dfe2db74975e0aa9f6fd
review_10227,division_dfe2db74975e0aa9f6fd
review_10228,division_dfe2db74975e0aa9f6fd
review_10229,division_dfe2db74975e0aa9f6fd
review_10230,division_dfe2db74975e0aa9f6fd
review_10231,division_dfe2db74975e0aa9f6fd
review_10232,division_dfe2db74975e0aa9f6fd
review_10233,division_55b19b36aa7567f7ecbf
review_10234,division_dfe2db74975e0aa9f6fd
review_10235,division_dfe2db74975e0aa9f6fd
review_10236,division_dfe2db74975e0aa9f6fd
review_10237,division_dfe2db74975e0aa9f6fd
review_10238,division_55b19b36aa7567f7ecbf
review_10239,division_dfe2db74975e0aa9f6fd
review_10240,division_dfe2db74975e0aa9f6fd
review_10241,division_dfe2db74975e0aa9f6fd
review_10242,division_dfe2db74975e0aa9f6fd
review_10243,division_dfe2db74975e0aa9f6fd
review_10244,division_dfe2db74975e0aa9f6fd
review_10245,division_dfe2db74975e0aa9f6fd
review_10246,division_dfe2db74975e0aa9f6fd
review_10247,division_55b19b36aa7567f7ecbf
review_10248,division_dfe2db74975e0aa9f6fd
review_10249,division_dfe2db74975e0aa9f6fd
review_10250,division_dfe2db74975e0aa9f6fd
review_10251,division_dfe2db74975e0aa9f6fd
review_10252,division_55b19b36aa7567f7ecbf
review_10253,division_dfe2db74975e0aa9f6fd
review_10254,division_dfe2db74975e0aa9f6fd
review_10255,division_dfe2db74975e0aa9f6fd
review_10256,division_dfe2db74975e0aa9f6fd
review_10257,division_dfe2db74975e0aa9f6fd
review_10258,division_dfe2db74975e0aa9f6fd
review_10259,division_dfe2db74975e0aa9f6fd
review_10260,division_dfe2db74975e0aa9f6fd
review_10261,division_dfe2db74975e0aa9f6fd
review_10262,division_dfe2db74975e0aa9f6fd
review_10263,division_dfe2db74975e0aa9f6fd
review_10264,division_dfe2db74975e0aa9f6fd
review_10265,division_dfe2db74975e0aa9f6fd
review_10266,division_55b19b36aa7567f7ecbf
review_10267,division_dfe2db74975e0aa9f6fd
review_10268,division_dfe2db74975e0aa9f6fd
review_10269,division_dfe2db74975e0aa9f6fd
review_10270,division_dfe2db74975e0aa9f6fd
review_10271,division_55b19b36aa7567f7ecbf
review_10272,division_dfe2db74975e0aa9f6fd
review_10273,division_dfe2db74975e0aa9f6fd
review_10274,division_dfe2db74975e0aa9f6fd
review_10275,division_55b19b36aa7567f7ecbf
review_10276,division_dfe2db74975e0aa9f6fd
review_10277,division_dfe2db74975e0aa9f6fd
review_10278,division_dfe2db74975e0aa9f6fd
review_10279,division_dfe2db74975e0aa9f6fd
review_10280,division_dfe2db74975e0aa9f6fd
review_10281,division_55b19b36aa7567f7ecbf
review_10282,division_dfe2db74975e0aa9f6fd
review_10283,division_55b19b36aa7567f7ecbf
review_10284,division_dfe2db74975e0aa9f6fd
review_10285,division_dfe2db74975e0aa9f6fd
review_10286,division_dfe2db74975e0aa9f6fd
review_10287,division_dfe2db74975e0aa9f6fd
review_10288,division_dfe2db74975e0aa9f6fd
review_10289,division_dfe2db74975e0aa9f6fd
review_10290,division_dfe2db74975e0aa9f6fd
review_10291,division_55b19b36aa7567f7ecbf
review_10292,division_dfe2db74975e0aa9f6fd
review_10293,division_dfe2db74975e0aa9f6fd
review_10294,division_dfe2db74975e0aa9f6fd
review_10295,division_55b19b36aa7567f7ecbf
review_10296,division_55b19b36aa7567f7ecbf
review_10297,division_df561e6f16d9f3e64a28
review_10298,division_dfe2db74975e0aa9f6fd
review_10299,division_dfe2db74975e0aa9f6fd
review_10300,division_dfe2db74975e0aa9f6fd
review_10301,division_dfe2db74975e0aa9f6fd
review_10302,division_55b19b36aa7567f7ecbf
review_10303,division_dfe2db74975e0aa9f6fd
review_10304,division_dfe2db74975e0aa9f6fd
review_10305,division_dfe2db74975e0aa9f6fd
review_10306,division_dfe2db74975e0aa9f6fd
review_10307,division_dfe2db74975e0aa9f6fd
review_10308,division_dfe2db74975e0aa9f6fd
review_10309,division_dfe2db74975e0aa9f6fd
review_10310,division_dfe2db74975e0aa9f6fd
review_10311,division_dfe2db74975e0aa9f6fd
review_10312,division_dfe2db74975e0aa9f6fd
review_10313,division_dfe2db74975e0aa9f6fd
review_10314,division_55b19b36aa7567f7ecbf
review_10315,division_dfe2db74975e0aa9f6fd
review_10316,division_dfe2db74975e0aa9f6fd
review_10317,division_dfe2db74975e0aa9f6fd
review_10318,division_dfe2db74975e0aa9f6fd
review_10319,division_dfe2db74975e0aa9f6fd
review_10320,division_dfe2db74975e0aa9f6fd
review_10321,division_dfe2db74975e0aa9f6fd
review_10322,division_55b19b36aa7567f7ecbf
review_10323,division_dfe2db74975e0aa9f6fd
review_10324,division_dfe2db74975e0aa9f6fd
review_10325,division_55b19b36aa7567f7ecbf
review_10326,division_dfe2db74975e0aa9f6fd
review_10327,division_55b19b36aa7567f7ecbf
review_10328,division_dfe2db74975e0aa9f6fd
review_10329,division_df561e6f16d9f3e64a28
review_10330,division_dfe2db74975e0aa9f6fd
review_10331,division_dfe2db74975e0aa9f6fd
review_10332,division_dfe2db74975e0aa9f6fd
review_10333,division_dfe2db74975e0aa9f6fd
review_10334,division_dfe2db74975e0aa9f6fd
review_10335,division_dfe2db74975e0aa9f6fd
review_10336,division_df561e6f16d9f3e64a28
review_10337,division_dfe2db74975e0aa9f6fd
review_10338,division_dfe2db74975e0aa9f6fd
review_10339,division_dfe2db74975e0aa9f6fd
review_10340,division_dfe2db74975e0aa9f6fd
review_10341,division_dfe2db74975e0aa9f6fd
review_10342,division_dfe2db74975e0aa9f6fd
review_10343,division_dfe2db74975e0aa9f6fd
review_10344,division_55b19b36aa7567f7ecbf
review_10345,division_dfe2db74975e0aa9f6fd
review_10346,division_dfe2db74975e0aa9f6fd
review_10347,division_dfe2db74975e0aa9f6fd
review_10348,division_dfe2db74975e0aa9f6fd
review_10349,division_dfe2db74975e0aa9f6fd
review_10350,division_dfe2db74975e0aa9f6fd
review_10351,division_dfe2db74975e0aa9f6fd
review_10352,division_dfe2db74975e0aa9f6fd
review_10353,division_55b19b36aa7567f7ecbf
review_10354,division_dfe2db74975e0aa9f6fd
review_10355,division_dfe2db74975e0aa9f6fd
review_10356,division_55b19b36aa7567f7ecbf
review_10357,division_dfe2db74975e0aa9f6fd
review_10358,division_dfe2db74975e0aa9f6fd
review_10359,division_55b19b36aa7567f7ecbf
review_10360,division_dfe2db74975e0aa9f6fd
review_10361,division_dfe2db74975e0aa9f6fd
review_10362,division_dfe2db74975e0aa9f6fd
review_10363,division_dfe2db74975e0aa9f6fd
review_10364,division_dfe2db74975e0aa9f6fd
review_10365,division_55b19b36aa7567f7ecbf
review_10366,division_dfe2db74975e0aa9f6fd
review_10367,division_dfe2db74975e0aa9f6fd
review_10368,division_dfe2db74975e0aa9f6fd
review_10369,division_55b19b36aa7567f7ecbf
review_10370,division_dfe2db74975e0aa9f6fd
review_10371,division_dfe2db74975e0aa9f6fd
review_10372,division_dfe2db74975e0aa9f6fd
review_10373,division_55b19b36aa7567f7ecbf
review_10374,division_55b19b36aa7567f7ecbf
review_10375,division_dfe2db74975e0aa9f6fd
review_10376,division_55b19b36aa7567f7ecbf
review_10377,division_55b19b36aa7567f7ecbf
review_10378,division_55b19b36aa7567f7ecbf
review_10379,division_dfe2db74975e0aa9f6fd
review_10380,division_55b19b36aa7567f7ecbf
review_10381,division_dfe2db74975e0aa9f6fd
review_10382,division_dfe2db74975e0aa9f6fd
review_10383,division_dfe2db74975e0aa9f6fd
review_10384,division_dfe2db74975e0aa9f6fd
review_10385,division_55b19b36aa7567f7ecbf
review_10386,division_55b19b36aa7567f7ecbf
review_10387,division_55b19b36aa7567f7ecbf
review_10388,division_55b19b36aa7567f7ecbf
review_10389,division_dfe2db74975e0aa9f6fd
review_10390,division_55b19b36aa7567f7ecbf
review_10391,division_dfe2db74975e0aa9f6fd
review_10392,division_dfe2db74975e0aa9f6fd
review_10393,division_55b19b36aa7567f7ecbf
review_10394,division_dfe2db74975e0aa9f6fd
review_10395,division_dfe2db74975e0aa9f6fd
review_10396,division_55b19b36aa7567f7ecbf
review_10397,division_dfe2db74975e0aa9f6fd
review_10398,division_dfe2db74975e0aa9f6fd
review_10399,division_dfe2db74975e0aa9f6fd
review_10400,division_dfe2db74975e0aa9f6fd
review_10401,division_55b19b36aa7567f7ecbf
review_10402,division_dfe2db74975e0aa9f6fd
review_10403,division_dfe2db74975e0aa9f6fd
review_10404,division_dfe2db74975e0aa9f6fd
review_10405,division_55b19b36aa7567f7ecbf
review_10406,division_dfe2db74975e0aa9f6fd
review_10407,division_dfe2db74975e0aa9f6fd
review_10408,division_dfe2db74975e0aa9f6fd
review_10409,division_dfe2db74975e0aa9f6fd
review_10410,division_dfe2db74975e0aa9f6fd
review_10411,division_55b19b36aa7567f7ecbf
review_10412,division_dfe2db74975e0aa9f6fd
review_10413,division_55b19b36aa7567f7ecbf
review_10414,division_dfe2db74975e0aa9f6fd
review_10415,division_55b19b36aa7567f7ecbf
review_10416,division_dfe2db74975e0aa9f6fd
review_10417,division_dfe2db74975e0aa9f6fd
review_10418,division_dfe2db74975e0aa9f6fd
review_10419,division_dfe2db74975e0aa9f6fd
review_10420,division_55b19b36aa7567f7ecbf
review_10421,division_dfe2db74975e0aa9f6fd
review_10422,division_dfe2db74975e0aa9f6fd
review_10423,division_dfe2db74975e0aa9f6fd
review_10424,division_dfe2db74975e0aa9f6fd
review_10425,division_dfe2db74975e0aa9f6fd
review_10426,division_dfe2db74975e0aa9f6fd
review_10427,division_55b19b36aa7567f7ecbf
review_10428,division_dfe2db74975e0aa9f6fd
review_10429,division_dfe2db74975e0aa9f6fd
review_10430,division_55b19b36aa7567f7ecbf
review_10431,division_dfe2db74975e0aa9f6fd
review_10432,division_dfe2db74975e0aa9f6fd
review_10433,division_dfe2db74975e0aa9f6fd
review_10434,division_dfe2db74975e0aa9f6fd
review_10435,division_55b19b36aa7567f7ecbf
review_10436,division_dfe2db74975e0aa9f6fd
review_10437,division_dfe2db74975e0aa9f6fd
review_10438,division_dfe2db74975e0aa9f6fd
review_10439,division_55b19b36aa7567f7ecbf
review_10440,division_dfe2db74975e0aa9f6fd
review_10441,division_dfe2db74975e0aa9f6fd
review_10442,division_dfe2db74975e0aa9f6fd
review_10443,division_dfe2db74975e0aa9f6fd
review_10444,division_dfe2db74975e0aa9f6fd
review_10445,division_dfe2db74975e0aa9f6fd
review_10446,division_dfe2db74975e0aa9f6fd
review_10447,division_dfe2db74975e0aa9f6fd
review_10448,division_55b19b36aa7567f7ecbf
review_10449,division_dfe2db74975e0aa9f6fd
review_10450,division_dfe2db74975e0aa9f6fd
review_10451,division_dfe2db74975e0aa9f6fd
review_10452,division_55b19b36aa7567f7ecbf
review_10453,division_dfe2db74975e0aa9f6fd
review_10454,division_dfe2db74975e0aa9f6fd
review_10455,division_55b19b36aa7567f7ecbf
review_10456,division_dfe2db74975e0aa9f6fd
review_10457,division_dfe2db74975e0aa9f6fd
review_10458,division_dfe2db74975e0aa9f6fd
review_10459,division_dfe2db74975e0aa9f6fd
review_10460,division_55b19b36aa7567f7ecbf
review_10461,division_dfe2db74975e0aa9f6fd
review_10462,division_dfe2db74975e0aa9f6fd
review_10463,division_55b19b36aa7567f7ecbf
review_10464,division_dfe2db74975e0aa9f6fd
review_10465,division_dfe2db74975e0aa9f6fd
review_10466,division_dfe2db74975e0aa9f6fd
review_10467,division_dfe2db74975e0aa9f6fd
review_10468,division_dfe2db74975e0aa9f6fd
review_10469,division_55b19b36aa7567f7ecbf
review_10470,division_dfe2db74975e0aa9f6fd
review_10471,division_dfe2db74975e0aa9f6fd
review_10472,division_dfe2db74975e0aa9f6fd
review_10473,division_dfe2db74975e0aa9f6fd
review_10474,division_55b19b36aa7567f7ecbf
review_10475,division_dfe2db74975e0aa9f6fd
review_10476,division_dfe2db74975e0aa9f6fd
review_10477,division_dfe2db74975e0aa9f6fd
review_10478,division_dfe2db74975e0aa9f6fd
review_10479,division_dfe2db74975e0aa9f6fd
review_10480,division_dfe2db74975e0aa9f6fd
review_10481,division_55b19b36aa7567f7ecbf
review_10482,division_55b19b36aa7567f7ecbf
review_10483,division_df561e6f16d9f3e64a28
review_10484,division_dfe2db74975e0aa9f6fd
review_10485,division_dfe2db74975e0aa9f6fd
review_10486,division_dfe2db74975e0aa9f6fd
review_10487,division_55b19b36aa7567f7ecbf
review_10488,division_dfe2db74975e0aa9f6fd
review_10489,division_dfe2db74975e0aa9f6fd
review_10490,division_df561e6f16d9f3e64a28
review_10491,division_55b19b36aa7567f7ecbf
review_10492,division_55b19b36aa7567f7ecbf
review_10493,division_55b19b36aa7567f7ecbf
review_10494,division_dfe2db74975e0aa9f6fd
review_10495,division_dfe2db74975e0aa9f6fd
review_10496,division_df561e6f16d9f3e64a28
review_10497,division_55b19b36aa7567f7ecbf
review_10498,division_55b19b36aa7567f7ecbf
review_10499,division_dfe2db74975e0aa9f6fd
review_10500,division_df561e6f16d9f3e64a28
review_10501,division_df561e6f16d9f3e64a28
review_10502,division_55b19b36aa7567f7ecbf
review_10503,division_dfe2db74975e0aa9f6fd
review_10504,division_55b19b36aa7567f7ecbf
review_10505,division_55b19b36aa7567f7ecbf
review_10506,division_dfe2db74975e0aa9f6fd
review_10507,division_55b19b36aa7567f7ecbf
review_10508,division_55b19b36aa7567f7ecbf
review_10509,division_dfe2db74975e0aa9f6fd
review_10510,division_dfe2db74975e0aa9f6fd
review_10511,division_55b19b36aa7567f7ecbf
review_10512,division_55b19b36aa7567f7ecbf
review_10513,division_dfe2db74975e0aa9f6fd
review_10514,division_55b19b36aa7567f7ecbf
review_10515,division_df561e6f16d9f3e64a28
review_10516,division_df561e6f16d9f3e64a28
review_10517,division_dfe2db74975e0aa9f6fd
review_10518,division_dfe2db74975e0aa9f6fd
review_10519,division_df561e6f16d9f3e64a28
review_10520,division_dfe2db74975e0aa9f6fd
review_10521,division_dfe2db74975e0aa9f6fd
review_10522,division_55b19b36aa7567f7ecbf
review_10523,division_dfe2db74975e0aa9f6fd
review_10524,division_dfe2db74975e0aa9f6fd
review_10525,division_55b19b36aa7567f7ecbf
review_10526,division_55b19b36aa7567f7ecbf
review_10527,division_dfe2db74975e0aa9f6fd
review_10528,division_dfe2db74975e0aa9f6fd
review_10529,division_dfe2db74975e0aa9f6fd
review_10530,division_dfe2db74975e0aa9f6fd
review_10531,division_dfe2db74975e0aa9f6fd
review_10532,division_dfe2db74975e0aa9f6fd
review_10533,division_dfe2db74975e0aa9f6fd
review_10534,division_dfe2db74975e0aa9f6fd
review_10535,division_dfe2db74975e0aa9f6fd
review_10536,division_dfe2db74975e0aa9f6fd
review_10537,division_dfe2db74975e0aa9f6fd
review_10538,division_55b19b36aa7567f7ecbf
review_10539,division_dfe2db74975e0aa9f6fd
review_10540,division_dfe2db74975e0aa9f6fd
review_10541,division_55b19b36aa7567f7ecbf
review_10542,division_55b19b36aa7567f7ecbf
review_10543,division_dfe2db74975e0aa9f6fd
review_10544,division_dfe2db74975e0aa9f6fd
review_10545,division_dfe2db74975e0aa9f6fd
review_10546,division_dfe2db74975e0aa9f6fd
review_10547,division_dfe2db74975e0aa9f6fd
review_10548,division_dfe2db74975e0aa9f6fd
review_10549,division_dfe2db74975e0aa9f6fd
review_10550,division_dfe2db74975e0aa9f6fd
review_10551,division_df561e6f16d9f3e64a28
review_10552,division_dfe2db74975e0aa9f6fd
review_10553,division_dfe2db74975e0aa9f6fd
review_10554,division_dfe2db74975e0aa9f6fd
review_10555,division_dfe2db74975e0aa9f6fd
review_10556,division_df561e6f16d9f3e64a28
review_10557,division_df561e6f16d9f3e64a28
review_10558,division_dfe2db74975e0aa9f6fd
review_10559,division_55b19b36aa7567f7ecbf
review_10560,division_dfe2db74975e0aa9f6fd
review_10561,division_dfe2db74975e0aa9f6fd
review_10562,division_dfe2db74975e0aa9f6fd
review_10563,division_55b19b36aa7567f7ecbf
review_10564,division_dfe2db74975e0aa9f6fd
review_10565,division_55b19b36aa7567f7ecbf
review_10566,division_dfe2db74975e0aa9f6fd
review_10567,division_dfe2db74975e0aa9f6fd
review_10568,division_dfe2db74975e0aa9f6fd
review_10569,division_dfe2db74975e0aa9f6fd
review_10570,division_dfe2db74975e0aa9f6fd
review_10571,division_55b19b36aa7567f7ecbf
review_10572,division_dfe2db74975e0aa9f6fd
review_10573,division_dfe2db74975e0aa9f6fd
review_10574,division_dfe2db74975e0aa9f6fd
review_10575,division_dfe2db74975e0aa9f6fd
review_10576,division_55b19b36aa7567f7ecbf
review_10577,division_55b19b36aa7567f7ecbf
review_10578,division_df561e6f16d9f3e64a28
review_10579,division_55b19b36aa7567f7ecbf
review_10580,division_55b19b36aa7567f7ecbf
review_10581,division_55b19b36aa7567f7ecbf
review_10582,division_dfe2db74975e0aa9f6fd
review_10583,division_dfe2db74975e0aa9f6fd
review_10584,division_df561e6f16d9f3e64a28
review_10585,division_55b19b36aa7567f7ecbf
review_10586,division_dfe2db74975e0aa9f6fd
review_10587,division_dfe2db74975e0aa9f6fd
review_10588,division_dfe2db74975e0aa9f6fd
review_10589,division_dfe2db74975e0aa9f6fd
review_10590,division_dfe2db74975e0aa9f6fd
review_10591,division_dfe2db74975e0aa9f6fd
review_10592,division_dfe2db74975e0aa9f6fd
review_10593,division_dfe2db74975e0aa9f6fd
review_10594,division_dfe2db74975e0aa9f6fd
review_10595,division_55b19b36aa7567f7ecbf
review_10596,division_55b19b36aa7567f7ecbf
review_10597,division_dfe2db74975e0aa9f6fd
review_10598,division_dfe2db74975e0aa9f6fd
review_10599,division_df561e6f16d9f3e64a28
review_10600,division_55b19b36aa7567f7ecbf
review_10601,division_55b19b36aa7567f7ecbf
review_10602,division_55b19b36aa7567f7ecbf
review_10603,division_dfe2db74975e0aa9f6fd
review_10604,division_dfe2db74975e0aa9f6fd
review_10605,division_55b19b36aa7567f7ecbf
review_10606,division_dfe2db74975e0aa9f6fd
review_10607,division_df561e6f16d9f3e64a28
review_10608,division_55b19b36aa7567f7ecbf
review_10609,division_55b19b36aa7567f7ecbf
review_10610,division_dfe2db74975e0aa9f6fd
review_10611,division_df561e6f16d9f3e64a28
review_10612,division_dfe2db74975e0aa9f6fd
review_10613,division_dfe2db74975e0aa9f6fd
review_10614,division_dfe2db74975e0aa9f6fd
review_10615,division_df561e6f16d9f3e64a28
review_10616,division_55b19b36aa7567f7ecbf
review_10617,division_dfe2db74975e0aa9f6fd
review_10618,division_dfe2db74975e0aa9f6fd
review_10619,division_55b19b36aa7567f7ecbf
review_10620,division_dfe2db74975e0aa9f6fd
review_10621,division_dfe2db74975e0aa9f6fd
review_10622,division_55b19b36aa7567f7ecbf
review_10623,division_dfe2db74975e0aa9f6fd
review_10624,division_dfe2db74975e0aa9f6fd
review_10625,division_dfe2db74975e0aa9f6fd
review_10626,division_55b19b36aa7567f7ecbf
review_10627,division_dfe2db74975e0aa9f6fd
review_10628,division_dfe2db74975e0aa9f6fd
review_10629,division_dfe2db74975e0aa9f6fd
review_10630,division_dfe2db74975e0aa9f6fd
review_10631,division_55b19b36aa7567f7ecbf
review_10632,division_dfe2db74975e0aa9f6fd
review_10633,division_dfe2db74975e0aa9f6fd
review_10634,division_55b19b36aa7567f7ecbf
review_10635,division_55b19b36aa7567f7ecbf
review_10636,division_55b19b36aa7567f7ecbf
review_10637,division_dfe2db74975e0aa9f6fd
review_10638,division_55b19b36aa7567f7ecbf
review_10639,division_55b19b36aa7567f7ecbf
review_10640,division_dfe2db74975e0aa9f6fd
review_10641,division_55b19b36aa7567f7ecbf
review_10642,division_dfe2db74975e0aa9f6fd
review_10643,division_dfe2db74975e0aa9f6fd
review_10644,division_55b19b36aa7567f7ecbf
review_10645,division_dfe2db74975e0aa9f6fd
review_10646,division_dfe2db74975e0aa9f6fd
review_10647,division_dfe2db74975e0aa9f6fd
review_10648,division_dfe2db74975e0aa9f6fd
review_10649,division_55b19b36aa7567f7ecbf
review_10650,division_dfe2db74975e0aa9f6fd
review_10651,division_dfe2db74975e0aa9f6fd
review_10652,division_55b19b36aa7567f7ecbf
review_10653,division_dfe2db74975e0aa9f6fd
review_10654,division_dfe2db74975e0aa9f6fd
review_10655,division_dfe2db74975e0aa9f6fd
review_10656,division_dfe2db74975e0aa9f6fd
review_10657,division_dfe2db74975e0aa9f6fd
review_10658,division_dfe2db74975e0aa9f6fd
review_10659,division_dfe2db74975e0aa9f6fd
review_10660,division_dfe2db74975e0aa9f6fd
review_10661,division_dfe2db74975e0aa9f6fd
review_10662,division_dfe2db74975e0aa9f6fd
review_10663,division_dfe2db74975e0aa9f6fd
review_10664,division_dfe2db74975e0aa9f6fd
review_10665,division_55b19b36aa7567f7ecbf
review_10666,division_dfe2db74975e0aa9f6fd
review_10667,division_dfe2db74975e0aa9f6fd
review_10668,division_dfe2db74975e0aa9f6fd
review_10669,division_dfe2db74975e0aa9f6fd
review_10670,division_dfe2db74975e0aa9f6fd
review_10671,division_dfe2db74975e0aa9f6fd
review_10672,division_dfe2db74975e0aa9f6fd
review_10673,division_dfe2db74975e0aa9f6fd
review_10674,division_dfe2db74975e0aa9f6fd
review_10675,division_dfe2db74975e0aa9f6fd
review_10676,division_dfe2db74975e0aa9f6fd
review_10677,division_55b19b36aa7567f7ecbf
review_10678,division_df561e6f16d9f3e64a28
review_10679,division_dfe2db74975e0aa9f6fd
review_10680,division_55b19b36aa7567f7ecbf
review_10681,division_dfe2db74975e0aa9f6fd
review_10682,division_dfe2db74975e0aa9f6fd
review_10683,division_dfe2db74975e0aa9f6fd
review_10684,division_dfe2db74975e0aa9f6fd
review_10685,division_dfe2db74975e0aa9f6fd
review_10686,division_dfe2db74975e0aa9f6fd
review_10687,division_dfe2db74975e0aa9f6fd
review_10688,division_dfe2db74975e0aa9f6fd
review_10689,division_dfe2db74975e0aa9f6fd
review_10690,division_dfe2db74975e0aa9f6fd
review_10691,division_dfe2db74975e0aa9f6fd
review_10692,division_dfe2db74975e0aa9f6fd
review_10693,division_dfe2db74975e0aa9f6fd
review_10694,division_dfe2db74975e0aa9f6fd
review_10695,division_dfe2db74975e0aa9f6fd
review_10696,division_dfe2db74975e0aa9f6fd
review_10697,division_dfe2db74975e0aa9f6fd
review_10698,division_dfe2db74975e0aa9f6fd
review_10699,division_dfe2db74975e0aa9f6fd
review_10700,division_dfe2db74975e0aa9f6fd
review_10701,division_dfe2db74975e0aa9f6fd
review_10702,division_dfe2db74975e0aa9f6fd
review_10703,division_dfe2db74975e0aa9f6fd
review_10704,division_dfe2db74975e0aa9f6fd
review_10705,division_dfe2db74975e0aa9f6fd
review_10706,division_55b19b36aa7567f7ecbf
review_10707,division_dfe2db74975e0aa9f6fd
review_10708,division_df561e6f16d9f3e64a28
review_10709,division_dfe2db74975e0aa9f6fd
review_10710,division_dfe2db74975e0aa9f6fd
review_10711,division_dfe2db74975e0aa9f6fd
review_10712,division_dfe2db74975e0aa9f6fd
review_10713,division_dfe2db74975e0aa9f6fd
review_10714,division_dfe2db74975e0aa9f6fd
review_10715,division_dfe2db74975e0aa9f6fd
review_10716,division_dfe2db74975e0aa9f6fd
review_10717,division_dfe2db74975e0aa9f6fd
review_10718,division_dfe2db74975e0aa9f6fd
review_10719,division_dfe2db74975e0aa9f6fd
review_10720,division_df561e6f16d9f3e64a28
review_10721,division_dfe2db74975e0aa9f6fd
review_10722,division_dfe2db74975e0aa9f6fd
review_10723,division_dfe2db74975e0aa9f6fd
review_10724,division_55b19b36aa7567f7ecbf
review_10725,division_55b19b36aa7567f7ecbf
review_10726,division_dfe2db74975e0aa9f6fd
review_10727,division_55b19b36aa7567f7ecbf
review_10728,division_dfe2db74975e0aa9f6fd
review_10729,division_dfe2db74975e0aa9f6fd
review_10730,division_dfe2db74975e0aa9f6fd
review_10731,division_dfe2db74975e0aa9f6fd
review_10732,division_dfe2db74975e0aa9f6fd
review_10733,division_dfe2db74975e0aa9f6fd
review_10734,division_dfe2db74975e0aa9f6fd
review_10735,division_dfe2db74975e0aa9f6fd
review_10736,division_dfe2db74975e0aa9f6fd
review_10737,division_dfe2db74975e0aa9f6fd
review_10738,division_dfe2db74975e0aa9f6fd
review_10739,division_dfe2db74975e0aa9f6fd
review_10740,division_55b19b36aa7567f7ecbf
review_10741,division_df561e6f16d9f3e64a28
review_10742,division_dfe2db74975e0aa9f6fd
review_10743,division_dfe2db74975e0aa9f6fd
review_10744,division_55b19b36aa7567f7ecbf
review_10745,division_dfe2db74975e0aa9f6fd
review_10746,division_dfe2db74975e0aa9f6fd
review_10747,division_dfe2db74975e0aa9f6fd
review_10748,division_dfe2db74975e0aa9f6fd
review_10749,division_dfe2db74975e0aa9f6fd
review_10750,division_dfe2db74975e0aa9f6fd
review_10751,division_df561e6f16d9f3e64a28
review_10752,division_dfe2db74975e0aa9f6fd
review_10753,division_55b19b36aa7567f7ecbf
review_10754,division_dfe2db74975e0aa9f6fd
review_10755,division_dfe2db74975e0aa9f6fd
review_10756,division_dfe2db74975e0aa9f6fd
review_10757,division_55b19b36aa7567f7ecbf
review_10758,division_dfe2db74975e0aa9f6fd
review_10759,division_dfe2db74975e0aa9f6fd
review_10760,division_dfe2db74975e0aa9f6fd
review_10761,division_55b19b36aa7567f7ecbf
review_10762,division_dfe2db74975e0aa9f6fd
review_10763,division_55b19b36aa7567f7ecbf
review_10764,division_dfe2db74975e0aa9f6fd
review_10765,division_55b19b36aa7567f7ecbf
review_10766,division_55b19b36aa7567f7ecbf
review_10767,division_dfe2db74975e0aa9f6fd
review_10768,division_55b19b36aa7567f7ecbf
review_10769,division_dfe2db74975e0aa9f6fd
review_10770,division_dfe2db74975e0aa9f6fd
review_10771,division_dfe2db74975e0aa9f6fd
review_10772,division_df561e6f16d9f3e64a28
review_10773,division_55b19b36aa7567f7ecbf
review_10774,division_55b19b36aa7567f7ecbf
review_10775,division_55b19b36aa7567f7ecbf
review_10776,division_dfe2db74975e0aa9f6fd
review_10777,division_dfe2db74975e0aa9f6fd
review_10778,division_dfe2db74975e0aa9f6fd
review_10779,division_dfe2db74975e0aa9f6fd
review_10780,division_dfe2db74975e0aa9f6fd
review_10781,division_dfe2db74975e0aa9f6fd
review_10782,division_55b19b36aa7567f7ecbf
review_10783,division_dfe2db74975e0aa9f6fd
review_10784,division_55b19b36aa7567f7ecbf
review_10785,division_55b19b36aa7567f7ecbf
review_10786,division_55b19b36aa7567f7ecbf
review_10787,division_dfe2db74975e0aa9f6fd
review_10788,division_dfe2db74975e0aa9f6fd
review_10789,division_55b19b36aa7567f7ecbf
review_10790,division_dfe2db74975e0aa9f6fd
review_10791,division_dfe2db74975e0aa9f6fd
review_10792,division_dfe2db74975e0aa9f6fd
review_10793,division_dfe2db74975e0aa9f6fd
review_10794,division_dfe2db74975e0aa9f6fd
review_10795,division_dfe2db74975e0aa9f6fd
review_10796,division_df561e6f16d9f3e64a28
review_10797,division_df561e6f16d9f3e64a28
review_10798,division_dfe2db74975e0aa9f6fd
review_10799,division_55b19b36aa7567f7ecbf
review_10800,division_dfe2db74975e0aa9f6fd
review_10801,division_dfe2db74975e0aa9f6fd
review_10802,division_df561e6f16d9f3e64a28
review_10803,division_dfe2db74975e0aa9f6fd
review_10804,division_dfe2db74975e0aa9f6fd
review_10805,division_dfe2db74975e0aa9f6fd
review_10806,division_dfe2db74975e0aa9f6fd
review_10807,division_dfe2db74975e0aa9f6fd
review_10808,division_dfe2db74975e0aa9f6fd
review_10809,division_dfe2db74975e0aa9f6fd
review_10810,division_55b19b36aa7567f7ecbf
review_10811,division_dfe2db74975e0aa9f6fd
review_10812,division_dfe2db74975e0aa9f6fd
review_10813,division_55b19b36aa7567f7ecbf
review_10814,division_dfe2db74975e0aa9f6fd
review_10815,division_dfe2db74975e0aa9f6fd
review_10816,division_dfe2db74975e0aa9f6fd
review_10817,division_dfe2db74975e0aa9f6fd
review_10818,division_df561e6f16d9f3e64a28
review_10819,division_55b19b36aa7567f7ecbf
review_10820,division_dfe2db74975e0aa9f6fd
review_10821,division_dfe2db74975e0aa9f6fd
review_10822,division_dfe2db74975e0aa9f6fd
review_10823,division_55b19b36aa7567f7ecbf
review_10824,division_dfe2db74975e0aa9f6fd
review_10825,division_dfe2db74975e0aa9f6fd
review_10826,division_dfe2db74975e0aa9f6fd
review_10827,division_dfe2db74975e0aa9f6fd
review_10828,division_dfe2db74975e0aa9f6fd
review_10829,division_dfe2db74975e0aa9f6fd
review_10830,division_dfe2db74975e0aa9f6fd
review_10831,division_dfe2db74975e0aa9f6fd
review_10832,division_dfe2db74975e0aa9f6fd
review_10833,division_dfe2db74975e0aa9f6fd
review_10834,division_dfe2db74975e0aa9f6fd
review_10835,division_dfe2db74975e0aa9f6fd
review_10836,division_dfe2db74975e0aa9f6fd
review_10837,division_dfe2db74975e0aa9f6fd
review_10838,division_dfe2db74975e0aa9f6fd
review_10839,division_dfe2db74975e0aa9f6fd
review_10840,division_dfe2db74975e0aa9f6fd
review_10841,division_dfe2db74975e0aa9f6fd
review_10842,division_dfe2db74975e0aa9f6fd
review_10843,division_dfe2db74975e0aa9f6fd
review_10844,division_dfe2db74975e0aa9f6fd
review_10845,division_dfe2db74975e0aa9f6fd
review_10846,division_dfe2db74975e0aa9f6fd
review_10847,division_dfe2db74975e0aa9f6fd
review_10848,division_df561e6f16d9f3e64a28
review_10849,division_55b19b36aa7567f7ecbf
review_10850,division_dfe2db74975e0aa9f6fd
review_10851,division_dfe2db74975e0aa9f6fd
review_10852,division_55b19b36aa7567f7ecbf
review_10853,division_55b19b36aa7567f7ecbf
review_10854,division_dfe2db74975e0aa9f6fd
review_10855,division_dfe2db74975e0aa9f6fd
review_10856,division_55b19b36aa7567f7ecbf
review_10857,division_dfe2db74975e0aa9f6fd
review_10858,division_df561e6f16d9f3e64a28
review_10859,division_dfe2db74975e0aa9f6fd
review_10860,division_dfe2db74975e0aa9f6fd
review_10861,division_55b19b36aa7567f7ecbf
review_10862,division_55b19b36aa7567f7ecbf
review_10863,division_dfe2db74975e0aa9f6fd
review_10864,division_dfe2db74975e0aa9f6fd
review_10865,division_55b19b36aa7567f7ecbf
review_10866,division_55b19b36aa7567f7ecbf
review_10867,division_dfe2db74975e0aa9f6fd
review_10868,division_55b19b36aa7567f7ecbf
review_10869,division_dfe2db74975e0aa9f6fd
review_10870,division_dfe2db74975e0aa9f6fd
review_10871,division_dfe2db74975e0aa9f6fd
review_10872,division_55b19b36aa7567f7ecbf
review_10873,division_dfe2db74975e0aa9f6fd
review_10874,division_dfe2db74975e0aa9f6fd
review_10875,division_df561e6f16d9f3e64a28
review_10876,division_df561e6f16d9f3e64a28
review_10877,division_55b19b36aa7567f7ecbf
review_10878,division_dfe2db74975e0aa9f6fd
review_10879,division_dfe2db74975e0aa9f6fd
review_10880,division_dfe2db74975e0aa9f6fd
review_10881,division_55b19b36aa7567f7ecbf
review_10882,division_dfe2db74975e0aa9f6fd
review_10883,division_dfe2db74975e0aa9f6fd
review_10884,division_55b19b36aa7567f7ecbf
review_10885,division_dfe2db74975e0aa9f6fd
review_10886,division_55b19b36aa7567f7ecbf
review_10887,division_55b19b36aa7567f7ecbf
review_10888,division_55b19b36aa7567f7ecbf
review_10889,division_dfe2db74975e0aa9f6fd
review_10890,division_dfe2db74975e0aa9f6fd
review_10891,division_55b19b36aa7567f7ecbf
review_10892,division_dfe2db74975e0aa9f6fd
review_10893,division_dfe2db74975e0aa9f6fd
review_10894,division_dfe2db74975e0aa9f6fd
review_10895,division_dfe2db74975e0aa9f6fd
review_10896,division_dfe2db74975e0aa9f6fd
review_10897,division_df561e6f16d9f3e64a28
review_10898,division_dfe2db74975e0aa9f6fd
review_10899,division_55b19b36aa7567f7ecbf
review_10900,division_55b19b36aa7567f7ecbf
review_10901,division_dfe2db74975e0aa9f6fd
review_10902,division_df561e6f16d9f3e64a28
review_10903,division_55b19b36aa7567f7ecbf
review_10904,division_dfe2db74975e0aa9f6fd
review_10905,division_55b19b36aa7567f7ecbf
review_10906,division_dfe2db74975e0aa9f6fd
review_10907,division_55b19b36aa7567f7ecbf
review_10908,division_55b19b36aa7567f7ecbf
review_10909,division_dfe2db74975e0aa9f6fd
review_10910,division_dfe2db74975e0aa9f6fd
review_10911,division_55b19b36aa7567f7ecbf
review_10912,division_55b19b36aa7567f7ecbf
review_10913,division_dfe2db74975e0aa9f6fd
review_10914,division_dfe2db74975e0aa9f6fd
review_10915,division_dfe2db74975e0aa9f6fd
review_10916,division_dfe2db74975e0aa9f6fd
review_10917,division_dfe2db74975e0aa9f6fd
review_10918,division_dfe2db74975e0aa9f6fd
review_10919,division_dfe2db74975e0aa9f6fd
review_10920,division_dfe2db74975e0aa9f6fd
review_10921,division_55b19b36aa7567f7ecbf
review_10922,division_55b19b36aa7567f7ecbf
review_10923,division_55b19b36aa7567f7ecbf
review_10924,division_dfe2db74975e0aa9f6fd
review_10925,division_dfe2db74975e0aa9f6fd
review_10926,division_55b19b36aa7567f7ecbf
review_10927,division_dfe2db74975e0aa9f6fd
review_10928,division_dfe2db74975e0aa9f6fd
review_10929,division_dfe2db74975e0aa9f6fd
review_10930,division_dfe2db74975e0aa9f6fd
review_10931,division_dfe2db74975e0aa9f6fd
review_10932,division_55b19b36aa7567f7ecbf
review_10933,division_dfe2db74975e0aa9f6fd
review_10934,division_55b19b36aa7567f7ecbf
review_10935,division_55b19b36aa7567f7ecbf
review_10936,division_55b19b36aa7567f7ecbf
review_10937,division_dfe2db74975e0aa9f6fd
review_10938,division_dfe2db74975e0aa9f6fd
review_10939,division_55b19b36aa7567f7ecbf
review_10940,division_55b19b36aa7567f7ecbf
review_10941,division_dfe2db74975e0aa9f6fd
review_10942,division_55b19b36aa7567f7ecbf
review_10943,division_df561e6f16d9f3e64a28
review_10944,division_55b19b36aa7567f7ecbf
review_10945,division_df561e6f16d9f3e64a28
review_10946,division_df561e6f16d9f3e64a28
review_10947,division_dfe2db74975e0aa9f6fd
review_10948,division_55b19b36aa7567f7ecbf
review_10949,division_dfe2db74975e0aa9f6fd
review_10950,division_55b19b36aa7567f7ecbf
review_10951,division_dfe2db74975e0aa9f6fd
review_10952,division_dfe2db74975e0aa9f6fd
review_10953,division_dfe2db74975e0aa9f6fd
review_10954,division_dfe2db74975e0aa9f6fd
review_10955,division_55b19b36aa7567f7ecbf
review_10956,division_55b19b36aa7567f7ecbf
review_10957,division_dfe2db74975e0aa9f6fd
review_10958,division_dfe2db74975e0aa9f6fd
review_10959,division_dfe2db74975e0aa9f6fd
review_10960,division_dfe2db74975e0aa9f6fd
review_10961,division_dfe2db74975e0aa9f6fd
review_10962,division_dfe2db74975e0aa9f6fd
review_10963,division_55b19b36aa7567f7ecbf
review_10964,division_dfe2db74975e0aa9f6fd
review_10965,division_dfe2db74975e0aa9f6fd
review_10966,division_dfe2db74975e0aa9f6fd
review_10967,division_55b19b36aa7567f7ecbf
review_10968,division_55b19b36aa7567f7ecbf
review_10969,division_dfe2db74975e0aa9f6fd
review_10970,division_55b19b36aa7567f7ecbf
review_10971,division_dfe2db74975e0aa9f6fd
review_10972,division_dfe2db74975e0aa9f6fd
review_10973,division_df561e6f16d9f3e64a28
review_10974,division_55b19b36aa7567f7ecbf
review_10975,division_55b19b36aa7567f7ecbf
review_10976,division_55b19b36aa7567f7ecbf
review_10977,division_dfe2db74975e0aa9f6fd
review_10978,division_dfe2db74975e0aa9f6fd
review_10979,division_55b19b36aa7567f7ecbf
review_10980,division_55b19b36aa7567f7ecbf
review_10981,division_55b19b36aa7567f7ecbf
review_10982,division_df561e6f16d9f3e64a28
review_10983,division_55b19b36aa7567f7ecbf
review_10984,division_55b19b36aa7567f7ecbf
review_10985,division_dfe2db74975e0aa9f6fd
review_10986,division_55b19b36aa7567f7ecbf
review_10987,division_55b19b36aa7567f7ecbf
review_10988,division_55b19b36aa7567f7ecbf
review_10989,division_55b19b36aa7567f7ecbf
review_10990,division_55b19b36aa7567f7ecbf
review_10991,division_55b19b36aa7567f7ecbf
review_10992,division_dfe2db74975e0aa9f6fd
review_10993,division_55b19b36aa7567f7ecbf
review_10994,division_dfe2db74975e0aa9f6fd
review_10995,division_df561e6f16d9f3e64a28
review_10996,division_55b19b36aa7567f7ecbf
review_10997,division_df561e6f16d9f3e64a28
review_10998,division_dfe2db74975e0aa9f6fd
review_10999,division_dfe2db74975e0aa9f6fd
review_11000,division_dfe2db74975e0aa9f6fd
review_11001,division_dfe2db74975e0aa9f6fd
review_11002,division_dfe2db74975e0aa9f6fd
review_11003,division_dfe2db74975e0aa9f6fd
review_11004,division_dfe2db74975e0aa9f6fd
review_11005,division_dfe2db74975e0aa9f6fd
review_11006,division_55b19b36aa7567f7ecbf
review_11007,division_55b19b36aa7567f7ecbf
review_11008,division_dfe2db74975e0aa9f6fd
review_11009,division_df561e6f16d9f3e64a28
review_11010,division_55b19b36aa7567f7ecbf
review_11011,division_dfe2db74975e0aa9f6fd
review_11012,division_dfe2db74975e0aa9f6fd
review_11013,division_dfe2db74975e0aa9f6fd
review_11014,division_dfe2db74975e0aa9f6fd
review_11015,division_55b19b36aa7567f7ecbf
review_11016,division_dfe2db74975e0aa9f6fd
review_11017,division_dfe2db74975e0aa9f6fd
review_11018,division_dfe2db74975e0aa9f6fd
review_11019,division_55b19b36aa7567f7ecbf
review_11020,division_dfe2db74975e0aa9f6fd
review_11021,division_55b19b36aa7567f7ecbf
review_11022,division_dfe2db74975e0aa9f6fd
review_11023,division_dfe2db74975e0aa9f6fd
review_11024,division_55b19b36aa7567f7ecbf
review_11025,division_55b19b36aa7567f7ecbf
review_11026,division_55b19b36aa7567f7ecbf
review_11027,division_55b19b36aa7567f7ecbf
review_11028,division_df561e6f16d9f3e64a28
review_11029,division_dfe2db74975e0aa9f6fd
review_11030,division_dfe2db74975e0aa9f6fd
review_11031,division_dfe2db74975e0aa9f6fd
review_11032,division_dfe2db74975e0aa9f6fd
review_11033,division_dfe2db74975e0aa9f6fd
review_11034,division_dfe2db74975e0aa9f6fd
review_11035,division_dfe2db74975e0aa9f6fd
review_11036,division_dfe2db74975e0aa9f6fd
review_11037,division_55b19b36aa7567f7ecbf
review_11038,division_55b19b36aa7567f7ecbf
review_11039,division_dfe2db74975e0aa9f6fd
review_11040,division_55b19b36aa7567f7ecbf
review_11041,division_55b19b36aa7567f7ecbf
review_11042,division_dfe2db74975e0aa9f6fd
review_11043,division_dfe2db74975e0aa9f6fd
review_11044,division_dfe2db74975e0aa9f6fd
review_11045,division_dfe2db74975e0aa9f6fd
review_11046,division_dfe2db74975e0aa9f6fd
review_11047,division_dfe2db74975e0aa9f6fd
review_11048,division_55b19b36aa7567f7ecbf
review_11049,division_dfe2db74975e0aa9f6fd
review_11050,division_55b19b36aa7567f7ecbf
review_11051,division_dfe2db74975e0aa9f6fd
review_11052,division_55b19b36aa7567f7ecbf
review_11053,division_55b19b36aa7567f7ecbf
review_11054,division_dfe2db74975e0aa9f6fd
review_11055,division_55b19b36aa7567f7ecbf
review_11056,division_dfe2db74975e0aa9f6fd
review_11057,division_df561e6f16d9f3e64a28
review_11058,division_55b19b36aa7567f7ecbf
review_11059,division_dfe2db74975e0aa9f6fd
review_11060,division_df561e6f16d9f3e64a28
review_11061,division_55b19b36aa7567f7ecbf
review_11062,division_55b19b36aa7567f7ecbf
review_11063,division_55b19b36aa7567f7ecbf
review_11064,division_df561e6f16d9f3e64a28
review_11065,division_55b19b36aa7567f7ecbf
review_11066,division_dfe2db74975e0aa9f6fd
review_11067,division_dfe2db74975e0aa9f6fd
review_11068,division_df561e6f16d9f3e64a28
review_11069,division_dfe2db74975e0aa9f6fd
review_11070,division_dfe2db74975e0aa9f6fd
review_11071,division_55b19b36aa7567f7ecbf
review_11072,division_55b19b36aa7567f7ecbf
review_11073,division_dfe2db74975e0aa9f6fd
review_11074,division_df561e6f16d9f3e64a28
review_11075,division_df561e6f16d9f3e64a28
review_11076,division_dfe2db74975e0aa9f6fd
review_11077,division_55b19b36aa7567f7ecbf
review_11078,division_df561e6f16d9f3e64a28
review_11079,division_55b19b36aa7567f7ecbf
review_11080,division_dfe2db74975e0aa9f6fd
review_11081,division_dfe2db74975e0aa9f6fd
review_11082,division_df561e6f16d9f3e64a28
review_11083,division_df561e6f16d9f3e64a28
review_11084,division_df561e6f16d9f3e64a28
review_11085,division_df561e6f16d9f3e64a28
review_11086,division_df561e6f16d9f3e64a28
review_11087,division_dfe2db74975e0aa9f6fd
review_11088,division_df561e6f16d9f3e64a28
review_11089,division_55b19b36aa7567f7ecbf
review_11090,division_dfe2db74975e0aa9f6fd
review_11091,division_df561e6f16d9f3e64a28
review_11092,division_55b19b36aa7567f7ecbf
review_11093,division_dfe2db74975e0aa9f6fd
review_11094,division_dfe2db74975e0aa9f6fd
review_11095,division_dfe2db74975e0aa9f6fd
review_11096,division_dfe2db74975e0aa9f6fd
review_11097,division_55b19b36aa7567f7ecbf
review_11098,division_dfe2db74975e0aa9f6fd
review_11099,division_dfe2db74975e0aa9f6fd
review_11100,division_df561e6f16d9f3e64a28
review_11101,division_dfe2db74975e0aa9f6fd
review_11102,division_df561e6f16d9f3e64a28
review_11103,division_dfe2db74975e0aa9f6fd
review_11104,division_55b19b36aa7567f7ecbf
review_11105,division_55b19b36aa7567f7ecbf
review_11106,division_55b19b36aa7567f7ecbf
review_11107,division_df561e6f16d9f3e64a28
review_11108,division_dfe2db74975e0aa9f6fd
review_11109,division_df561e6f16d9f3e64a28
review_11110,division_df561e6f16d9f3e64a28
review_11111,division_dfe2db74975e0aa9f6fd
review_11112,division_55b19b36aa7567f7ecbf
review_11113,division_df561e6f16d9f3e64a28
review_11114,division_55b19b36aa7567f7ecbf
review_11115,division_dfe2db74975e0aa9f6fd
review_11116,division_55b19b36aa7567f7ecbf
review_11117,division_55b19b36aa7567f7ecbf
review_11118,division_55b19b36aa7567f7ecbf
review_11119,division_df561e6f16d9f3e64a28
review_11120,division_dfe2db74975e0aa9f6fd
review_11121,division_55b19b36aa7567f7ecbf
review_11122,division_55b19b36aa7567f7ecbf
review_11123,division_55b19b36aa7567f7ecbf
review_11124,division_55b19b36aa7567f7ecbf
review_11125,division_55b19b36aa7567f7ecbf
review_11126,division_55b19b36aa7567f7ecbf
review_11127,division_dfe2db74975e0aa9f6fd
review_11128,division_dfe2db74975e0aa9f6fd
review_11129,division_dfe2db74975e0aa9f6fd
review_11130,division_dfe2db74975e0aa9f6fd
review_11131,division_dfe2db74975e0aa9f6fd
review_11132,division_dfe2db74975e0aa9f6fd
review_11133,division_dfe2db74975e0aa9f6fd
review_11134,division_dfe2db74975e0aa9f6fd
review_11135,division_55b19b36aa7567f7ecbf
review_11136,division_dfe2db74975e0aa9f6fd
review_11137,division_dfe2db74975e0aa9f6fd
review_11138,division_dfe2db74975e0aa9f6fd
review_11139,division_dfe2db74975e0aa9f6fd
review_11140,division_dfe2db74975e0aa9f6fd
review_11141,division_dfe2db74975e0aa9f6fd
review_11142,division_dfe2db74975e0aa9f6fd
review_11143,division_dfe2db74975e0aa9f6fd
review_11144,division_dfe2db74975e0aa9f6fd
review_11145,division_55b19b36aa7567f7ecbf
review_11146,division_dfe2db74975e0aa9f6fd
review_11147,division_dfe2db74975e0aa9f6fd
review_11148,division_dfe2db74975e0aa9f6fd
review_11149,division_dfe2db74975e0aa9f6fd
review_11150,division_dfe2db74975e0aa9f6fd
review_11151,division_55b19b36aa7567f7ecbf
review_11152,division_dfe2db74975e0aa9f6fd
review_11153,division_dfe2db74975e0aa9f6fd
review_11154,division_dfe2db74975e0aa9f6fd
review_11155,division_dfe2db74975e0aa9f6fd
review_11156,division_dfe2db74975e0aa9f6fd
review_11157,division_dfe2db74975e0aa9f6fd
review_11158,division_dfe2db74975e0aa9f6fd
review_11159,division_dfe2db74975e0aa9f6fd
review_11160,division_dfe2db74975e0aa9f6fd
review_11161,division_55b19b36aa7567f7ecbf
review_11162,division_dfe2db74975e0aa9f6fd
review_11163,division_55b19b36aa7567f7ecbf
review_11164,division_55b19b36aa7567f7ecbf
review_11165,division_dfe2db74975e0aa9f6fd
review_11166,division_dfe2db74975e0aa9f6fd
review_11167,division_55b19b36aa7567f7ecbf
review_11168,division_dfe2db74975e0aa9f6fd
review_11169,division_dfe2db74975e0aa9f6fd
review_11170,division_dfe2db74975e0aa9f6fd
review_11171,division_dfe2db74975e0aa9f6fd
review_11172,division_dfe2db74975e0aa9f6fd
review_11173,division_55b19b36aa7567f7ecbf
review_11174,division_dfe2db74975e0aa9f6fd
review_11175,division_dfe2db74975e0aa9f6fd
review_11176,division_55b19b36aa7567f7ecbf
review_11177,division_55b19b36aa7567f7ecbf
review_11178,division_55b19b36aa7567f7ecbf
review_11179,division_dfe2db74975e0aa9f6fd
review_11180,division_55b19b36aa7567f7ecbf
review_11181,division_dfe2db74975e0aa9f6fd
review_11182,division_55b19b36aa7567f7ecbf
review_11183,division_55b19b36aa7567f7ecbf
review_11184,division_dfe2db74975e0aa9f6fd
review_11185,division_55b19b36aa7567f7ecbf
review_11186,division_55b19b36aa7567f7ecbf
review_11187,division_55b19b36aa7567f7ecbf
review_11188,division_dfe2db74975e0aa9f6fd
review_11189,division_df561e6f16d9f3e64a28
review_11190,division_df561e6f16d9f3e64a28
review_11191,division_df561e6f16d9f3e64a28
review_11192,division_dfe2db74975e0aa9f6fd
review_11193,division_df561e6f16d9f3e64a28
review_11194,division_dfe2db74975e0aa9f6fd
review_11195,division_dfe2db74975e0aa9f6fd
review_11196,division_df561e6f16d9f3e64a28
review_11197,division_df561e6f16d9f3e64a28
review_11198,division_55b19b36aa7567f7ecbf
review_11199,division_dfe2db74975e0aa9f6fd
review_11200,division_55b19b36aa7567f7ecbf
review_11201,division_df561e6f16d9f3e64a28
review_11202,division_55b19b36aa7567f7ecbf
review_11203,division_dfe2db74975e0aa9f6fd
review_11204,division_df561e6f16d9f3e64a28
review_11205,division_dfe2db74975e0aa9f6fd
review_11206,division_dfe2db74975e0aa9f6fd
review_11207,division_df561e6f16d9f3e64a28
review_11208,division_df561e6f16d9f3e64a28
review_11209,division_dfe2db74975e0aa9f6fd
review_11210,division_dfe2db74975e0aa9f6fd
review_11211,division_dfe2db74975e0aa9f6fd
review_11212,division_dfe2db74975e0aa9f6fd
review_11213,division_dfe2db74975e0aa9f6fd
review_11214,division_dfe2db74975e0aa9f6fd
review_11215,division_dfe2db74975e0aa9f6fd
review_11216,division_df561e6f16d9f3e64a28
review_11217,division_dfe2db74975e0aa9f6fd
review_11218,division_dfe2db74975e0aa9f6fd
review_11219,division_df561e6f16d9f3e64a28
review_11220,division_df561e6f16d9f3e64a28
review_11221,division_df561e6f16d9f3e64a28
review_11222,division_dfe2db74975e0aa9f6fd
review_11223,division_dfe2db74975e0aa9f6fd
review_11224,division_dfe2db74975e0aa9f6fd
review_11225,division_df561e6f16d9f3e64a28
review_11226,division_df561e6f16d9f3e64a28
review_11227,division_dfe2db74975e0aa9f6fd
review_11228,division_dfe2db74975e0aa9f6fd
review_11229,division_55b19b36aa7567f7ecbf
review_11230,division_dfe2db74975e0aa9f6fd
review_11231,division_dfe2db74975e0aa9f6fd
review_11232,division_dfe2db74975e0aa9f6fd
review_11233,division_dfe2db74975e0aa9f6fd
review_11234,division_dfe2db74975e0aa9f6fd
review_11235,division_dfe2db74975e0aa9f6fd
review_11236,division_df561e6f16d9f3e64a28
review_11237,division_dfe2db74975e0aa9f6fd
review_11238,division_df561e6f16d9f3e64a28
review_11239,division_dfe2db74975e0aa9f6fd
review_11240,division_df561e6f16d9f3e64a28
review_11241,division_dfe2db74975e0aa9f6fd
review_11242,division_df561e6f16d9f3e64a28
review_11243,division_55b19b36aa7567f7ecbf
review_11244,division_dfe2db74975e0aa9f6fd
review_11245,division_dfe2db74975e0aa9f6fd
review_11246,division_df561e6f16d9f3e64a28
review_11247,division_55b19b36aa7567f7ecbf
review_11248,division_dfe2db74975e0aa9f6fd
review_11249,division_df561e6f16d9f3e64a28
review_11250,division_dfe2db74975e0aa9f6fd
review_11251,division_dfe2db74975e0aa9f6fd
review_11252,division_55b19b36aa7567f7ecbf
review_11253,division_dfe2db74975e0aa9f6fd
review_11254,division_55b19b36aa7567f7ecbf
review_11255,division_55b19b36aa7567f7ecbf
review_11256,division_55b19b36aa7567f7ecbf
review_11257,division_dfe2db74975e0aa9f6fd
review_11258,division_df561e6f16d9f3e64a28
review_11259,division_dfe2db74975e0aa9f6fd
review_11260,division_55b19b36aa7567f7ecbf
review_11261,division_dfe2db74975e0aa9f6fd
review_11262,division_dfe2db74975e0aa9f6fd
review_11263,division_df561e6f16d9f3e64a28
review_11264,division_dfe2db74975e0aa9f6fd
review_11265,division_dfe2db74975e0aa9f6fd
review_11266,division_55b19b36aa7567f7ecbf
review_11267,division_55b19b36aa7567f7ecbf
review_11268,division_dfe2db74975e0aa9f6fd
review_11269,division_55b19b36aa7567f7ecbf
review_11270,division_55b19b36aa7567f7ecbf
review_11271,division_55b19b36aa7567f7ecbf
review_11272,division_dfe2db74975e0aa9f6fd
review_11273,division_dfe2db74975e0aa9f6fd
review_11274,division_dfe2db74975e0aa9f6fd
review_11275,division_dfe2db74975e0aa9f6fd
review_11276,division_dfe2db74975e0aa9f6fd
review_11277,division_dfe2db74975e0aa9f6fd
review_11278,division_dfe2db74975e0aa9f6fd
review_11279,division_55b19b36aa7567f7ecbf
review_11280,division_dfe2db74975e0aa9f6fd
review_11281,division_dfe2db74975e0aa9f6fd
review_11282,division_55b19b36aa7567f7ecbf
review_11283,division_dfe2db74975e0aa9f6fd
review_11284,division_dfe2db74975e0aa9f6fd
review_11285,division_55b19b36aa7567f7ecbf
review_11286,division_dfe2db74975e0aa9f6fd
review_11287,division_dfe2db74975e0aa9f6fd
review_11288,division_dfe2db74975e0aa9f6fd
review_11289,division_55b19b36aa7567f7ecbf
review_11290,division_55b19b36aa7567f7ecbf
review_11291,division_dfe2db74975e0aa9f6fd
review_11292,division_dfe2db74975e0aa9f6fd
review_11293,division_dfe2db74975e0aa9f6fd
review_11294,division_dfe2db74975e0aa9f6fd
review_11295,division_dfe2db74975e0aa9f6fd
review_11296,division_dfe2db74975e0aa9f6fd
review_11297,division_55b19b36aa7567f7ecbf
review_11298,division_dfe2db74975e0aa9f6fd
review_11299,division_dfe2db74975e0aa9f6fd
review_11300,division_dfe2db74975e0aa9f6fd
review_11301,division_55b19b36aa7567f7ecbf
review_11302,division_dfe2db74975e0aa9f6fd
review_11303,division_dfe2db74975e0aa9f6fd
review_11304,division_dfe2db74975e0aa9f6fd
review_11305,division_55b19b36aa7567f7ecbf
review_11306,division_55b19b36aa7567f7ecbf
review_11307,division_dfe2db74975e0aa9f6fd
review_11308,division_dfe2db74975e0aa9f6fd
review_11309,division_dfe2db74975e0aa9f6fd
review_11310,division_55b19b36aa7567f7ecbf
review_11311,division_dfe2db74975e0aa9f6fd
review_11312,division_dfe2db74975e0aa9f6fd
review_11313,division_dfe2db74975e0aa9f6fd
review_11314,division_dfe2db74975e0aa9f6fd
review_11315,division_55b19b36aa7567f7ecbf
review_11316,division_dfe2db74975e0aa9f6fd
review_11317,division_dfe2db74975e0aa9f6fd
review_11318,division_55b19b36aa7567f7ecbf
review_11319,division_dfe2db74975e0aa9f6fd
review_11320,division_dfe2db74975e0aa9f6fd
review_11321,division_55b19b36aa7567f7ecbf
review_11322,division_dfe2db74975e0aa9f6fd
review_11323,division_dfe2db74975e0aa9f6fd
review_11324,division_55b19b36aa7567f7ecbf
review_11325,division_dfe2db74975e0aa9f6fd
review_11326,division_dfe2db74975e0aa9f6fd
review_11327,division_dfe2db74975e0aa9f6fd
review_11328,division_55b19b36aa7567f7ecbf
review_11329,division_55b19b36aa7567f7ecbf
review_11330,division_55b19b36aa7567f7ecbf
review_11331,division_dfe2db74975e0aa9f6fd
review_11332,division_55b19b36aa7567f7ecbf
review_11333,division_dfe2db74975e0aa9f6fd
review_11334,division_dfe2db74975e0aa9f6fd
review_11335,division_dfe2db74975e0aa9f6fd
review_11336,division_55b19b36aa7567f7ecbf
review_11337,division_dfe2db74975e0aa9f6fd
review_11338,division_dfe2db74975e0aa9f6fd
review_11339,division_55b19b36aa7567f7ecbf
review_11340,division_55b19b36aa7567f7ecbf
review_11341,division_55b19b36aa7567f7ecbf
review_11342,division_55b19b36aa7567f7ecbf
review_11343,division_55b19b36aa7567f7ecbf
review_11344,division_55b19b36aa7567f7ecbf
review_11345,division_dfe2db74975e0aa9f6fd
review_11346,division_55b19b36aa7567f7ecbf
review_11347,division_dfe2db74975e0aa9f6fd
review_11348,division_dfe2db74975e0aa9f6fd
review_11349,division_55b19b36aa7567f7ecbf
review_11350,division_dfe2db74975e0aa9f6fd
review_11351,division_55b19b36aa7567f7ecbf
review_11352,division_dfe2db74975e0aa9f6fd
review_11353,division_dfe2db74975e0aa9f6fd
review_11354,division_dfe2db74975e0aa9f6fd
review_11355,division_df561e6f16d9f3e64a28
review_11356,division_dfe2db74975e0aa9f6fd
review_11357,division_dfe2db74975e0aa9f6fd
review_11358,division_dfe2db74975e0aa9f6fd
review_11359,division_55b19b36aa7567f7ecbf
review_11360,division_dfe2db74975e0aa9f6fd
review_11361,division_dfe2db74975e0aa9f6fd
review_11362,division_dfe2db74975e0aa9f6fd
review_11363,division_dfe2db74975e0aa9f6fd
review_11364,division_55b19b36aa7567f7ecbf
review_11365,division_55b19b36aa7567f7ecbf
review_11366,division_dfe2db74975e0aa9f6fd
review_11367,division_dfe2db74975e0aa9f6fd
review_11368,division_dfe2db74975e0aa9f6fd
review_11369,division_dfe2db74975e0aa9f6fd
review_11370,division_dfe2db74975e0aa9f6fd
review_11371,division_dfe2db74975e0aa9f6fd
review_11372,division_dfe2db74975e0aa9f6fd
review_11373,division_dfe2db74975e0aa9f6fd
review_11374,division_df561e6f16d9f3e64a28
review_11375,division_dfe2db74975e0aa9f6fd
review_11376,division_dfe2db74975e0aa9f6fd
review_11377,division_dfe2db74975e0aa9f6fd
review_11378,division_dfe2db74975e0aa9f6fd
review_11379,division_dfe2db74975e0aa9f6fd
review_11380,division_dfe2db74975e0aa9f6fd
review_11381,division_dfe2db74975e0aa9f6fd
review_11382,division_dfe2db74975e0aa9f6fd
review_11383,division_55b19b36aa7567f7ecbf
review_11384,division_dfe2db74975e0aa9f6fd
review_11385,division_55b19b36aa7567f7ecbf
review_11386,division_55b19b36aa7567f7ecbf
review_11387,division_55b19b36aa7567f7ecbf
review_11388,division_55b19b36aa7567f7ecbf
review_11389,division_55b19b36aa7567f7ecbf
review_11390,division_dfe2db74975e0aa9f6fd
review_11391,division_dfe2db74975e0aa9f6fd
review_11392,division_55b19b36aa7567f7ecbf
review_11393,division_55b19b36aa7567f7ecbf
review_11394,division_dfe2db74975e0aa9f6fd
review_11395,division_dfe2db74975e0aa9f6fd
review_11396,division_55b19b36aa7567f7ecbf
review_11397,division_dfe2db74975e0aa9f6fd
review_11398,division_55b19b36aa7567f7ecbf
review_11399,division_dfe2db74975e0aa9f6fd
review_11400,division_55b19b36aa7567f7ecbf
review_11401,division_dfe2db74975e0aa9f6fd
review_11402,division_55b19b36aa7567f7ecbf
review_11403,division_dfe2db74975e0aa9f6fd
review_11404,division_55b19b36aa7567f7ecbf
review_11405,division_55b19b36aa7567f7ecbf
review_11406,division_dfe2db74975e0aa9f6fd
review_11407,division_55b19b36aa7567f7ecbf
review_11408,division_55b19b36aa7567f7ecbf
review_11409,division_dfe2db74975e0aa9f6fd
review_11410,division_dfe2db74975e0aa9f6fd
review_11411,division_55b19b36aa7567f7ecbf
review_11412,division_55b19b36aa7567f7ecbf
review_11413,division_dfe2db74975e0aa9f6fd
review_11414,division_dfe2db74975e0aa9f6fd
review_11415,division_dfe2db74975e0aa9f6fd
review_11416,division_dfe2db74975e0aa9f6fd
review_11417,division_55b19b36aa7567f7ecbf
review_11418,division_dfe2db74975e0aa9f6fd
review_11419,division_dfe2db74975e0aa9f6fd
review_11420,division_dfe2db74975e0aa9f6fd
review_11421,division_55b19b36aa7567f7ecbf
review_11422,division_dfe2db74975e0aa9f6fd
review_11423,division_dfe2db74975e0aa9f6fd
review_11424,division_dfe2db74975e0aa9f6fd
review_11425,division_55b19b36aa7567f7ecbf
review_11426,division_55b19b36aa7567f7ecbf
review_11427,division_dfe2db74975e0aa9f6fd
review_11428,division_55b19b36aa7567f7ecbf
review_11429,division_dfe2db74975e0aa9f6fd
review_11430,division_55b19b36aa7567f7ecbf
review_11431,division_55b19b36aa7567f7ecbf
review_11432,division_55b19b36aa7567f7ecbf
review_11433,division_55b19b36aa7567f7ecbf
review_11434,division_55b19b36aa7567f7ecbf
review_11435,division_55b19b36aa7567f7ecbf
review_11436,division_dfe2db74975e0aa9f6fd
review_11437,division_55b19b36aa7567f7ecbf
review_11438,division_dfe2db74975e0aa9f6fd
review_11439,division_dfe2db74975e0aa9f6fd
review_11440,division_dfe2db74975e0aa9f6fd
review_11441,division_dfe2db74975e0aa9f6fd
review_11442,division_dfe2db74975e0aa9f6fd
review_11443,division_dfe2db74975e0aa9f6fd
review_11444,division_dfe2db74975e0aa9f6fd
review_11445,division_dfe2db74975e0aa9f6fd
review_11446,division_dfe2db74975e0aa9f6fd
review_11447,division_dfe2db74975e0aa9f6fd
review_11448,division_dfe2db74975e0aa9f6fd
review_11449,division_dfe2db74975e0aa9f6fd
review_11450,division_dfe2db74975e0aa9f6fd
review_11451,division_dfe2db74975e0aa9f6fd
review_11452,division_dfe2db74975e0aa9f6fd
review_11453,division_dfe2db74975e0aa9f6fd
review_11454,division_dfe2db74975e0aa9f6fd
review_11455,division_dfe2db74975e0aa9f6fd
review_11456,division_df561e6f16d9f3e64a28
review_11457,division_dfe2db74975e0aa9f6fd
review_11458,division_dfe2db74975e0aa9f6fd
review_11459,division_dfe2db74975e0aa9f6fd
review_11460,division_dfe2db74975e0aa9f6fd
review_11461,division_dfe2db74975e0aa9f6fd
review_11462,division_dfe2db74975e0aa9f6fd
review_11463,division_dfe2db74975e0aa9f6fd
review_11464,division_dfe2db74975e0aa9f6fd
review_11465,division_dfe2db74975e0aa9f6fd
review_11466,division_55b19b36aa7567f7ecbf
review_11467,division_55b19b36aa7567f7ecbf
review_11468,division_dfe2db74975e0aa9f6fd
review_11469,division_55b19b36aa7567f7ecbf
review_11470,division_55b19b36aa7567f7ecbf
review_11471,division_dfe2db74975e0aa9f6fd
review_11472,division_55b19b36aa7567f7ecbf
review_11473,division_55b19b36aa7567f7ecbf
review_11474,division_dfe2db74975e0aa9f6fd
review_11475,division_dfe2db74975e0aa9f6fd
review_11476,division_55b19b36aa7567f7ecbf
review_11477,division_dfe2db74975e0aa9f6fd
review_11478,division_dfe2db74975e0aa9f6fd
review_11479,division_dfe2db74975e0aa9f6fd
review_11480,division_55b19b36aa7567f7ecbf
review_11481,division_dfe2db74975e0aa9f6fd
review_11482,division_dfe2db74975e0aa9f6fd
review_11483,division_dfe2db74975e0aa9f6fd
review_11484,division_dfe2db74975e0aa9f6fd
review_11485,division_dfe2db74975e0aa9f6fd
review_11486,division_dfe2db74975e0aa9f6fd
review_11487,division_dfe2db74975e0aa9f6fd
review_11488,division_55b19b36aa7567f7ecbf
review_11489,division_dfe2db74975e0aa9f6fd
review_11490,division_dfe2db74975e0aa9f6fd
review_11491,division_dfe2db74975e0aa9f6fd
review_11492,division_dfe2db74975e0aa9f6fd
review_11493,division_dfe2db74975e0aa9f6fd
review_11494,division_dfe2db74975e0aa9f6fd
review_11495,division_dfe2db74975e0aa9f6fd
review_11496,division_dfe2db74975e0aa9f6fd
review_11497,division_dfe2db74975e0aa9f6fd
review_11498,division_55b19b36aa7567f7ecbf
review_11499,division_dfe2db74975e0aa9f6fd
review_11500,division_55b19b36aa7567f7ecbf
review_11501,division_dfe2db74975e0aa9f6fd
review_11502,division_dfe2db74975e0aa9f6fd
review_11503,division_55b19b36aa7567f7ecbf
review_11504,division_55b19b36aa7567f7ecbf
review_11505,division_dfe2db74975e0aa9f6fd
review_11506,division_dfe2db74975e0aa9f6fd
review_11507,division_dfe2db74975e0aa9f6fd
review_11508,division_55b19b36aa7567f7ecbf
review_11509,division_dfe2db74975e0aa9f6fd
review_11510,division_dfe2db74975e0aa9f6fd
review_11511,division_55b19b36aa7567f7ecbf
review_11512,division_55b19b36aa7567f7ecbf
review_11513,division_55b19b36aa7567f7ecbf
review_11514,division_55b19b36aa7567f7ecbf
review_11515,division_55b19b36aa7567f7ecbf
review_11516,division_dfe2db74975e0aa9f6fd
review_11517,division_55b19b36aa7567f7ecbf
review_11518,division_55b19b36aa7567f7ecbf
review_11519,division_dfe2db74975e0aa9f6fd
review_11520,division_dfe2db74975e0aa9f6fd
review_11521,division_df561e6f16d9f3e64a28
review_11522,division_dfe2db74975e0aa9f6fd
review_11523,division_dfe2db74975e0aa9f6fd
review_11524,division_dfe2db74975e0aa9f6fd
review_11525,division_dfe2db74975e0aa9f6fd
review_11526,division_55b19b36aa7567f7ecbf
review_11527,division_dfe2db74975e0aa9f6fd
review_11528,division_dfe2db74975e0aa9f6fd
review_11529,division_55b19b36aa7567f7ecbf
review_11530,division_55b19b36aa7567f7ecbf
review_11531,division_dfe2db74975e0aa9f6fd
review_11532,division_dfe2db74975e0aa9f6fd
review_11533,division_dfe2db74975e0aa9f6fd
review_11534,division_dfe2db74975e0aa9f6fd
review_11535,division_dfe2db74975e0aa9f6fd
review_11536,division_dfe2db74975e0aa9f6fd
review_11537,division_dfe2db74975e0aa9f6fd
review_11538,division_55b19b36aa7567f7ecbf
review_11539,division_55b19b36aa7567f7ecbf
review_11540,division_55b19b36aa7567f7ecbf
review_11541,division_dfe2db74975e0aa9f6fd
review_11542,division_dfe2db74975e0aa9f6fd
review_11543,division_dfe2db74975e0aa9f6fd
review_11544,division_dfe2db74975e0aa9f6fd
review_11545,division_dfe2db74975e0aa9f6fd
review_11546,division_55b19b36aa7567f7ecbf
review_11547,division_55b19b36aa7567f7ecbf
review_11548,division_dfe2db74975e0aa9f6fd
review_11549,division_55b19b36aa7567f7ecbf
review_11550,division_dfe2db74975e0aa9f6fd
review_11551,division_dfe2db74975e0aa9f6fd
review_11552,division_dfe2db74975e0aa9f6fd
review_11553,division_dfe2db74975e0aa9f6fd
review_11554,division_55b19b36aa7567f7ecbf
review_11555,division_dfe2db74975e0aa9f6fd
review_11556,division_55b19b36aa7567f7ecbf
review_11557,division_55b19b36aa7567f7ecbf
review_11558,division_dfe2db74975e0aa9f6fd
review_11559,division_dfe2db74975e0aa9f6fd
review_11560,division_dfe2db74975e0aa9f6fd
review_11561,division_dfe2db74975e0aa9f6fd
review_11562,division_dfe2db74975e0aa9f6fd
review_11563,division_55b19b36aa7567f7ecbf
review_11564,division_55b19b36aa7567f7ecbf
review_11565,division_55b19b36aa7567f7ecbf
review_11566,division_dfe2db74975e0aa9f6fd
review_11567,division_dfe2db74975e0aa9f6fd
review_11568,division_55b19b36aa7567f7ecbf
review_11569,division_55b19b36aa7567f7ecbf
review_11570,division_dfe2db74975e0aa9f6fd
review_11571,division_dfe2db74975e0aa9f6fd
review_11572,division_dfe2db74975e0aa9f6fd
review_11573,division_dfe2db74975e0aa9f6fd
review_11574,division_dfe2db74975e0aa9f6fd
review_11575,division_dfe2db74975e0aa9f6fd
review_11576,division_55b19b36aa7567f7ecbf
review_11577,division_55b19b36aa7567f7ecbf
review_11578,division_55b19b36aa7567f7ecbf
review_11579,division_dfe2db74975e0aa9f6fd
review_11580,division_dfe2db74975e0aa9f6fd
review_11581,division_55b19b36aa7567f7ecbf
review_11582,division_55b19b36aa7567f7ecbf
review_11583,division_55b19b36aa7567f7ecbf
review_11584,division_dfe2db74975e0aa9f6fd
review_11585,division_dfe2db74975e0aa9f6fd
review_11586,division_dfe2db74975e0aa9f6fd
review_11587,division_dfe2db74975e0aa9f6fd
review_11588,division_55b19b36aa7567f7ecbf
review_11589,division_dfe2db74975e0aa9f6fd
review_11590,division_55b19b36aa7567f7ecbf
review_11591,division_dfe2db74975e0aa9f6fd
review_11592,division_55b19b36aa7567f7ecbf
review_11593,division_dfe2db74975e0aa9f6fd
review_11594,division_dfe2db74975e0aa9f6fd
review_11595,division_55b19b36aa7567f7ecbf
review_11596,division_dfe2db74975e0aa9f6fd
review_11597,division_dfe2db74975e0aa9f6fd
review_11598,division_55b19b36aa7567f7ecbf
review_11599,division_dfe2db74975e0aa9f6fd
review_11600,division_dfe2db74975e0aa9f6fd
review_11601,division_dfe2db74975e0aa9f6fd
review_11602,division_dfe2db74975e0aa9f6fd
review_11603,division_dfe2db74975e0aa9f6fd
review_11604,division_dfe2db74975e0aa9f6fd
review_11605,division_dfe2db74975e0aa9f6fd
review_11606,division_dfe2db74975e0aa9f6fd
review_11607,division_dfe2db74975e0aa9f6fd
review_11608,division_dfe2db74975e0aa9f6fd
review_11609,division_55b19b36aa7567f7ecbf
review_11610,division_dfe2db74975e0aa9f6fd
review_11611,division_55b19b36aa7567f7ecbf
review_11612,division_dfe2db74975e0aa9f6fd
review_11613,division_dfe2db74975e0aa9f6fd
review_11614,division_dfe2db74975e0aa9f6fd
review_11615,division_dfe2db74975e0aa9f6fd
review_11616,division_dfe2db74975e0aa9f6fd
review_11617,division_dfe2db74975e0aa9f6fd
review_11618,division_dfe2db74975e0aa9f6fd
review_11619,division_dfe2db74975e0aa9f6fd
review_11620,division_dfe2db74975e0aa9f6fd
review_11621,division_dfe2db74975e0aa9f6fd
review_11622,division_dfe2db74975e0aa9f6fd
review_11623,division_dfe2db74975e0aa9f6fd
review_11624,division_dfe2db74975e0aa9f6fd
review_11625,division_dfe2db74975e0aa9f6fd
review_11626,division_dfe2db74975e0aa9f6fd
review_11627,division_dfe2db74975e0aa9f6fd
review_11628,division_dfe2db74975e0aa9f6fd
review_11629,division_dfe2db74975e0aa9f6fd
review_11630,division_dfe2db74975e0aa9f6fd
review_11631,division_dfe2db74975e0aa9f6fd
review_11632,division_dfe2db74975e0aa9f6fd
review_11633,division_dfe2db74975e0aa9f6fd
review_11634,division_dfe2db74975e0aa9f6fd
review_11635,division_dfe2db74975e0aa9f6fd
review_11636,division_dfe2db74975e0aa9f6fd
review_11637,division_dfe2db74975e0aa9f6fd
review_11638,division_dfe2db74975e0aa9f6fd
review_11639,division_55b19b36aa7567f7ecbf
review_11640,division_dfe2db74975e0aa9f6fd
review_11641,division_dfe2db74975e0aa9f6fd
review_11642,division_dfe2db74975e0aa9f6fd
review_11643,division_dfe2db74975e0aa9f6fd
review_11644,division_dfe2db74975e0aa9f6fd
review_11645,division_55b19b36aa7567f7ecbf
review_11646,division_dfe2db74975e0aa9f6fd
review_11647,division_dfe2db74975e0aa9f6fd
review_11648,division_dfe2db74975e0aa9f6fd
review_11649,division_dfe2db74975e0aa9f6fd
review_11650,division_55b19b36aa7567f7ecbf
review_11651,division_55b19b36aa7567f7ecbf
review_11652,division_dfe2db74975e0aa9f6fd
review_11653,division_dfe2db74975e0aa9f6fd
review_11654,division_dfe2db74975e0aa9f6fd
review_11655,division_55b19b36aa7567f7ecbf
review_11656,division_dfe2db74975e0aa9f6fd
review_11657,division_dfe2db74975e0aa9f6fd
review_11658,division_55b19b36aa7567f7ecbf
review_11659,division_dfe2db74975e0aa9f6fd
review_11660,division_dfe2db74975e0aa9f6fd
review_11661,division_55b19b36aa7567f7ecbf
review_11662,division_dfe2db74975e0aa9f6fd
review_11663,division_dfe2db74975e0aa9f6fd
review_11664,division_dfe2db74975e0aa9f6fd
review_11665,division_dfe2db74975e0aa9f6fd
review_11666,division_dfe2db74975e0aa9f6fd
review_11667,division_dfe2db74975e0aa9f6fd
review_11668,division_dfe2db74975e0aa9f6fd
review_11669,division_dfe2db74975e0aa9f6fd
review_11670,division_df561e6f16d9f3e64a28
review_11671,division_55b19b36aa7567f7ecbf
review_11672,division_55b19b36aa7567f7ecbf
review_11673,division_55b19b36aa7567f7ecbf
review_11674,division_dfe2db74975e0aa9f6fd
review_11675,division_55b19b36aa7567f7ecbf
review_11676,division_dfe2db74975e0aa9f6fd
review_11677,division_dfe2db74975e0aa9f6fd
review_11678,division_dfe2db74975e0aa9f6fd
review_11679,division_dfe2db74975e0aa9f6fd
review_11680,division_dfe2db74975e0aa9f6fd
review_11681,division_dfe2db74975e0aa9f6fd
review_11682,division_dfe2db74975e0aa9f6fd
review_11683,division_dfe2db74975e0aa9f6fd
review_11684,division_dfe2db74975e0aa9f6fd
review_11685,division_dfe2db74975e0aa9f6fd
review_11686,division_df561e6f16d9f3e64a28
review_11687,division_dfe2db74975e0aa9f6fd
review_11688,division_dfe2db74975e0aa9f6fd
review_11689,division_dfe2db74975e0aa9f6fd
review_11690,division_dfe2db74975e0aa9f6fd
review_11691,division_55b19b36aa7567f7ecbf
review_11692,division_dfe2db74975e0aa9f6fd
review_11693,division_dfe2db74975e0aa9f6fd
review_11694,division_dfe2db74975e0aa9f6fd
review_11695,division_dfe2db74975e0aa9f6fd
review_11696,division_dfe2db74975e0aa9f6fd
review_11697,division_dfe2db74975e0aa9f6fd
review_11698,division_dfe2db74975e0aa9f6fd
review_11699,division_55b19b36aa7567f7ecbf
review_11700,division_dfe2db74975e0aa9f6fd
review_11701,division_dfe2db74975e0aa9f6fd
review_11702,division_dfe2db74975e0aa9f6fd
review_11703,division_55b19b36aa7567f7ecbf
review_11704,division_55b19b36aa7567f7ecbf
review_11705,division_dfe2db74975e0aa9f6fd
review_11706,division_dfe2db74975e0aa9f6fd
review_11707,division_dfe2db74975e0aa9f6fd
review_11708,division_dfe2db74975e0aa9f6fd
review_11709,division_dfe2db74975e0aa9f6fd
review_11710,division_dfe2db74975e0aa9f6fd
review_11711,division_dfe2db74975e0aa9f6fd
review_11712,division_dfe2db74975e0aa9f6fd
review_11713,division_55b19b36aa7567f7ecbf
review_11714,division_dfe2db74975e0aa9f6fd
review_11715,division_dfe2db74975e0aa9f6fd
review_11716,division_55b19b36aa7567f7ecbf
review_11717,division_55b19b36aa7567f7ecbf
review_11718,division_dfe2db74975e0aa9f6fd
review_11719,division_55b19b36aa7567f7ecbf
review_11720,division_dfe2db74975e0aa9f6fd
review_11721,division_55b19b36aa7567f7ecbf
review_11722,division_dfe2db74975e0aa9f6fd
review_11723,division_55b19b36aa7567f7ecbf
review_11724,division_dfe2db74975e0aa9f6fd
review_11725,division_55b19b36aa7567f7ecbf
review_11726,division_55b19b36aa7567f7ecbf
review_11727,division_dfe2db74975e0aa9f6fd
review_11728,division_dfe2db74975e0aa9f6fd
review_11729,division_55b19b36aa7567f7ecbf
review_11730,division_55b19b36aa7567f7ecbf
review_11731,division_55b19b36aa7567f7ecbf
review_11732,division_dfe2db74975e0aa9f6fd
review_11733,division_55b19b36aa7567f7ecbf
review_11734,division_55b19b36aa7567f7ecbf
review_11735,division_dfe2db74975e0aa9f6fd
review_11736,division_55b19b36aa7567f7ecbf
review_11737,division_55b19b36aa7567f7ecbf
review_11738,division_dfe2db74975e0aa9f6fd
review_11739,division_dfe2db74975e0aa9f6fd
review_11740,division_55b19b36aa7567f7ecbf
review_11741,division_55b19b36aa7567f7ecbf
review_11742,division_dfe2db74975e0aa9f6fd
review_11743,division_dfe2db74975e0aa9f6fd
review_11744,division_55b19b36aa7567f7ecbf
review_11745,division_55b19b36aa7567f7ecbf
review_11746,division_dfe2db74975e0aa9f6fd
review_11747,division_55b19b36aa7567f7ecbf
review_11748,division_dfe2db74975e0aa9f6fd
review_11749,division_55b19b36aa7567f7ecbf
review_11750,division_55b19b36aa7567f7ecbf
review_11751,division_dfe2db74975e0aa9f6fd
review_11752,division_55b19b36aa7567f7ecbf
review_11753,division_55b19b36aa7567f7ecbf
review_11754,division_dfe2db74975e0aa9f6fd
review_11755,division_dfe2db74975e0aa9f6fd
review_11756,division_dfe2db74975e0aa9f6fd
review_11757,division_dfe2db74975e0aa9f6fd
review_11758,division_df561e6f16d9f3e64a28
review_11759,division_dfe2db74975e0aa9f6fd
review_11760,division_dfe2db74975e0aa9f6fd
review_11761,division_dfe2db74975e0aa9f6fd
review_11762,division_dfe2db74975e0aa9f6fd
review_11763,division_dfe2db74975e0aa9f6fd
review_11764,division_dfe2db74975e0aa9f6fd
review_11765,division_dfe2db74975e0aa9f6fd
review_11766,division_dfe2db74975e0aa9f6fd
review_11767,division_dfe2db74975e0aa9f6fd
review_11768,division_dfe2db74975e0aa9f6fd
review_11769,division_dfe2db74975e0aa9f6fd
review_11770,division_55b19b36aa7567f7ecbf
review_11771,division_dfe2db74975e0aa9f6fd
review_11772,division_dfe2db74975e0aa9f6fd
review_11773,division_dfe2db74975e0aa9f6fd
review_11774,division_dfe2db74975e0aa9f6fd
review_11775,division_55b19b36aa7567f7ecbf
review_11776,division_55b19b36aa7567f7ecbf
review_11777,division_55b19b36aa7567f7ecbf
review_11778,division_dfe2db74975e0aa9f6fd
review_11779,division_dfe2db74975e0aa9f6fd
review_11780,division_dfe2db74975e0aa9f6fd
review_11781,division_dfe2db74975e0aa9f6fd
review_11782,division_dfe2db74975e0aa9f6fd
review_11783,division_dfe2db74975e0aa9f6fd
review_11784,division_55b19b36aa7567f7ecbf
review_11785,division_55b19b36aa7567f7ecbf
review_11786,division_dfe2db74975e0aa9f6fd
review_11787,division_55b19b36aa7567f7ecbf
review_11788,division_df561e6f16d9f3e64a28
review_11789,division_dfe2db74975e0aa9f6fd
review_11790,division_dfe2db74975e0aa9f6fd
review_11791,division_dfe2db74975e0aa9f6fd
review_11792,division_55b19b36aa7567f7ecbf
review_11793,division_dfe2db74975e0aa9f6fd
review_11794,division_dfe2db74975e0aa9f6fd
review_11795,division_dfe2db74975e0aa9f6fd
review_11796,division_dfe2db74975e0aa9f6fd
review_11797,division_dfe2db74975e0aa9f6fd
review_11798,division_dfe2db74975e0aa9f6fd
review_11799,division_dfe2db74975e0aa9f6fd
review_11800,division_dfe2db74975e0aa9f6fd
review_11801,division_dfe2db74975e0aa9f6fd
review_11802,division_dfe2db74975e0aa9f6fd
review_11803,division_dfe2db74975e0aa9f6fd
review_11804,division_dfe2db74975e0aa9f6fd
review_11805,division_dfe2db74975e0aa9f6fd
review_11806,division_dfe2db74975e0aa9f6fd
review_11807,division_dfe2db74975e0aa9f6fd
review_11808,division_dfe2db74975e0aa9f6fd
review_11809,division_dfe2db74975e0aa9f6fd
review_11810,division_df561e6f16d9f3e64a28
review_11811,division_dfe2db74975e0aa9f6fd
review_11812,division_dfe2db74975e0aa9f6fd
review_11813,division_dfe2db74975e0aa9f6fd
review_11814,division_df561e6f16d9f3e64a28
review_11815,division_dfe2db74975e0aa9f6fd
review_11816,division_dfe2db74975e0aa9f6fd
review_11817,division_dfe2db74975e0aa9f6fd
review_11818,division_dfe2db74975e0aa9f6fd
review_11819,division_55b19b36aa7567f7ecbf
review_11820,division_dfe2db74975e0aa9f6fd
review_11821,division_dfe2db74975e0aa9f6fd
review_11822,division_55b19b36aa7567f7ecbf
review_11823,division_dfe2db74975e0aa9f6fd
review_11824,division_dfe2db74975e0aa9f6fd
review_11825,division_dfe2db74975e0aa9f6fd
review_11826,division_dfe2db74975e0aa9f6fd
review_11827,division_dfe2db74975e0aa9f6fd
review_11828,division_dfe2db74975e0aa9f6fd
review_11829,division_dfe2db74975e0aa9f6fd
review_11830,division_dfe2db74975e0aa9f6fd
review_11831,division_dfe2db74975e0aa9f6fd
review_11832,division_dfe2db74975e0aa9f6fd
review_11833,division_dfe2db74975e0aa9f6fd
review_11834,division_dfe2db74975e0aa9f6fd
review_11835,division_dfe2db74975e0aa9f6fd
review_11836,division_dfe2db74975e0aa9f6fd
review_11837,division_dfe2db74975e0aa9f6fd
review_11838,division_dfe2db74975e0aa9f6fd
review_11839,division_dfe2db74975e0aa9f6fd
review_11840,division_dfe2db74975e0aa9f6fd
review_11841,division_dfe2db74975e0aa9f6fd
review_11842,division_55b19b36aa7567f7ecbf
review_11843,division_dfe2db74975e0aa9f6fd
review_11844,division_dfe2db74975e0aa9f6fd
review_11845,division_55b19b36aa7567f7ecbf
review_11846,division_55b19b36aa7567f7ecbf
review_11847,division_dfe2db74975e0aa9f6fd
review_11848,division_55b19b36aa7567f7ecbf
review_11849,division_55b19b36aa7567f7ecbf
review_11850,division_dfe2db74975e0aa9f6fd
review_11851,division_55b19b36aa7567f7ecbf
review_11852,division_dfe2db74975e0aa9f6fd
review_11853,division_dfe2db74975e0aa9f6fd
review_11854,division_dfe2db74975e0aa9f6fd
review_11855,division_dfe2db74975e0aa9f6fd
review_11856,division_dfe2db74975e0aa9f6fd
review_11857,division_dfe2db74975e0aa9f6fd
review_11858,division_dfe2db74975e0aa9f6fd
review_11859,division_dfe2db74975e0aa9f6fd
review_11860,division_dfe2db74975e0aa9f6fd
review_11861,division_55b19b36aa7567f7ecbf
review_11862,division_dfe2db74975e0aa9f6fd
review_11863,division_dfe2db74975e0aa9f6fd
review_11864,division_dfe2db74975e0aa9f6fd
review_11865,division_55b19b36aa7567f7ecbf
review_11866,division_dfe2db74975e0aa9f6fd
review_11867,division_dfe2db74975e0aa9f6fd
review_11868,division_dfe2db74975e0aa9f6fd
review_11869,division_dfe2db74975e0aa9f6fd
review_11870,division_55b19b36aa7567f7ecbf
review_11871,division_dfe2db74975e0aa9f6fd
review_11872,division_dfe2db74975e0aa9f6fd
review_11873,division_dfe2db74975e0aa9f6fd
review_11874,division_dfe2db74975e0aa9f6fd
review_11875,division_dfe2db74975e0aa9f6fd
review_11876,division_dfe2db74975e0aa9f6fd
review_11877,division_dfe2db74975e0aa9f6fd
review_11878,division_dfe2db74975e0aa9f6fd
review_11879,division_dfe2db74975e0aa9f6fd
review_11880,division_dfe2db74975e0aa9f6fd
review_11881,division_55b19b36aa7567f7ecbf
review_11882,division_dfe2db74975e0aa9f6fd
review_11883,division_dfe2db74975e0aa9f6fd
review_11884,division_dfe2db74975e0aa9f6fd
review_11885,division_dfe2db74975e0aa9f6fd
review_11886,division_dfe2db74975e0aa9f6fd
review_11887,division_dfe2db74975e0aa9f6fd
review_11888,division_dfe2db74975e0aa9f6fd
review_11889,division_dfe2db74975e0aa9f6fd
review_11890,division_dfe2db74975e0aa9f6fd
review_11891,division_dfe2db74975e0aa9f6fd
review_11892,division_dfe2db74975e0aa9f6fd
review_11893,division_df561e6f16d9f3e64a28
review_11894,division_55b19b36aa7567f7ecbf
review_11895,division_dfe2db74975e0aa9f6fd
review_11896,division_df561e6f16d9f3e64a28
review_11897,division_dfe2db74975e0aa9f6fd
review_11898,division_55b19b36aa7567f7ecbf
review_11899,division_dfe2db74975e0aa9f6fd
review_11900,division_55b19b36aa7567f7ecbf
review_11901,division_dfe2db74975e0aa9f6fd
review_11902,division_dfe2db74975e0aa9f6fd
review_11903,division_dfe2db74975e0aa9f6fd
review_11904,division_55b19b36aa7567f7ecbf
review_11905,division_df561e6f16d9f3e64a28
review_11906,division_dfe2db74975e0aa9f6fd
review_11907,division_55b19b36aa7567f7ecbf
review_11908,division_55b19b36aa7567f7ecbf
review_11909,division_dfe2db74975e0aa9f6fd
review_11910,division_dfe2db74975e0aa9f6fd
review_11911,division_55b19b36aa7567f7ecbf
review_11912,division_df561e6f16d9f3e64a28
review_11913,division_dfe2db74975e0aa9f6fd
review_11914,division_55b19b36aa7567f7ecbf
review_11915,division_55b19b36aa7567f7ecbf
review_11916,division_55b19b36aa7567f7ecbf
review_11917,division_df561e6f16d9f3e64a28
review_11918,division_55b19b36aa7567f7ecbf
review_11919,division_dfe2db74975e0aa9f6fd
review_11920,division_dfe2db74975e0aa9f6fd
review_11921,division_55b19b36aa7567f7ecbf
review_11922,division_55b19b36aa7567f7ecbf
review_11923,division_df561e6f16d9f3e64a28
review_11924,division_dfe2db74975e0aa9f6fd
review_11925,division_55b19b36aa7567f7ecbf
review_11926,division_df561e6f16d9f3e64a28
review_11927,division_df561e6f16d9f3e64a28
review_11928,division_55b19b36aa7567f7ecbf
review_11929,division_55b19b36aa7567f7ecbf
review_11930,division_55b19b36aa7567f7ecbf
review_11931,division_55b19b36aa7567f7ecbf
review_11932,division_55b19b36aa7567f7ecbf
review_11933,division_55b19b36aa7567f7ecbf
review_11934,division_55b19b36aa7567f7ecbf
review_11935,division_55b19b36aa7567f7ecbf
review_11936,division_55b19b36aa7567f7ecbf
review_11937,division_55b19b36aa7567f7ecbf
review_11938,division_55b19b36aa7567f7ecbf
review_11939,division_55b19b36aa7567f7ecbf
review_11940,division_55b19b36aa7567f7ecbf
review_11941,division_55b19b36aa7567f7ecbf
review_11942,division_55b19b36aa7567f7ecbf
review_11943,division_55b19b36aa7567f7ecbf
review_11944,division_55b19b36aa7567f7ecbf
review_11945,division_55b19b36aa7567f7ecbf
review_11946,division_55b19b36aa7567f7ecbf
review_11947,division_55b19b36aa7567f7ecbf
review_11948,division_dfe2db74975e0aa9f6fd
review_11949,division_dfe2db74975e0aa9f6fd
review_11950,division_dfe2db74975e0aa9f6fd
review_11951,division_dfe2db74975e0aa9f6fd
review_11952,division_dfe2db74975e0aa9f6fd
review_11953,division_55b19b36aa7567f7ecbf
review_11954,division_dfe2db74975e0aa9f6fd
review_11955,division_dfe2db74975e0aa9f6fd
review_11956,division_dfe2db74975e0aa9f6fd
review_11957,division_dfe2db74975e0aa9f6fd
review_11958,division_dfe2db74975e0aa9f6fd
review_11959,division_dfe2db74975e0aa9f6fd
review_11960,division_dfe2db74975e0aa9f6fd
review_11961,division_dfe2db74975e0aa9f6fd
review_11962,division_dfe2db74975e0aa9f6fd
review_11963,division_dfe2db74975e0aa9f6fd
review_11964,division_55b19b36aa7567f7ecbf
review_11965,division_dfe2db74975e0aa9f6fd
review_11966,division_55b19b36aa7567f7ecbf
review_11967,division_dfe2db74975e0aa9f6fd
review_11968,division_55b19b36aa7567f7ecbf
review_11969,division_55b19b36aa7567f7ecbf
review_11970,division_55b19b36aa7567f7ecbf
review_11971,division_dfe2db74975e0aa9f6fd
review_11972,division_55b19b36aa7567f7ecbf
review_11973,division_dfe2db74975e0aa9f6fd
review_11974,division_55b19b36aa7567f7ecbf
review_11975,division_dfe2db74975e0aa9f6fd
review_11976,division_dfe2db74975e0aa9f6fd
review_11977,division_55b19b36aa7567f7ecbf
review_11978,division_55b19b36aa7567f7ecbf
review_11979,division_55b19b36aa7567f7ecbf
review_11980,division_55b19b36aa7567f7ecbf
review_11981,division_55b19b36aa7567f7ecbf
review_11982,division_55b19b36aa7567f7ecbf
review_11983,division_55b19b36aa7567f7ecbf
review_11984,division_55b19b36aa7567f7ecbf
review_11985,division_dfe2db74975e0aa9f6fd
review_11986,division_df561e6f16d9f3e64a28
review_11987,division_dfe2db74975e0aa9f6fd
review_11988,division_dfe2db74975e0aa9f6fd
review_11989,division_dfe2db74975e0aa9f6fd
review_11990,division_dfe2db74975e0aa9f6fd
review_11991,division_df561e6f16d9f3e64a28
review_11992,division_dfe2db74975e0aa9f6fd
review_11993,division_dfe2db74975e0aa9f6fd
review_11994,division_dfe2db74975e0aa9f6fd
review_11995,division_dfe2db74975e0aa9f6fd
review_11996,division_dfe2db74975e0aa9f6fd
review_11997,division_df561e6f16d9f3e64a28
review_11998,division_dfe2db74975e0aa9f6fd
review_11999,division_55b19b36aa7567f7ecbf
review_12000,division_dfe2db74975e0aa9f6fd
review_12001,division_dfe2db74975e0aa9f6fd
review_12002,division_dfe2db74975e0aa9f6fd
review_12003,division_55b19b36aa7567f7ecbf
review_12004,division_dfe2db74975e0aa9f6fd
review_12005,division_dfe2db74975e0aa9f6fd
review_12006,division_dfe2db74975e0aa9f6fd
review_12007,division_dfe2db74975e0aa9f6fd
review_12008,division_dfe2db74975e0aa9f6fd
review_12009,division_dfe2db74975e0aa9f6fd
review_12010,division_dfe2db74975e0aa9f6fd
review_12011,division_dfe2db74975e0aa9f6fd
review_12012,division_dfe2db74975e0aa9f6fd
review_12013,division_55b19b36aa7567f7ecbf
review_12014,division_dfe2db74975e0aa9f6fd
review_12015,division_dfe2db74975e0aa9f6fd
review_12016,division_dfe2db74975e0aa9f6fd
review_12017,division_dfe2db74975e0aa9f6fd
review_12018,division_dfe2db74975e0aa9f6fd
review_12019,division_dfe2db74975e0aa9f6fd
review_12020,division_dfe2db74975e0aa9f6fd
review_12021,division_dfe2db74975e0aa9f6fd
review_12022,division_dfe2db74975e0aa9f6fd
review_12023,division_55b19b36aa7567f7ecbf
review_12024,division_dfe2db74975e0aa9f6fd
review_12025,division_dfe2db74975e0aa9f6fd
review_12026,division_55b19b36aa7567f7ecbf
review_12027,division_55b19b36aa7567f7ecbf
review_12028,division_55b19b36aa7567f7ecbf
review_12029,division_dfe2db74975e0aa9f6fd
review_12030,division_55b19b36aa7567f7ecbf
review_12031,division_dfe2db74975e0aa9f6fd
review_12032,division_df561e6f16d9f3e64a28
review_12033,division_55b19b36aa7567f7ecbf
review_12034,division_dfe2db74975e0aa9f6fd
review_12035,division_dfe2db74975e0aa9f6fd
review_12036,division_dfe2db74975e0aa9f6fd
review_12037,division_dfe2db74975e0aa9f6fd
review_12038,division_dfe2db74975e0aa9f6fd
review_12039,division_dfe2db74975e0aa9f6fd
review_12040,division_dfe2db74975e0aa9f6fd
review_12041,division_dfe2db74975e0aa9f6fd
review_12042,division_dfe2db74975e0aa9f6fd
review_12043,division_dfe2db74975e0aa9f6fd
review_12044,division_dfe2db74975e0aa9f6fd
review_12045,division_dfe2db74975e0aa9f6fd
review_12046,division_dfe2db74975e0aa9f6fd
review_12047,division_dfe2db74975e0aa9f6fd
review_12048,division_55b19b36aa7567f7ecbf
review_12049,division_dfe2db74975e0aa9f6fd
review_12050,division_dfe2db74975e0aa9f6fd
review_12051,division_dfe2db74975e0aa9f6fd
review_12052,division_dfe2db74975e0aa9f6fd
review_12053,division_df561e6f16d9f3e64a28
review_12054,division_dfe2db74975e0aa9f6fd
review_12055,division_dfe2db74975e0aa9f6fd
review_12056,division_dfe2db74975e0aa9f6fd
review_12057,division_dfe2db74975e0aa9f6fd
review_12058,division_55b19b36aa7567f7ecbf
review_12059,division_55b19b36aa7567f7ecbf
review_12060,division_55b19b36aa7567f7ecbf
review_12061,division_dfe2db74975e0aa9f6fd
review_12062,division_dfe2db74975e0aa9f6fd
review_12063,division_55b19b36aa7567f7ecbf
review_12064,division_dfe2db74975e0aa9f6fd
review_12065,division_55b19b36aa7567f7ecbf
review_12066,division_dfe2db74975e0aa9f6fd
review_12067,division_55b19b36aa7567f7ecbf
review_12068,division_55b19b36aa7567f7ecbf
review_12069,division_55b19b36aa7567f7ecbf
review_12070,division_55b19b36aa7567f7ecbf
review_12071,division_55b19b36aa7567f7ecbf
review_12072,division_dfe2db74975e0aa9f6fd
review_12073,division_dfe2db74975e0aa9f6fd
review_12074,division_dfe2db74975e0aa9f6fd
review_12075,division_dfe2db74975e0aa9f6fd
review_12076,division_55b19b36aa7567f7ecbf
review_12077,division_dfe2db74975e0aa9f6fd
review_12078,division_dfe2db74975e0aa9f6fd
review_12079,division_dfe2db74975e0aa9f6fd
review_12080,division_55b19b36aa7567f7ecbf
review_12081,division_55b19b36aa7567f7ecbf
review_12082,division_55b19b36aa7567f7ecbf
review_12083,division_dfe2db74975e0aa9f6fd
review_12084,division_55b19b36aa7567f7ecbf
review_12085,division_dfe2db74975e0aa9f6fd
review_12086,division_dfe2db74975e0aa9f6fd
review_12087,division_dfe2db74975e0aa9f6fd
review_12088,division_dfe2db74975e0aa9f6fd
review_12089,division_dfe2db74975e0aa9f6fd
review_12090,division_df561e6f16d9f3e64a28
review_12091,division_dfe2db74975e0aa9f6fd
review_12092,division_55b19b36aa7567f7ecbf
review_12093,division_df561e6f16d9f3e64a28
review_12094,division_dfe2db74975e0aa9f6fd
review_12095,division_55b19b36aa7567f7ecbf
review_12096,division_dfe2db74975e0aa9f6fd
review_12097,division_df561e6f16d9f3e64a28
review_12098,division_55b19b36aa7567f7ecbf
review_12099,division_dfe2db74975e0aa9f6fd
review_12100,division_dfe2db74975e0aa9f6fd
review_12101,division_df561e6f16d9f3e64a28
review_12102,division_55b19b36aa7567f7ecbf
review_12103,division_df561e6f16d9f3e64a28
review_12104,division_dfe2db74975e0aa9f6fd
review_12105,division_dfe2db74975e0aa9f6fd
review_12106,division_dfe2db74975e0aa9f6fd
review_12107,division_dfe2db74975e0aa9f6fd
review_12108,division_dfe2db74975e0aa9f6fd
review_12109,division_dfe2db74975e0aa9f6fd
review_12110,division_dfe2db74975e0aa9f6fd
review_12111,division_dfe2db74975e0aa9f6fd
review_12112,division_dfe2db74975e0aa9f6fd
review_12113,division_dfe2db74975e0aa9f6fd
review_12114,division_dfe2db74975e0aa9f6fd
review_12115,division_dfe2db74975e0aa9f6fd
review_12116,division_dfe2db74975e0aa9f6fd
review_12117,division_dfe2db74975e0aa9f6fd
review_12118,division_dfe2db74975e0aa9f6fd
review_12119,division_dfe2db74975e0aa9f6fd
review_12120,division_dfe2db74975e0aa9f6fd
review_12121,division_dfe2db74975e0aa9f6fd
review_12122,division_dfe2db74975e0aa9f6fd
review_12123,division_dfe2db74975e0aa9f6fd
review_12124,division_dfe2db74975e0aa9f6fd
review_12125,division_dfe2db74975e0aa9f6fd
review_12126,division_55b19b36aa7567f7ecbf
review_12127,division_dfe2db74975e0aa9f6fd
review_12128,division_dfe2db74975e0aa9f6fd
review_12129,division_dfe2db74975e0aa9f6fd
review_12130,division_df561e6f16d9f3e64a28
review_12131,division_55b19b36aa7567f7ecbf
review_12132,division_55b19b36aa7567f7ecbf
review_12133,division_dfe2db74975e0aa9f6fd
review_12134,division_55b19b36aa7567f7ecbf
review_12135,division_55b19b36aa7567f7ecbf
review_12136,division_dfe2db74975e0aa9f6fd
review_12137,division_55b19b36aa7567f7ecbf
review_12138,division_dfe2db74975e0aa9f6fd
review_12139,division_dfe2db74975e0aa9f6fd
review_12140,division_dfe2db74975e0aa9f6fd
review_12141,division_dfe2db74975e0aa9f6fd
review_12142,division_dfe2db74975e0aa9f6fd
review_12143,division_dfe2db74975e0aa9f6fd
review_12144,division_dfe2db74975e0aa9f6fd
review_12145,division_dfe2db74975e0aa9f6fd
review_12146,division_dfe2db74975e0aa9f6fd
review_12147,division_55b19b36aa7567f7ecbf
review_12148,division_dfe2db74975e0aa9f6fd
review_12149,division_df561e6f16d9f3e64a28
review_12150,division_dfe2db74975e0aa9f6fd
review_12151,division_55b19b36aa7567f7ecbf
review_12152,division_dfe2db74975e0aa9f6fd
review_12153,division_df561e6f16d9f3e64a28
review_12154,division_dfe2db74975e0aa9f6fd
review_12155,division_df561e6f16d9f3e64a28
review_12156,division_dfe2db74975e0aa9f6fd
review_12157,division_dfe2db74975e0aa9f6fd
review_12158,division_55b19b36aa7567f7ecbf
review_12159,division_dfe2db74975e0aa9f6fd
review_12160,division_55b19b36aa7567f7ecbf
review_12161,division_dfe2db74975e0aa9f6fd
review_12162,division_55b19b36aa7567f7ecbf
review_12163,division_df561e6f16d9f3e64a28
review_12164,division_55b19b36aa7567f7ecbf
review_12165,division_55b19b36aa7567f7ecbf
review_12166,division_55b19b36aa7567f7ecbf
review_12167,division_df561e6f16d9f3e64a28
review_12168,division_dfe2db74975e0aa9f6fd
review_12169,division_55b19b36aa7567f7ecbf
review_12170,division_dfe2db74975e0aa9f6fd
review_12171,division_dfe2db74975e0aa9f6fd
review_12172,division_55b19b36aa7567f7ecbf
review_12173,division_dfe2db74975e0aa9f6fd
review_12174,division_dfe2db74975e0aa9f6fd
review_12175,division_dfe2db74975e0aa9f6fd
review_12176,division_dfe2db74975e0aa9f6fd
review_12177,division_dfe2db74975e0aa9f6fd
review_12178,division_dfe2db74975e0aa9f6fd
review_12179,division_dfe2db74975e0aa9f6fd
review_12180,division_dfe2db74975e0aa9f6fd
review_12181,division_dfe2db74975e0aa9f6fd
review_12182,division_dfe2db74975e0aa9f6fd
review_12183,division_dfe2db74975e0aa9f6fd
review_12184,division_dfe2db74975e0aa9f6fd
review_12185,division_dfe2db74975e0aa9f6fd
review_12186,division_dfe2db74975e0aa9f6fd
review_12187,division_dfe2db74975e0aa9f6fd
review_12188,division_df561e6f16d9f3e64a28
review_12189,division_dfe2db74975e0aa9f6fd
review_12190,division_dfe2db74975e0aa9f6fd
review_12191,division_dfe2db74975e0aa9f6fd
review_12192,division_dfe2db74975e0aa9f6fd
review_12193,division_dfe2db74975e0aa9f6fd
review_12194,division_dfe2db74975e0aa9f6fd
review_12195,division_dfe2db74975e0aa9f6fd
review_12196,division_dfe2db74975e0aa9f6fd
review_12197,division_dfe2db74975e0aa9f6fd
review_12198,division_55b19b36aa7567f7ecbf
review_12199,division_dfe2db74975e0aa9f6fd
review_12200,division_dfe2db74975e0aa9f6fd
review_12201,division_dfe2db74975e0aa9f6fd
review_12202,division_dfe2db74975e0aa9f6fd
review_12203,division_dfe2db74975e0aa9f6fd
review_12204,division_dfe2db74975e0aa9f6fd
review_12205,division_dfe2db74975e0aa9f6fd
review_12206,division_dfe2db74975e0aa9f6fd
review_12207,division_dfe2db74975e0aa9f6fd
review_12208,division_dfe2db74975e0aa9f6fd
review_12209,division_dfe2db74975e0aa9f6fd
review_12210,division_dfe2db74975e0aa9f6fd
review_12211,division_dfe2db74975e0aa9f6fd
review_12212,division_dfe2db74975e0aa9f6fd
review_12213,division_df561e6f16d9f3e64a28
review_12214,division_dfe2db74975e0aa9f6fd
review_12215,division_dfe2db74975e0aa9f6fd
review_12216,division_55b19b36aa7567f7ecbf
review_12217,division_dfe2db74975e0aa9f6fd
review_12218,division_dfe2db74975e0aa9f6fd
review_12219,division_dfe2db74975e0aa9f6fd
review_12220,division_dfe2db74975e0aa9f6fd
review_12221,division_dfe2db74975e0aa9f6fd
review_12222,division_dfe2db74975e0aa9f6fd
review_12223,division_df561e6f16d9f3e64a28
review_12224,division_55b19b36aa7567f7ecbf
review_12225,division_dfe2db74975e0aa9f6fd
review_12226,division_dfe2db74975e0aa9f6fd
review_12227,division_dfe2db74975e0aa9f6fd
review_12228,division_df561e6f16d9f3e64a28
review_12229,division_dfe2db74975e0aa9f6fd
review_12230,division_dfe2db74975e0aa9f6fd
review_12231,division_dfe2db74975e0aa9f6fd
review_12232,division_dfe2db74975e0aa9f6fd
review_12233,division_55b19b36aa7567f7ecbf
review_12234,division_dfe2db74975e0aa9f6fd
review_12235,division_dfe2db74975e0aa9f6fd
review_12236,division_df561e6f16d9f3e64a28
review_12237,division_55b19b36aa7567f7ecbf
review_12238,division_dfe2db74975e0aa9f6fd
review_12239,division_dfe2db74975e0aa9f6fd
review_12240,division_dfe2db74975e0aa9f6fd
review_12241,division_dfe2db74975e0aa9f6fd
review_12242,division_dfe2db74975e0aa9f6fd
review_12243,division_55b19b36aa7567f7ecbf
review_12244,division_dfe2db74975e0aa9f6fd
review_12245,division_dfe2db74975e0aa9f6fd
review_12246,division_55b19b36aa7567f7ecbf
review_12247,division_df561e6f16d9f3e64a28
review_12248,division_55b19b36aa7567f7ecbf
review_12249,division_dfe2db74975e0aa9f6fd
review_12250,division_55b19b36aa7567f7ecbf
review_12251,division_55b19b36aa7567f7ecbf
review_12252,division_dfe2db74975e0aa9f6fd
review_12253,division_dfe2db74975e0aa9f6fd
review_12254,division_df561e6f16d9f3e64a28
review_12255,division_dfe2db74975e0aa9f6fd
review_12256,division_dfe2db74975e0aa9f6fd
review_12257,division_dfe2db74975e0aa9f6fd
review_12258,division_55b19b36aa7567f7ecbf
review_12259,division_55b19b36aa7567f7ecbf
review_12260,division_df561e6f16d9f3e64a28
review_12261,division_df561e6f16d9f3e64a28
review_12262,division_dfe2db74975e0aa9f6fd
review_12263,division_df561e6f16d9f3e64a28
review_12264,division_dfe2db74975e0aa9f6fd
review_12265,division_dfe2db74975e0aa9f6fd
review_12266,division_dfe2db74975e0aa9f6fd
review_12267,division_df561e6f16d9f3e64a28
review_12268,division_55b19b36aa7567f7ecbf
review_12269,division_dfe2db74975e0aa9f6fd
review_12270,division_dfe2db74975e0aa9f6fd
review_12271,division_df561e6f16d9f3e64a28
review_12272,division_55b19b36aa7567f7ecbf
review_12273,division_dfe2db74975e0aa9f6fd
review_12274,division_df561e6f16d9f3e64a28
review_12275,division_55b19b36aa7567f7ecbf
review_12276,division_55b19b36aa7567f7ecbf
review_12277,division_df561e6f16d9f3e64a28
review_12278,division_55b19b36aa7567f7ecbf
review_12279,division_dfe2db74975e0aa9f6fd
review_12280,division_df561e6f16d9f3e64a28
review_12281,division_55b19b36aa7567f7ecbf
review_12282,division_dfe2db74975e0aa9f6fd
review_12283,division_55b19b36aa7567f7ecbf
review_12284,division_dfe2db74975e0aa9f6fd
review_12285,division_dfe2db74975e0aa9f6fd
review_12286,division_55b19b36aa7567f7ecbf
review_12287,division_df561e6f16d9f3e64a28
review_12288,division_dfe2db74975e0aa9f6fd
review_12289,division_dfe2db74975e0aa9f6fd
review_12290,division_dfe2db74975e0aa9f6fd
review_12291,division_55b19b36aa7567f7ecbf
review_12292,division_df561e6f16d9f3e64a28
review_12293,division_dfe2db74975e0aa9f6fd
review_12294,division_dfe2db74975e0aa9f6fd
review_12295,division_df561e6f16d9f3e64a28
review_12296,division_55b19b36aa7567f7ecbf
review_12297,division_df561e6f16d9f3e64a28
review_12298,division_dfe2db74975e0aa9f6fd
review_12299,division_dfe2db74975e0aa9f6fd
review_12300,division_dfe2db74975e0aa9f6fd
review_12301,division_dfe2db74975e0aa9f6fd
review_12302,division_df561e6f16d9f3e64a28
review_12303,division_dfe2db74975e0aa9f6fd
review_12304,division_dfe2db74975e0aa9f6fd
review_12305,division_55b19b36aa7567f7ecbf
review_12306,division_dfe2db74975e0aa9f6fd
review_12307,division_dfe2db74975e0aa9f6fd
review_12308,division_dfe2db74975e0aa9f6fd
review_12309,division_55b19b36aa7567f7ecbf
review_12310,division_55b19b36aa7567f7ecbf
review_12311,division_dfe2db74975e0aa9f6fd
review_12312,division_dfe2db74975e0aa9f6fd
review_12313,division_df561e6f16d9f3e64a28
review_12314,division_dfe2db74975e0aa9f6fd
review_12315,division_df561e6f16d9f3e64a28
review_12316,division_dfe2db74975e0aa9f6fd
review_12317,division_dfe2db74975e0aa9f6fd
review_12318,division_55b19b36aa7567f7ecbf
review_12319,division_55b19b36aa7567f7ecbf
review_12320,division_dfe2db74975e0aa9f6fd
review_12321,division_55b19b36aa7567f7ecbf
review_12322,division_dfe2db74975e0aa9f6fd
review_12323,division_dfe2db74975e0aa9f6fd
review_12324,division_55b19b36aa7567f7ecbf
review_12325,division_dfe2db74975e0aa9f6fd
review_12326,division_dfe2db74975e0aa9f6fd
review_12327,division_dfe2db74975e0aa9f6fd
review_12328,division_55b19b36aa7567f7ecbf
review_12329,division_55b19b36aa7567f7ecbf
review_12330,division_55b19b36aa7567f7ecbf
review_12331,division_dfe2db74975e0aa9f6fd
review_12332,division_dfe2db74975e0aa9f6fd
review_12333,division_dfe2db74975e0aa9f6fd
review_12334,division_dfe2db74975e0aa9f6fd
review_12335,division_55b19b36aa7567f7ecbf
review_12336,division_dfe2db74975e0aa9f6fd
review_12337,division_dfe2db74975e0aa9f6fd
review_12338,division_dfe2db74975e0aa9f6fd
review_12339,division_55b19b36aa7567f7ecbf
review_12340,division_dfe2db74975e0aa9f6fd
review_12341,division_dfe2db74975e0aa9f6fd
review_12342,division_dfe2db74975e0aa9f6fd
review_12343,division_55b19b36aa7567f7ecbf
review_12344,division_df561e6f16d9f3e64a28
review_12345,division_55b19b36aa7567f7ecbf
review_12346,division_dfe2db74975e0aa9f6fd
review_12347,division_dfe2db74975e0aa9f6fd
review_12348,division_dfe2db74975e0aa9f6fd
review_12349,division_55b19b36aa7567f7ecbf
review_12350,division_dfe2db74975e0aa9f6fd
review_12351,division_dfe2db74975e0aa9f6fd
review_12352,division_55b19b36aa7567f7ecbf
review_12353,division_dfe2db74975e0aa9f6fd
review_12354,division_55b19b36aa7567f7ecbf
review_12355,division_dfe2db74975e0aa9f6fd
review_12356,division_dfe2db74975e0aa9f6fd
review_12357,division_dfe2db74975e0aa9f6fd
review_12358,division_dfe2db74975e0aa9f6fd
review_12359,division_55b19b36aa7567f7ecbf
review_12360,division_dfe2db74975e0aa9f6fd
review_12361,division_55b19b36aa7567f7ecbf
review_12362,division_dfe2db74975e0aa9f6fd
review_12363,division_dfe2db74975e0aa9f6fd
review_12364,division_dfe2db74975e0aa9f6fd
review_12365,division_dfe2db74975e0aa9f6fd
review_12366,division_dfe2db74975e0aa9f6fd
review_12367,division_dfe2db74975e0aa9f6fd
review_12368,division_55b19b36aa7567f7ecbf
review_12369,division_dfe2db74975e0aa9f6fd
review_12370,division_dfe2db74975e0aa9f6fd
review_12371,division_dfe2db74975e0aa9f6fd
review_12372,division_dfe2db74975e0aa9f6fd
review_12373,division_dfe2db74975e0aa9f6fd
review_12374,division_dfe2db74975e0aa9f6fd
review_12375,division_55b19b36aa7567f7ecbf
review_12376,division_dfe2db74975e0aa9f6fd
review_12377,division_dfe2db74975e0aa9f6fd
review_12378,division_dfe2db74975e0aa9f6fd
review_12379,division_dfe2db74975e0aa9f6fd
review_12380,division_dfe2db74975e0aa9f6fd
review_12381,division_dfe2db74975e0aa9f6fd
review_12382,division_55b19b36aa7567f7ecbf
review_12383,division_dfe2db74975e0aa9f6fd
review_12384,division_dfe2db74975e0aa9f6fd
review_12385,division_55b19b36aa7567f7ecbf
review_12386,division_dfe2db74975e0aa9f6fd
review_12387,division_dfe2db74975e0aa9f6fd
review_12388,division_dfe2db74975e0aa9f6fd
review_12389,division_dfe2db74975e0aa9f6fd
review_12390,division_dfe2db74975e0aa9f6fd
review_12391,division_55b19b36aa7567f7ecbf
review_12392,division_dfe2db74975e0aa9f6fd
review_12393,division_dfe2db74975e0aa9f6fd
review_12394,division_dfe2db74975e0aa9f6fd
review_12395,division_dfe2db74975e0aa9f6fd
review_12396,division_dfe2db74975e0aa9f6fd
review_12397,division_dfe2db74975e0aa9f6fd
review_12398,division_dfe2db74975e0aa9f6fd
review_12399,division_dfe2db74975e0aa9f6fd
review_12400,division_dfe2db74975e0aa9f6fd
review_12401,division_dfe2db74975e0aa9f6fd
review_12402,division_dfe2db74975e0aa9f6fd
review_12403,division_dfe2db74975e0aa9f6fd
review_12404,division_dfe2db74975e0aa9f6fd
review_12405,division_55b19b36aa7567f7ecbf
review_12406,division_dfe2db74975e0aa9f6fd
review_12407,division_dfe2db74975e0aa9f6fd
review_12408,division_dfe2db74975e0aa9f6fd
review_12409,division_dfe2db74975e0aa9f6fd
review_12410,division_55b19b36aa7567f7ecbf
review_12411,division_dfe2db74975e0aa9f6fd
review_12412,division_dfe2db74975e0aa9f6fd
review_12413,division_dfe2db74975e0aa9f6fd
review_12414,division_dfe2db74975e0aa9f6fd
review_12415,division_dfe2db74975e0aa9f6fd
review_12416,division_dfe2db74975e0aa9f6fd
review_12417,division_55b19b36aa7567f7ecbf
review_12418,division_dfe2db74975e0aa9f6fd
review_12419,division_dfe2db74975e0aa9f6fd
review_12420,division_dfe2db74975e0aa9f6fd
review_12421,division_df561e6f16d9f3e64a28
review_12422,division_dfe2db74975e0aa9f6fd
review_12423,division_dfe2db74975e0aa9f6fd
review_12424,division_dfe2db74975e0aa9f6fd
review_12425,division_dfe2db74975e0aa9f6fd
review_12426,division_dfe2db74975e0aa9f6fd
review_12427,division_dfe2db74975e0aa9f6fd
review_12428,division_dfe2db74975e0aa9f6fd
review_12429,division_dfe2db74975e0aa9f6fd
review_12430,division_df561e6f16d9f3e64a28
review_12431,division_55b19b36aa7567f7ecbf
review_12432,division_dfe2db74975e0aa9f6fd
review_12433,division_dfe2db74975e0aa9f6fd
review_12434,division_dfe2db74975e0aa9f6fd
review_12435,division_55b19b36aa7567f7ecbf
review_12436,division_dfe2db74975e0aa9f6fd
review_12437,division_55b19b36aa7567f7ecbf
review_12438,division_55b19b36aa7567f7ecbf
review_12439,division_55b19b36aa7567f7ecbf
review_12440,division_55b19b36aa7567f7ecbf
review_12441,division_55b19b36aa7567f7ecbf
review_12442,division_55b19b36aa7567f7ecbf
review_12443,division_55b19b36aa7567f7ecbf
review_12444,division_55b19b36aa7567f7ecbf
review_12445,division_55b19b36aa7567f7ecbf
review_12446,division_55b19b36aa7567f7ecbf
review_12447,division_55b19b36aa7567f7ecbf
review_12448,division_55b19b36aa7567f7ecbf
review_12449,division_55b19b36aa7567f7ecbf
review_12450,division_dfe2db74975e0aa9f6fd
review_12451,division_dfe2db74975e0aa9f6fd
review_12452,division_55b19b36aa7567f7ecbf
review_12453,division_55b19b36aa7567f7ecbf
review_12454,division_55b19b36aa7567f7ecbf
review_12455,division_55b19b36aa7567f7ecbf
review_12456,division_55b19b36aa7567f7ecbf
review_12457,division_55b19b36aa7567f7ecbf
review_12458,division_55b19b36aa7567f7ecbf
review_12459,division_55b19b36aa7567f7ecbf
review_12460,division_55b19b36aa7567f7ecbf
review_12461,division_55b19b36aa7567f7ecbf
review_12462,division_55b19b36aa7567f7ecbf
review_12463,division_dfe2db74975e0aa9f6fd
review_12464,division_dfe2db74975e0aa9f6fd
review_12465,division_55b19b36aa7567f7ecbf
review_12466,division_55b19b36aa7567f7ecbf
review_12467,division_55b19b36aa7567f7ecbf
review_12468,division_55b19b36aa7567f7ecbf
review_12469,division_55b19b36aa7567f7ecbf
review_12470,division_55b19b36aa7567f7ecbf
review_12471,division_55b19b36aa7567f7ecbf
review_12472,division_55b19b36aa7567f7ecbf
review_12473,division_55b19b36aa7567f7ecbf
review_12474,division_df561e6f16d9f3e64a28
review_12475,division_55b19b36aa7567f7ecbf
review_12476,division_dfe2db74975e0aa9f6fd
review_12477,division_55b19b36aa7567f7ecbf
review_12478,division_55b19b36aa7567f7ecbf
review_12479,division_55b19b36aa7567f7ecbf
review_12480,division_55b19b36aa7567f7ecbf
review_12481,division_55b19b36aa7567f7ecbf
review_12482,division_dfe2db74975e0aa9f6fd
review_12483,division_55b19b36aa7567f7ecbf
review_12484,division_55b19b36aa7567f7ecbf
review_12485,division_55b19b36aa7567f7ecbf
review_12486,division_df561e6f16d9f3e64a28
review_12487,division_55b19b36aa7567f7ecbf
review_12488,division_dfe2db74975e0aa9f6fd
review_12489,division_55b19b36aa7567f7ecbf
review_12490,division_55b19b36aa7567f7ecbf
review_12491,division_55b19b36aa7567f7ecbf
review_12492,division_dfe2db74975e0aa9f6fd
review_12493,division_dfe2db74975e0aa9f6fd
review_12494,division_55b19b36aa7567f7ecbf
review_12495,division_55b19b36aa7567f7ecbf
review_12496,division_55b19b36aa7567f7ecbf
review_12497,division_55b19b36aa7567f7ecbf
review_12498,division_dfe2db74975e0aa9f6fd
review_12499,division_55b19b36aa7567f7ecbf
review_12500,division_55b19b36aa7567f7ecbf
review_12501,division_55b19b36aa7567f7ecbf
review_12502,division_dfe2db74975e0aa9f6fd
review_12503,division_55b19b36aa7567f7ecbf
review_12504,division_55b19b36aa7567f7ecbf
review_12505,division_55b19b36aa7567f7ecbf
review_12506,division_dfe2db74975e0aa9f6fd
review_12507,division_dfe2db74975e0aa9f6fd
review_12508,division_dfe2db74975e0aa9f6fd
review_12509,division_55b19b36aa7567f7ecbf
review_12510,division_dfe2db74975e0aa9f6fd
review_12511,division_55b19b36aa7567f7ecbf
review_12512,division_dfe2db74975e0aa9f6fd
review_12513,division_55b19b36aa7567f7ecbf
review_12514,division_55b19b36aa7567f7ecbf
review_12515,division_55b19b36aa7567f7ecbf
review_12516,division_dfe2db74975e0aa9f6fd
review_12517,division_df561e6f16d9f3e64a28
review_12518,division_dfe2db74975e0aa9f6fd
review_12519,division_55b19b36aa7567f7ecbf
review_12520,division_55b19b36aa7567f7ecbf
review_12521,division_dfe2db74975e0aa9f6fd
review_12522,division_dfe2db74975e0aa9f6fd
review_12523,division_dfe2db74975e0aa9f6fd
review_12524,division_dfe2db74975e0aa9f6fd
review_12525,division_55b19b36aa7567f7ecbf
review_12526,division_dfe2db74975e0aa9f6fd
review_12527,division_55b19b36aa7567f7ecbf
review_12528,division_55b19b36aa7567f7ecbf
review_12529,division_55b19b36aa7567f7ecbf
review_12530,division_dfe2db74975e0aa9f6fd
review_12531,division_55b19b36aa7567f7ecbf
review_12532,division_dfe2db74975e0aa9f6fd
review_12533,division_dfe2db74975e0aa9f6fd
review_12534,division_dfe2db74975e0aa9f6fd
review_12535,division_dfe2db74975e0aa9f6fd
review_12536,division_dfe2db74975e0aa9f6fd
review_12537,division_55b19b36aa7567f7ecbf
review_12538,division_55b19b36aa7567f7ecbf
review_12539,division_dfe2db74975e0aa9f6fd
review_12540,division_dfe2db74975e0aa9f6fd
review_12541,division_dfe2db74975e0aa9f6fd
review_12542,division_dfe2db74975e0aa9f6fd
review_12543,division_dfe2db74975e0aa9f6fd
review_12544,division_55b19b36aa7567f7ecbf
review_12545,division_dfe2db74975e0aa9f6fd
review_12546,division_55b19b36aa7567f7ecbf
review_12547,division_55b19b36aa7567f7ecbf
review_12548,division_55b19b36aa7567f7ecbf
review_12549,division_dfe2db74975e0aa9f6fd
review_12550,division_dfe2db74975e0aa9f6fd
review_12551,division_55b19b36aa7567f7ecbf
review_12552,division_55b19b36aa7567f7ecbf
review_12553,division_55b19b36aa7567f7ecbf
review_12554,division_55b19b36aa7567f7ecbf
review_12555,division_55b19b36aa7567f7ecbf
review_12556,division_55b19b36aa7567f7ecbf
review_12557,division_55b19b36aa7567f7ecbf
review_12558,division_55b19b36aa7567f7ecbf
review_12559,division_dfe2db74975e0aa9f6fd
review_12560,division_55b19b36aa7567f7ecbf
review_12561,division_55b19b36aa7567f7ecbf
review_12562,division_dfe2db74975e0aa9f6fd
review_12563,division_dfe2db74975e0aa9f6fd
review_12564,division_dfe2db74975e0aa9f6fd
review_12565,division_55b19b36aa7567f7ecbf
review_12566,division_55b19b36aa7567f7ecbf
review_12567,division_dfe2db74975e0aa9f6fd
review_12568,division_dfe2db74975e0aa9f6fd
review_12569,division_55b19b36aa7567f7ecbf
review_12570,division_55b19b36aa7567f7ecbf
review_12571,division_55b19b36aa7567f7ecbf
review_12572,division_dfe2db74975e0aa9f6fd
review_12573,division_55b19b36aa7567f7ecbf
review_12574,division_55b19b36aa7567f7ecbf
review_12575,division_55b19b36aa7567f7ecbf
review_12576,division_55b19b36aa7567f7ecbf
review_12577,division_55b19b36aa7567f7ecbf
review_12578,division_55b19b36aa7567f7ecbf
review_12579,division_dfe2db74975e0aa9f6fd
review_12580,division_55b19b36aa7567f7ecbf
review_12581,division_55b19b36aa7567f7ecbf
review_12582,division_55b19b36aa7567f7ecbf
review_12583,division_55b19b36aa7567f7ecbf
review_12584,division_55b19b36aa7567f7ecbf
review_12585,division_df561e6f16d9f3e64a28
review_12586,division_55b19b36aa7567f7ecbf
review_12587,division_dfe2db74975e0aa9f6fd
review_12588,division_dfe2db74975e0aa9f6fd
review_12589,division_55b19b36aa7567f7ecbf
review_12590,division_55b19b36aa7567f7ecbf
review_12591,division_dfe2db74975e0aa9f6fd
review_12592,division_dfe2db74975e0aa9f6fd
review_12593,division_55b19b36aa7567f7ecbf
review_12594,division_dfe2db74975e0aa9f6fd
review_12595,division_55b19b36aa7567f7ecbf
review_12596,division_df561e6f16d9f3e64a28
review_12597,division_dfe2db74975e0aa9f6fd
review_12598,division_55b19b36aa7567f7ecbf
review_12599,division_55b19b36aa7567f7ecbf
review_12600,division_dfe2db74975e0aa9f6fd
review_12601,division_dfe2db74975e0aa9f6fd
review_12602,division_dfe2db74975e0aa9f6fd
review_12603,division_dfe2db74975e0aa9f6fd
review_12604,division_55b19b36aa7567f7ecbf
review_12605,division_55b19b36aa7567f7ecbf
review_12606,division_df561e6f16d9f3e64a28
review_12607,division_dfe2db74975e0aa9f6fd
review_12608,division_55b19b36aa7567f7ecbf
review_12609,division_dfe2db74975e0aa9f6fd
review_12610,division_dfe2db74975e0aa9f6fd
review_12611,division_dfe2db74975e0aa9f6fd
review_12612,division_dfe2db74975e0aa9f6fd
review_12613,division_df561e6f16d9f3e64a28
review_12614,division_55b19b36aa7567f7ecbf
review_12615,division_df561e6f16d9f3e64a28
review_12616,division_dfe2db74975e0aa9f6fd
review_12617,division_55b19b36aa7567f7ecbf
review_12618,division_dfe2db74975e0aa9f6fd
review_12619,division_dfe2db74975e0aa9f6fd
review_12620,division_dfe2db74975e0aa9f6fd
review_12621,division_dfe2db74975e0aa9f6fd
review_12622,division_dfe2db74975e0aa9f6fd
review_12623,division_dfe2db74975e0aa9f6fd
review_12624,division_dfe2db74975e0aa9f6fd
review_12625,division_dfe2db74975e0aa9f6fd
review_12626,division_55b19b36aa7567f7ecbf
review_12627,division_df561e6f16d9f3e64a28
review_12628,division_55b19b36aa7567f7ecbf
review_12629,division_dfe2db74975e0aa9f6fd
review_12630,division_dfe2db74975e0aa9f6fd
review_12631,division_dfe2db74975e0aa9f6fd
review_12632,division_55b19b36aa7567f7ecbf
review_12633,division_dfe2db74975e0aa9f6fd
review_12634,division_55b19b36aa7567f7ecbf
review_12635,division_df561e6f16d9f3e64a28
review_12636,division_55b19b36aa7567f7ecbf
review_12637,division_55b19b36aa7567f7ecbf
review_12638,division_55b19b36aa7567f7ecbf
review_12639,division_55b19b36aa7567f7ecbf
review_12640,division_55b19b36aa7567f7ecbf
review_12641,division_55b19b36aa7567f7ecbf
review_12642,division_55b19b36aa7567f7ecbf
review_12643,division_55b19b36aa7567f7ecbf
review_12644,division_df561e6f16d9f3e64a28
review_12645,division_55b19b36aa7567f7ecbf
review_12646,division_df561e6f16d9f3e64a28
review_12647,division_55b19b36aa7567f7ecbf
review_12648,division_55b19b36aa7567f7ecbf
review_12649,division_dfe2db74975e0aa9f6fd
review_12650,division_dfe2db74975e0aa9f6fd
review_12651,division_dfe2db74975e0aa9f6fd
review_12652,division_dfe2db74975e0aa9f6fd
review_12653,division_dfe2db74975e0aa9f6fd
review_12654,division_dfe2db74975e0aa9f6fd
review_12655,division_dfe2db74975e0aa9f6fd
review_12656,division_dfe2db74975e0aa9f6fd
review_12657,division_55b19b36aa7567f7ecbf
review_12658,division_dfe2db74975e0aa9f6fd
review_12659,division_dfe2db74975e0aa9f6fd
review_12660,division_dfe2db74975e0aa9f6fd
review_12661,division_dfe2db74975e0aa9f6fd
review_12662,division_dfe2db74975e0aa9f6fd
review_12663,division_dfe2db74975e0aa9f6fd
review_12664,division_dfe2db74975e0aa9f6fd
review_12665,division_dfe2db74975e0aa9f6fd
review_12666,division_dfe2db74975e0aa9f6fd
review_12667,division_dfe2db74975e0aa9f6fd
review_12668,division_dfe2db74975e0aa9f6fd
review_12669,division_dfe2db74975e0aa9f6fd
review_12670,division_dfe2db74975e0aa9f6fd
review_12671,division_dfe2db74975e0aa9f6fd
review_12672,division_dfe2db74975e0aa9f6fd
review_12673,division_dfe2db74975e0aa9f6fd
review_12674,division_dfe2db74975e0aa9f6fd
review_12675,division_dfe2db74975e0aa9f6fd
review_12676,division_dfe2db74975e0aa9f6fd
review_12677,division_dfe2db74975e0aa9f6fd
review_12678,division_dfe2db74975e0aa9f6fd
review_12679,division_dfe2db74975e0aa9f6fd
review_12680,division_dfe2db74975e0aa9f6fd
review_12681,division_dfe2db74975e0aa9f6fd
review_12682,division_dfe2db74975e0aa9f6fd
review_12683,division_df561e6f16d9f3e64a28
review_12684,division_dfe2db74975e0aa9f6fd
review_12685,division_df561e6f16d9f3e64a28
review_12686,division_df561e6f16d9f3e64a28
review_12687,division_dfe2db74975e0aa9f6fd
review_12688,division_dfe2db74975e0aa9f6fd
review_12689,division_dfe2db74975e0aa9f6fd
review_12690,division_dfe2db74975e0aa9f6fd
review_12691,division_dfe2db74975e0aa9f6fd
review_12692,division_55b19b36aa7567f7ecbf
review_12693,division_55b19b36aa7567f7ecbf
review_12694,division_55b19b36aa7567f7ecbf
review_12695,division_55b19b36aa7567f7ecbf
review_12696,division_55b19b36aa7567f7ecbf
review_12697,division_dfe2db74975e0aa9f6fd
review_12698,division_55b19b36aa7567f7ecbf
review_12699,division_dfe2db74975e0aa9f6fd
review_12700,division_dfe2db74975e0aa9f6fd
review_12701,division_55b19b36aa7567f7ecbf
review_12702,division_55b19b36aa7567f7ecbf
review_12703,division_55b19b36aa7567f7ecbf
review_12704,division_dfe2db74975e0aa9f6fd
review_12705,division_dfe2db74975e0aa9f6fd
review_12706,division_55b19b36aa7567f7ecbf
review_12707,division_55b19b36aa7567f7ecbf
review_12708,division_dfe2db74975e0aa9f6fd
review_12709,division_55b19b36aa7567f7ecbf
review_12710,division_dfe2db74975e0aa9f6fd
review_12711,division_55b19b36aa7567f7ecbf
review_12712,division_55b19b36aa7567f7ecbf
review_12713,division_dfe2db74975e0aa9f6fd
review_12714,division_55b19b36aa7567f7ecbf
review_12715,division_55b19b36aa7567f7ecbf
review_12716,division_dfe2db74975e0aa9f6fd
review_12717,division_55b19b36aa7567f7ecbf
review_12718,division_55b19b36aa7567f7ecbf
review_12719,division_55b19b36aa7567f7ecbf
review_12720,division_dfe2db74975e0aa9f6fd
review_12721,division_dfe2db74975e0aa9f6fd
review_12722,division_55b19b36aa7567f7ecbf
review_12723,division_dfe2db74975e0aa9f6fd
review_12724,division_55b19b36aa7567f7ecbf
review_12725,division_55b19b36aa7567f7ecbf
review_12726,division_dfe2db74975e0aa9f6fd
review_12727,division_55b19b36aa7567f7ecbf
review_12728,division_55b19b36aa7567f7ecbf
review_12729,division_55b19b36aa7567f7ecbf
review_12730,division_55b19b36aa7567f7ecbf
review_12731,division_dfe2db74975e0aa9f6fd
review_12732,division_55b19b36aa7567f7ecbf
review_12733,division_55b19b36aa7567f7ecbf
review_12734,division_dfe2db74975e0aa9f6fd
review_12735,division_55b19b36aa7567f7ecbf
review_12736,division_dfe2db74975e0aa9f6fd
review_12737,division_55b19b36aa7567f7ecbf
review_12738,division_55b19b36aa7567f7ecbf
review_12739,division_dfe2db74975e0aa9f6fd
review_12740,division_dfe2db74975e0aa9f6fd
review_12741,division_55b19b36aa7567f7ecbf
review_12742,division_55b19b36aa7567f7ecbf
review_12743,division_dfe2db74975e0aa9f6fd
review_12744,division_dfe2db74975e0aa9f6fd
review_12745,division_dfe2db74975e0aa9f6fd
review_12746,division_55b19b36aa7567f7ecbf
review_12747,division_df561e6f16d9f3e64a28
review_12748,division_dfe2db74975e0aa9f6fd
review_12749,division_df561e6f16d9f3e64a28
review_12750,division_dfe2db74975e0aa9f6fd
review_12751,division_dfe2db74975e0aa9f6fd
review_12752,division_dfe2db74975e0aa9f6fd
review_12753,division_df561e6f16d9f3e64a28
review_12754,division_dfe2db74975e0aa9f6fd
review_12755,division_55b19b36aa7567f7ecbf
review_12756,division_dfe2db74975e0aa9f6fd
review_12757,division_dfe2db74975e0aa9f6fd
review_12758,division_df561e6f16d9f3e64a28
review_12759,division_df561e6f16d9f3e64a28
review_12760,division_df561e6f16d9f3e64a28
review_12761,division_dfe2db74975e0aa9f6fd
review_12762,division_dfe2db74975e0aa9f6fd
review_12763,division_dfe2db74975e0aa9f6fd
review_12764,division_dfe2db74975e0aa9f6fd
review_12765,division_dfe2db74975e0aa9f6fd
review_12766,division_df561e6f16d9f3e64a28
review_12767,division_dfe2db74975e0aa9f6fd
review_12768,division_dfe2db74975e0aa9f6fd
review_12769,division_dfe2db74975e0aa9f6fd
review_12770,division_dfe2db74975e0aa9f6fd
review_12771,division_dfe2db74975e0aa9f6fd
review_12772,division_dfe2db74975e0aa9f6fd
review_12773,division_dfe2db74975e0aa9f6fd
review_12774,division_df561e6f16d9f3e64a28
review_12775,division_dfe2db74975e0aa9f6fd
review_12776,division_dfe2db74975e0aa9f6fd
review_12777,division_df561e6f16d9f3e64a28
review_12778,division_df561e6f16d9f3e64a28
review_12779,division_dfe2db74975e0aa9f6fd
review_12780,division_dfe2db74975e0aa9f6fd
review_12781,division_df561e6f16d9f3e64a28
review_12782,division_dfe2db74975e0aa9f6fd
review_12783,division_55b19b36aa7567f7ecbf
review_12784,division_dfe2db74975e0aa9f6fd
review_12785,division_dfe2db74975e0aa9f6fd
review_12786,division_55b19b36aa7567f7ecbf
review_12787,division_55b19b36aa7567f7ecbf
review_12788,division_dfe2db74975e0aa9f6fd
review_12789,division_dfe2db74975e0aa9f6fd
review_12790,division_55b19b36aa7567f7ecbf
review_12791,division_55b19b36aa7567f7ecbf
review_12792,division_dfe2db74975e0aa9f6fd
review_12793,division_dfe2db74975e0aa9f6fd
review_12794,division_dfe2db74975e0aa9f6fd
review_12795,division_dfe2db74975e0aa9f6fd
review_12796,division_dfe2db74975e0aa9f6fd
review_12797,division_dfe2db74975e0aa9f6fd
review_12798,division_55b19b36aa7567f7ecbf
review_12799,division_dfe2db74975e0aa9f6fd
review_12800,division_dfe2db74975e0aa9f6fd
review_12801,division_dfe2db74975e0aa9f6fd
review_12802,division_dfe2db74975e0aa9f6fd
review_12803,division_df561e6f16d9f3e64a28
review_12804,division_dfe2db74975e0aa9f6fd
review_12805,division_dfe2db74975e0aa9f6fd
review_12806,division_df561e6f16d9f3e64a28
review_12807,division_dfe2db74975e0aa9f6fd
review_12808,division_dfe2db74975e0aa9f6fd
review_12809,division_dfe2db74975e0aa9f6fd
review_12810,division_dfe2db74975e0aa9f6fd
review_12811,division_dfe2db74975e0aa9f6fd
review_12812,division_dfe2db74975e0aa9f6fd
review_12813,division_dfe2db74975e0aa9f6fd
review_12814,division_dfe2db74975e0aa9f6fd
review_12815,division_dfe2db74975e0aa9f6fd
review_12816,division_dfe2db74975e0aa9f6fd
review_12817,division_df561e6f16d9f3e64a28
review_12818,division_df561e6f16d9f3e64a28
review_12819,division_df561e6f16d9f3e64a28
review_12820,division_dfe2db74975e0aa9f6fd
review_12821,division_dfe2db74975e0aa9f6fd
review_12822,division_df561e6f16d9f3e64a28
review_12823,division_dfe2db74975e0aa9f6fd
review_12824,division_dfe2db74975e0aa9f6fd
review_12825,division_dfe2db74975e0aa9f6fd
review_12826,division_df561e6f16d9f3e64a28
review_12827,division_df561e6f16d9f3e64a28
review_12828,division_dfe2db74975e0aa9f6fd
review_12829,division_55b19b36aa7567f7ecbf
review_12830,division_df561e6f16d9f3e64a28
review_12831,division_dfe2db74975e0aa9f6fd
review_12832,division_dfe2db74975e0aa9f6fd
review_12833,division_dfe2db74975e0aa9f6fd
review_12834,division_dfe2db74975e0aa9f6fd
review_12835,division_df561e6f16d9f3e64a28
review_12836,division_df561e6f16d9f3e64a28
review_12837,division_dfe2db74975e0aa9f6fd
review_12838,division_dfe2db74975e0aa9f6fd
review_12839,division_dfe2db74975e0aa9f6fd
review_12840,division_dfe2db74975e0aa9f6fd
review_12841,division_dfe2db74975e0aa9f6fd
review_12842,division_dfe2db74975e0aa9f6fd
review_12843,division_dfe2db74975e0aa9f6fd
review_12844,division_dfe2db74975e0aa9f6fd
review_12845,division_df561e6f16d9f3e64a28
review_12846,division_dfe2db74975e0aa9f6fd
review_12847,division_dfe2db74975e0aa9f6fd
review_12848,division_dfe2db74975e0aa9f6fd
review_12849,division_dfe2db74975e0aa9f6fd
review_12850,division_dfe2db74975e0aa9f6fd
review_12851,division_df561e6f16d9f3e64a28
review_12852,division_df561e6f16d9f3e64a28
review_12853,division_dfe2db74975e0aa9f6fd
review_12854,division_dfe2db74975e0aa9f6fd
review_12855,division_dfe2db74975e0aa9f6fd
review_12856,division_dfe2db74975e0aa9f6fd
review_12857,division_dfe2db74975e0aa9f6fd
review_12858,division_dfe2db74975e0aa9f6fd
review_12859,division_dfe2db74975e0aa9f6fd
review_12860,division_dfe2db74975e0aa9f6fd
review_12861,division_df561e6f16d9f3e64a28
review_12862,division_df561e6f16d9f3e64a28
review_12863,division_df561e6f16d9f3e64a28
review_12864,division_dfe2db74975e0aa9f6fd
review_12865,division_55b19b36aa7567f7ecbf
review_12866,division_df561e6f16d9f3e64a28
review_12867,division_55b19b36aa7567f7ecbf
review_12868,division_55b19b36aa7567f7ecbf
review_12869,division_55b19b36aa7567f7ecbf
review_12870,division_55b19b36aa7567f7ecbf
review_12871,division_55b19b36aa7567f7ecbf
review_12872,division_55b19b36aa7567f7ecbf
review_12873,division_dfe2db74975e0aa9f6fd
review_12874,division_dfe2db74975e0aa9f6fd
review_12875,division_55b19b36aa7567f7ecbf
review_12876,division_55b19b36aa7567f7ecbf
review_12877,division_55b19b36aa7567f7ecbf
review_12878,division_55b19b36aa7567f7ecbf
review_12879,division_55b19b36aa7567f7ecbf
review_12880,division_55b19b36aa7567f7ecbf
review_12881,division_55b19b36aa7567f7ecbf
review_12882,division_55b19b36aa7567f7ecbf
review_12883,division_55b19b36aa7567f7ecbf
review_12884,division_55b19b36aa7567f7ecbf
review_12885,division_55b19b36aa7567f7ecbf
review_12886,division_55b19b36aa7567f7ecbf
review_12887,division_55b19b36aa7567f7ecbf
review_12888,division_dfe2db74975e0aa9f6fd
review_12889,division_55b19b36aa7567f7ecbf
review_12890,division_dfe2db74975e0aa9f6fd
review_12891,division_dfe2db74975e0aa9f6fd
review_12892,division_55b19b36aa7567f7ecbf
review_12893,division_55b19b36aa7567f7ecbf
review_12894,division_dfe2db74975e0aa9f6fd
review_12895,division_dfe2db74975e0aa9f6fd
review_12896,division_55b19b36aa7567f7ecbf
review_12897,division_55b19b36aa7567f7ecbf
review_12898,division_dfe2db74975e0aa9f6fd
review_12899,division_55b19b36aa7567f7ecbf
review_12900,division_dfe2db74975e0aa9f6fd
review_12901,division_55b19b36aa7567f7ecbf
review_12902,division_55b19b36aa7567f7ecbf
review_12903,division_55b19b36aa7567f7ecbf
review_12904,division_55b19b36aa7567f7ecbf
review_12905,division_55b19b36aa7567f7ecbf
review_12906,division_55b19b36aa7567f7ecbf
review_12907,division_55b19b36aa7567f7ecbf
review_12908,division_55b19b36aa7567f7ecbf
review_12909,division_55b19b36aa7567f7ecbf
review_12910,division_55b19b36aa7567f7ecbf
review_12911,division_55b19b36aa7567f7ecbf
review_12912,division_dfe2db74975e0aa9f6fd
review_12913,division_55b19b36aa7567f7ecbf
review_12914,division_55b19b36aa7567f7ecbf
review_12915,division_dfe2db74975e0aa9f6fd
review_12916,division_dfe2db74975e0aa9f6fd
review_12917,division_55b19b36aa7567f7ecbf
review_12918,division_55b19b36aa7567f7ecbf
review_12919,division_dfe2db74975e0aa9f6fd
review_12920,division_55b19b36aa7567f7ecbf
review_12921,division_55b19b36aa7567f7ecbf
review_12922,division_55b19b36aa7567f7ecbf
review_12923,division_55b19b36aa7567f7ecbf
review_12924,division_55b19b36aa7567f7ecbf
review_12925,division_55b19b36aa7567f7ecbf
review_12926,division_55b19b36aa7567f7ecbf
review_12927,division_55b19b36aa7567f7ecbf
review_12928,division_55b19b36aa7567f7ecbf
review_12929,division_dfe2db74975e0aa9f6fd
review_12930,division_55b19b36aa7567f7ecbf
review_12931,division_dfe2db74975e0aa9f6fd
review_12932,division_55b19b36aa7567f7ecbf
review_12933,division_dfe2db74975e0aa9f6fd
review_12934,division_dfe2db74975e0aa9f6fd
review_12935,division_55b19b36aa7567f7ecbf
review_12936,division_55b19b36aa7567f7ecbf
review_12937,division_55b19b36aa7567f7ecbf
review_12938,division_55b19b36aa7567f7ecbf
review_12939,division_dfe2db74975e0aa9f6fd
review_12940,division_55b19b36aa7567f7ecbf
review_12941,division_dfe2db74975e0aa9f6fd
review_12942,division_dfe2db74975e0aa9f6fd
review_12943,division_55b19b36aa7567f7ecbf
review_12944,division_55b19b36aa7567f7ecbf
review_12945,division_df561e6f16d9f3e64a28
review_12946,division_df561e6f16d9f3e64a28
review_12947,division_dfe2db74975e0aa9f6fd
review_12948,division_df561e6f16d9f3e64a28
review_12949,division_55b19b36aa7567f7ecbf
review_12950,division_df561e6f16d9f3e64a28
review_12951,division_df561e6f16d9f3e64a28
review_12952,division_55b19b36aa7567f7ecbf
review_12953,division_55b19b36aa7567f7ecbf
review_12954,division_dfe2db74975e0aa9f6fd
review_12955,division_df561e6f16d9f3e64a28
review_12956,division_55b19b36aa7567f7ecbf
review_12957,division_dfe2db74975e0aa9f6fd
review_12958,division_55b19b36aa7567f7ecbf
review_12959,division_55b19b36aa7567f7ecbf
review_12960,division_55b19b36aa7567f7ecbf
review_12961,division_dfe2db74975e0aa9f6fd
review_12962,division_55b19b36aa7567f7ecbf
review_12963,division_dfe2db74975e0aa9f6fd
review_12964,division_55b19b36aa7567f7ecbf
review_12965,division_55b19b36aa7567f7ecbf
review_12966,division_55b19b36aa7567f7ecbf
review_12967,division_55b19b36aa7567f7ecbf
review_12968,division_55b19b36aa7567f7ecbf
review_12969,division_55b19b36aa7567f7ecbf
review_12970,division_55b19b36aa7567f7ecbf
review_12971,division_55b19b36aa7567f7ecbf
review_12972,division_55b19b36aa7567f7ecbf
review_12973,division_dfe2db74975e0aa9f6fd
review_12974,division_55b19b36aa7567f7ecbf
review_12975,division_55b19b36aa7567f7ecbf
review_12976,division_55b19b36aa7567f7ecbf
review_12977,division_dfe2db74975e0aa9f6fd
review_12978,division_dfe2db74975e0aa9f6fd
review_12979,division_55b19b36aa7567f7ecbf
review_12980,division_dfe2db74975e0aa9f6fd
review_12981,division_dfe2db74975e0aa9f6fd
review_12982,division_dfe2db74975e0aa9f6fd
review_12983,division_dfe2db74975e0aa9f6fd
review_12984,division_dfe2db74975e0aa9f6fd
review_12985,division_dfe2db74975e0aa9f6fd
review_12986,division_55b19b36aa7567f7ecbf
review_12987,division_dfe2db74975e0aa9f6fd
review_12988,division_55b19b36aa7567f7ecbf
review_12989,division_55b19b36aa7567f7ecbf
review_12990,division_55b19b36aa7567f7ecbf
review_12991,division_dfe2db74975e0aa9f6fd
review_12992,division_dfe2db74975e0aa9f6fd
review_12993,division_dfe2db74975e0aa9f6fd
review_12994,division_dfe2db74975e0aa9f6fd
review_12995,division_dfe2db74975e0aa9f6fd
review_12996,division_dfe2db74975e0aa9f6fd
review_12997,division_dfe2db74975e0aa9f6fd
review_12998,division_df561e6f16d9f3e64a28
review_12999,division_55b19b36aa7567f7ecbf
review_13000,division_55b19b36aa7567f7ecbf
review_13001,division_dfe2db74975e0aa9f6fd
review_13002,division_dfe2db74975e0aa9f6fd
review_13003,division_dfe2db74975e0aa9f6fd
review_13004,division_55b19b36aa7567f7ecbf
review_13005,division_55b19b36aa7567f7ecbf
review_13006,division_dfe2db74975e0aa9f6fd
review_13007,division_dfe2db74975e0aa9f6fd
review_13008,division_dfe2db74975e0aa9f6fd
review_13009,division_dfe2db74975e0aa9f6fd
review_13010,division_dfe2db74975e0aa9f6fd
review_13011,division_55b19b36aa7567f7ecbf
review_13012,division_55b19b36aa7567f7ecbf
review_13013,division_dfe2db74975e0aa9f6fd
review_13014,division_dfe2db74975e0aa9f6fd
review_13015,division_dfe2db74975e0aa9f6fd
review_13016,division_dfe2db74975e0aa9f6fd
review_13017,division_55b19b36aa7567f7ecbf
review_13018,division_55b19b36aa7567f7ecbf
review_13019,division_55b19b36aa7567f7ecbf
review_13020,division_df561e6f16d9f3e64a28
review_13021,division_df561e6f16d9f3e64a28
review_13022,division_55b19b36aa7567f7ecbf
review_13023,division_dfe2db74975e0aa9f6fd
review_13024,division_dfe2db74975e0aa9f6fd
review_13025,division_55b19b36aa7567f7ecbf
review_13026,division_dfe2db74975e0aa9f6fd
review_13027,division_dfe2db74975e0aa9f6fd
review_13028,division_55b19b36aa7567f7ecbf
review_13029,division_dfe2db74975e0aa9f6fd
review_13030,division_55b19b36aa7567f7ecbf
review_13031,division_dfe2db74975e0aa9f6fd
review_13032,division_55b19b36aa7567f7ecbf
review_13033,division_dfe2db74975e0aa9f6fd
review_13034,division_dfe2db74975e0aa9f6fd
review_13035,division_dfe2db74975e0aa9f6fd
review_13036,division_55b19b36aa7567f7ecbf
review_13037,division_dfe2db74975e0aa9f6fd
review_13038,division_55b19b36aa7567f7ecbf
review_13039,division_dfe2db74975e0aa9f6fd
review_13040,division_55b19b36aa7567f7ecbf
review_13041,division_55b19b36aa7567f7ecbf
review_13042,division_55b19b36aa7567f7ecbf
review_13043,division_dfe2db74975e0aa9f6fd
review_13044,division_dfe2db74975e0aa9f6fd
review_13045,division_55b19b36aa7567f7ecbf
review_13046,division_dfe2db74975e0aa9f6fd
review_13047,division_dfe2db74975e0aa9f6fd
review_13048,division_dfe2db74975e0aa9f6fd
review_13049,division_dfe2db74975e0aa9f6fd
review_13050,division_55b19b36aa7567f7ecbf
review_13051,division_dfe2db74975e0aa9f6fd
review_13052,division_dfe2db74975e0aa9f6fd
review_13053,division_55b19b36aa7567f7ecbf
review_13054,division_df561e6f16d9f3e64a28
review_13055,division_55b19b36aa7567f7ecbf
review_13056,division_dfe2db74975e0aa9f6fd
review_13057,division_55b19b36aa7567f7ecbf
review_13058,division_55b19b36aa7567f7ecbf
review_13059,division_dfe2db74975e0aa9f6fd
review_13060,division_dfe2db74975e0aa9f6fd
review_13061,division_dfe2db74975e0aa9f6fd
review_13062,division_dfe2db74975e0aa9f6fd
review_13063,division_55b19b36aa7567f7ecbf
review_13064,division_55b19b36aa7567f7ecbf
review_13065,division_dfe2db74975e0aa9f6fd
review_13066,division_dfe2db74975e0aa9f6fd
review_13067,division_55b19b36aa7567f7ecbf
review_13068,division_dfe2db74975e0aa9f6fd
review_13069,division_dfe2db74975e0aa9f6fd
review_13070,division_dfe2db74975e0aa9f6fd
review_13071,division_dfe2db74975e0aa9f6fd
review_13072,division_dfe2db74975e0aa9f6fd
review_13073,division_dfe2db74975e0aa9f6fd
review_13074,division_dfe2db74975e0aa9f6fd
review_13075,division_dfe2db74975e0aa9f6fd
review_13076,division_55b19b36aa7567f7ecbf
review_13077,division_dfe2db74975e0aa9f6fd
review_13078,division_dfe2db74975e0aa9f6fd
review_13079,division_dfe2db74975e0aa9f6fd
review_13080,division_dfe2db74975e0aa9f6fd
review_13081,division_55b19b36aa7567f7ecbf
review_13082,division_dfe2db74975e0aa9f6fd
review_13083,division_55b19b36aa7567f7ecbf
review_13084,division_55b19b36aa7567f7ecbf
review_13085,division_dfe2db74975e0aa9f6fd
review_13086,division_dfe2db74975e0aa9f6fd
review_13087,division_55b19b36aa7567f7ecbf
review_13088,division_55b19b36aa7567f7ecbf
review_13089,division_dfe2db74975e0aa9f6fd
review_13090,division_55b19b36aa7567f7ecbf
review_13091,division_dfe2db74975e0aa9f6fd
review_13092,division_dfe2db74975e0aa9f6fd
review_13093,division_55b19b36aa7567f7ecbf
review_13094,division_dfe2db74975e0aa9f6fd
review_13095,division_dfe2db74975e0aa9f6fd
review_13096,division_dfe2db74975e0aa9f6fd
review_13097,division_dfe2db74975e0aa9f6fd
review_13098,division_dfe2db74975e0aa9f6fd
review_13099,division_dfe2db74975e0aa9f6fd
review_13100,division_dfe2db74975e0aa9f6fd
review_13101,division_55b19b36aa7567f7ecbf
review_13102,division_55b19b36aa7567f7ecbf
review_13103,division_dfe2db74975e0aa9f6fd
review_13104,division_dfe2db74975e0aa9f6fd
review_13105,division_dfe2db74975e0aa9f6fd
review_13106,division_dfe2db74975e0aa9f6fd
review_13107,division_dfe2db74975e0aa9f6fd
review_13108,division_dfe2db74975e0aa9f6fd
review_13109,division_dfe2db74975e0aa9f6fd
review_13110,division_dfe2db74975e0aa9f6fd
review_13111,division_55b19b36aa7567f7ecbf
review_13112,division_dfe2db74975e0aa9f6fd
review_13113,division_dfe2db74975e0aa9f6fd
review_13114,division_dfe2db74975e0aa9f6fd
review_13115,division_dfe2db74975e0aa9f6fd
review_13116,division_dfe2db74975e0aa9f6fd
review_13117,division_dfe2db74975e0aa9f6fd
review_13118,division_dfe2db74975e0aa9f6fd
review_13119,division_55b19b36aa7567f7ecbf
review_13120,division_55b19b36aa7567f7ecbf
review_13121,division_55b19b36aa7567f7ecbf
review_13122,division_55b19b36aa7567f7ecbf
review_13123,division_dfe2db74975e0aa9f6fd
review_13124,division_dfe2db74975e0aa9f6fd
review_13125,division_55b19b36aa7567f7ecbf
review_13126,division_dfe2db74975e0aa9f6fd
review_13127,division_dfe2db74975e0aa9f6fd
review_13128,division_55b19b36aa7567f7ecbf
review_13129,division_55b19b36aa7567f7ecbf
review_13130,division_55b19b36aa7567f7ecbf
review_13131,division_55b19b36aa7567f7ecbf
review_13132,division_dfe2db74975e0aa9f6fd
review_13133,division_dfe2db74975e0aa9f6fd
review_13134,division_dfe2db74975e0aa9f6fd
review_13135,division_dfe2db74975e0aa9f6fd
review_13136,division_55b19b36aa7567f7ecbf
review_13137,division_dfe2db74975e0aa9f6fd
review_13138,division_dfe2db74975e0aa9f6fd
review_13139,division_55b19b36aa7567f7ecbf
review_13140,division_dfe2db74975e0aa9f6fd
review_13141,division_dfe2db74975e0aa9f6fd
review_13142,division_dfe2db74975e0aa9f6fd
review_13143,division_dfe2db74975e0aa9f6fd
review_13144,division_55b19b36aa7567f7ecbf
review_13145,division_dfe2db74975e0aa9f6fd
review_13146,division_dfe2db74975e0aa9f6fd
review_13147,division_dfe2db74975e0aa9f6fd
review_13148,division_55b19b36aa7567f7ecbf
review_13149,division_55b19b36aa7567f7ecbf
review_13150,division_dfe2db74975e0aa9f6fd
review_13151,division_55b19b36aa7567f7ecbf
review_13152,division_dfe2db74975e0aa9f6fd
review_13153,division_55b19b36aa7567f7ecbf
review_13154,division_dfe2db74975e0aa9f6fd
review_13155,division_dfe2db74975e0aa9f6fd
review_13156,division_dfe2db74975e0aa9f6fd
review_13157,division_dfe2db74975e0aa9f6fd
review_13158,division_dfe2db74975e0aa9f6fd
review_13159,division_55b19b36aa7567f7ecbf
review_13160,division_dfe2db74975e0aa9f6fd
review_13161,division_55b19b36aa7567f7ecbf
review_13162,division_dfe2db74975e0aa9f6fd
review_13163,division_55b19b36aa7567f7ecbf
review_13164,division_dfe2db74975e0aa9f6fd
review_13165,division_dfe2db74975e0aa9f6fd
review_13166,division_dfe2db74975e0aa9f6fd
review_13167,division_55b19b36aa7567f7ecbf
review_13168,division_dfe2db74975e0aa9f6fd
review_13169,division_dfe2db74975e0aa9f6fd
review_13170,division_dfe2db74975e0aa9f6fd
review_13171,division_55b19b36aa7567f7ecbf
review_13172,division_dfe2db74975e0aa9f6fd
review_13173,division_dfe2db74975e0aa9f6fd
review_13174,division_dfe2db74975e0aa9f6fd
review_13175,division_dfe2db74975e0aa9f6fd
review_13176,division_55b19b36aa7567f7ecbf
review_13177,division_dfe2db74975e0aa9f6fd
review_13178,division_dfe2db74975e0aa9f6fd
review_13179,division_dfe2db74975e0aa9f6fd
review_13180,division_55b19b36aa7567f7ecbf
review_13181,division_dfe2db74975e0aa9f6fd
review_13182,division_dfe2db74975e0aa9f6fd
review_13183,division_55b19b36aa7567f7ecbf
review_13184,division_dfe2db74975e0aa9f6fd
review_13185,division_dfe2db74975e0aa9f6fd
review_13186,division_dfe2db74975e0aa9f6fd
review_13187,division_55b19b36aa7567f7ecbf
review_13188,division_dfe2db74975e0aa9f6fd
review_13189,division_dfe2db74975e0aa9f6fd
review_13190,division_dfe2db74975e0aa9f6fd
review_13191,division_dfe2db74975e0aa9f6fd
review_13192,division_dfe2db74975e0aa9f6fd
review_13193,division_df561e6f16d9f3e64a28
review_13194,division_dfe2db74975e0aa9f6fd
review_13195,division_dfe2db74975e0aa9f6fd
review_13196,division_dfe2db74975e0aa9f6fd
review_13197,division_55b19b36aa7567f7ecbf
review_13198,division_dfe2db74975e0aa9f6fd
review_13199,division_dfe2db74975e0aa9f6fd
review_13200,division_dfe2db74975e0aa9f6fd
review_13201,division_55b19b36aa7567f7ecbf
review_13202,division_dfe2db74975e0aa9f6fd
review_13203,division_dfe2db74975e0aa9f6fd
review_13204,division_dfe2db74975e0aa9f6fd
review_13205,division_dfe2db74975e0aa9f6fd
review_13206,division_55b19b36aa7567f7ecbf
review_13207,division_dfe2db74975e0aa9f6fd
review_13208,division_dfe2db74975e0aa9f6fd
review_13209,division_dfe2db74975e0aa9f6fd
review_13210,division_dfe2db74975e0aa9f6fd
review_13211,division_dfe2db74975e0aa9f6fd
review_13212,division_dfe2db74975e0aa9f6fd
review_13213,division_dfe2db74975e0aa9f6fd
review_13214,division_dfe2db74975e0aa9f6fd
review_13215,division_55b19b36aa7567f7ecbf
review_13216,division_dfe2db74975e0aa9f6fd
review_13217,division_dfe2db74975e0aa9f6fd
review_13218,division_dfe2db74975e0aa9f6fd
review_13219,division_dfe2db74975e0aa9f6fd
review_13220,division_dfe2db74975e0aa9f6fd
review_13221,division_dfe2db74975e0aa9f6fd
review_13222,division_dfe2db74975e0aa9f6fd
review_13223,division_dfe2db74975e0aa9f6fd
review_13224,division_dfe2db74975e0aa9f6fd
review_13225,division_dfe2db74975e0aa9f6fd
review_13226,division_dfe2db74975e0aa9f6fd
review_13227,division_55b19b36aa7567f7ecbf
review_13228,division_dfe2db74975e0aa9f6fd
review_13229,division_dfe2db74975e0aa9f6fd
review_13230,division_dfe2db74975e0aa9f6fd
review_13231,division_dfe2db74975e0aa9f6fd
review_13232,division_dfe2db74975e0aa9f6fd
review_13233,division_dfe2db74975e0aa9f6fd
review_13234,division_dfe2db74975e0aa9f6fd
review_13235,division_dfe2db74975e0aa9f6fd
review_13236,division_dfe2db74975e0aa9f6fd
review_13237,division_dfe2db74975e0aa9f6fd
review_13238,division_dfe2db74975e0aa9f6fd
review_13239,division_dfe2db74975e0aa9f6fd
review_13240,division_dfe2db74975e0aa9f6fd
review_13241,division_dfe2db74975e0aa9f6fd
review_13242,division_dfe2db74975e0aa9f6fd
review_13243,division_dfe2db74975e0aa9f6fd
review_13244,division_dfe2db74975e0aa9f6fd
review_13245,division_dfe2db74975e0aa9f6fd
review_13246,division_dfe2db74975e0aa9f6fd
review_13247,division_dfe2db74975e0aa9f6fd
review_13248,division_dfe2db74975e0aa9f6fd
review_13249,division_dfe2db74975e0aa9f6fd
review_13250,division_dfe2db74975e0aa9f6fd
review_13251,division_dfe2db74975e0aa9f6fd
review_13252,division_dfe2db74975e0aa9f6fd
review_13253,division_dfe2db74975e0aa9f6fd
review_13254,division_dfe2db74975e0aa9f6fd
review_13255,division_dfe2db74975e0aa9f6fd
review_13256,division_dfe2db74975e0aa9f6fd
review_13257,division_55b19b36aa7567f7ecbf
review_13258,division_dfe2db74975e0aa9f6fd
review_13259,division_dfe2db74975e0aa9f6fd
review_13260,division_55b19b36aa7567f7ecbf
review_13261,division_dfe2db74975e0aa9f6fd
review_13262,division_55b19b36aa7567f7ecbf
review_13263,division_55b19b36aa7567f7ecbf
review_13264,division_55b19b36aa7567f7ecbf
review_13265,division_dfe2db74975e0aa9f6fd
review_13266,division_55b19b36aa7567f7ecbf
review_13267,division_55b19b36aa7567f7ecbf
review_13268,division_55b19b36aa7567f7ecbf
review_13269,division_dfe2db74975e0aa9f6fd
review_13270,division_55b19b36aa7567f7ecbf
review_13271,division_55b19b36aa7567f7ecbf
review_13272,division_55b19b36aa7567f7ecbf
review_13273,division_55b19b36aa7567f7ecbf
review_13274,division_55b19b36aa7567f7ecbf
review_13275,division_55b19b36aa7567f7ecbf
review_13276,division_55b19b36aa7567f7ecbf
review_13277,division_dfe2db74975e0aa9f6fd
review_13278,division_55b19b36aa7567f7ecbf
review_13279,division_55b19b36aa7567f7ecbf
review_13280,division_dfe2db74975e0aa9f6fd
review_13281,division_55b19b36aa7567f7ecbf
review_13282,division_55b19b36aa7567f7ecbf
review_13283,division_55b19b36aa7567f7ecbf
review_13284,division_55b19b36aa7567f7ecbf
review_13285,division_55b19b36aa7567f7ecbf
review_13286,division_dfe2db74975e0aa9f6fd
review_13287,division_df561e6f16d9f3e64a28
review_13288,division_55b19b36aa7567f7ecbf
review_13289,division_df561e6f16d9f3e64a28
review_13290,division_55b19b36aa7567f7ecbf
review_13291,division_55b19b36aa7567f7ecbf
review_13292,division_dfe2db74975e0aa9f6fd
review_13293,division_55b19b36aa7567f7ecbf
review_13294,division_55b19b36aa7567f7ecbf
review_13295,division_55b19b36aa7567f7ecbf
review_13296,division_dfe2db74975e0aa9f6fd
review_13297,division_dfe2db74975e0aa9f6fd
review_13298,division_55b19b36aa7567f7ecbf
review_13299,division_55b19b36aa7567f7ecbf
review_13300,division_55b19b36aa7567f7ecbf
review_13301,division_55b19b36aa7567f7ecbf
review_13302,division_55b19b36aa7567f7ecbf
review_13303,division_dfe2db74975e0aa9f6fd
review_13304,division_55b19b36aa7567f7ecbf
review_13305,division_df561e6f16d9f3e64a28
review_13306,division_55b19b36aa7567f7ecbf
review_13307,division_55b19b36aa7567f7ecbf
review_13308,division_55b19b36aa7567f7ecbf
review_13309,division_55b19b36aa7567f7ecbf
review_13310,division_dfe2db74975e0aa9f6fd
review_13311,division_55b19b36aa7567f7ecbf
review_13312,division_dfe2db74975e0aa9f6fd
review_13313,division_55b19b36aa7567f7ecbf
review_13314,division_55b19b36aa7567f7ecbf
review_13315,division_55b19b36aa7567f7ecbf
review_13316,division_55b19b36aa7567f7ecbf
review_13317,division_55b19b36aa7567f7ecbf
review_13318,division_55b19b36aa7567f7ecbf
review_13319,division_dfe2db74975e0aa9f6fd
review_13320,division_55b19b36aa7567f7ecbf
review_13321,division_dfe2db74975e0aa9f6fd
review_13322,division_55b19b36aa7567f7ecbf
review_13323,division_55b19b36aa7567f7ecbf
review_13324,division_55b19b36aa7567f7ecbf
review_13325,division_dfe2db74975e0aa9f6fd
review_13326,division_55b19b36aa7567f7ecbf
review_13327,division_55b19b36aa7567f7ecbf
review_13328,division_55b19b36aa7567f7ecbf
review_13329,division_55b19b36aa7567f7ecbf
review_13330,division_55b19b36aa7567f7ecbf
review_13331,division_dfe2db74975e0aa9f6fd
review_13332,division_55b19b36aa7567f7ecbf
review_13333,division_55b19b36aa7567f7ecbf
review_13334,division_55b19b36aa7567f7ecbf
review_13335,division_55b19b36aa7567f7ecbf
review_13336,division_55b19b36aa7567f7ecbf
review_13337,division_55b19b36aa7567f7ecbf
review_13338,division_55b19b36aa7567f7ecbf
review_13339,division_55b19b36aa7567f7ecbf
review_13340,division_55b19b36aa7567f7ecbf
review_13341,division_55b19b36aa7567f7ecbf
review_13342,division_55b19b36aa7567f7ecbf
review_13343,division_dfe2db74975e0aa9f6fd
review_13344,division_55b19b36aa7567f7ecbf
review_13345,division_dfe2db74975e0aa9f6fd
review_13346,division_df561e6f16d9f3e64a28
review_13347,division_55b19b36aa7567f7ecbf
review_13348,division_55b19b36aa7567f7ecbf
review_13349,division_55b19b36aa7567f7ecbf
review_13350,division_55b19b36aa7567f7ecbf
review_13351,division_55b19b36aa7567f7ecbf
review_13352,division_df561e6f16d9f3e64a28
review_13353,division_55b19b36aa7567f7ecbf
review_13354,division_df561e6f16d9f3e64a28
review_13355,division_55b19b36aa7567f7ecbf
review_13356,division_55b19b36aa7567f7ecbf
review_13357,division_dfe2db74975e0aa9f6fd
review_13358,division_55b19b36aa7567f7ecbf
review_13359,division_55b19b36aa7567f7ecbf
review_13360,division_55b19b36aa7567f7ecbf
review_13361,division_55b19b36aa7567f7ecbf
review_13362,division_55b19b36aa7567f7ecbf
review_13363,division_55b19b36aa7567f7ecbf
review_13364,division_55b19b36aa7567f7ecbf
review_13365,division_dfe2db74975e0aa9f6fd
review_13366,division_55b19b36aa7567f7ecbf
review_13367,division_dfe2db74975e0aa9f6fd
review_13368,division_dfe2db74975e0aa9f6fd
review_13369,division_dfe2db74975e0aa9f6fd
review_13370,division_dfe2db74975e0aa9f6fd
review_13371,division_55b19b36aa7567f7ecbf
review_13372,division_55b19b36aa7567f7ecbf
review_13373,division_dfe2db74975e0aa9f6fd
review_13374,division_dfe2db74975e0aa9f6fd
review_13375,division_55b19b36aa7567f7ecbf
review_13376,division_55b19b36aa7567f7ecbf
review_13377,division_55b19b36aa7567f7ecbf
review_13378,division_dfe2db74975e0aa9f6fd
review_13379,division_55b19b36aa7567f7ecbf
review_13380,division_dfe2db74975e0aa9f6fd
review_13381,division_dfe2db74975e0aa9f6fd
review_13382,division_dfe2db74975e0aa9f6fd
review_13383,division_dfe2db74975e0aa9f6fd
review_13384,division_dfe2db74975e0aa9f6fd
review_13385,division_dfe2db74975e0aa9f6fd
review_13386,division_df561e6f16d9f3e64a28
review_13387,division_dfe2db74975e0aa9f6fd
review_13388,division_55b19b36aa7567f7ecbf
review_13389,division_dfe2db74975e0aa9f6fd
review_13390,division_55b19b36aa7567f7ecbf
review_13391,division_df561e6f16d9f3e64a28
review_13392,division_dfe2db74975e0aa9f6fd
review_13393,division_dfe2db74975e0aa9f6fd
review_13394,division_dfe2db74975e0aa9f6fd
review_13395,division_dfe2db74975e0aa9f6fd
review_13396,division_dfe2db74975e0aa9f6fd
review_13397,division_dfe2db74975e0aa9f6fd
review_13398,division_55b19b36aa7567f7ecbf
review_13399,division_55b19b36aa7567f7ecbf
review_13400,division_55b19b36aa7567f7ecbf
review_13401,division_dfe2db74975e0aa9f6fd
review_13402,division_55b19b36aa7567f7ecbf
review_13403,division_55b19b36aa7567f7ecbf
review_13404,division_dfe2db74975e0aa9f6fd
review_13405,division_55b19b36aa7567f7ecbf
review_13406,division_55b19b36aa7567f7ecbf
review_13407,division_55b19b36aa7567f7ecbf
review_13408,division_55b19b36aa7567f7ecbf
review_13409,division_55b19b36aa7567f7ecbf
review_13410,division_dfe2db74975e0aa9f6fd
review_13411,division_dfe2db74975e0aa9f6fd
review_13412,division_55b19b36aa7567f7ecbf
review_13413,division_55b19b36aa7567f7ecbf
review_13414,division_55b19b36aa7567f7ecbf
review_13415,division_55b19b36aa7567f7ecbf
review_13416,division_55b19b36aa7567f7ecbf
review_13417,division_dfe2db74975e0aa9f6fd
review_13418,division_dfe2db74975e0aa9f6fd
review_13419,division_dfe2db74975e0aa9f6fd
review_13420,division_dfe2db74975e0aa9f6fd
review_13421,division_dfe2db74975e0aa9f6fd
review_13422,division_55b19b36aa7567f7ecbf
review_13423,division_55b19b36aa7567f7ecbf
review_13424,division_55b19b36aa7567f7ecbf
review_13425,division_55b19b36aa7567f7ecbf
review_13426,division_55b19b36aa7567f7ecbf
review_13427,division_55b19b36aa7567f7ecbf
review_13428,division_dfe2db74975e0aa9f6fd
review_13429,division_dfe2db74975e0aa9f6fd
review_13430,division_df561e6f16d9f3e64a28
review_13431,division_dfe2db74975e0aa9f6fd
review_13432,division_df561e6f16d9f3e64a28
review_13433,division_55b19b36aa7567f7ecbf
review_13434,division_55b19b36aa7567f7ecbf
review_13435,division_dfe2db74975e0aa9f6fd
review_13436,division_55b19b36aa7567f7ecbf
review_13437,division_55b19b36aa7567f7ecbf
review_13438,division_55b19b36aa7567f7ecbf
review_13439,division_dfe2db74975e0aa9f6fd
review_13440,division_55b19b36aa7567f7ecbf
review_13441,division_55b19b36aa7567f7ecbf
review_13442,division_dfe2db74975e0aa9f6fd
review_13443,division_55b19b36aa7567f7ecbf
review_13444,division_dfe2db74975e0aa9f6fd
review_13445,division_55b19b36aa7567f7ecbf
review_13446,division_dfe2db74975e0aa9f6fd
review_13447,division_55b19b36aa7567f7ecbf
review_13448,division_55b19b36aa7567f7ecbf
review_13449,division_55b19b36aa7567f7ecbf
review_13450,division_55b19b36aa7567f7ecbf
review_13451,division_55b19b36aa7567f7ecbf
review_13452,division_dfe2db74975e0aa9f6fd
review_13453,division_55b19b36aa7567f7ecbf
review_13454,division_dfe2db74975e0aa9f6fd
review_13455,division_55b19b36aa7567f7ecbf
review_13456,division_55b19b36aa7567f7ecbf
review_13457,division_55b19b36aa7567f7ecbf
review_13458,division_dfe2db74975e0aa9f6fd
review_13459,division_df561e6f16d9f3e64a28
review_13460,division_dfe2db74975e0aa9f6fd
review_13461,division_dfe2db74975e0aa9f6fd
review_13462,division_55b19b36aa7567f7ecbf
review_13463,division_55b19b36aa7567f7ecbf
review_13464,division_dfe2db74975e0aa9f6fd
review_13465,division_dfe2db74975e0aa9f6fd
review_13466,division_dfe2db74975e0aa9f6fd
review_13467,division_df561e6f16d9f3e64a28
review_13468,division_55b19b36aa7567f7ecbf
review_13469,division_df561e6f16d9f3e64a28
review_13470,division_dfe2db74975e0aa9f6fd
review_13471,division_dfe2db74975e0aa9f6fd
review_13472,division_55b19b36aa7567f7ecbf
review_13473,division_dfe2db74975e0aa9f6fd
review_13474,division_dfe2db74975e0aa9f6fd
review_13475,division_55b19b36aa7567f7ecbf
review_13476,division_df561e6f16d9f3e64a28
review_13477,division_dfe2db74975e0aa9f6fd
review_13478,division_dfe2db74975e0aa9f6fd
review_13479,division_dfe2db74975e0aa9f6fd
review_13480,division_dfe2db74975e0aa9f6fd
review_13481,division_dfe2db74975e0aa9f6fd
review_13482,division_dfe2db74975e0aa9f6fd
review_13483,division_dfe2db74975e0aa9f6fd
review_13484,division_dfe2db74975e0aa9f6fd
review_13485,division_55b19b36aa7567f7ecbf
review_13486,division_55b19b36aa7567f7ecbf
review_13487,division_55b19b36aa7567f7ecbf
review_13488,division_55b19b36aa7567f7ecbf
review_13489,division_55b19b36aa7567f7ecbf
review_13490,division_dfe2db74975e0aa9f6fd
review_13491,division_55b19b36aa7567f7ecbf
review_13492,division_dfe2db74975e0aa9f6fd
review_13493,division_55b19b36aa7567f7ecbf
review_13494,division_55b19b36aa7567f7ecbf
review_13495,division_dfe2db74975e0aa9f6fd
review_13496,division_55b19b36aa7567f7ecbf
review_13497,division_55b19b36aa7567f7ecbf
review_13498,division_dfe2db74975e0aa9f6fd
review_13499,division_55b19b36aa7567f7ecbf
review_13500,division_55b19b36aa7567f7ecbf
review_13501,division_dfe2db74975e0aa9f6fd
review_13502,division_dfe2db74975e0aa9f6fd
review_13503,division_dfe2db74975e0aa9f6fd
review_13504,division_55b19b36aa7567f7ecbf
review_13505,division_55b19b36aa7567f7ecbf
review_13506,division_55b19b36aa7567f7ecbf
review_13507,division_55b19b36aa7567f7ecbf
review_13508,division_55b19b36aa7567f7ecbf
review_13509,division_55b19b36aa7567f7ecbf
review_13510,division_55b19b36aa7567f7ecbf
review_13511,division_55b19b36aa7567f7ecbf
review_13512,division_55b19b36aa7567f7ecbf
review_13513,division_55b19b36aa7567f7ecbf
review_13514,division_dfe2db74975e0aa9f6fd
review_13515,division_dfe2db74975e0aa9f6fd
review_13516,division_55b19b36aa7567f7ecbf
review_13517,division_55b19b36aa7567f7ecbf
review_13518,division_55b19b36aa7567f7ecbf
review_13519,division_55b19b36aa7567f7ecbf
review_13520,division_55b19b36aa7567f7ecbf
review_13521,division_55b19b36aa7567f7ecbf
review_13522,division_55b19b36aa7567f7ecbf
review_13523,division_dfe2db74975e0aa9f6fd
review_13524,division_55b19b36aa7567f7ecbf
review_13525,division_55b19b36aa7567f7ecbf
review_13526,division_dfe2db74975e0aa9f6fd
review_13527,division_55b19b36aa7567f7ecbf
review_13528,division_55b19b36aa7567f7ecbf
review_13529,division_55b19b36aa7567f7ecbf
review_13530,division_dfe2db74975e0aa9f6fd
review_13531,division_55b19b36aa7567f7ecbf
review_13532,division_dfe2db74975e0aa9f6fd
review_13533,division_dfe2db74975e0aa9f6fd
review_13534,division_55b19b36aa7567f7ecbf
review_13535,division_55b19b36aa7567f7ecbf
review_13536,division_55b19b36aa7567f7ecbf
review_13537,division_55b19b36aa7567f7ecbf
review_13538,division_55b19b36aa7567f7ecbf
review_13539,division_dfe2db74975e0aa9f6fd
review_13540,division_55b19b36aa7567f7ecbf
review_13541,division_dfe2db74975e0aa9f6fd
review_13542,division_55b19b36aa7567f7ecbf
review_13543,division_55b19b36aa7567f7ecbf
review_13544,division_55b19b36aa7567f7ecbf
review_13545,division_55b19b36aa7567f7ecbf
review_13546,division_55b19b36aa7567f7ecbf
review_13547,division_55b19b36aa7567f7ecbf
review_13548,division_dfe2db74975e0aa9f6fd
review_13549,division_55b19b36aa7567f7ecbf
review_13550,division_55b19b36aa7567f7ecbf
review_13551,division_55b19b36aa7567f7ecbf
review_13552,division_dfe2db74975e0aa9f6fd
review_13553,division_55b19b36aa7567f7ecbf
review_13554,division_55b19b36aa7567f7ecbf
review_13555,division_55b19b36aa7567f7ecbf
review_13556,division_55b19b36aa7567f7ecbf
review_13557,division_55b19b36aa7567f7ecbf
review_13558,division_55b19b36aa7567f7ecbf
review_13559,division_dfe2db74975e0aa9f6fd
review_13560,division_55b19b36aa7567f7ecbf
review_13561,division_55b19b36aa7567f7ecbf
review_13562,division_dfe2db74975e0aa9f6fd
review_13563,division_dfe2db74975e0aa9f6fd
review_13564,division_dfe2db74975e0aa9f6fd
review_13565,division_dfe2db74975e0aa9f6fd
review_13566,division_dfe2db74975e0aa9f6fd
review_13567,division_dfe2db74975e0aa9f6fd
review_13568,division_dfe2db74975e0aa9f6fd
review_13569,division_55b19b36aa7567f7ecbf
review_13570,division_dfe2db74975e0aa9f6fd
review_13571,division_dfe2db74975e0aa9f6fd
review_13572,division_dfe2db74975e0aa9f6fd
review_13573,division_dfe2db74975e0aa9f6fd
review_13574,division_dfe2db74975e0aa9f6fd
review_13575,division_dfe2db74975e0aa9f6fd
review_13576,division_dfe2db74975e0aa9f6fd
review_13577,division_dfe2db74975e0aa9f6fd
review_13578,division_dfe2db74975e0aa9f6fd
review_13579,division_55b19b36aa7567f7ecbf
review_13580,division_dfe2db74975e0aa9f6fd
review_13581,division_55b19b36aa7567f7ecbf
review_13582,division_dfe2db74975e0aa9f6fd
review_13583,division_dfe2db74975e0aa9f6fd
review_13584,division_55b19b36aa7567f7ecbf
review_13585,division_dfe2db74975e0aa9f6fd
review_13586,division_dfe2db74975e0aa9f6fd
review_13587,division_dfe2db74975e0aa9f6fd
review_13588,division_df561e6f16d9f3e64a28
review_13589,division_dfe2db74975e0aa9f6fd
review_13590,division_dfe2db74975e0aa9f6fd
review_13591,division_dfe2db74975e0aa9f6fd
review_13592,division_dfe2db74975e0aa9f6fd
review_13593,division_dfe2db74975e0aa9f6fd
review_13594,division_dfe2db74975e0aa9f6fd
review_13595,division_dfe2db74975e0aa9f6fd
review_13596,division_dfe2db74975e0aa9f6fd
review_13597,division_dfe2db74975e0aa9f6fd
review_13598,division_dfe2db74975e0aa9f6fd
review_13599,division_dfe2db74975e0aa9f6fd
review_13600,division_55b19b36aa7567f7ecbf
review_13601,division_dfe2db74975e0aa9f6fd
review_13602,division_dfe2db74975e0aa9f6fd
review_13603,division_dfe2db74975e0aa9f6fd
review_13604,division_dfe2db74975e0aa9f6fd
review_13605,division_55b19b36aa7567f7ecbf
review_13606,division_dfe2db74975e0aa9f6fd
review_13607,division_dfe2db74975e0aa9f6fd
review_13608,division_55b19b36aa7567f7ecbf
review_13609,division_55b19b36aa7567f7ecbf
review_13610,division_dfe2db74975e0aa9f6fd
review_13611,division_dfe2db74975e0aa9f6fd
review_13612,division_dfe2db74975e0aa9f6fd
review_13613,division_dfe2db74975e0aa9f6fd
review_13614,division_dfe2db74975e0aa9f6fd
review_13615,division_dfe2db74975e0aa9f6fd
review_13616,division_dfe2db74975e0aa9f6fd
review_13617,division_dfe2db74975e0aa9f6fd
review_13618,division_dfe2db74975e0aa9f6fd
review_13619,division_dfe2db74975e0aa9f6fd
review_13620,division_dfe2db74975e0aa9f6fd
review_13621,division_55b19b36aa7567f7ecbf
review_13622,division_dfe2db74975e0aa9f6fd
review_13623,division_55b19b36aa7567f7ecbf
review_13624,division_dfe2db74975e0aa9f6fd
review_13625,division_dfe2db74975e0aa9f6fd
review_13626,division_dfe2db74975e0aa9f6fd
review_13627,division_dfe2db74975e0aa9f6fd
review_13628,division_dfe2db74975e0aa9f6fd
review_13629,division_dfe2db74975e0aa9f6fd
review_13630,division_dfe2db74975e0aa9f6fd
review_13631,division_dfe2db74975e0aa9f6fd
review_13632,division_dfe2db74975e0aa9f6fd
review_13633,division_dfe2db74975e0aa9f6fd
review_13634,division_dfe2db74975e0aa9f6fd
review_13635,division_dfe2db74975e0aa9f6fd
review_13636,division_dfe2db74975e0aa9f6fd
review_13637,division_dfe2db74975e0aa9f6fd
review_13638,division_dfe2db74975e0aa9f6fd
review_13639,division_dfe2db74975e0aa9f6fd
review_13640,division_df561e6f16d9f3e64a28
review_13641,division_dfe2db74975e0aa9f6fd
review_13642,division_dfe2db74975e0aa9f6fd
review_13643,division_dfe2db74975e0aa9f6fd
review_13644,division_dfe2db74975e0aa9f6fd
review_13645,division_dfe2db74975e0aa9f6fd
review_13646,division_dfe2db74975e0aa9f6fd
review_13647,division_dfe2db74975e0aa9f6fd
review_13648,division_dfe2db74975e0aa9f6fd
review_13649,division_dfe2db74975e0aa9f6fd
review_13650,division_dfe2db74975e0aa9f6fd
review_13651,division_dfe2db74975e0aa9f6fd
review_13652,division_dfe2db74975e0aa9f6fd
review_13653,division_dfe2db74975e0aa9f6fd
review_13654,division_dfe2db74975e0aa9f6fd
review_13655,division_df561e6f16d9f3e64a28
review_13656,division_dfe2db74975e0aa9f6fd
review_13657,division_dfe2db74975e0aa9f6fd
review_13658,division_dfe2db74975e0aa9f6fd
review_13659,division_dfe2db74975e0aa9f6fd
review_13660,division_dfe2db74975e0aa9f6fd
review_13661,division_dfe2db74975e0aa9f6fd
review_13662,division_dfe2db74975e0aa9f6fd
review_13663,division_55b19b36aa7567f7ecbf
review_13664,division_55b19b36aa7567f7ecbf
review_13665,division_dfe2db74975e0aa9f6fd
review_13666,division_dfe2db74975e0aa9f6fd
review_13667,division_55b19b36aa7567f7ecbf
review_13668,division_dfe2db74975e0aa9f6fd
review_13669,division_dfe2db74975e0aa9f6fd
review_13670,division_dfe2db74975e0aa9f6fd
review_13671,division_55b19b36aa7567f7ecbf
review_13672,division_dfe2db74975e0aa9f6fd
review_13673,division_dfe2db74975e0aa9f6fd
review_13674,division_55b19b36aa7567f7ecbf
review_13675,division_df561e6f16d9f3e64a28
review_13676,division_dfe2db74975e0aa9f6fd
review_13677,division_dfe2db74975e0aa9f6fd
review_13678,division_55b19b36aa7567f7ecbf
review_13679,division_dfe2db74975e0aa9f6fd
review_13680,division_55b19b36aa7567f7ecbf
review_13681,division_dfe2db74975e0aa9f6fd
review_13682,division_dfe2db74975e0aa9f6fd
review_13683,division_dfe2db74975e0aa9f6fd
review_13684,division_55b19b36aa7567f7ecbf
review_13685,division_dfe2db74975e0aa9f6fd
review_13686,division_dfe2db74975e0aa9f6fd
review_13687,division_55b19b36aa7567f7ecbf
review_13688,division_55b19b36aa7567f7ecbf
review_13689,division_dfe2db74975e0aa9f6fd
review_13690,division_dfe2db74975e0aa9f6fd
review_13691,division_dfe2db74975e0aa9f6fd
review_13692,division_dfe2db74975e0aa9f6fd
review_13693,division_dfe2db74975e0aa9f6fd
review_13694,division_dfe2db74975e0aa9f6fd
review_13695,division_55b19b36aa7567f7ecbf
review_13696,division_dfe2db74975e0aa9f6fd
review_13697,division_55b19b36aa7567f7ecbf
review_13698,division_55b19b36aa7567f7ecbf
review_13699,division_dfe2db74975e0aa9f6fd
review_13700,division_dfe2db74975e0aa9f6fd
review_13701,division_dfe2db74975e0aa9f6fd
review_13702,division_55b19b36aa7567f7ecbf
review_13703,division_55b19b36aa7567f7ecbf
review_13704,division_55b19b36aa7567f7ecbf
review_13705,division_dfe2db74975e0aa9f6fd
review_13706,division_55b19b36aa7567f7ecbf
review_13707,division_dfe2db74975e0aa9f6fd
review_13708,division_dfe2db74975e0aa9f6fd
review_13709,division_dfe2db74975e0aa9f6fd
review_13710,division_55b19b36aa7567f7ecbf
review_13711,division_dfe2db74975e0aa9f6fd
review_13712,division_dfe2db74975e0aa9f6fd
review_13713,division_dfe2db74975e0aa9f6fd
review_13714,division_dfe2db74975e0aa9f6fd
review_13715,division_dfe2db74975e0aa9f6fd
review_13716,division_dfe2db74975e0aa9f6fd
review_13717,division_dfe2db74975e0aa9f6fd
review_13718,division_dfe2db74975e0aa9f6fd
review_13719,division_55b19b36aa7567f7ecbf
review_13720,division_dfe2db74975e0aa9f6fd
review_13721,division_dfe2db74975e0aa9f6fd
review_13722,division_dfe2db74975e0aa9f6fd
review_13723,division_dfe2db74975e0aa9f6fd
review_13724,division_dfe2db74975e0aa9f6fd
review_13725,division_dfe2db74975e0aa9f6fd
review_13726,division_dfe2db74975e0aa9f6fd
review_13727,division_dfe2db74975e0aa9f6fd
review_13728,division_dfe2db74975e0aa9f6fd
review_13729,division_dfe2db74975e0aa9f6fd
review_13730,division_dfe2db74975e0aa9f6fd
review_13731,division_dfe2db74975e0aa9f6fd
review_13732,division_dfe2db74975e0aa9f6fd
review_13733,division_55b19b36aa7567f7ecbf
review_13734,division_55b19b36aa7567f7ecbf
review_13735,division_dfe2db74975e0aa9f6fd
review_13736,division_55b19b36aa7567f7ecbf
review_13737,division_55b19b36aa7567f7ecbf
review_13738,division_dfe2db74975e0aa9f6fd
review_13739,division_dfe2db74975e0aa9f6fd
review_13740,division_55b19b36aa7567f7ecbf
review_13741,division_55b19b36aa7567f7ecbf
review_13742,division_dfe2db74975e0aa9f6fd
review_13743,division_55b19b36aa7567f7ecbf
review_13744,division_55b19b36aa7567f7ecbf
review_13745,division_55b19b36aa7567f7ecbf
review_13746,division_55b19b36aa7567f7ecbf
review_13747,division_55b19b36aa7567f7ecbf
review_13748,division_dfe2db74975e0aa9f6fd
review_13749,division_55b19b36aa7567f7ecbf
review_13750,division_55b19b36aa7567f7ecbf
review_13751,division_dfe2db74975e0aa9f6fd
review_13752,division_dfe2db74975e0aa9f6fd
review_13753,division_dfe2db74975e0aa9f6fd
review_13754,division_dfe2db74975e0aa9f6fd
review_13755,division_55b19b36aa7567f7ecbf
review_13756,division_dfe2db74975e0aa9f6fd
review_13757,division_dfe2db74975e0aa9f6fd
review_13758,division_dfe2db74975e0aa9f6fd
review_13759,division_dfe2db74975e0aa9f6fd
review_13760,division_55b19b36aa7567f7ecbf
review_13761,division_55b19b36aa7567f7ecbf
review_13762,division_55b19b36aa7567f7ecbf
review_13763,division_dfe2db74975e0aa9f6fd
review_13764,division_55b19b36aa7567f7ecbf
review_13765,division_55b19b36aa7567f7ecbf
review_13766,division_dfe2db74975e0aa9f6fd
review_13769,division_dfe2db74975e0aa9f6fd
review_13770,division_55b19b36aa7567f7ecbf
review_13771,division_dfe2db74975e0aa9f6fd
review_13772,division_dfe2db74975e0aa9f6fd
review_13773,division_dfe2db74975e0aa9f6fd
review_13774,division_dfe2db74975e0aa9f6fd
review_13775,division_dfe2db74975e0aa9f6fd
review_13776,division_dfe2db74975e0aa9f6fd
review_13777,division_dfe2db74975e0aa9f6fd
review_13778,division_dfe2db74975e0aa9f6fd
review_13779,division_dfe2db74975e0aa9f6fd
review_13780,division_dfe2db74975e0aa9f6fd
review_13781,division_dfe2db74975e0aa9f6fd
review_13782,division_dfe2db74975e0aa9f6fd
review_13783,division_dfe2db74975e0aa9f6fd
review_13784,division_dfe2db74975e0aa9f6fd
review_13785,division_dfe2db74975e0aa9f6fd
review_13786,division_dfe2db74975e0aa9f6fd
review_13788,division_dfe2db74975e0aa9f6fd
review_13789,division_dfe2db74975e0aa9f6fd
review_13790,division_dfe2db74975e0aa9f6fd
review_13791,division_dfe2db74975e0aa9f6fd
review_13792,division_dfe2db74975e0aa9f6fd
review_13793,division_55b19b36aa7567f7ecbf
review_13794,division_dfe2db74975e0aa9f6fd
review_13795,division_55b19b36aa7567f7ecbf
review_13796,division_55b19b36aa7567f7ecbf
review_13797,division_55b19b36aa7567f7ecbf
review_13798,division_dfe2db74975e0aa9f6fd
review_13799,division_dfe2db74975e0aa9f6fd
review_13800,division_dfe2db74975e0aa9f6fd
review_13801,division_55b19b36aa7567f7ecbf
review_13802,division_dfe2db74975e0aa9f6fd
review_13803,division_dfe2db74975e0aa9f6fd
review_13804,division_dfe2db74975e0aa9f6fd
review_13805,division_dfe2db74975e0aa9f6fd
review_13806,division_dfe2db74975e0aa9f6fd
review_13807,division_dfe2db74975e0aa9f6fd
review_13808,division_55b19b36aa7567f7ecbf
review_13809,division_55b19b36aa7567f7ecbf
review_13810,division_55b19b36aa7567f7ecbf
review_13811,division_dfe2db74975e0aa9f6fd
review_13812,division_55b19b36aa7567f7ecbf
review_13813,division_55b19b36aa7567f7ecbf
review_13814,division_dfe2db74975e0aa9f6fd
review_13815,division_dfe2db74975e0aa9f6fd
review_13816,division_dfe2db74975e0aa9f6fd
review_13817,division_dfe2db74975e0aa9f6fd
review_13818,division_dfe2db74975e0aa9f6fd
review_13819,division_55b19b36aa7567f7ecbf
review_13820,division_dfe2db74975e0aa9f6fd
review_13821,division_55b19b36aa7567f7ecbf
review_13822,division_dfe2db74975e0aa9f6fd
review_13823,division_dfe2db74975e0aa9f6fd
review_13824,division_dfe2db74975e0aa9f6fd
review_13825,division_55b19b36aa7567f7ecbf
review_13826,division_dfe2db74975e0aa9f6fd
review_13827,division_dfe2db74975e0aa9f6fd
review_13828,division_dfe2db74975e0aa9f6fd
review_13829,division_dfe2db74975e0aa9f6fd
review_13830,division_dfe2db74975e0aa9f6fd
review_13831,division_dfe2db74975e0aa9f6fd
review_13832,division_dfe2db74975e0aa9f6fd
review_13833,division_55b19b36aa7567f7ecbf
review_13834,division_dfe2db74975e0aa9f6fd
review_13835,division_55b19b36aa7567f7ecbf
review_13836,division_dfe2db74975e0aa9f6fd
review_13837,division_55b19b36aa7567f7ecbf
review_13838,division_dfe2db74975e0aa9f6fd
review_13839,division_dfe2db74975e0aa9f6fd
review_13840,division_55b19b36aa7567f7ecbf
review_13841,division_55b19b36aa7567f7ecbf
review_13842,division_dfe2db74975e0aa9f6fd
review_13843,division_55b19b36aa7567f7ecbf
review_13844,division_dfe2db74975e0aa9f6fd
review_13845,division_dfe2db74975e0aa9f6fd
review_13846,division_dfe2db74975e0aa9f6fd
review_13847,division_dfe2db74975e0aa9f6fd
review_13848,division_dfe2db74975e0aa9f6fd
review_13849,division_dfe2db74975e0aa9f6fd
review_13850,division_dfe2db74975e0aa9f6fd
review_13851,division_dfe2db74975e0aa9f6fd
review_13852,division_dfe2db74975e0aa9f6fd
review_13853,division_dfe2db74975e0aa9f6fd
review_13854,division_dfe2db74975e0aa9f6fd
review_13855,division_55b19b36aa7567f7ecbf
review_13856,division_55b19b36aa7567f7ecbf
review_13857,division_dfe2db74975e0aa9f6fd
review_13858,division_dfe2db74975e0aa9f6fd
review_13859,division_55b19b36aa7567f7ecbf
review_13860,division_dfe2db74975e0aa9f6fd
review_13861,division_55b19b36aa7567f7ecbf
review_13862,division_dfe2db74975e0aa9f6fd
review_13863,division_55b19b36aa7567f7ecbf
review_13864,division_55b19b36aa7567f7ecbf
review_13865,division_55b19b36aa7567f7ecbf
review_13866,division_dfe2db74975e0aa9f6fd
review_13867,division_dfe2db74975e0aa9f6fd
review_13868,division_55b19b36aa7567f7ecbf
review_13869,division_55b19b36aa7567f7ecbf
review_13870,division_55b19b36aa7567f7ecbf
review_13871,division_dfe2db74975e0aa9f6fd
review_13872,division_dfe2db74975e0aa9f6fd
review_13873,division_55b19b36aa7567f7ecbf
review_13874,division_55b19b36aa7567f7ecbf
review_13875,division_55b19b36aa7567f7ecbf
review_13876,division_55b19b36aa7567f7ecbf
review_13877,division_dfe2db74975e0aa9f6fd
review_13878,division_dfe2db74975e0aa9f6fd
review_13879,division_dfe2db74975e0aa9f6fd
review_13880,division_55b19b36aa7567f7ecbf
review_13881,division_55b19b36aa7567f7ecbf
review_13882,division_dfe2db74975e0aa9f6fd
review_13883,division_dfe2db74975e0aa9f6fd
review_13884,division_dfe2db74975e0aa9f6fd
review_13885,division_dfe2db74975e0aa9f6fd
review_13886,division_dfe2db74975e0aa9f6fd
review_13887,division_dfe2db74975e0aa9f6fd
review_13888,division_dfe2db74975e0aa9f6fd
review_13889,division_dfe2db74975e0aa9f6fd
review_13890,division_df561e6f16d9f3e64a28
review_13891,division_dfe2db74975e0aa9f6fd
review_13892,division_df561e6f16d9f3e64a28
review_13893,division_dfe2db74975e0aa9f6fd
review_13894,division_df561e6f16d9f3e64a28
review_13895,division_dfe2db74975e0aa9f6fd
review_13896,division_dfe2db74975e0aa9f6fd
review_13897,division_dfe2db74975e0aa9f6fd
review_13898,division_dfe2db74975e0aa9f6fd
review_13899,division_dfe2db74975e0aa9f6fd
review_13900,division_dfe2db74975e0aa9f6fd
review_13901,division_dfe2db74975e0aa9f6fd
review_13902,division_dfe2db74975e0aa9f6fd
review_13903,division_dfe2db74975e0aa9f6fd
review_13904,division_dfe2db74975e0aa9f6fd
review_13905,division_dfe2db74975e0aa9f6fd
review_13906,division_dfe2db74975e0aa9f6fd
review_13907,division_dfe2db74975e0aa9f6fd
review_13908,division_dfe2db74975e0aa9f6fd
review_13909,division_dfe2db74975e0aa9f6fd
review_13910,division_df561e6f16d9f3e64a28
review_13911,division_dfe2db74975e0aa9f6fd
review_13912,division_dfe2db74975e0aa9f6fd
review_13913,division_dfe2db74975e0aa9f6fd
review_13914,division_dfe2db74975e0aa9f6fd
review_13915,division_dfe2db74975e0aa9f6fd
review_13916,division_dfe2db74975e0aa9f6fd
review_13917,division_dfe2db74975e0aa9f6fd
review_13918,division_dfe2db74975e0aa9f6fd
review_13919,division_dfe2db74975e0aa9f6fd
review_13920,division_dfe2db74975e0aa9f6fd
review_13921,division_dfe2db74975e0aa9f6fd
review_13922,division_dfe2db74975e0aa9f6fd
review_13923,division_df561e6f16d9f3e64a28
review_13924,division_dfe2db74975e0aa9f6fd
review_13925,division_dfe2db74975e0aa9f6fd
review_13926,division_dfe2db74975e0aa9f6fd
review_13927,division_dfe2db74975e0aa9f6fd
review_13928,division_dfe2db74975e0aa9f6fd
review_13929,division_dfe2db74975e0aa9f6fd
review_13930,division_dfe2db74975e0aa9f6fd
review_13931,division_df561e6f16d9f3e64a28
review_13932,division_dfe2db74975e0aa9f6fd
review_13933,division_dfe2db74975e0aa9f6fd
review_13934,division_dfe2db74975e0aa9f6fd
review_13935,division_dfe2db74975e0aa9f6fd
review_13936,division_dfe2db74975e0aa9f6fd
review_13937,division_55b19b36aa7567f7ecbf
review_13938,division_55b19b36aa7567f7ecbf
review_13939,division_55b19b36aa7567f7ecbf
review_13940,division_dfe2db74975e0aa9f6fd
review_13941,division_55b19b36aa7567f7ecbf
review_13942,division_55b19b36aa7567f7ecbf
review_13943,division_df561e6f16d9f3e64a28
review_13944,division_dfe2db74975e0aa9f6fd
review_13945,division_55b19b36aa7567f7ecbf
review_13946,division_dfe2db74975e0aa9f6fd
review_13947,division_55b19b36aa7567f7ecbf
review_13948,division_dfe2db74975e0aa9f6fd
review_13949,division_dfe2db74975e0aa9f6fd
review_13950,division_dfe2db74975e0aa9f6fd
review_13951,division_dfe2db74975e0aa9f6fd
review_13952,division_55b19b36aa7567f7ecbf
review_13953,division_dfe2db74975e0aa9f6fd
review_13954,division_55b19b36aa7567f7ecbf
review_13955,division_dfe2db74975e0aa9f6fd
review_13956,division_55b19b36aa7567f7ecbf
review_13957,division_df561e6f16d9f3e64a28
review_13958,division_55b19b36aa7567f7ecbf
review_13959,division_55b19b36aa7567f7ecbf
review_13960,division_dfe2db74975e0aa9f6fd
review_13961,division_55b19b36aa7567f7ecbf
review_13962,division_dfe2db74975e0aa9f6fd
review_13963,division_dfe2db74975e0aa9f6fd
review_13964,division_55b19b36aa7567f7ecbf
review_13965,division_dfe2db74975e0aa9f6fd
review_13966,division_dfe2db74975e0aa9f6fd
review_13967,division_55b19b36aa7567f7ecbf
review_13968,division_dfe2db74975e0aa9f6fd
review_13969,division_55b19b36aa7567f7ecbf
review_13970,division_df561e6f16d9f3e64a28
review_13971,division_dfe2db74975e0aa9f6fd
review_13972,division_dfe2db74975e0aa9f6fd
review_13973,division_df561e6f16d9f3e64a28
review_13974,division_df561e6f16d9f3e64a28
review_13975,division_df561e6f16d9f3e64a28
review_13976,division_dfe2db74975e0aa9f6fd
review_13977,division_dfe2db74975e0aa9f6fd
review_13978,division_df561e6f16d9f3e64a28
review_13979,division_55b19b36aa7567f7ecbf
review_13980,division_dfe2db74975e0aa9f6fd
review_13981,division_dfe2db74975e0aa9f6fd
review_13982,division_dfe2db74975e0aa9f6fd
review_13983,division_dfe2db74975e0aa9f6fd
review_13984,division_dfe2db74975e0aa9f6fd
review_13985,division_dfe2db74975e0aa9f6fd
review_13986,division_df561e6f16d9f3e64a28
review_13987,division_dfe2db74975e0aa9f6fd
review_13988,division_dfe2db74975e0aa9f6fd
review_13989,division_dfe2db74975e0aa9f6fd
review_13990,division_dfe2db74975e0aa9f6fd
review_13991,division_dfe2db74975e0aa9f6fd
review_13992,division_dfe2db74975e0aa9f6fd
review_13993,division_dfe2db74975e0aa9f6fd
review_13994,division_dfe2db74975e0aa9f6fd
review_13995,division_dfe2db74975e0aa9f6fd
review_13996,division_df561e6f16d9f3e64a28
review_13997,division_dfe2db74975e0aa9f6fd
review_13998,division_55b19b36aa7567f7ecbf
review_13999,division_dfe2db74975e0aa9f6fd
review_14000,division_dfe2db74975e0aa9f6fd
review_14001,division_dfe2db74975e0aa9f6fd
review_14002,division_df561e6f16d9f3e64a28
review_14003,division_dfe2db74975e0aa9f6fd
review_14004,division_55b19b36aa7567f7ecbf
review_14005,division_55b19b36aa7567f7ecbf
review_14006,division_55b19b36aa7567f7ecbf
review_14007,division_55b19b36aa7567f7ecbf
review_14008,division_dfe2db74975e0aa9f6fd
review_14009,division_55b19b36aa7567f7ecbf
review_14010,division_55b19b36aa7567f7ecbf
review_14011,division_dfe2db74975e0aa9f6fd
review_14012,division_55b19b36aa7567f7ecbf
review_14013,division_55b19b36aa7567f7ecbf
review_14014,division_55b19b36aa7567f7ecbf
review_14015,division_55b19b36aa7567f7ecbf
review_14016,division_dfe2db74975e0aa9f6fd
review_14017,division_dfe2db74975e0aa9f6fd
review_14018,division_dfe2db74975e0aa9f6fd
review_14019,division_dfe2db74975e0aa9f6fd
review_14020,division_55b19b36aa7567f7ecbf
review_14021,division_55b19b36aa7567f7ecbf
review_14022,division_55b19b36aa7567f7ecbf
review_14023,division_55b19b36aa7567f7ecbf
review_14024,division_dfe2db74975e0aa9f6fd
review_14025,division_dfe2db74975e0aa9f6fd
review_14026,division_55b19b36aa7567f7ecbf
review_14027,division_55b19b36aa7567f7ecbf
review_14028,division_55b19b36aa7567f7ecbf
review_14029,division_55b19b36aa7567f7ecbf
review_14030,division_55b19b36aa7567f7ecbf
review_14031,division_55b19b36aa7567f7ecbf
review_14032,division_55b19b36aa7567f7ecbf
review_14033,division_55b19b36aa7567f7ecbf
review_14034,division_55b19b36aa7567f7ecbf
review_14035,division_55b19b36aa7567f7ecbf
review_14036,division_55b19b36aa7567f7ecbf
review_14037,division_55b19b36aa7567f7ecbf
review_14038,division_55b19b36aa7567f7ecbf
review_14039,division_55b19b36aa7567f7ecbf
review_14040,division_dfe2db74975e0aa9f6fd
review_14041,division_55b19b36aa7567f7ecbf
review_14042,division_55b19b36aa7567f7ecbf
review_14043,division_55b19b36aa7567f7ecbf
review_14044,division_55b19b36aa7567f7ecbf
review_14045,division_55b19b36aa7567f7ecbf
review_14046,division_dfe2db74975e0aa9f6fd
review_14047,division_55b19b36aa7567f7ecbf
review_14048,division_55b19b36aa7567f7ecbf
review_14049,division_55b19b36aa7567f7ecbf
review_14050,division_55b19b36aa7567f7ecbf
review_14051,division_55b19b36aa7567f7ecbf
review_14052,division_55b19b36aa7567f7ecbf
review_14053,division_55b19b36aa7567f7ecbf
review_14054,division_55b19b36aa7567f7ecbf
review_14055,division_55b19b36aa7567f7ecbf
review_14056,division_55b19b36aa7567f7ecbf
review_14057,division_dfe2db74975e0aa9f6fd
review_14058,division_55b19b36aa7567f7ecbf
review_14059,division_dfe2db74975e0aa9f6fd
review_14060,division_55b19b36aa7567f7ecbf
review_14061,division_55b19b36aa7567f7ecbf
review_14062,division_dfe2db74975e0aa9f6fd
review_14063,division_dfe2db74975e0aa9f6fd
review_14064,division_55b19b36aa7567f7ecbf
review_14065,division_dfe2db74975e0aa9f6fd
review_14066,division_df561e6f16d9f3e64a28
review_14067,division_55b19b36aa7567f7ecbf
review_14068,division_dfe2db74975e0aa9f6fd
review_14069,division_55b19b36aa7567f7ecbf
review_14070,division_55b19b36aa7567f7ecbf
review_14071,division_55b19b36aa7567f7ecbf
review_14072,division_55b19b36aa7567f7ecbf
review_14073,division_55b19b36aa7567f7ecbf
review_14074,division_55b19b36aa7567f7ecbf
review_14075,division_55b19b36aa7567f7ecbf
review_14076,division_55b19b36aa7567f7ecbf
review_14077,division_55b19b36aa7567f7ecbf
review_14078,division_dfe2db74975e0aa9f6fd
review_14079,division_dfe2db74975e0aa9f6fd
review_14080,division_55b19b36aa7567f7ecbf
review_14081,division_55b19b36aa7567f7ecbf
review_14082,division_dfe2db74975e0aa9f6fd
review_14083,division_55b19b36aa7567f7ecbf
review_14084,division_dfe2db74975e0aa9f6fd
review_14085,division_dfe2db74975e0aa9f6fd
review_14086,division_dfe2db74975e0aa9f6fd
review_14087,division_dfe2db74975e0aa9f6fd
review_14088,division_df561e6f16d9f3e64a28
review_14089,division_55b19b36aa7567f7ecbf
review_14090,division_55b19b36aa7567f7ecbf
review_14091,division_dfe2db74975e0aa9f6fd
review_14092,division_dfe2db74975e0aa9f6fd
review_14093,division_dfe2db74975e0aa9f6fd
review_14094,division_dfe2db74975e0aa9f6fd
review_14095,division_dfe2db74975e0aa9f6fd
review_14096,division_dfe2db74975e0aa9f6fd
review_14097,division_55b19b36aa7567f7ecbf
review_14098,division_dfe2db74975e0aa9f6fd
review_14099,division_df561e6f16d9f3e64a28
review_14100,division_dfe2db74975e0aa9f6fd
review_14101,division_55b19b36aa7567f7ecbf
review_14102,division_55b19b36aa7567f7ecbf
review_14103,division_55b19b36aa7567f7ecbf
review_14104,division_55b19b36aa7567f7ecbf
review_14105,division_dfe2db74975e0aa9f6fd
review_14106,division_dfe2db74975e0aa9f6fd
review_14107,division_dfe2db74975e0aa9f6fd
review_14108,division_dfe2db74975e0aa9f6fd
review_14109,division_dfe2db74975e0aa9f6fd
review_14110,division_dfe2db74975e0aa9f6fd
review_14111,division_df561e6f16d9f3e64a28
review_14112,division_dfe2db74975e0aa9f6fd
review_14113,division_dfe2db74975e0aa9f6fd
review_14114,division_55b19b36aa7567f7ecbf
review_14115,division_dfe2db74975e0aa9f6fd
review_14116,division_dfe2db74975e0aa9f6fd
review_14117,division_55b19b36aa7567f7ecbf
review_14118,division_55b19b36aa7567f7ecbf
review_14119,division_55b19b36aa7567f7ecbf
review_14120,division_dfe2db74975e0aa9f6fd
review_14121,division_dfe2db74975e0aa9f6fd
review_14122,division_dfe2db74975e0aa9f6fd
review_14123,division_dfe2db74975e0aa9f6fd
review_14124,division_55b19b36aa7567f7ecbf
review_14125,division_55b19b36aa7567f7ecbf
review_14126,division_dfe2db74975e0aa9f6fd
review_14127,division_dfe2db74975e0aa9f6fd
review_14128,division_55b19b36aa7567f7ecbf
review_14129,division_55b19b36aa7567f7ecbf
review_14130,division_df561e6f16d9f3e64a28
review_14131,division_df561e6f16d9f3e64a28
review_14132,division_55b19b36aa7567f7ecbf
review_14133,division_55b19b36aa7567f7ecbf
review_14134,division_dfe2db74975e0aa9f6fd
review_14135,division_55b19b36aa7567f7ecbf
review_14136,division_55b19b36aa7567f7ecbf
review_14137,division_dfe2db74975e0aa9f6fd
review_14138,division_df561e6f16d9f3e64a28
review_14139,division_55b19b36aa7567f7ecbf
review_14140,division_df561e6f16d9f3e64a28
review_14141,division_dfe2db74975e0aa9f6fd
review_14142,division_dfe2db74975e0aa9f6fd
review_14143,division_dfe2db74975e0aa9f6fd
review_14144,division_df561e6f16d9f3e64a28
review_14145,division_55b19b36aa7567f7ecbf
review_14146,division_55b19b36aa7567f7ecbf
review_14147,division_dfe2db74975e0aa9f6fd
review_14148,division_dfe2db74975e0aa9f6fd
review_14149,division_55b19b36aa7567f7ecbf
review_14150,division_55b19b36aa7567f7ecbf
review_14151,division_dfe2db74975e0aa9f6fd
review_14152,division_dfe2db74975e0aa9f6fd
review_14153,division_dfe2db74975e0aa9f6fd
review_14154,division_dfe2db74975e0aa9f6fd
review_14155,division_dfe2db74975e0aa9f6fd
review_14156,division_dfe2db74975e0aa9f6fd
review_14157,division_55b19b36aa7567f7ecbf
review_14158,division_dfe2db74975e0aa9f6fd
review_14159,division_dfe2db74975e0aa9f6fd
review_14160,division_55b19b36aa7567f7ecbf
review_14161,division_55b19b36aa7567f7ecbf
review_14162,division_dfe2db74975e0aa9f6fd
review_14163,division_dfe2db74975e0aa9f6fd
review_14164,division_dfe2db74975e0aa9f6fd
review_14165,division_55b19b36aa7567f7ecbf
review_14166,division_df561e6f16d9f3e64a28
review_14167,division_dfe2db74975e0aa9f6fd
review_14168,division_dfe2db74975e0aa9f6fd
review_14169,division_55b19b36aa7567f7ecbf
review_14170,division_55b19b36aa7567f7ecbf
review_14171,division_df561e6f16d9f3e64a28
review_14172,division_dfe2db74975e0aa9f6fd
review_14173,division_55b19b36aa7567f7ecbf
review_14174,division_dfe2db74975e0aa9f6fd
review_14175,division_dfe2db74975e0aa9f6fd
review_14176,division_55b19b36aa7567f7ecbf
review_14177,division_dfe2db74975e0aa9f6fd
review_14178,division_dfe2db74975e0aa9f6fd
review_14179,division_55b19b36aa7567f7ecbf
review_14180,division_dfe2db74975e0aa9f6fd
review_14181,division_dfe2db74975e0aa9f6fd
review_14182,division_df561e6f16d9f3e64a28
review_14183,division_dfe2db74975e0aa9f6fd
review_14184,division_dfe2db74975e0aa9f6fd
review_14185,division_dfe2db74975e0aa9f6fd
review_14186,division_dfe2db74975e0aa9f6fd
review_14187,division_dfe2db74975e0aa9f6fd
review_14188,division_dfe2db74975e0aa9f6fd
review_14189,division_dfe2db74975e0aa9f6fd
review_14190,division_55b19b36aa7567f7ecbf
review_14191,division_dfe2db74975e0aa9f6fd
review_14192,division_55b19b36aa7567f7ecbf
review_14193,division_55b19b36aa7567f7ecbf
review_14194,division_dfe2db74975e0aa9f6fd
review_14195,division_dfe2db74975e0aa9f6fd
review_14196,division_dfe2db74975e0aa9f6fd
review_14197,division_55b19b36aa7567f7ecbf
review_14198,division_dfe2db74975e0aa9f6fd
review_14199,division_dfe2db74975e0aa9f6fd
review_14200,division_55b19b36aa7567f7ecbf
review_14201,division_dfe2db74975e0aa9f6fd
review_14202,division_dfe2db74975e0aa9f6fd
review_14203,division_55b19b36aa7567f7ecbf
review_14204,division_55b19b36aa7567f7ecbf
review_14205,division_dfe2db74975e0aa9f6fd
review_14206,division_dfe2db74975e0aa9f6fd
review_14207,division_dfe2db74975e0aa9f6fd
review_14208,division_55b19b36aa7567f7ecbf
review_14209,division_55b19b36aa7567f7ecbf
review_14210,division_55b19b36aa7567f7ecbf
review_14211,division_55b19b36aa7567f7ecbf
review_14212,division_55b19b36aa7567f7ecbf
review_14213,division_55b19b36aa7567f7ecbf
review_14214,division_dfe2db74975e0aa9f6fd
review_14215,division_55b19b36aa7567f7ecbf
review_14216,division_55b19b36aa7567f7ecbf
review_14217,division_55b19b36aa7567f7ecbf
review_14218,division_dfe2db74975e0aa9f6fd
review_14219,division_55b19b36aa7567f7ecbf
review_14220,division_55b19b36aa7567f7ecbf
review_14221,division_55b19b36aa7567f7ecbf
review_14222,division_55b19b36aa7567f7ecbf
review_14223,division_55b19b36aa7567f7ecbf
review_14224,division_dfe2db74975e0aa9f6fd
review_14225,division_dfe2db74975e0aa9f6fd
review_14226,division_dfe2db74975e0aa9f6fd
review_14227,division_dfe2db74975e0aa9f6fd
review_14228,division_dfe2db74975e0aa9f6fd
review_14229,division_55b19b36aa7567f7ecbf
review_14230,division_dfe2db74975e0aa9f6fd
review_14231,division_dfe2db74975e0aa9f6fd
review_14232,division_dfe2db74975e0aa9f6fd
review_14233,division_dfe2db74975e0aa9f6fd
review_14234,division_dfe2db74975e0aa9f6fd
review_14235,division_dfe2db74975e0aa9f6fd
review_14236,division_dfe2db74975e0aa9f6fd
review_14237,division_dfe2db74975e0aa9f6fd
review_14238,division_dfe2db74975e0aa9f6fd
review_14239,division_dfe2db74975e0aa9f6fd
review_14240,division_dfe2db74975e0aa9f6fd
review_14241,division_dfe2db74975e0aa9f6fd
review_14242,division_dfe2db74975e0aa9f6fd
review_14243,division_dfe2db74975e0aa9f6fd
review_14244,division_dfe2db74975e0aa9f6fd
review_14245,division_dfe2db74975e0aa9f6fd
review_14246,division_dfe2db74975e0aa9f6fd
review_14247,division_dfe2db74975e0aa9f6fd
review_14248,division_dfe2db74975e0aa9f6fd
review_14249,division_dfe2db74975e0aa9f6fd
review_14250,division_55b19b36aa7567f7ecbf
review_14251,division_dfe2db74975e0aa9f6fd
review_14252,division_dfe2db74975e0aa9f6fd
review_14253,division_dfe2db74975e0aa9f6fd
review_14254,division_55b19b36aa7567f7ecbf
review_14255,division_df561e6f16d9f3e64a28
review_14256,division_df561e6f16d9f3e64a28
review_14257,division_55b19b36aa7567f7ecbf
review_14258,division_55b19b36aa7567f7ecbf
review_14259,division_dfe2db74975e0aa9f6fd
review_14260,division_dfe2db74975e0aa9f6fd
review_14261,division_55b19b36aa7567f7ecbf
review_14262,division_dfe2db74975e0aa9f6fd
review_14263,division_55b19b36aa7567f7ecbf
review_14264,division_55b19b36aa7567f7ecbf
review_14265,division_55b19b36aa7567f7ecbf
review_14266,division_55b19b36aa7567f7ecbf
review_14267,division_df561e6f16d9f3e64a28
review_14268,division_dfe2db74975e0aa9f6fd
review_14269,division_dfe2db74975e0aa9f6fd
review_14270,division_dfe2db74975e0aa9f6fd
review_14271,division_55b19b36aa7567f7ecbf
review_14272,division_55b19b36aa7567f7ecbf
review_14273,division_55b19b36aa7567f7ecbf
review_14274,division_55b19b36aa7567f7ecbf
review_14275,division_55b19b36aa7567f7ecbf
review_14276,division_dfe2db74975e0aa9f6fd
review_14277,division_dfe2db74975e0aa9f6fd
review_14278,division_55b19b36aa7567f7ecbf
review_14279,division_55b19b36aa7567f7ecbf
review_14280,division_dfe2db74975e0aa9f6fd
review_14281,division_df561e6f16d9f3e64a28
review_14282,division_55b19b36aa7567f7ecbf
review_14283,division_df561e6f16d9f3e64a28
review_14284,division_55b19b36aa7567f7ecbf
review_14285,division_55b19b36aa7567f7ecbf
review_14286,division_df561e6f16d9f3e64a28
review_14287,division_df561e6f16d9f3e64a28
review_14288,division_55b19b36aa7567f7ecbf
review_14289,division_55b19b36aa7567f7ecbf
review_14290,division_55b19b36aa7567f7ecbf
review_14291,division_55b19b36aa7567f7ecbf
review_14292,division_55b19b36aa7567f7ecbf
review_14293,division_55b19b36aa7567f7ecbf
review_14294,division_55b19b36aa7567f7ecbf
review_14295,division_dfe2db74975e0aa9f6fd
review_14296,division_55b19b36aa7567f7ecbf
review_14297,division_dfe2db74975e0aa9f6fd
review_14298,division_55b19b36aa7567f7ecbf
review_14299,division_55b19b36aa7567f7ecbf
review_14300,division_dfe2db74975e0aa9f6fd
review_14301,division_dfe2db74975e0aa9f6fd
review_14302,division_dfe2db74975e0aa9f6fd
review_14303,division_dfe2db74975e0aa9f6fd
review_14304,division_dfe2db74975e0aa9f6fd
review_14305,division_df561e6f16d9f3e64a28
review_14306,division_dfe2db74975e0aa9f6fd
review_14307,division_dfe2db74975e0aa9f6fd
review_14308,division_dfe2db74975e0aa9f6fd
review_14309,division_df561e6f16d9f3e64a28
review_14310,division_55b19b36aa7567f7ecbf
review_14311,division_dfe2db74975e0aa9f6fd
review_14312,division_dfe2db74975e0aa9f6fd
review_14313,division_dfe2db74975e0aa9f6fd
review_14314,division_dfe2db74975e0aa9f6fd
review_14315,division_dfe2db74975e0aa9f6fd
review_14316,division_55b19b36aa7567f7ecbf
review_14317,division_dfe2db74975e0aa9f6fd
review_14318,division_dfe2db74975e0aa9f6fd
review_14319,division_dfe2db74975e0aa9f6fd
review_14320,division_dfe2db74975e0aa9f6fd
review_14321,division_dfe2db74975e0aa9f6fd
review_14322,division_dfe2db74975e0aa9f6fd
review_14323,division_55b19b36aa7567f7ecbf
review_14324,division_55b19b36aa7567f7ecbf
review_14325,division_dfe2db74975e0aa9f6fd
review_14326,division_dfe2db74975e0aa9f6fd
review_14327,division_dfe2db74975e0aa9f6fd
review_14328,division_dfe2db74975e0aa9f6fd
review_14329,division_dfe2db74975e0aa9f6fd
review_14330,division_dfe2db74975e0aa9f6fd
review_14331,division_55b19b36aa7567f7ecbf
review_14332,division_55b19b36aa7567f7ecbf
review_14333,division_df561e6f16d9f3e64a28
review_14334,division_55b19b36aa7567f7ecbf
review_14335,division_55b19b36aa7567f7ecbf
review_14336,division_55b19b36aa7567f7ecbf
review_14337,division_55b19b36aa7567f7ecbf
review_14338,division_55b19b36aa7567f7ecbf
review_14339,division_55b19b36aa7567f7ecbf
review_14340,division_55b19b36aa7567f7ecbf
review_14341,division_dfe2db74975e0aa9f6fd
review_14342,division_55b19b36aa7567f7ecbf
review_14343,division_55b19b36aa7567f7ecbf
review_14344,division_dfe2db74975e0aa9f6fd
review_14345,division_55b19b36aa7567f7ecbf
review_14346,division_55b19b36aa7567f7ecbf
review_14347,division_55b19b36aa7567f7ecbf
review_14348,division_dfe2db74975e0aa9f6fd
review_14349,division_55b19b36aa7567f7ecbf
review_14350,division_55b19b36aa7567f7ecbf
review_14351,division_55b19b36aa7567f7ecbf
review_14352,division_55b19b36aa7567f7ecbf
review_14353,division_55b19b36aa7567f7ecbf
review_14354,division_55b19b36aa7567f7ecbf
review_14355,division_df561e6f16d9f3e64a28
review_14356,division_dfe2db74975e0aa9f6fd
review_14357,division_55b19b36aa7567f7ecbf
review_14358,division_55b19b36aa7567f7ecbf
review_14359,division_55b19b36aa7567f7ecbf
review_14360,division_dfe2db74975e0aa9f6fd
review_14361,division_dfe2db74975e0aa9f6fd
review_14362,division_dfe2db74975e0aa9f6fd
review_14363,division_55b19b36aa7567f7ecbf
review_14364,division_dfe2db74975e0aa9f6fd
review_14365,division_dfe2db74975e0aa9f6fd
review_14366,division_dfe2db74975e0aa9f6fd
review_14367,division_dfe2db74975e0aa9f6fd
review_14368,division_dfe2db74975e0aa9f6fd
review_14369,division_55b19b36aa7567f7ecbf
review_14370,division_dfe2db74975e0aa9f6fd
review_14371,division_55b19b36aa7567f7ecbf
review_14372,division_55b19b36aa7567f7ecbf
review_14373,division_55b19b36aa7567f7ecbf
review_14374,division_dfe2db74975e0aa9f6fd
review_14375,division_df561e6f16d9f3e64a28
review_14376,division_dfe2db74975e0aa9f6fd
review_14377,division_df561e6f16d9f3e64a28
review_14378,division_55b19b36aa7567f7ecbf
review_14379,division_55b19b36aa7567f7ecbf
review_14380,division_55b19b36aa7567f7ecbf
review_14381,division_55b19b36aa7567f7ecbf
review_14382,division_55b19b36aa7567f7ecbf
review_14383,division_dfe2db74975e0aa9f6fd
review_14384,division_55b19b36aa7567f7ecbf
review_14385,division_55b19b36aa7567f7ecbf
review_14386,division_55b19b36aa7567f7ecbf
review_14387,division_55b19b36aa7567f7ecbf
review_14388,division_55b19b36aa7567f7ecbf
review_14389,division_55b19b36aa7567f7ecbf
review_14390,division_df561e6f16d9f3e64a28
review_14391,division_df561e6f16d9f3e64a28
review_14392,division_55b19b36aa7567f7ecbf
review_14393,division_55b19b36aa7567f7ecbf
review_14394,division_55b19b36aa7567f7ecbf
review_14395,division_55b19b36aa7567f7ecbf
review_14396,division_55b19b36aa7567f7ecbf
review_14397,division_df561e6f16d9f3e64a28
review_14398,division_55b19b36aa7567f7ecbf
review_14399,division_55b19b36aa7567f7ecbf
review_14400,division_55b19b36aa7567f7ecbf
review_14401,division_dfe2db74975e0aa9f6fd
review_14402,division_dfe2db74975e0aa9f6fd
review_14403,division_55b19b36aa7567f7ecbf
review_14404,division_55b19b36aa7567f7ecbf
review_14405,division_55b19b36aa7567f7ecbf
review_14406,division_55b19b36aa7567f7ecbf
review_14407,division_55b19b36aa7567f7ecbf
review_14408,division_55b19b36aa7567f7ecbf
review_14409,division_55b19b36aa7567f7ecbf
review_14410,division_55b19b36aa7567f7ecbf
review_14411,division_55b19b36aa7567f7ecbf
review_14412,division_55b19b36aa7567f7ecbf
review_14413,division_55b19b36aa7567f7ecbf
review_14414,division_55b19b36aa7567f7ecbf
review_14415,division_55b19b36aa7567f7ecbf
review_14416,division_55b19b36aa7567f7ecbf
review_14417,division_55b19b36aa7567f7ecbf
review_14418,division_55b19b36aa7567f7ecbf
review_14419,division_55b19b36aa7567f7ecbf
review_14420,division_55b19b36aa7567f7ecbf
review_14421,division_55b19b36aa7567f7ecbf
review_14422,division_dfe2db74975e0aa9f6fd
review_14423,division_dfe2db74975e0aa9f6fd
review_14424,division_55b19b36aa7567f7ecbf
review_14425,division_55b19b36aa7567f7ecbf
review_14426,division_55b19b36aa7567f7ecbf
review_14427,division_55b19b36aa7567f7ecbf
review_14428,division_dfe2db74975e0aa9f6fd
review_14429,division_dfe2db74975e0aa9f6fd
review_14430,division_55b19b36aa7567f7ecbf
review_14431,division_55b19b36aa7567f7ecbf
review_14432,division_df561e6f16d9f3e64a28
review_14433,division_55b19b36aa7567f7ecbf
review_14434,division_55b19b36aa7567f7ecbf
review_14435,division_55b19b36aa7567f7ecbf
review_14436,division_dfe2db74975e0aa9f6fd
review_14437,division_55b19b36aa7567f7ecbf
review_14438,division_55b19b36aa7567f7ecbf
review_14439,division_55b19b36aa7567f7ecbf
review_14440,division_55b19b36aa7567f7ecbf
review_14441,division_55b19b36aa7567f7ecbf
review_14442,division_df561e6f16d9f3e64a28
review_14443,division_55b19b36aa7567f7ecbf
review_14444,division_55b19b36aa7567f7ecbf
review_14445,division_dfe2db74975e0aa9f6fd
review_14446,division_dfe2db74975e0aa9f6fd
review_14447,division_df561e6f16d9f3e64a28
review_14448,division_dfe2db74975e0aa9f6fd
review_14449,division_55b19b36aa7567f7ecbf
review_14450,division_df561e6f16d9f3e64a28
review_14451,division_dfe2db74975e0aa9f6fd
review_14452,division_dfe2db74975e0aa9f6fd
review_14453,division_55b19b36aa7567f7ecbf
review_14454,division_df561e6f16d9f3e64a28
review_14455,division_dfe2db74975e0aa9f6fd
review_14456,division_55b19b36aa7567f7ecbf
review_14457,division_55b19b36aa7567f7ecbf
review_14458,division_df561e6f16d9f3e64a28
review_14459,division_dfe2db74975e0aa9f6fd
review_14460,division_dfe2db74975e0aa9f6fd
review_14461,division_dfe2db74975e0aa9f6fd
review_14462,division_55b19b36aa7567f7ecbf
review_14463,division_dfe2db74975e0aa9f6fd
review_14464,division_dfe2db74975e0aa9f6fd
review_14465,division_55b19b36aa7567f7ecbf
review_14466,division_df561e6f16d9f3e64a28
review_14467,division_dfe2db74975e0aa9f6fd
review_14468,division_dfe2db74975e0aa9f6fd
review_14469,division_df561e6f16d9f3e64a28
review_14470,division_55b19b36aa7567f7ecbf
review_14471,division_df561e6f16d9f3e64a28
review_14472,division_55b19b36aa7567f7ecbf
review_14473,division_dfe2db74975e0aa9f6fd
review_14474,division_dfe2db74975e0aa9f6fd
review_14475,division_dfe2db74975e0aa9f6fd
review_14476,division_dfe2db74975e0aa9f6fd
review_14477,division_55b19b36aa7567f7ecbf
review_14478,division_dfe2db74975e0aa9f6fd
review_14479,division_df561e6f16d9f3e64a28
review_14480,division_df561e6f16d9f3e64a28
review_14481,division_dfe2db74975e0aa9f6fd
review_14482,division_dfe2db74975e0aa9f6fd
review_14483,division_55b19b36aa7567f7ecbf
review_14484,division_dfe2db74975e0aa9f6fd
review_14485,division_dfe2db74975e0aa9f6fd
review_14486,division_df561e6f16d9f3e64a28
review_14487,division_dfe2db74975e0aa9f6fd
review_14488,division_dfe2db74975e0aa9f6fd
review_14489,division_dfe2db74975e0aa9f6fd
review_14490,division_dfe2db74975e0aa9f6fd
review_14491,division_dfe2db74975e0aa9f6fd
review_14492,division_dfe2db74975e0aa9f6fd
review_14493,division_55b19b36aa7567f7ecbf
review_14494,division_55b19b36aa7567f7ecbf
review_14495,division_dfe2db74975e0aa9f6fd
review_14496,division_dfe2db74975e0aa9f6fd
review_14497,division_dfe2db74975e0aa9f6fd
review_14498,division_dfe2db74975e0aa9f6fd
review_14499,division_dfe2db74975e0aa9f6fd
review_14500,division_55b19b36aa7567f7ecbf
review_14501,division_dfe2db74975e0aa9f6fd
review_14502,division_dfe2db74975e0aa9f6fd
review_14503,division_dfe2db74975e0aa9f6fd
review_14504,division_dfe2db74975e0aa9f6fd
review_14505,division_dfe2db74975e0aa9f6fd
review_14506,division_dfe2db74975e0aa9f6fd
review_14507,division_df561e6f16d9f3e64a28
review_14508,division_dfe2db74975e0aa9f6fd
review_14509,division_55b19b36aa7567f7ecbf
review_14510,division_dfe2db74975e0aa9f6fd
review_14511,division_dfe2db74975e0aa9f6fd
review_14512,division_dfe2db74975e0aa9f6fd
review_14513,division_dfe2db74975e0aa9f6fd
review_14514,division_dfe2db74975e0aa9f6fd
review_14515,division_df561e6f16d9f3e64a28
review_14516,division_df561e6f16d9f3e64a28
review_14517,division_df561e6f16d9f3e64a28
review_14518,division_df561e6f16d9f3e64a28
review_14519,division_dfe2db74975e0aa9f6fd
review_14520,division_dfe2db74975e0aa9f6fd
review_14521,division_df561e6f16d9f3e64a28
review_14522,division_dfe2db74975e0aa9f6fd
review_14523,division_dfe2db74975e0aa9f6fd
review_14524,division_dfe2db74975e0aa9f6fd
review_14525,division_dfe2db74975e0aa9f6fd
review_14526,division_dfe2db74975e0aa9f6fd
review_14527,division_55b19b36aa7567f7ecbf
review_14528,division_df561e6f16d9f3e64a28
review_14529,division_dfe2db74975e0aa9f6fd
review_14530,division_55b19b36aa7567f7ecbf
review_14531,division_dfe2db74975e0aa9f6fd
review_14532,division_55b19b36aa7567f7ecbf
review_14533,division_dfe2db74975e0aa9f6fd
review_14534,division_df561e6f16d9f3e64a28
review_14535,division_dfe2db74975e0aa9f6fd
review_14536,division_dfe2db74975e0aa9f6fd
review_14537,division_dfe2db74975e0aa9f6fd
review_14538,division_df561e6f16d9f3e64a28
review_14539,division_df561e6f16d9f3e64a28
review_14540,division_55b19b36aa7567f7ecbf
review_14541,division_55b19b36aa7567f7ecbf
review_14542,division_dfe2db74975e0aa9f6fd
review_14543,division_dfe2db74975e0aa9f6fd
review_14544,division_dfe2db74975e0aa9f6fd
review_14545,division_55b19b36aa7567f7ecbf
review_14546,division_55b19b36aa7567f7ecbf
review_14547,division_55b19b36aa7567f7ecbf
review_14548,division_dfe2db74975e0aa9f6fd
review_14549,division_dfe2db74975e0aa9f6fd
review_14550,division_dfe2db74975e0aa9f6fd
review_14551,division_dfe2db74975e0aa9f6fd
review_14552,division_df561e6f16d9f3e64a28
review_14553,division_dfe2db74975e0aa9f6fd
review_14554,division_dfe2db74975e0aa9f6fd
review_14555,division_55b19b36aa7567f7ecbf
review_14556,division_dfe2db74975e0aa9f6fd
review_14557,division_55b19b36aa7567f7ecbf
review_14558,division_dfe2db74975e0aa9f6fd
review_14559,division_dfe2db74975e0aa9f6fd
review_14560,division_df561e6f16d9f3e64a28
review_14561,division_55b19b36aa7567f7ecbf
review_14562,division_dfe2db74975e0aa9f6fd
review_14563,division_dfe2db74975e0aa9f6fd
review_14564,division_55b19b36aa7567f7ecbf
review_14565,division_55b19b36aa7567f7ecbf
review_14566,division_dfe2db74975e0aa9f6fd
review_14567,division_dfe2db74975e0aa9f6fd
review_14568,division_dfe2db74975e0aa9f6fd
review_14569,division_dfe2db74975e0aa9f6fd
review_14570,division_df561e6f16d9f3e64a28
review_14571,division_dfe2db74975e0aa9f6fd
review_14572,division_dfe2db74975e0aa9f6fd
review_14573,division_55b19b36aa7567f7ecbf
review_14574,division_dfe2db74975e0aa9f6fd
review_14575,division_dfe2db74975e0aa9f6fd
review_14576,division_dfe2db74975e0aa9f6fd
review_14577,division_dfe2db74975e0aa9f6fd
review_14578,division_dfe2db74975e0aa9f6fd
review_14579,division_dfe2db74975e0aa9f6fd
review_14580,division_55b19b36aa7567f7ecbf
review_14581,division_dfe2db74975e0aa9f6fd
review_14582,division_55b19b36aa7567f7ecbf
review_14583,division_55b19b36aa7567f7ecbf
review_14584,division_dfe2db74975e0aa9f6fd
review_14585,division_55b19b36aa7567f7ecbf
review_14586,division_55b19b36aa7567f7ecbf
review_14587,division_dfe2db74975e0aa9f6fd
review_14588,division_df561e6f16d9f3e64a28
review_14589,division_dfe2db74975e0aa9f6fd
review_14590,division_dfe2db74975e0aa9f6fd
review_14591,division_dfe2db74975e0aa9f6fd
review_14592,division_dfe2db74975e0aa9f6fd
review_14593,division_dfe2db74975e0aa9f6fd
review_14594,division_55b19b36aa7567f7ecbf
review_14595,division_dfe2db74975e0aa9f6fd
review_14596,division_dfe2db74975e0aa9f6fd
review_14597,division_55b19b36aa7567f7ecbf
review_14598,division_dfe2db74975e0aa9f6fd
review_14599,division_dfe2db74975e0aa9f6fd
review_14600,division_dfe2db74975e0aa9f6fd
review_14601,division_dfe2db74975e0aa9f6fd
review_14602,division_dfe2db74975e0aa9f6fd
review_14603,division_dfe2db74975e0aa9f6fd
review_14604,division_dfe2db74975e0aa9f6fd
review_14605,division_55b19b36aa7567f7ecbf
review_14606,division_dfe2db74975e0aa9f6fd
review_14607,division_dfe2db74975e0aa9f6fd
review_14608,division_dfe2db74975e0aa9f6fd
review_14609,division_55b19b36aa7567f7ecbf
review_14610,division_dfe2db74975e0aa9f6fd
review_14611,division_dfe2db74975e0aa9f6fd
review_14612,division_dfe2db74975e0aa9f6fd
review_14613,division_dfe2db74975e0aa9f6fd
review_14614,division_dfe2db74975e0aa9f6fd
review_14615,division_dfe2db74975e0aa9f6fd
review_14616,division_dfe2db74975e0aa9f6fd
review_14617,division_dfe2db74975e0aa9f6fd
review_14618,division_dfe2db74975e0aa9f6fd
review_14619,division_dfe2db74975e0aa9f6fd
review_14620,division_55b19b36aa7567f7ecbf
review_14621,division_dfe2db74975e0aa9f6fd
review_14622,division_dfe2db74975e0aa9f6fd
review_14623,division_dfe2db74975e0aa9f6fd
review_14624,division_dfe2db74975e0aa9f6fd
review_14625,division_dfe2db74975e0aa9f6fd
review_14626,division_dfe2db74975e0aa9f6fd
review_14627,division_55b19b36aa7567f7ecbf
review_14628,division_dfe2db74975e0aa9f6fd
review_14629,division_dfe2db74975e0aa9f6fd
review_14630,division_55b19b36aa7567f7ecbf
review_14631,division_df561e6f16d9f3e64a28
review_14632,division_df561e6f16d9f3e64a28
review_14633,division_dfe2db74975e0aa9f6fd
review_14634,division_dfe2db74975e0aa9f6fd
review_14635,division_dfe2db74975e0aa9f6fd
review_14636,division_dfe2db74975e0aa9f6fd
review_14637,division_dfe2db74975e0aa9f6fd
review_14638,division_dfe2db74975e0aa9f6fd
review_14639,division_dfe2db74975e0aa9f6fd
review_14640,division_dfe2db74975e0aa9f6fd
review_14641,division_dfe2db74975e0aa9f6fd
review_14642,division_dfe2db74975e0aa9f6fd
review_14643,division_dfe2db74975e0aa9f6fd
review_14644,division_55b19b36aa7567f7ecbf
review_14645,division_dfe2db74975e0aa9f6fd
review_14646,division_dfe2db74975e0aa9f6fd
review_14647,division_dfe2db74975e0aa9f6fd
review_14648,division_55b19b36aa7567f7ecbf
review_14649,division_55b19b36aa7567f7ecbf
review_14650,division_55b19b36aa7567f7ecbf
review_14651,division_55b19b36aa7567f7ecbf
review_14652,division_55b19b36aa7567f7ecbf
review_14653,division_dfe2db74975e0aa9f6fd
review_14654,division_55b19b36aa7567f7ecbf
review_14655,division_dfe2db74975e0aa9f6fd
review_14656,division_55b19b36aa7567f7ecbf
review_14657,division_dfe2db74975e0aa9f6fd
review_14658,division_55b19b36aa7567f7ecbf
review_14659,division_55b19b36aa7567f7ecbf
review_14660,division_55b19b36aa7567f7ecbf
review_14661,division_55b19b36aa7567f7ecbf
review_14662,division_dfe2db74975e0aa9f6fd
review_14663,division_dfe2db74975e0aa9f6fd
review_14664,division_55b19b36aa7567f7ecbf
review_14665,division_dfe2db74975e0aa9f6fd
review_14666,division_dfe2db74975e0aa9f6fd
review_14667,division_dfe2db74975e0aa9f6fd
review_14668,division_dfe2db74975e0aa9f6fd
review_14669,division_dfe2db74975e0aa9f6fd
review_14670,division_dfe2db74975e0aa9f6fd
review_14671,division_55b19b36aa7567f7ecbf
review_14672,division_dfe2db74975e0aa9f6fd
review_14673,division_55b19b36aa7567f7ecbf
review_14674,division_55b19b36aa7567f7ecbf
review_14675,division_dfe2db74975e0aa9f6fd
review_14676,division_dfe2db74975e0aa9f6fd
review_14677,division_dfe2db74975e0aa9f6fd
review_14678,division_55b19b36aa7567f7ecbf
review_14679,division_55b19b36aa7567f7ecbf
review_14680,division_dfe2db74975e0aa9f6fd
review_14681,division_dfe2db74975e0aa9f6fd
review_14682,division_dfe2db74975e0aa9f6fd
review_14683,division_55b19b36aa7567f7ecbf
review_14684,division_55b19b36aa7567f7ecbf
review_14685,division_55b19b36aa7567f7ecbf
review_14686,division_55b19b36aa7567f7ecbf
review_14687,division_55b19b36aa7567f7ecbf
review_14688,division_55b19b36aa7567f7ecbf
review_14689,division_55b19b36aa7567f7ecbf
review_14690,division_dfe2db74975e0aa9f6fd
review_14691,division_dfe2db74975e0aa9f6fd
review_14692,division_dfe2db74975e0aa9f6fd
review_14693,division_dfe2db74975e0aa9f6fd
review_14694,division_55b19b36aa7567f7ecbf
review_14695,division_55b19b36aa7567f7ecbf
review_14696,division_dfe2db74975e0aa9f6fd
review_14697,division_dfe2db74975e0aa9f6fd
review_14698,division_55b19b36aa7567f7ecbf
review_14699,division_55b19b36aa7567f7ecbf
review_14700,division_dfe2db74975e0aa9f6fd
review_14701,division_dfe2db74975e0aa9f6fd
review_14702,division_dfe2db74975e0aa9f6fd
review_14703,division_dfe2db74975e0aa9f6fd
review_14704,division_55b19b36aa7567f7ecbf
review_14705,division_dfe2db74975e0aa9f6fd
review_14706,division_55b19b36aa7567f7ecbf
review_14707,division_dfe2db74975e0aa9f6fd
review_14708,division_dfe2db74975e0aa9f6fd
review_14709,division_dfe2db74975e0aa9f6fd
review_14710,division_55b19b36aa7567f7ecbf
review_14711,division_55b19b36aa7567f7ecbf
review_14712,division_55b19b36aa7567f7ecbf
review_14713,division_55b19b36aa7567f7ecbf
review_14714,division_55b19b36aa7567f7ecbf
review_14715,division_dfe2db74975e0aa9f6fd
review_14716,division_dfe2db74975e0aa9f6fd
review_14717,division_dfe2db74975e0aa9f6fd
review_14718,division_dfe2db74975e0aa9f6fd
review_14719,division_dfe2db74975e0aa9f6fd
review_14720,division_dfe2db74975e0aa9f6fd
review_14721,division_dfe2db74975e0aa9f6fd
review_14722,division_dfe2db74975e0aa9f6fd
review_14723,division_dfe2db74975e0aa9f6fd
review_14724,division_dfe2db74975e0aa9f6fd
review_14725,division_dfe2db74975e0aa9f6fd
review_14726,division_dfe2db74975e0aa9f6fd
review_14727,division_55b19b36aa7567f7ecbf
review_14728,division_dfe2db74975e0aa9f6fd
review_14729,division_dfe2db74975e0aa9f6fd
review_14730,division_dfe2db74975e0aa9f6fd
review_14731,division_dfe2db74975e0aa9f6fd
review_14732,division_dfe2db74975e0aa9f6fd
review_14733,division_dfe2db74975e0aa9f6fd
review_14734,division_dfe2db74975e0aa9f6fd
review_14735,division_dfe2db74975e0aa9f6fd
review_14736,division_dfe2db74975e0aa9f6fd
review_14737,division_dfe2db74975e0aa9f6fd
review_14738,division_dfe2db74975e0aa9f6fd
review_14739,division_df561e6f16d9f3e64a28
review_14740,division_dfe2db74975e0aa9f6fd
review_14741,division_dfe2db74975e0aa9f6fd
review_14742,division_dfe2db74975e0aa9f6fd
review_14743,division_55b19b36aa7567f7ecbf
review_14744,division_55b19b36aa7567f7ecbf
review_14745,division_55b19b36aa7567f7ecbf
review_14746,division_dfe2db74975e0aa9f6fd
review_14747,division_55b19b36aa7567f7ecbf
review_14748,division_55b19b36aa7567f7ecbf
review_14749,division_55b19b36aa7567f7ecbf
review_14750,division_dfe2db74975e0aa9f6fd
review_14751,division_dfe2db74975e0aa9f6fd
review_14752,division_55b19b36aa7567f7ecbf
review_14753,division_dfe2db74975e0aa9f6fd
review_14754,division_dfe2db74975e0aa9f6fd
review_14755,division_55b19b36aa7567f7ecbf
review_14756,division_55b19b36aa7567f7ecbf
review_14757,division_dfe2db74975e0aa9f6fd
review_14758,division_dfe2db74975e0aa9f6fd
review_14759,division_dfe2db74975e0aa9f6fd
review_14760,division_dfe2db74975e0aa9f6fd
review_14761,division_55b19b36aa7567f7ecbf
review_14762,division_dfe2db74975e0aa9f6fd
review_14763,division_55b19b36aa7567f7ecbf
review_14764,division_dfe2db74975e0aa9f6fd
review_14765,division_55b19b36aa7567f7ecbf
review_14766,division_55b19b36aa7567f7ecbf
review_14767,division_dfe2db74975e0aa9f6fd
review_14768,division_dfe2db74975e0aa9f6fd
review_14769,division_55b19b36aa7567f7ecbf
review_14770,division_55b19b36aa7567f7ecbf
review_14771,division_55b19b36aa7567f7ecbf
review_14772,division_55b19b36aa7567f7ecbf
review_14773,division_55b19b36aa7567f7ecbf
review_14774,division_dfe2db74975e0aa9f6fd
review_14775,division_55b19b36aa7567f7ecbf
review_14776,division_55b19b36aa7567f7ecbf
review_14777,division_55b19b36aa7567f7ecbf
review_14778,division_dfe2db74975e0aa9f6fd
review_14779,division_55b19b36aa7567f7ecbf
review_14780,division_55b19b36aa7567f7ecbf
review_14781,division_55b19b36aa7567f7ecbf
review_14782,division_dfe2db74975e0aa9f6fd
review_14783,division_55b19b36aa7567f7ecbf
review_14784,division_55b19b36aa7567f7ecbf
review_14785,division_dfe2db74975e0aa9f6fd
review_14786,division_dfe2db74975e0aa9f6fd
review_14787,division_dfe2db74975e0aa9f6fd
review_14788,division_dfe2db74975e0aa9f6fd
review_14789,division_dfe2db74975e0aa9f6fd
review_14790,division_55b19b36aa7567f7ecbf
review_14791,division_dfe2db74975e0aa9f6fd
review_14792,division_dfe2db74975e0aa9f6fd
review_14793,division_55b19b36aa7567f7ecbf
review_14794,division_55b19b36aa7567f7ecbf
review_14795,division_55b19b36aa7567f7ecbf
review_14796,division_55b19b36aa7567f7ecbf
review_14797,division_dfe2db74975e0aa9f6fd
review_14798,division_55b19b36aa7567f7ecbf
review_14799,division_dfe2db74975e0aa9f6fd
review_14800,division_55b19b36aa7567f7ecbf
review_14801,division_dfe2db74975e0aa9f6fd
review_14802,division_55b19b36aa7567f7ecbf
review_14803,division_55b19b36aa7567f7ecbf
review_14804,division_dfe2db74975e0aa9f6fd
review_14805,division_55b19b36aa7567f7ecbf
review_14806,division_55b19b36aa7567f7ecbf
review_14807,division_55b19b36aa7567f7ecbf
review_14808,division_55b19b36aa7567f7ecbf
review_14809,division_55b19b36aa7567f7ecbf
review_14810,division_dfe2db74975e0aa9f6fd
review_14811,division_dfe2db74975e0aa9f6fd
review_14812,division_55b19b36aa7567f7ecbf
review_14813,division_55b19b36aa7567f7ecbf
review_14814,division_55b19b36aa7567f7ecbf
review_14815,division_55b19b36aa7567f7ecbf
review_14816,division_dfe2db74975e0aa9f6fd
review_14817,division_55b19b36aa7567f7ecbf
review_14818,division_55b19b36aa7567f7ecbf
review_14819,division_55b19b36aa7567f7ecbf
review_14820,division_55b19b36aa7567f7ecbf
review_14821,division_dfe2db74975e0aa9f6fd
review_14822,division_dfe2db74975e0aa9f6fd
review_14823,division_dfe2db74975e0aa9f6fd
review_14824,division_dfe2db74975e0aa9f6fd
review_14825,division_dfe2db74975e0aa9f6fd
review_14826,division_dfe2db74975e0aa9f6fd
review_14827,division_dfe2db74975e0aa9f6fd
review_14828,division_dfe2db74975e0aa9f6fd
review_14829,division_dfe2db74975e0aa9f6fd
review_14830,division_dfe2db74975e0aa9f6fd
review_14831,division_dfe2db74975e0aa9f6fd
review_14832,division_dfe2db74975e0aa9f6fd
review_14833,division_dfe2db74975e0aa9f6fd
review_14834,division_dfe2db74975e0aa9f6fd
review_14835,division_dfe2db74975e0aa9f6fd
review_14836,division_dfe2db74975e0aa9f6fd
review_14837,division_dfe2db74975e0aa9f6fd
review_14838,division_dfe2db74975e0aa9f6fd
review_14839,division_dfe2db74975e0aa9f6fd
review_14840,division_dfe2db74975e0aa9f6fd
review_14841,division_dfe2db74975e0aa9f6fd
review_14842,division_dfe2db74975e0aa9f6fd
review_14843,division_dfe2db74975e0aa9f6fd
review_14844,division_dfe2db74975e0aa9f6fd
review_14845,division_df561e6f16d9f3e64a28
review_14846,division_55b19b36aa7567f7ecbf
review_14847,division_55b19b36aa7567f7ecbf
review_14848,division_dfe2db74975e0aa9f6fd
review_14849,division_55b19b36aa7567f7ecbf
review_14850,division_dfe2db74975e0aa9f6fd
review_14851,division_dfe2db74975e0aa9f6fd
review_14852,division_dfe2db74975e0aa9f6fd
review_14853,division_dfe2db74975e0aa9f6fd
review_14854,division_dfe2db74975e0aa9f6fd
review_14855,division_dfe2db74975e0aa9f6fd
review_14856,division_dfe2db74975e0aa9f6fd
review_14857,division_dfe2db74975e0aa9f6fd
review_14858,division_dfe2db74975e0aa9f6fd
review_14859,division_dfe2db74975e0aa9f6fd
review_14860,division_df561e6f16d9f3e64a28
review_14861,division_df561e6f16d9f3e64a28
review_14862,division_dfe2db74975e0aa9f6fd
review_14863,division_dfe2db74975e0aa9f6fd
review_14864,division_dfe2db74975e0aa9f6fd
review_14865,division_dfe2db74975e0aa9f6fd
review_14866,division_dfe2db74975e0aa9f6fd
review_14867,division_dfe2db74975e0aa9f6fd
review_14868,division_dfe2db74975e0aa9f6fd
review_14869,division_dfe2db74975e0aa9f6fd
review_14870,division_df561e6f16d9f3e64a28
review_14871,division_dfe2db74975e0aa9f6fd
review_14872,division_dfe2db74975e0aa9f6fd
review_14873,division_df561e6f16d9f3e64a28
review_14874,division_df561e6f16d9f3e64a28
review_14875,division_dfe2db74975e0aa9f6fd
review_14876,division_dfe2db74975e0aa9f6fd
review_14877,division_dfe2db74975e0aa9f6fd
review_14878,division_df561e6f16d9f3e64a28
review_14879,division_dfe2db74975e0aa9f6fd
review_14880,division_df561e6f16d9f3e64a28
review_14881,division_df561e6f16d9f3e64a28
review_14882,division_dfe2db74975e0aa9f6fd
review_14883,division_dfe2db74975e0aa9f6fd
review_14884,division_dfe2db74975e0aa9f6fd
review_14885,division_dfe2db74975e0aa9f6fd
review_14886,division_dfe2db74975e0aa9f6fd
review_14887,division_dfe2db74975e0aa9f6fd
review_14888,division_df561e6f16d9f3e64a28
review_14889,division_dfe2db74975e0aa9f6fd
review_14890,division_dfe2db74975e0aa9f6fd
review_14891,division_dfe2db74975e0aa9f6fd
review_14892,division_dfe2db74975e0aa9f6fd
review_14893,division_df561e6f16d9f3e64a28
review_14894,division_dfe2db74975e0aa9f6fd
review_14895,division_dfe2db74975e0aa9f6fd
review_14896,division_dfe2db74975e0aa9f6fd
review_14897,division_df561e6f16d9f3e64a28
review_14898,division_df561e6f16d9f3e64a28
review_14899,division_dfe2db74975e0aa9f6fd
review_14900,division_dfe2db74975e0aa9f6fd
review_14901,division_dfe2db74975e0aa9f6fd
review_14902,division_dfe2db74975e0aa9f6fd
review_14903,division_dfe2db74975e0aa9f6fd
review_14904,division_dfe2db74975e0aa9f6fd
review_14905,division_df561e6f16d9f3e64a28
review_14906,division_dfe2db74975e0aa9f6fd
review_14907,division_dfe2db74975e0aa9f6fd
review_14908,division_dfe2db74975e0aa9f6fd
review_14909,division_dfe2db74975e0aa9f6fd
review_14910,division_df561e6f16d9f3e64a28
review_14911,division_dfe2db74975e0aa9f6fd
review_14912,division_dfe2db74975e0aa9f6fd
review_14913,division_dfe2db74975e0aa9f6fd
review_14914,division_dfe2db74975e0aa9f6fd
review_14915,division_dfe2db74975e0aa9f6fd
review_14916,division_55b19b36aa7567f7ecbf
review_14917,division_dfe2db74975e0aa9f6fd
review_14918,division_dfe2db74975e0aa9f6fd
review_14919,division_dfe2db74975e0aa9f6fd
review_14920,division_dfe2db74975e0aa9f6fd
review_14921,division_dfe2db74975e0aa9f6fd
review_14922,division_dfe2db74975e0aa9f6fd
review_14923,division_dfe2db74975e0aa9f6fd
review_14924,division_dfe2db74975e0aa9f6fd
review_14925,division_55b19b36aa7567f7ecbf
review_14926,division_dfe2db74975e0aa9f6fd
review_14927,division_55b19b36aa7567f7ecbf
review_14928,division_dfe2db74975e0aa9f6fd
review_14929,division_dfe2db74975e0aa9f6fd
review_14930,division_dfe2db74975e0aa9f6fd
review_14931,division_55b19b36aa7567f7ecbf
review_14932,division_dfe2db74975e0aa9f6fd
review_14933,division_dfe2db74975e0aa9f6fd
review_14934,division_dfe2db74975e0aa9f6fd
review_14935,division_dfe2db74975e0aa9f6fd
review_14936,division_dfe2db74975e0aa9f6fd
review_14937,division_dfe2db74975e0aa9f6fd
review_14938,division_55b19b36aa7567f7ecbf
review_14939,division_55b19b36aa7567f7ecbf
review_14940,division_dfe2db74975e0aa9f6fd
review_14941,division_55b19b36aa7567f7ecbf
review_14942,division_dfe2db74975e0aa9f6fd
review_14943,division_dfe2db74975e0aa9f6fd
review_14944,division_dfe2db74975e0aa9f6fd
review_14945,division_55b19b36aa7567f7ecbf
review_14946,division_dfe2db74975e0aa9f6fd
review_14947,division_dfe2db74975e0aa9f6fd
review_14948,division_55b19b36aa7567f7ecbf
review_14949,division_dfe2db74975e0aa9f6fd
review_14950,division_dfe2db74975e0aa9f6fd
review_14951,division_dfe2db74975e0aa9f6fd
review_14952,division_dfe2db74975e0aa9f6fd
review_14953,division_dfe2db74975e0aa9f6fd
review_14954,division_55b19b36aa7567f7ecbf
review_14955,division_55b19b36aa7567f7ecbf
review_14956,division_dfe2db74975e0aa9f6fd
review_14957,division_dfe2db74975e0aa9f6fd
review_14958,division_dfe2db74975e0aa9f6fd
review_14959,division_55b19b36aa7567f7ecbf
review_14960,division_55b19b36aa7567f7ecbf
review_14961,division_dfe2db74975e0aa9f6fd
review_14962,division_dfe2db74975e0aa9f6fd
review_14963,division_dfe2db74975e0aa9f6fd
review_14964,division_df561e6f16d9f3e64a28
review_14965,division_55b19b36aa7567f7ecbf
review_14966,division_dfe2db74975e0aa9f6fd
review_14967,division_55b19b36aa7567f7ecbf
review_14968,division_dfe2db74975e0aa9f6fd
review_14969,division_dfe2db74975e0aa9f6fd
review_14970,division_dfe2db74975e0aa9f6fd
review_14971,division_dfe2db74975e0aa9f6fd
review_14972,division_55b19b36aa7567f7ecbf
review_14973,division_dfe2db74975e0aa9f6fd
review_14974,division_dfe2db74975e0aa9f6fd
review_14975,division_dfe2db74975e0aa9f6fd
review_14976,division_dfe2db74975e0aa9f6fd
review_14977,division_55b19b36aa7567f7ecbf
review_14978,division_55b19b36aa7567f7ecbf
review_14979,division_df561e6f16d9f3e64a28
review_14980,division_dfe2db74975e0aa9f6fd
review_14981,division_df561e6f16d9f3e64a28
review_14982,division_55b19b36aa7567f7ecbf
review_14983,division_dfe2db74975e0aa9f6fd
review_14984,division_55b19b36aa7567f7ecbf
review_14985,division_dfe2db74975e0aa9f6fd
review_14986,division_dfe2db74975e0aa9f6fd
review_14987,division_dfe2db74975e0aa9f6fd
review_14988,division_55b19b36aa7567f7ecbf
review_14989,division_55b19b36aa7567f7ecbf
review_14990,division_55b19b36aa7567f7ecbf
review_14991,division_dfe2db74975e0aa9f6fd
review_14992,division_55b19b36aa7567f7ecbf
review_14993,division_55b19b36aa7567f7ecbf
review_14994,division_dfe2db74975e0aa9f6fd
review_14995,division_df561e6f16d9f3e64a28
review_14996,division_55b19b36aa7567f7ecbf
review_14997,division_dfe2db74975e0aa9f6fd
review_14998,division_df561e6f16d9f3e64a28
review_14999,division_55b19b36aa7567f7ecbf
review_15000,division_dfe2db74975e0aa9f6fd
review_15001,division_dfe2db74975e0aa9f6fd
review_15002,division_dfe2db74975e0aa9f6fd
review_15003,division_55b19b36aa7567f7ecbf
review_15004,division_55b19b36aa7567f7ecbf
review_15005,division_dfe2db74975e0aa9f6fd
review_15006,division_55b19b36aa7567f7ecbf
review_15007,division_dfe2db74975e0aa9f6fd
review_15008,division_dfe2db74975e0aa9f6fd
review_15009,division_55b19b36aa7567f7ecbf
review_15010,division_55b19b36aa7567f7ecbf
review_15011,division_dfe2db74975e0aa9f6fd
review_15012,division_dfe2db74975e0aa9f6fd
review_15013,division_df561e6f16d9f3e64a28
review_15014,division_dfe2db74975e0aa9f6fd
review_15015,division_dfe2db74975e0aa9f6fd
review_15016,division_dfe2db74975e0aa9f6fd
review_15017,division_dfe2db74975e0aa9f6fd
review_15018,division_55b19b36aa7567f7ecbf
review_15019,division_55b19b36aa7567f7ecbf
review_15020,division_dfe2db74975e0aa9f6fd
review_15021,division_dfe2db74975e0aa9f6fd
review_15022,division_dfe2db74975e0aa9f6fd
review_15023,division_55b19b36aa7567f7ecbf
review_15024,division_df561e6f16d9f3e64a28
review_15025,division_dfe2db74975e0aa9f6fd
review_15026,division_dfe2db74975e0aa9f6fd
review_15027,division_55b19b36aa7567f7ecbf
review_15028,division_dfe2db74975e0aa9f6fd
review_15029,division_55b19b36aa7567f7ecbf
review_15030,division_55b19b36aa7567f7ecbf
review_15031,division_dfe2db74975e0aa9f6fd
review_15032,division_dfe2db74975e0aa9f6fd
review_15033,division_55b19b36aa7567f7ecbf
review_15034,division_dfe2db74975e0aa9f6fd
review_15035,division_dfe2db74975e0aa9f6fd
review_15036,division_dfe2db74975e0aa9f6fd
review_15037,division_dfe2db74975e0aa9f6fd
review_15038,division_dfe2db74975e0aa9f6fd
review_15039,division_dfe2db74975e0aa9f6fd
review_15040,division_55b19b36aa7567f7ecbf
review_15041,division_dfe2db74975e0aa9f6fd
review_15042,division_dfe2db74975e0aa9f6fd
review_15043,division_dfe2db74975e0aa9f6fd
review_15044,division_55b19b36aa7567f7ecbf
review_15045,division_dfe2db74975e0aa9f6fd
review_15046,division_dfe2db74975e0aa9f6fd
review_15047,division_dfe2db74975e0aa9f6fd
review_15048,division_dfe2db74975e0aa9f6fd
review_15049,division_dfe2db74975e0aa9f6fd
review_15050,division_55b19b36aa7567f7ecbf
review_15051,division_dfe2db74975e0aa9f6fd
review_15052,division_55b19b36aa7567f7ecbf
review_15053,division_dfe2db74975e0aa9f6fd
review_15054,division_55b19b36aa7567f7ecbf
review_15055,division_dfe2db74975e0aa9f6fd
review_15056,division_df561e6f16d9f3e64a28
review_15057,division_dfe2db74975e0aa9f6fd
review_15058,division_dfe2db74975e0aa9f6fd
review_15059,division_dfe2db74975e0aa9f6fd
review_15060,division_55b19b36aa7567f7ecbf
review_15061,division_55b19b36aa7567f7ecbf
review_15062,division_dfe2db74975e0aa9f6fd
review_15063,division_dfe2db74975e0aa9f6fd
review_15064,division_55b19b36aa7567f7ecbf
review_15065,division_55b19b36aa7567f7ecbf
review_15066,division_55b19b36aa7567f7ecbf
review_15067,division_dfe2db74975e0aa9f6fd
review_15068,division_dfe2db74975e0aa9f6fd
review_15069,division_dfe2db74975e0aa9f6fd
review_15070,division_dfe2db74975e0aa9f6fd
review_15071,division_55b19b36aa7567f7ecbf
review_15072,division_df561e6f16d9f3e64a28
review_15073,division_dfe2db74975e0aa9f6fd
review_15074,division_55b19b36aa7567f7ecbf
review_15075,division_dfe2db74975e0aa9f6fd
review_15076,division_dfe2db74975e0aa9f6fd
review_15077,division_dfe2db74975e0aa9f6fd
review_15078,division_55b19b36aa7567f7ecbf
review_15079,division_dfe2db74975e0aa9f6fd
review_15080,division_dfe2db74975e0aa9f6fd
review_15081,division_dfe2db74975e0aa9f6fd
review_15082,division_dfe2db74975e0aa9f6fd
review_15083,division_dfe2db74975e0aa9f6fd
review_15084,division_dfe2db74975e0aa9f6fd
review_15085,division_dfe2db74975e0aa9f6fd
review_15086,division_dfe2db74975e0aa9f6fd
review_15087,division_dfe2db74975e0aa9f6fd
review_15088,division_df561e6f16d9f3e64a28
review_15089,division_df561e6f16d9f3e64a28
review_15090,division_dfe2db74975e0aa9f6fd
review_15091,division_dfe2db74975e0aa9f6fd
review_15092,division_dfe2db74975e0aa9f6fd
review_15093,division_dfe2db74975e0aa9f6fd
review_15094,division_55b19b36aa7567f7ecbf
review_15095,division_dfe2db74975e0aa9f6fd
review_15096,division_dfe2db74975e0aa9f6fd
review_15097,division_dfe2db74975e0aa9f6fd
review_15098,division_dfe2db74975e0aa9f6fd
review_15099,division_dfe2db74975e0aa9f6fd
review_15100,division_dfe2db74975e0aa9f6fd
review_15101,division_dfe2db74975e0aa9f6fd
review_15102,division_dfe2db74975e0aa9f6fd
review_15103,division_df561e6f16d9f3e64a28
review_15104,division_df561e6f16d9f3e64a28
review_15105,division_df561e6f16d9f3e64a28
review_15106,division_df561e6f16d9f3e64a28
review_15107,division_dfe2db74975e0aa9f6fd
review_15108,division_dfe2db74975e0aa9f6fd
review_15109,division_dfe2db74975e0aa9f6fd
review_15110,division_dfe2db74975e0aa9f6fd
review_15111,division_dfe2db74975e0aa9f6fd
review_15112,division_55b19b36aa7567f7ecbf
review_15113,division_dfe2db74975e0aa9f6fd
review_15114,division_dfe2db74975e0aa9f6fd
review_15115,division_dfe2db74975e0aa9f6fd
review_15116,division_dfe2db74975e0aa9f6fd
review_15117,division_dfe2db74975e0aa9f6fd
review_15118,division_dfe2db74975e0aa9f6fd
review_15119,division_df561e6f16d9f3e64a28
review_15120,division_dfe2db74975e0aa9f6fd
review_15121,division_dfe2db74975e0aa9f6fd
review_15122,division_dfe2db74975e0aa9f6fd
review_15123,division_df561e6f16d9f3e64a28
review_15124,division_dfe2db74975e0aa9f6fd
review_15125,division_dfe2db74975e0aa9f6fd
review_15126,division_dfe2db74975e0aa9f6fd
review_15127,division_dfe2db74975e0aa9f6fd
review_15128,division_dfe2db74975e0aa9f6fd
review_15129,division_dfe2db74975e0aa9f6fd
review_15130,division_dfe2db74975e0aa9f6fd
review_15131,division_dfe2db74975e0aa9f6fd
review_15132,division_55b19b36aa7567f7ecbf
review_15133,division_dfe2db74975e0aa9f6fd
review_15134,division_55b19b36aa7567f7ecbf
review_15135,division_dfe2db74975e0aa9f6fd
review_15136,division_55b19b36aa7567f7ecbf
review_15137,division_55b19b36aa7567f7ecbf
review_15138,division_dfe2db74975e0aa9f6fd
review_15139,division_dfe2db74975e0aa9f6fd
review_15140,division_dfe2db74975e0aa9f6fd
review_15141,division_dfe2db74975e0aa9f6fd
review_15142,division_dfe2db74975e0aa9f6fd
review_15143,division_dfe2db74975e0aa9f6fd
review_15144,division_dfe2db74975e0aa9f6fd
review_15145,division_dfe2db74975e0aa9f6fd
review_15146,division_dfe2db74975e0aa9f6fd
review_15147,division_dfe2db74975e0aa9f6fd
review_15148,division_dfe2db74975e0aa9f6fd
review_15149,division_dfe2db74975e0aa9f6fd
review_15150,division_55b19b36aa7567f7ecbf
review_15151,division_dfe2db74975e0aa9f6fd
review_15152,division_dfe2db74975e0aa9f6fd
review_15153,division_dfe2db74975e0aa9f6fd
review_15154,division_dfe2db74975e0aa9f6fd
review_15155,division_55b19b36aa7567f7ecbf
review_15156,division_dfe2db74975e0aa9f6fd
review_15157,division_dfe2db74975e0aa9f6fd
review_15158,division_dfe2db74975e0aa9f6fd
review_15159,division_55b19b36aa7567f7ecbf
review_15160,division_dfe2db74975e0aa9f6fd
review_15161,division_dfe2db74975e0aa9f6fd
review_15162,division_55b19b36aa7567f7ecbf
review_15163,division_dfe2db74975e0aa9f6fd
review_15164,division_dfe2db74975e0aa9f6fd
review_15165,division_dfe2db74975e0aa9f6fd
review_15166,division_dfe2db74975e0aa9f6fd
review_15167,division_55b19b36aa7567f7ecbf
review_15168,division_dfe2db74975e0aa9f6fd
review_15169,division_55b19b36aa7567f7ecbf
review_15170,division_dfe2db74975e0aa9f6fd
review_15171,division_dfe2db74975e0aa9f6fd
review_15172,division_dfe2db74975e0aa9f6fd
review_15173,division_55b19b36aa7567f7ecbf
review_15174,division_55b19b36aa7567f7ecbf
review_15175,division_dfe2db74975e0aa9f6fd
review_15176,division_dfe2db74975e0aa9f6fd
review_15177,division_dfe2db74975e0aa9f6fd
review_15178,division_dfe2db74975e0aa9f6fd
review_15179,division_55b19b36aa7567f7ecbf
review_15180,division_dfe2db74975e0aa9f6fd
review_15181,division_55b19b36aa7567f7ecbf
review_15182,division_55b19b36aa7567f7ecbf
review_15183,division_55b19b36aa7567f7ecbf
review_15184,division_dfe2db74975e0aa9f6fd
review_15185,division_dfe2db74975e0aa9f6fd
review_15186,division_55b19b36aa7567f7ecbf
review_15187,division_55b19b36aa7567f7ecbf
review_15188,division_55b19b36aa7567f7ecbf
review_15189,division_dfe2db74975e0aa9f6fd
review_15190,division_55b19b36aa7567f7ecbf
review_15191,division_55b19b36aa7567f7ecbf
review_15192,division_55b19b36aa7567f7ecbf
review_15193,division_55b19b36aa7567f7ecbf
review_15194,division_dfe2db74975e0aa9f6fd
review_15195,division_55b19b36aa7567f7ecbf
review_15196,division_dfe2db74975e0aa9f6fd
review_15197,division_55b19b36aa7567f7ecbf
review_15198,division_55b19b36aa7567f7ecbf
review_15199,division_dfe2db74975e0aa9f6fd
review_15200,division_55b19b36aa7567f7ecbf
review_15201,division_55b19b36aa7567f7ecbf
review_15202,division_55b19b36aa7567f7ecbf
review_15203,division_dfe2db74975e0aa9f6fd
review_15204,division_dfe2db74975e0aa9f6fd
review_15205,division_dfe2db74975e0aa9f6fd
review_15206,division_55b19b36aa7567f7ecbf
review_15207,division_55b19b36aa7567f7ecbf
review_15208,division_55b19b36aa7567f7ecbf
review_15209,division_dfe2db74975e0aa9f6fd
review_15210,division_55b19b36aa7567f7ecbf
review_15211,division_df561e6f16d9f3e64a28
review_15212,division_55b19b36aa7567f7ecbf
review_15213,division_55b19b36aa7567f7ecbf
review_15214,division_55b19b36aa7567f7ecbf
review_15215,division_dfe2db74975e0aa9f6fd
review_15216,division_55b19b36aa7567f7ecbf
review_15217,division_df561e6f16d9f3e64a28
review_15218,division_55b19b36aa7567f7ecbf
review_15219,division_55b19b36aa7567f7ecbf
review_15220,division_55b19b36aa7567f7ecbf
review_15221,division_55b19b36aa7567f7ecbf
review_15222,division_55b19b36aa7567f7ecbf
review_15223,division_55b19b36aa7567f7ecbf
review_15224,division_55b19b36aa7567f7ecbf
review_15225,division_55b19b36aa7567f7ecbf
review_15226,division_55b19b36aa7567f7ecbf
review_15227,division_55b19b36aa7567f7ecbf
review_15228,division_55b19b36aa7567f7ecbf
review_15229,division_55b19b36aa7567f7ecbf
review_15230,division_55b19b36aa7567f7ecbf
review_15231,division_55b19b36aa7567f7ecbf
review_15232,division_55b19b36aa7567f7ecbf
review_15233,division_55b19b36aa7567f7ecbf
review_15234,division_55b19b36aa7567f7ecbf
review_15235,division_55b19b36aa7567f7ecbf
review_15236,division_55b19b36aa7567f7ecbf
review_15237,division_55b19b36aa7567f7ecbf
review_15238,division_55b19b36aa7567f7ecbf
review_15239,division_55b19b36aa7567f7ecbf
review_15240,division_55b19b36aa7567f7ecbf
review_15241,division_55b19b36aa7567f7ecbf
review_15242,division_55b19b36aa7567f7ecbf
review_15243,division_55b19b36aa7567f7ecbf
review_15244,division_55b19b36aa7567f7ecbf
review_15245,division_55b19b36aa7567f7ecbf
review_15246,division_dfe2db74975e0aa9f6fd
review_15247,division_55b19b36aa7567f7ecbf
review_15248,division_55b19b36aa7567f7ecbf
review_15249,division_55b19b36aa7567f7ecbf
review_15250,division_55b19b36aa7567f7ecbf
review_15251,division_55b19b36aa7567f7ecbf
review_15252,division_55b19b36aa7567f7ecbf
review_15253,division_55b19b36aa7567f7ecbf
review_15254,division_dfe2db74975e0aa9f6fd
review_15255,division_55b19b36aa7567f7ecbf
review_15256,division_55b19b36aa7567f7ecbf
review_15257,division_55b19b36aa7567f7ecbf
review_15258,division_dfe2db74975e0aa9f6fd
review_15259,division_55b19b36aa7567f7ecbf
review_15260,division_55b19b36aa7567f7ecbf
review_15261,division_55b19b36aa7567f7ecbf
review_15262,division_55b19b36aa7567f7ecbf
review_15263,division_dfe2db74975e0aa9f6fd
review_15264,division_55b19b36aa7567f7ecbf
review_15265,division_dfe2db74975e0aa9f6fd
review_15266,division_55b19b36aa7567f7ecbf
review_15267,division_55b19b36aa7567f7ecbf
review_15268,division_55b19b36aa7567f7ecbf
review_15269,division_dfe2db74975e0aa9f6fd
review_15270,division_55b19b36aa7567f7ecbf
review_15271,division_55b19b36aa7567f7ecbf
review_15272,division_dfe2db74975e0aa9f6fd
review_15273,division_55b19b36aa7567f7ecbf
review_15274,division_55b19b36aa7567f7ecbf
review_15275,division_55b19b36aa7567f7ecbf
review_15276,division_dfe2db74975e0aa9f6fd
review_15277,division_dfe2db74975e0aa9f6fd
review_15278,division_dfe2db74975e0aa9f6fd
review_15279,division_dfe2db74975e0aa9f6fd
review_15280,division_dfe2db74975e0aa9f6fd
review_15281,division_dfe2db74975e0aa9f6fd
review_15282,division_dfe2db74975e0aa9f6fd
review_15283,division_dfe2db74975e0aa9f6fd
review_15284,division_dfe2db74975e0aa9f6fd
review_15285,division_dfe2db74975e0aa9f6fd
review_15286,division_dfe2db74975e0aa9f6fd
review_15287,division_dfe2db74975e0aa9f6fd
review_15288,division_dfe2db74975e0aa9f6fd
review_15289,division_55b19b36aa7567f7ecbf
review_15290,division_dfe2db74975e0aa9f6fd
review_15291,division_dfe2db74975e0aa9f6fd
review_15292,division_dfe2db74975e0aa9f6fd
review_15293,division_55b19b36aa7567f7ecbf
review_15294,division_dfe2db74975e0aa9f6fd
review_15295,division_dfe2db74975e0aa9f6fd
review_15296,division_dfe2db74975e0aa9f6fd
review_15297,division_dfe2db74975e0aa9f6fd
review_15298,division_55b19b36aa7567f7ecbf
review_15299,division_dfe2db74975e0aa9f6fd
review_15300,division_dfe2db74975e0aa9f6fd
review_15301,division_dfe2db74975e0aa9f6fd
review_15302,division_dfe2db74975e0aa9f6fd
review_15303,division_dfe2db74975e0aa9f6fd
review_15304,division_dfe2db74975e0aa9f6fd
review_15305,division_dfe2db74975e0aa9f6fd
review_15306,division_dfe2db74975e0aa9f6fd
review_15307,division_dfe2db74975e0aa9f6fd
review_15308,division_dfe2db74975e0aa9f6fd
review_15309,division_dfe2db74975e0aa9f6fd
review_15310,division_dfe2db74975e0aa9f6fd
review_15311,division_dfe2db74975e0aa9f6fd
review_15312,division_dfe2db74975e0aa9f6fd
review_15313,division_dfe2db74975e0aa9f6fd
review_15314,division_dfe2db74975e0aa9f6fd
review_15315,division_dfe2db74975e0aa9f6fd
review_15316,division_dfe2db74975e0aa9f6fd
review_15317,division_dfe2db74975e0aa9f6fd
review_15318,division_dfe2db74975e0aa9f6fd
review_15319,division_df561e6f16d9f3e64a28
review_15320,division_dfe2db74975e0aa9f6fd
review_15321,division_dfe2db74975e0aa9f6fd
review_15322,division_dfe2db74975e0aa9f6fd
review_15323,division_dfe2db74975e0aa9f6fd
review_15324,division_55b19b36aa7567f7ecbf
review_15325,division_dfe2db74975e0aa9f6fd
review_15326,division_dfe2db74975e0aa9f6fd
review_15327,division_dfe2db74975e0aa9f6fd
review_15328,division_55b19b36aa7567f7ecbf
review_15329,division_dfe2db74975e0aa9f6fd
review_15330,division_55b19b36aa7567f7ecbf
review_15331,division_55b19b36aa7567f7ecbf
review_15332,division_dfe2db74975e0aa9f6fd
review_15333,division_dfe2db74975e0aa9f6fd
review_15334,division_dfe2db74975e0aa9f6fd
review_15335,division_dfe2db74975e0aa9f6fd
review_15336,division_dfe2db74975e0aa9f6fd
review_15337,division_dfe2db74975e0aa9f6fd
review_15338,division_dfe2db74975e0aa9f6fd
review_15339,division_dfe2db74975e0aa9f6fd
review_15340,division_dfe2db74975e0aa9f6fd
review_15341,division_dfe2db74975e0aa9f6fd
review_15342,division_55b19b36aa7567f7ecbf
review_15343,division_55b19b36aa7567f7ecbf
review_15344,division_dfe2db74975e0aa9f6fd
review_15345,division_dfe2db74975e0aa9f6fd
review_15346,division_dfe2db74975e0aa9f6fd
review_15347,division_dfe2db74975e0aa9f6fd
review_15348,division_df561e6f16d9f3e64a28
review_15349,division_55b19b36aa7567f7ecbf
review_15350,division_dfe2db74975e0aa9f6fd
review_15351,division_55b19b36aa7567f7ecbf
review_15352,division_55b19b36aa7567f7ecbf
review_15353,division_dfe2db74975e0aa9f6fd
review_15354,division_df561e6f16d9f3e64a28
review_15355,division_dfe2db74975e0aa9f6fd
review_15356,division_55b19b36aa7567f7ecbf
review_15357,division_dfe2db74975e0aa9f6fd
review_15358,division_55b19b36aa7567f7ecbf
review_15359,division_df561e6f16d9f3e64a28
review_15360,division_df561e6f16d9f3e64a28
review_15361,division_55b19b36aa7567f7ecbf
review_15362,division_dfe2db74975e0aa9f6fd
review_15363,division_dfe2db74975e0aa9f6fd
review_15364,division_dfe2db74975e0aa9f6fd
review_15365,division_55b19b36aa7567f7ecbf
review_15366,division_dfe2db74975e0aa9f6fd
review_15367,division_dfe2db74975e0aa9f6fd
review_15368,division_55b19b36aa7567f7ecbf
review_15369,division_df561e6f16d9f3e64a28
review_15370,division_dfe2db74975e0aa9f6fd
review_15371,division_dfe2db74975e0aa9f6fd
review_15372,division_df561e6f16d9f3e64a28
review_15373,division_55b19b36aa7567f7ecbf
review_15374,division_55b19b36aa7567f7ecbf
review_15375,division_dfe2db74975e0aa9f6fd
review_15376,division_55b19b36aa7567f7ecbf
review_15377,division_55b19b36aa7567f7ecbf
review_15378,division_dfe2db74975e0aa9f6fd
review_15379,division_df561e6f16d9f3e64a28
review_15380,division_dfe2db74975e0aa9f6fd
review_15381,division_dfe2db74975e0aa9f6fd
review_15382,division_dfe2db74975e0aa9f6fd
review_15383,division_dfe2db74975e0aa9f6fd
review_15384,division_df561e6f16d9f3e64a28
review_15385,division_dfe2db74975e0aa9f6fd
review_15386,division_dfe2db74975e0aa9f6fd
review_15387,division_df561e6f16d9f3e64a28
review_15388,division_dfe2db74975e0aa9f6fd
review_15389,division_dfe2db74975e0aa9f6fd
review_15390,division_dfe2db74975e0aa9f6fd
review_15391,division_dfe2db74975e0aa9f6fd
review_15392,division_55b19b36aa7567f7ecbf
review_15393,division_dfe2db74975e0aa9f6fd
review_15394,division_dfe2db74975e0aa9f6fd
review_15395,division_55b19b36aa7567f7ecbf
review_15396,division_dfe2db74975e0aa9f6fd
review_15397,division_dfe2db74975e0aa9f6fd
review_15398,division_55b19b36aa7567f7ecbf
review_15399,division_55b19b36aa7567f7ecbf
review_15400,division_55b19b36aa7567f7ecbf
review_15401,division_55b19b36aa7567f7ecbf
review_15402,division_55b19b36aa7567f7ecbf
review_15403,division_55b19b36aa7567f7ecbf
review_15404,division_55b19b36aa7567f7ecbf
review_15405,division_55b19b36aa7567f7ecbf
review_15406,division_dfe2db74975e0aa9f6fd
review_15407,division_55b19b36aa7567f7ecbf
review_15408,division_dfe2db74975e0aa9f6fd
review_15409,division_55b19b36aa7567f7ecbf
review_15410,division_55b19b36aa7567f7ecbf
review_15411,division_55b19b36aa7567f7ecbf
review_15412,division_55b19b36aa7567f7ecbf
review_15413,division_dfe2db74975e0aa9f6fd
review_15414,division_55b19b36aa7567f7ecbf
review_15415,division_55b19b36aa7567f7ecbf
review_15416,division_df561e6f16d9f3e64a28
review_15417,division_55b19b36aa7567f7ecbf
review_15418,division_df561e6f16d9f3e64a28
review_15419,division_55b19b36aa7567f7ecbf
review_15420,division_55b19b36aa7567f7ecbf
review_15421,division_55b19b36aa7567f7ecbf
review_15422,division_55b19b36aa7567f7ecbf
review_15423,division_dfe2db74975e0aa9f6fd
review_15424,division_55b19b36aa7567f7ecbf
review_15425,division_55b19b36aa7567f7ecbf
review_15426,division_55b19b36aa7567f7ecbf
review_15427,division_55b19b36aa7567f7ecbf
review_15428,division_dfe2db74975e0aa9f6fd
review_15429,division_55b19b36aa7567f7ecbf
review_15430,division_55b19b36aa7567f7ecbf
review_15431,division_55b19b36aa7567f7ecbf
review_15432,division_55b19b36aa7567f7ecbf
review_15433,division_55b19b36aa7567f7ecbf
review_15434,division_df561e6f16d9f3e64a28
review_15435,division_dfe2db74975e0aa9f6fd
review_15436,division_dfe2db74975e0aa9f6fd
review_15437,division_dfe2db74975e0aa9f6fd
review_15438,division_55b19b36aa7567f7ecbf
review_15439,division_dfe2db74975e0aa9f6fd
review_15440,division_55b19b36aa7567f7ecbf
review_15441,division_df561e6f16d9f3e64a28
review_15442,division_dfe2db74975e0aa9f6fd
review_15443,division_55b19b36aa7567f7ecbf
review_15444,division_dfe2db74975e0aa9f6fd
review_15445,division_dfe2db74975e0aa9f6fd
review_15446,division_55b19b36aa7567f7ecbf
review_15447,division_55b19b36aa7567f7ecbf
review_15448,division_dfe2db74975e0aa9f6fd
review_15449,division_dfe2db74975e0aa9f6fd
review_15450,division_dfe2db74975e0aa9f6fd
review_15451,division_dfe2db74975e0aa9f6fd
review_15452,division_55b19b36aa7567f7ecbf
review_15453,division_df561e6f16d9f3e64a28
review_15454,division_dfe2db74975e0aa9f6fd
review_15455,division_dfe2db74975e0aa9f6fd
review_15456,division_dfe2db74975e0aa9f6fd
review_15457,division_55b19b36aa7567f7ecbf
review_15458,division_55b19b36aa7567f7ecbf
review_15459,division_dfe2db74975e0aa9f6fd
review_15460,division_df561e6f16d9f3e64a28
review_15461,division_55b19b36aa7567f7ecbf
review_15462,division_55b19b36aa7567f7ecbf
review_15463,division_dfe2db74975e0aa9f6fd
review_15464,division_55b19b36aa7567f7ecbf
review_15465,division_55b19b36aa7567f7ecbf
review_15466,division_dfe2db74975e0aa9f6fd
review_15467,division_dfe2db74975e0aa9f6fd
review_15468,division_55b19b36aa7567f7ecbf
review_15469,division_dfe2db74975e0aa9f6fd
review_15470,division_dfe2db74975e0aa9f6fd
review_15471,division_dfe2db74975e0aa9f6fd
review_15472,division_55b19b36aa7567f7ecbf
review_15473,division_55b19b36aa7567f7ecbf
review_15474,division_dfe2db74975e0aa9f6fd
review_15475,division_55b19b36aa7567f7ecbf
review_15476,division_55b19b36aa7567f7ecbf
review_15477,division_55b19b36aa7567f7ecbf
review_15478,division_dfe2db74975e0aa9f6fd
review_15479,division_df561e6f16d9f3e64a28
review_15480,division_55b19b36aa7567f7ecbf
review_15481,division_55b19b36aa7567f7ecbf
review_15482,division_55b19b36aa7567f7ecbf
review_15483,division_55b19b36aa7567f7ecbf
review_15484,division_df561e6f16d9f3e64a28
review_15485,division_dfe2db74975e0aa9f6fd
review_15486,division_55b19b36aa7567f7ecbf
review_15487,division_55b19b36aa7567f7ecbf
review_15488,division_dfe2db74975e0aa9f6fd
review_15489,division_dfe2db74975e0aa9f6fd
review_15490,division_df561e6f16d9f3e64a28
review_15491,division_55b19b36aa7567f7ecbf
review_15492,division_df561e6f16d9f3e64a28
review_15493,division_df561e6f16d9f3e64a28
review_15494,division_dfe2db74975e0aa9f6fd
review_15495,division_dfe2db74975e0aa9f6fd
review_15496,division_55b19b36aa7567f7ecbf
review_15497,division_dfe2db74975e0aa9f6fd
review_15498,division_dfe2db74975e0aa9f6fd
review_15499,division_55b19b36aa7567f7ecbf
review_15500,division_df561e6f16d9f3e64a28
review_15501,division_dfe2db74975e0aa9f6fd
review_15502,division_dfe2db74975e0aa9f6fd
review_15503,division_55b19b36aa7567f7ecbf
review_15504,division_55b19b36aa7567f7ecbf
review_15505,division_55b19b36aa7567f7ecbf
review_15506,division_55b19b36aa7567f7ecbf
review_15507,division_55b19b36aa7567f7ecbf
review_15508,division_55b19b36aa7567f7ecbf
review_15509,division_55b19b36aa7567f7ecbf
review_15510,division_55b19b36aa7567f7ecbf
review_15511,division_df561e6f16d9f3e64a28
review_15512,division_55b19b36aa7567f7ecbf
review_15513,division_55b19b36aa7567f7ecbf
review_15514,division_55b19b36aa7567f7ecbf
review_15515,division_df561e6f16d9f3e64a28
review_15516,division_dfe2db74975e0aa9f6fd
review_15517,division_55b19b36aa7567f7ecbf
review_15518,division_55b19b36aa7567f7ecbf
review_15519,division_55b19b36aa7567f7ecbf
review_15520,division_55b19b36aa7567f7ecbf
review_15521,division_55b19b36aa7567f7ecbf
review_15522,division_55b19b36aa7567f7ecbf
review_15523,division_dfe2db74975e0aa9f6fd
review_15524,division_df561e6f16d9f3e64a28
review_15525,division_dfe2db74975e0aa9f6fd
review_15526,division_dfe2db74975e0aa9f6fd
review_15527,division_dfe2db74975e0aa9f6fd
review_15528,division_dfe2db74975e0aa9f6fd
review_15529,division_dfe2db74975e0aa9f6fd
review_15530,division_dfe2db74975e0aa9f6fd
review_15531,division_dfe2db74975e0aa9f6fd
review_15532,division_df561e6f16d9f3e64a28
review_15533,division_dfe2db74975e0aa9f6fd
review_15534,division_55b19b36aa7567f7ecbf
review_15535,division_dfe2db74975e0aa9f6fd
review_15536,division_df561e6f16d9f3e64a28
review_15537,division_dfe2db74975e0aa9f6fd
review_15538,division_df561e6f16d9f3e64a28
review_15539,division_55b19b36aa7567f7ecbf
review_15540,division_dfe2db74975e0aa9f6fd
review_15541,division_dfe2db74975e0aa9f6fd
review_15542,division_df561e6f16d9f3e64a28
review_15543,division_dfe2db74975e0aa9f6fd
review_15544,division_55b19b36aa7567f7ecbf
review_15545,division_dfe2db74975e0aa9f6fd
review_15546,division_55b19b36aa7567f7ecbf
review_15547,division_dfe2db74975e0aa9f6fd
review_15548,division_55b19b36aa7567f7ecbf
review_15549,division_df561e6f16d9f3e64a28
review_15550,division_dfe2db74975e0aa9f6fd
review_15551,division_df561e6f16d9f3e64a28
review_15552,division_df561e6f16d9f3e64a28
review_15553,division_55b19b36aa7567f7ecbf
review_15554,division_55b19b36aa7567f7ecbf
review_15555,division_dfe2db74975e0aa9f6fd
review_15556,division_dfe2db74975e0aa9f6fd
review_15557,division_55b19b36aa7567f7ecbf
review_15558,division_dfe2db74975e0aa9f6fd
review_15559,division_55b19b36aa7567f7ecbf
review_15560,division_dfe2db74975e0aa9f6fd
review_15561,division_55b19b36aa7567f7ecbf
review_15562,division_dfe2db74975e0aa9f6fd
review_15563,division_df561e6f16d9f3e64a28
review_15564,division_55b19b36aa7567f7ecbf
review_15565,division_55b19b36aa7567f7ecbf
review_15566,division_55b19b36aa7567f7ecbf
review_15567,division_dfe2db74975e0aa9f6fd
review_15568,division_df561e6f16d9f3e64a28
review_15569,division_dfe2db74975e0aa9f6fd
review_15570,division_df561e6f16d9f3e64a28
review_15571,division_55b19b36aa7567f7ecbf
review_15572,division_55b19b36aa7567f7ecbf
review_15573,division_55b19b36aa7567f7ecbf
review_15574,division_dfe2db74975e0aa9f6fd
review_15575,division_dfe2db74975e0aa9f6fd
review_15576,division_dfe2db74975e0aa9f6fd
review_15577,division_df561e6f16d9f3e64a28
review_15578,division_dfe2db74975e0aa9f6fd
review_15579,division_dfe2db74975e0aa9f6fd
review_15580,division_55b19b36aa7567f7ecbf
review_15581,division_55b19b36aa7567f7ecbf
review_15582,division_df561e6f16d9f3e64a28
review_15583,division_55b19b36aa7567f7ecbf
review_15584,division_55b19b36aa7567f7ecbf
review_15585,division_55b19b36aa7567f7ecbf
review_15586,division_dfe2db74975e0aa9f6fd
review_15587,division_55b19b36aa7567f7ecbf
review_15588,division_55b19b36aa7567f7ecbf
review_15589,division_55b19b36aa7567f7ecbf
review_15590,division_dfe2db74975e0aa9f6fd
review_15591,division_55b19b36aa7567f7ecbf
review_15592,division_df561e6f16d9f3e64a28
review_15593,division_55b19b36aa7567f7ecbf
review_15594,division_55b19b36aa7567f7ecbf
review_15595,division_dfe2db74975e0aa9f6fd
review_15596,division_dfe2db74975e0aa9f6fd
review_15597,division_dfe2db74975e0aa9f6fd
review_15598,division_dfe2db74975e0aa9f6fd
review_15599,division_55b19b36aa7567f7ecbf
review_15600,division_55b19b36aa7567f7ecbf
review_15601,division_dfe2db74975e0aa9f6fd
review_15602,division_55b19b36aa7567f7ecbf
review_15603,division_dfe2db74975e0aa9f6fd
review_15604,division_55b19b36aa7567f7ecbf
review_15605,division_dfe2db74975e0aa9f6fd
review_15606,division_55b19b36aa7567f7ecbf
review_15607,division_dfe2db74975e0aa9f6fd
review_15608,division_dfe2db74975e0aa9f6fd
review_15609,division_dfe2db74975e0aa9f6fd
review_15610,division_55b19b36aa7567f7ecbf
review_15611,division_55b19b36aa7567f7ecbf
review_15612,division_55b19b36aa7567f7ecbf
review_15613,division_dfe2db74975e0aa9f6fd
review_15614,division_dfe2db74975e0aa9f6fd
review_15615,division_55b19b36aa7567f7ecbf
review_15616,division_55b19b36aa7567f7ecbf
review_15617,division_55b19b36aa7567f7ecbf
review_15618,division_dfe2db74975e0aa9f6fd
review_15619,division_dfe2db74975e0aa9f6fd
review_15620,division_55b19b36aa7567f7ecbf
review_15621,division_55b19b36aa7567f7ecbf
review_15622,division_55b19b36aa7567f7ecbf
review_15623,division_55b19b36aa7567f7ecbf
review_15624,division_55b19b36aa7567f7ecbf
review_15625,division_dfe2db74975e0aa9f6fd
review_15626,division_dfe2db74975e0aa9f6fd
review_15627,division_dfe2db74975e0aa9f6fd
review_15628,division_dfe2db74975e0aa9f6fd
review_15629,division_dfe2db74975e0aa9f6fd
review_15630,division_55b19b36aa7567f7ecbf
review_15631,division_df561e6f16d9f3e64a28
review_15632,division_dfe2db74975e0aa9f6fd
review_15633,division_55b19b36aa7567f7ecbf
review_15634,division_55b19b36aa7567f7ecbf
review_15635,division_dfe2db74975e0aa9f6fd
review_15636,division_dfe2db74975e0aa9f6fd
review_15637,division_dfe2db74975e0aa9f6fd
review_15638,division_dfe2db74975e0aa9f6fd
review_15639,division_dfe2db74975e0aa9f6fd
review_15640,division_dfe2db74975e0aa9f6fd
review_15641,division_dfe2db74975e0aa9f6fd
review_15642,division_55b19b36aa7567f7ecbf
review_15643,division_dfe2db74975e0aa9f6fd
review_15644,division_dfe2db74975e0aa9f6fd
review_15645,division_55b19b36aa7567f7ecbf
review_15646,division_dfe2db74975e0aa9f6fd
review_15647,division_dfe2db74975e0aa9f6fd
review_15648,division_dfe2db74975e0aa9f6fd
review_15649,division_dfe2db74975e0aa9f6fd
review_15650,division_dfe2db74975e0aa9f6fd
review_15651,division_55b19b36aa7567f7ecbf
review_15652,division_dfe2db74975e0aa9f6fd
review_15653,division_dfe2db74975e0aa9f6fd
review_15654,division_55b19b36aa7567f7ecbf
review_15655,division_df561e6f16d9f3e64a28
review_15656,division_55b19b36aa7567f7ecbf
review_15657,division_dfe2db74975e0aa9f6fd
review_15658,division_dfe2db74975e0aa9f6fd
review_15659,division_55b19b36aa7567f7ecbf
review_15660,division_dfe2db74975e0aa9f6fd
review_15661,division_dfe2db74975e0aa9f6fd
review_15662,division_55b19b36aa7567f7ecbf
review_15663,division_55b19b36aa7567f7ecbf
review_15664,division_df561e6f16d9f3e64a28
review_15665,division_dfe2db74975e0aa9f6fd
review_15666,division_dfe2db74975e0aa9f6fd
review_15667,division_dfe2db74975e0aa9f6fd
review_15668,division_dfe2db74975e0aa9f6fd
review_15669,division_dfe2db74975e0aa9f6fd
review_15670,division_dfe2db74975e0aa9f6fd
review_15671,division_dfe2db74975e0aa9f6fd
review_15672,division_dfe2db74975e0aa9f6fd
review_15673,division_dfe2db74975e0aa9f6fd
review_15674,division_55b19b36aa7567f7ecbf
review_15675,division_dfe2db74975e0aa9f6fd
review_15676,division_55b19b36aa7567f7ecbf
review_15677,division_dfe2db74975e0aa9f6fd
review_15678,division_dfe2db74975e0aa9f6fd
review_15679,division_dfe2db74975e0aa9f6fd
review_15680,division_55b19b36aa7567f7ecbf
review_15681,division_dfe2db74975e0aa9f6fd
review_15682,division_dfe2db74975e0aa9f6fd
review_15683,division_dfe2db74975e0aa9f6fd
review_15684,division_dfe2db74975e0aa9f6fd
review_15685,division_dfe2db74975e0aa9f6fd
review_15686,division_dfe2db74975e0aa9f6fd
review_15687,division_dfe2db74975e0aa9f6fd
review_15688,division_dfe2db74975e0aa9f6fd
review_15689,division_dfe2db74975e0aa9f6fd
review_15690,division_dfe2db74975e0aa9f6fd
review_15691,division_dfe2db74975e0aa9f6fd
review_15692,division_55b19b36aa7567f7ecbf
review_15693,division_dfe2db74975e0aa9f6fd
review_15694,division_dfe2db74975e0aa9f6fd
review_15695,division_55b19b36aa7567f7ecbf
review_15696,division_55b19b36aa7567f7ecbf
review_15697,division_dfe2db74975e0aa9f6fd
review_15698,division_55b19b36aa7567f7ecbf
review_15699,division_dfe2db74975e0aa9f6fd
review_15700,division_55b19b36aa7567f7ecbf
review_15701,division_dfe2db74975e0aa9f6fd
review_15702,division_dfe2db74975e0aa9f6fd
review_15703,division_dfe2db74975e0aa9f6fd
review_15704,division_dfe2db74975e0aa9f6fd
review_15705,division_dfe2db74975e0aa9f6fd
review_15706,division_dfe2db74975e0aa9f6fd
review_15707,division_dfe2db74975e0aa9f6fd
review_15708,division_dfe2db74975e0aa9f6fd
review_15709,division_55b19b36aa7567f7ecbf
review_15710,division_dfe2db74975e0aa9f6fd
review_15711,division_dfe2db74975e0aa9f6fd
review_15712,division_dfe2db74975e0aa9f6fd
review_15713,division_dfe2db74975e0aa9f6fd
review_15714,division_dfe2db74975e0aa9f6fd
review_15715,division_dfe2db74975e0aa9f6fd
review_15716,division_55b19b36aa7567f7ecbf
review_15717,division_dfe2db74975e0aa9f6fd
review_15718,division_dfe2db74975e0aa9f6fd
review_15719,division_dfe2db74975e0aa9f6fd
review_15720,division_55b19b36aa7567f7ecbf
review_15721,division_dfe2db74975e0aa9f6fd
review_15722,division_dfe2db74975e0aa9f6fd
review_15723,division_dfe2db74975e0aa9f6fd
review_15724,division_dfe2db74975e0aa9f6fd
review_15725,division_dfe2db74975e0aa9f6fd
review_15726,division_dfe2db74975e0aa9f6fd
review_15727,division_dfe2db74975e0aa9f6fd
review_15728,division_dfe2db74975e0aa9f6fd
review_15729,division_55b19b36aa7567f7ecbf
review_15730,division_55b19b36aa7567f7ecbf
review_15731,division_dfe2db74975e0aa9f6fd
review_15732,division_dfe2db74975e0aa9f6fd
review_15733,division_55b19b36aa7567f7ecbf
review_15734,division_dfe2db74975e0aa9f6fd
review_15735,division_dfe2db74975e0aa9f6fd
review_15736,division_dfe2db74975e0aa9f6fd
review_15737,division_dfe2db74975e0aa9f6fd
review_15738,division_dfe2db74975e0aa9f6fd
review_15739,division_55b19b36aa7567f7ecbf
review_15740,division_dfe2db74975e0aa9f6fd
review_15741,division_55b19b36aa7567f7ecbf
review_15742,division_dfe2db74975e0aa9f6fd
review_15743,division_dfe2db74975e0aa9f6fd
review_15744,division_dfe2db74975e0aa9f6fd
review_15745,division_dfe2db74975e0aa9f6fd
review_15746,division_dfe2db74975e0aa9f6fd
review_15747,division_dfe2db74975e0aa9f6fd
review_15748,division_dfe2db74975e0aa9f6fd
review_15749,division_dfe2db74975e0aa9f6fd
review_15750,division_dfe2db74975e0aa9f6fd
review_15751,division_dfe2db74975e0aa9f6fd
review_15752,division_dfe2db74975e0aa9f6fd
review_15753,division_dfe2db74975e0aa9f6fd
review_15754,division_dfe2db74975e0aa9f6fd
review_15755,division_dfe2db74975e0aa9f6fd
review_15756,division_55b19b36aa7567f7ecbf
review_15757,division_55b19b36aa7567f7ecbf
review_15758,division_55b19b36aa7567f7ecbf
review_15759,division_dfe2db74975e0aa9f6fd
review_15760,division_dfe2db74975e0aa9f6fd
review_15761,division_dfe2db74975e0aa9f6fd
review_15762,division_dfe2db74975e0aa9f6fd
review_15763,division_55b19b36aa7567f7ecbf
review_15764,division_dfe2db74975e0aa9f6fd
review_15765,division_dfe2db74975e0aa9f6fd
review_15766,division_dfe2db74975e0aa9f6fd
review_15767,division_dfe2db74975e0aa9f6fd
review_15768,division_dfe2db74975e0aa9f6fd
review_15769,division_dfe2db74975e0aa9f6fd
review_15770,division_dfe2db74975e0aa9f6fd
review_15771,division_55b19b36aa7567f7ecbf
review_15772,division_dfe2db74975e0aa9f6fd
review_15773,division_dfe2db74975e0aa9f6fd
review_15774,division_dfe2db74975e0aa9f6fd
review_15775,division_dfe2db74975e0aa9f6fd
review_15776,division_dfe2db74975e0aa9f6fd
review_15777,division_dfe2db74975e0aa9f6fd
review_15778,division_55b19b36aa7567f7ecbf
review_15779,division_dfe2db74975e0aa9f6fd
review_15780,division_dfe2db74975e0aa9f6fd
review_15781,division_dfe2db74975e0aa9f6fd
review_15782,division_dfe2db74975e0aa9f6fd
review_15783,division_dfe2db74975e0aa9f6fd
review_15784,division_dfe2db74975e0aa9f6fd
review_15785,division_dfe2db74975e0aa9f6fd
review_15786,division_dfe2db74975e0aa9f6fd
review_15787,division_dfe2db74975e0aa9f6fd
review_15788,division_dfe2db74975e0aa9f6fd
review_15789,division_dfe2db74975e0aa9f6fd
review_15790,division_55b19b36aa7567f7ecbf
review_15791,division_55b19b36aa7567f7ecbf
review_15792,division_dfe2db74975e0aa9f6fd
review_15793,division_55b19b36aa7567f7ecbf
review_15794,division_dfe2db74975e0aa9f6fd
review_15795,division_55b19b36aa7567f7ecbf
review_15796,division_55b19b36aa7567f7ecbf
review_15797,division_55b19b36aa7567f7ecbf
review_15798,division_55b19b36aa7567f7ecbf
review_15799,division_55b19b36aa7567f7ecbf
review_15800,division_55b19b36aa7567f7ecbf
review_15801,division_55b19b36aa7567f7ecbf
review_15802,division_55b19b36aa7567f7ecbf
review_15803,division_dfe2db74975e0aa9f6fd
review_15804,division_dfe2db74975e0aa9f6fd
review_15805,division_55b19b36aa7567f7ecbf
review_15806,division_55b19b36aa7567f7ecbf
review_15807,division_dfe2db74975e0aa9f6fd
review_15808,division_dfe2db74975e0aa9f6fd
review_15809,division_df561e6f16d9f3e64a28
review_15810,division_55b19b36aa7567f7ecbf
review_15811,division_55b19b36aa7567f7ecbf
review_15812,division_dfe2db74975e0aa9f6fd
review_15813,division_55b19b36aa7567f7ecbf
review_15814,division_55b19b36aa7567f7ecbf
review_15815,division_dfe2db74975e0aa9f6fd
review_15816,division_55b19b36aa7567f7ecbf
review_15817,division_55b19b36aa7567f7ecbf
review_15818,division_55b19b36aa7567f7ecbf
review_15819,division_55b19b36aa7567f7ecbf
review_15820,division_55b19b36aa7567f7ecbf
review_15821,division_dfe2db74975e0aa9f6fd
review_15822,division_dfe2db74975e0aa9f6fd
review_15823,division_dfe2db74975e0aa9f6fd
review_15824,division_55b19b36aa7567f7ecbf
review_15825,division_dfe2db74975e0aa9f6fd
review_15826,division_55b19b36aa7567f7ecbf
review_15827,division_55b19b36aa7567f7ecbf
review_15828,division_55b19b36aa7567f7ecbf
review_15829,division_55b19b36aa7567f7ecbf
review_15830,division_dfe2db74975e0aa9f6fd
review_15831,division_df561e6f16d9f3e64a28
review_15832,division_55b19b36aa7567f7ecbf
review_15833,division_dfe2db74975e0aa9f6fd
review_15834,division_55b19b36aa7567f7ecbf
review_15835,division_55b19b36aa7567f7ecbf
review_15836,division_dfe2db74975e0aa9f6fd
review_15837,division_df561e6f16d9f3e64a28
review_15838,division_dfe2db74975e0aa9f6fd
review_15839,division_dfe2db74975e0aa9f6fd
review_15840,division_dfe2db74975e0aa9f6fd
review_15841,division_df561e6f16d9f3e64a28
review_15842,division_dfe2db74975e0aa9f6fd
review_15843,division_55b19b36aa7567f7ecbf
review_15844,division_dfe2db74975e0aa9f6fd
review_15845,division_dfe2db74975e0aa9f6fd
review_15846,division_dfe2db74975e0aa9f6fd
review_15847,division_dfe2db74975e0aa9f6fd
review_15848,division_55b19b36aa7567f7ecbf
review_15849,division_dfe2db74975e0aa9f6fd
review_15850,division_dfe2db74975e0aa9f6fd
review_15851,division_dfe2db74975e0aa9f6fd
review_15852,division_dfe2db74975e0aa9f6fd
review_15853,division_dfe2db74975e0aa9f6fd
review_15854,division_dfe2db74975e0aa9f6fd
review_15855,division_df561e6f16d9f3e64a28
review_15856,division_dfe2db74975e0aa9f6fd
review_15857,division_dfe2db74975e0aa9f6fd
review_15858,division_dfe2db74975e0aa9f6fd
review_15859,division_55b19b36aa7567f7ecbf
review_15860,division_dfe2db74975e0aa9f6fd
review_15861,division_dfe2db74975e0aa9f6fd
review_15862,division_dfe2db74975e0aa9f6fd
review_15863,division_dfe2db74975e0aa9f6fd
review_15864,division_dfe2db74975e0aa9f6fd
review_15865,division_dfe2db74975e0aa9f6fd
review_15866,division_dfe2db74975e0aa9f6fd
review_15867,division_55b19b36aa7567f7ecbf
review_15868,division_55b19b36aa7567f7ecbf
review_15869,division_55b19b36aa7567f7ecbf
review_15870,division_55b19b36aa7567f7ecbf
review_15871,division_55b19b36aa7567f7ecbf
review_15872,division_55b19b36aa7567f7ecbf
review_15873,division_55b19b36aa7567f7ecbf
review_15874,division_dfe2db74975e0aa9f6fd
review_15875,division_dfe2db74975e0aa9f6fd
review_15876,division_dfe2db74975e0aa9f6fd
review_15877,division_55b19b36aa7567f7ecbf
review_15878,division_dfe2db74975e0aa9f6fd
review_15879,division_55b19b36aa7567f7ecbf
review_15880,division_55b19b36aa7567f7ecbf
review_15881,division_dfe2db74975e0aa9f6fd
review_15882,division_55b19b36aa7567f7ecbf
review_15883,division_df561e6f16d9f3e64a28
review_15884,division_dfe2db74975e0aa9f6fd
review_15885,division_55b19b36aa7567f7ecbf
review_15886,division_dfe2db74975e0aa9f6fd
review_15887,division_dfe2db74975e0aa9f6fd
review_15888,division_dfe2db74975e0aa9f6fd
review_15889,division_dfe2db74975e0aa9f6fd
review_15890,division_55b19b36aa7567f7ecbf
review_15891,division_55b19b36aa7567f7ecbf
review_15892,division_55b19b36aa7567f7ecbf
review_15893,division_55b19b36aa7567f7ecbf
review_15894,division_55b19b36aa7567f7ecbf
review_15895,division_55b19b36aa7567f7ecbf
review_15896,division_55b19b36aa7567f7ecbf
review_15897,division_55b19b36aa7567f7ecbf
review_15898,division_55b19b36aa7567f7ecbf
review_15899,division_dfe2db74975e0aa9f6fd
review_15900,division_dfe2db74975e0aa9f6fd
review_15901,division_55b19b36aa7567f7ecbf
review_15902,division_55b19b36aa7567f7ecbf
review_15903,division_df561e6f16d9f3e64a28
review_15904,division_dfe2db74975e0aa9f6fd
review_15905,division_dfe2db74975e0aa9f6fd
review_15906,division_dfe2db74975e0aa9f6fd
review_15907,division_dfe2db74975e0aa9f6fd
review_15908,division_55b19b36aa7567f7ecbf
review_15909,division_dfe2db74975e0aa9f6fd
review_15910,division_dfe2db74975e0aa9f6fd
review_15911,division_55b19b36aa7567f7ecbf
review_15912,division_55b19b36aa7567f7ecbf
review_15913,division_dfe2db74975e0aa9f6fd
review_15914,division_dfe2db74975e0aa9f6fd
review_15915,division_dfe2db74975e0aa9f6fd
review_15916,division_dfe2db74975e0aa9f6fd
review_15917,division_df561e6f16d9f3e64a28
review_15918,division_dfe2db74975e0aa9f6fd
review_15919,division_dfe2db74975e0aa9f6fd
review_15920,division_dfe2db74975e0aa9f6fd
review_15921,division_dfe2db74975e0aa9f6fd
review_15922,division_dfe2db74975e0aa9f6fd
review_15923,division_dfe2db74975e0aa9f6fd
review_15924,division_dfe2db74975e0aa9f6fd
review_15925,division_dfe2db74975e0aa9f6fd
review_15926,division_dfe2db74975e0aa9f6fd
review_15927,division_dfe2db74975e0aa9f6fd
review_15928,division_dfe2db74975e0aa9f6fd
review_15929,division_dfe2db74975e0aa9f6fd
review_15930,division_dfe2db74975e0aa9f6fd
review_15931,division_dfe2db74975e0aa9f6fd
review_15932,division_55b19b36aa7567f7ecbf
review_15933,division_55b19b36aa7567f7ecbf
review_15934,division_dfe2db74975e0aa9f6fd
review_15935,division_dfe2db74975e0aa9f6fd
review_15936,division_55b19b36aa7567f7ecbf
review_15937,division_55b19b36aa7567f7ecbf
review_15938,division_dfe2db74975e0aa9f6fd
review_15939,division_dfe2db74975e0aa9f6fd
review_15940,division_55b19b36aa7567f7ecbf
review_15941,division_55b19b36aa7567f7ecbf
review_15942,division_dfe2db74975e0aa9f6fd
review_15943,division_55b19b36aa7567f7ecbf
review_15944,division_55b19b36aa7567f7ecbf
review_15945,division_dfe2db74975e0aa9f6fd
review_15946,division_dfe2db74975e0aa9f6fd
review_15947,division_55b19b36aa7567f7ecbf
review_15948,division_dfe2db74975e0aa9f6fd
review_15949,division_55b19b36aa7567f7ecbf
review_15950,division_55b19b36aa7567f7ecbf
review_15951,division_55b19b36aa7567f7ecbf
review_15952,division_55b19b36aa7567f7ecbf
review_15953,division_55b19b36aa7567f7ecbf
review_15954,division_dfe2db74975e0aa9f6fd
review_15955,division_dfe2db74975e0aa9f6fd
review_15956,division_55b19b36aa7567f7ecbf
review_15957,division_55b19b36aa7567f7ecbf
review_15958,division_dfe2db74975e0aa9f6fd
review_15959,division_55b19b36aa7567f7ecbf
review_15960,division_dfe2db74975e0aa9f6fd
review_15961,division_dfe2db74975e0aa9f6fd
review_15962,division_dfe2db74975e0aa9f6fd
review_15963,division_dfe2db74975e0aa9f6fd
review_15964,division_55b19b36aa7567f7ecbf
review_15965,division_55b19b36aa7567f7ecbf
review_15966,division_dfe2db74975e0aa9f6fd
review_15967,division_dfe2db74975e0aa9f6fd
review_15968,division_dfe2db74975e0aa9f6fd
review_15969,division_55b19b36aa7567f7ecbf
review_15970,division_55b19b36aa7567f7ecbf
review_15971,division_55b19b36aa7567f7ecbf
review_15972,division_55b19b36aa7567f7ecbf
review_15973,division_55b19b36aa7567f7ecbf
review_15974,division_55b19b36aa7567f7ecbf
review_15975,division_55b19b36aa7567f7ecbf
review_15976,division_55b19b36aa7567f7ecbf
review_15977,division_55b19b36aa7567f7ecbf
review_15978,division_55b19b36aa7567f7ecbf
review_15979,division_55b19b36aa7567f7ecbf
review_15980,division_55b19b36aa7567f7ecbf
review_15981,division_df561e6f16d9f3e64a28
review_15982,division_55b19b36aa7567f7ecbf
review_15983,division_55b19b36aa7567f7ecbf
review_15984,division_55b19b36aa7567f7ecbf
review_15985,division_55b19b36aa7567f7ecbf
review_15986,division_55b19b36aa7567f7ecbf
review_15987,division_dfe2db74975e0aa9f6fd
review_15988,division_55b19b36aa7567f7ecbf
review_15989,division_dfe2db74975e0aa9f6fd
review_15990,division_dfe2db74975e0aa9f6fd
review_15991,division_dfe2db74975e0aa9f6fd
review_15992,division_dfe2db74975e0aa9f6fd
review_15993,division_dfe2db74975e0aa9f6fd
review_15994,division_55b19b36aa7567f7ecbf
review_15995,division_dfe2db74975e0aa9f6fd
review_15996,division_dfe2db74975e0aa9f6fd
review_15997,division_dfe2db74975e0aa9f6fd
review_15998,division_dfe2db74975e0aa9f6fd
review_15999,division_dfe2db74975e0aa9f6fd
review_16000,division_dfe2db74975e0aa9f6fd
review_16001,division_55b19b36aa7567f7ecbf
review_16002,division_dfe2db74975e0aa9f6fd
review_16003,division_dfe2db74975e0aa9f6fd
review_16004,division_dfe2db74975e0aa9f6fd
review_16005,division_dfe2db74975e0aa9f6fd
review_16006,division_55b19b36aa7567f7ecbf
review_16007,division_dfe2db74975e0aa9f6fd
review_16008,division_dfe2db74975e0aa9f6fd
review_16009,division_dfe2db74975e0aa9f6fd
review_16010,division_dfe2db74975e0aa9f6fd
review_16011,division_dfe2db74975e0aa9f6fd
review_16012,division_dfe2db74975e0aa9f6fd
review_16013,division_dfe2db74975e0aa9f6fd
review_16014,division_dfe2db74975e0aa9f6fd
review_16015,division_55b19b36aa7567f7ecbf
review_16016,division_dfe2db74975e0aa9f6fd
review_16017,division_dfe2db74975e0aa9f6fd
review_16018,division_dfe2db74975e0aa9f6fd
review_16019,division_55b19b36aa7567f7ecbf
review_16020,division_dfe2db74975e0aa9f6fd
review_16021,division_dfe2db74975e0aa9f6fd
review_16022,division_dfe2db74975e0aa9f6fd
review_16023,division_dfe2db74975e0aa9f6fd
review_16024,division_dfe2db74975e0aa9f6fd
review_16025,division_dfe2db74975e0aa9f6fd
review_16026,division_dfe2db74975e0aa9f6fd
review_16027,division_dfe2db74975e0aa9f6fd
review_16028,division_dfe2db74975e0aa9f6fd
review_16029,division_dfe2db74975e0aa9f6fd
review_16030,division_dfe2db74975e0aa9f6fd
review_16031,division_dfe2db74975e0aa9f6fd
review_16032,division_dfe2db74975e0aa9f6fd
review_16033,division_dfe2db74975e0aa9f6fd
review_16034,division_dfe2db74975e0aa9f6fd
review_16035,division_55b19b36aa7567f7ecbf
review_16036,division_dfe2db74975e0aa9f6fd
review_16037,division_55b19b36aa7567f7ecbf
review_16038,division_dfe2db74975e0aa9f6fd
review_16039,division_55b19b36aa7567f7ecbf
review_16040,division_dfe2db74975e0aa9f6fd
review_16041,division_dfe2db74975e0aa9f6fd
review_16042,division_dfe2db74975e0aa9f6fd
review_16043,division_dfe2db74975e0aa9f6fd
review_16044,division_dfe2db74975e0aa9f6fd
review_16045,division_dfe2db74975e0aa9f6fd
review_16046,division_dfe2db74975e0aa9f6fd
review_16047,division_dfe2db74975e0aa9f6fd
review_16048,division_dfe2db74975e0aa9f6fd
review_16049,division_dfe2db74975e0aa9f6fd
review_16050,division_55b19b36aa7567f7ecbf
review_16051,division_dfe2db74975e0aa9f6fd
review_16052,division_dfe2db74975e0aa9f6fd
review_16053,division_dfe2db74975e0aa9f6fd
review_16054,division_55b19b36aa7567f7ecbf
review_16055,division_dfe2db74975e0aa9f6fd
review_16056,division_dfe2db74975e0aa9f6fd
review_16057,division_dfe2db74975e0aa9f6fd
review_16058,division_dfe2db74975e0aa9f6fd
review_16059,division_dfe2db74975e0aa9f6fd
review_16060,division_dfe2db74975e0aa9f6fd
review_16061,division_dfe2db74975e0aa9f6fd
review_16062,division_dfe2db74975e0aa9f6fd
review_16063,division_55b19b36aa7567f7ecbf
review_16064,division_55b19b36aa7567f7ecbf
review_16065,division_55b19b36aa7567f7ecbf
review_16066,division_55b19b36aa7567f7ecbf
review_16067,division_55b19b36aa7567f7ecbf
review_16068,division_df561e6f16d9f3e64a28
review_16069,division_dfe2db74975e0aa9f6fd
review_16070,division_55b19b36aa7567f7ecbf
review_16071,division_55b19b36aa7567f7ecbf
review_16072,division_55b19b36aa7567f7ecbf
review_16073,division_55b19b36aa7567f7ecbf
review_16074,division_dfe2db74975e0aa9f6fd
review_16075,division_55b19b36aa7567f7ecbf
review_16076,division_55b19b36aa7567f7ecbf
review_16077,division_55b19b36aa7567f7ecbf
review_16078,division_df561e6f16d9f3e64a28
review_16079,division_dfe2db74975e0aa9f6fd
review_16080,division_55b19b36aa7567f7ecbf
review_16081,division_dfe2db74975e0aa9f6fd
review_16082,division_55b19b36aa7567f7ecbf
review_16083,division_df561e6f16d9f3e64a28
review_16084,division_55b19b36aa7567f7ecbf
review_16085,division_55b19b36aa7567f7ecbf
review_16086,division_55b19b36aa7567f7ecbf
review_16087,division_55b19b36aa7567f7ecbf
review_16088,division_dfe2db74975e0aa9f6fd
review_16089,division_dfe2db74975e0aa9f6fd
review_16090,division_55b19b36aa7567f7ecbf
review_16091,division_dfe2db74975e0aa9f6fd
review_16092,division_55b19b36aa7567f7ecbf
review_16093,division_dfe2db74975e0aa9f6fd
review_16094,division_55b19b36aa7567f7ecbf
review_16095,division_dfe2db74975e0aa9f6fd
review_16096,division_55b19b36aa7567f7ecbf
review_16097,division_55b19b36aa7567f7ecbf
review_16098,division_dfe2db74975e0aa9f6fd
review_16099,division_55b19b36aa7567f7ecbf
review_16100,division_dfe2db74975e0aa9f6fd
review_16101,division_55b19b36aa7567f7ecbf
review_16102,division_dfe2db74975e0aa9f6fd
review_16103,division_dfe2db74975e0aa9f6fd
review_16104,division_dfe2db74975e0aa9f6fd
review_16105,division_dfe2db74975e0aa9f6fd
review_16106,division_df561e6f16d9f3e64a28
review_16107,division_dfe2db74975e0aa9f6fd
review_16108,division_dfe2db74975e0aa9f6fd
review_16109,division_dfe2db74975e0aa9f6fd
review_16110,division_dfe2db74975e0aa9f6fd
review_16111,division_dfe2db74975e0aa9f6fd
review_16112,division_dfe2db74975e0aa9f6fd
review_16113,division_dfe2db74975e0aa9f6fd
review_16114,division_dfe2db74975e0aa9f6fd
review_16115,division_dfe2db74975e0aa9f6fd
review_16116,division_dfe2db74975e0aa9f6fd
review_16117,division_dfe2db74975e0aa9f6fd
review_16118,division_dfe2db74975e0aa9f6fd
review_16119,division_dfe2db74975e0aa9f6fd
review_16120,division_dfe2db74975e0aa9f6fd
review_16121,division_55b19b36aa7567f7ecbf
review_16122,division_dfe2db74975e0aa9f6fd
review_16123,division_dfe2db74975e0aa9f6fd
review_16124,division_dfe2db74975e0aa9f6fd
review_16125,division_df561e6f16d9f3e64a28
review_16126,division_dfe2db74975e0aa9f6fd
review_16127,division_dfe2db74975e0aa9f6fd
review_16128,division_dfe2db74975e0aa9f6fd
review_16129,division_dfe2db74975e0aa9f6fd
review_16130,division_dfe2db74975e0aa9f6fd
review_16131,division_dfe2db74975e0aa9f6fd
review_16132,division_dfe2db74975e0aa9f6fd
review_16133,division_dfe2db74975e0aa9f6fd
review_16134,division_dfe2db74975e0aa9f6fd
review_16135,division_dfe2db74975e0aa9f6fd
review_16136,division_55b19b36aa7567f7ecbf
review_16137,division_dfe2db74975e0aa9f6fd
review_16138,division_dfe2db74975e0aa9f6fd
review_16139,division_dfe2db74975e0aa9f6fd
review_16140,division_dfe2db74975e0aa9f6fd
review_16141,division_dfe2db74975e0aa9f6fd
review_16142,division_dfe2db74975e0aa9f6fd
review_16143,division_dfe2db74975e0aa9f6fd
review_16144,division_55b19b36aa7567f7ecbf
review_16145,division_55b19b36aa7567f7ecbf
review_16146,division_55b19b36aa7567f7ecbf
review_16147,division_55b19b36aa7567f7ecbf
review_16148,division_55b19b36aa7567f7ecbf
review_16149,division_55b19b36aa7567f7ecbf
review_16150,division_55b19b36aa7567f7ecbf
review_16151,division_55b19b36aa7567f7ecbf
review_16152,division_55b19b36aa7567f7ecbf
review_16153,division_dfe2db74975e0aa9f6fd
review_16154,division_55b19b36aa7567f7ecbf
review_16155,division_55b19b36aa7567f7ecbf
review_16156,division_55b19b36aa7567f7ecbf
review_16157,division_dfe2db74975e0aa9f6fd
review_16158,division_55b19b36aa7567f7ecbf
review_16159,division_55b19b36aa7567f7ecbf
review_16160,division_55b19b36aa7567f7ecbf
review_16161,division_55b19b36aa7567f7ecbf
review_16162,division_55b19b36aa7567f7ecbf
review_16163,division_dfe2db74975e0aa9f6fd
review_16164,division_55b19b36aa7567f7ecbf
review_16165,division_55b19b36aa7567f7ecbf
review_16166,division_55b19b36aa7567f7ecbf
review_16167,division_55b19b36aa7567f7ecbf
review_16168,division_55b19b36aa7567f7ecbf
review_16169,division_55b19b36aa7567f7ecbf
review_16170,division_55b19b36aa7567f7ecbf
review_16171,division_55b19b36aa7567f7ecbf
review_16172,division_55b19b36aa7567f7ecbf
review_16173,division_55b19b36aa7567f7ecbf
review_16174,division_55b19b36aa7567f7ecbf
review_16175,division_55b19b36aa7567f7ecbf
review_16176,division_55b19b36aa7567f7ecbf
review_16177,division_55b19b36aa7567f7ecbf
review_16178,division_55b19b36aa7567f7ecbf
review_16179,division_dfe2db74975e0aa9f6fd
review_16180,division_55b19b36aa7567f7ecbf
review_16181,division_55b19b36aa7567f7ecbf
review_16182,division_55b19b36aa7567f7ecbf
review_16183,division_55b19b36aa7567f7ecbf
review_16184,division_55b19b36aa7567f7ecbf
review_16185,division_55b19b36aa7567f7ecbf
review_16186,division_dfe2db74975e0aa9f6fd
review_16187,division_55b19b36aa7567f7ecbf
review_16188,division_dfe2db74975e0aa9f6fd
review_16189,division_55b19b36aa7567f7ecbf
review_16190,division_55b19b36aa7567f7ecbf
review_16191,division_55b19b36aa7567f7ecbf
review_16192,division_dfe2db74975e0aa9f6fd
review_16193,division_55b19b36aa7567f7ecbf
review_16194,division_55b19b36aa7567f7ecbf
review_16195,division_55b19b36aa7567f7ecbf
review_16196,division_55b19b36aa7567f7ecbf
review_16197,division_55b19b36aa7567f7ecbf
review_16198,division_55b19b36aa7567f7ecbf
review_16199,division_55b19b36aa7567f7ecbf
review_16200,division_55b19b36aa7567f7ecbf
review_16201,division_55b19b36aa7567f7ecbf
review_16202,division_55b19b36aa7567f7ecbf
review_16203,division_dfe2db74975e0aa9f6fd
review_16204,division_df561e6f16d9f3e64a28
review_16205,division_dfe2db74975e0aa9f6fd
review_16206,division_55b19b36aa7567f7ecbf
review_16207,division_55b19b36aa7567f7ecbf
review_16208,division_dfe2db74975e0aa9f6fd
review_16209,division_55b19b36aa7567f7ecbf
review_16210,division_55b19b36aa7567f7ecbf
review_16211,division_55b19b36aa7567f7ecbf
review_16212,division_dfe2db74975e0aa9f6fd
review_16213,division_55b19b36aa7567f7ecbf
review_16214,division_55b19b36aa7567f7ecbf
review_16215,division_55b19b36aa7567f7ecbf
review_16217,division_dfe2db74975e0aa9f6fd
review_16218,division_dfe2db74975e0aa9f6fd
review_16219,division_df561e6f16d9f3e64a28
review_16220,division_dfe2db74975e0aa9f6fd
review_16222,division_df561e6f16d9f3e64a28
review_16224,division_df561e6f16d9f3e64a28
review_16225,division_55b19b36aa7567f7ecbf
review_16226,division_55b19b36aa7567f7ecbf
review_16227,division_dfe2db74975e0aa9f6fd
review_16228,division_dfe2db74975e0aa9f6fd
review_16229,division_dfe2db74975e0aa9f6fd
review_16230,division_dfe2db74975e0aa9f6fd
review_16231,division_dfe2db74975e0aa9f6fd
review_16232,division_dfe2db74975e0aa9f6fd
review_16233,division_dfe2db74975e0aa9f6fd
review_16234,division_dfe2db74975e0aa9f6fd
review_16235,division_dfe2db74975e0aa9f6fd
review_16236,division_dfe2db74975e0aa9f6fd
review_16237,division_dfe2db74975e0aa9f6fd
review_16238,division_dfe2db74975e0aa9f6fd
review_16239,division_dfe2db74975e0aa9f6fd
review_16240,division_dfe2db74975e0aa9f6fd
review_16241,division_dfe2db74975e0aa9f6fd
review_16242,division_dfe2db74975e0aa9f6fd
review_16243,division_55b19b36aa7567f7ecbf
review_16244,division_dfe2db74975e0aa9f6fd
review_16245,division_dfe2db74975e0aa9f6fd
review_16246,division_dfe2db74975e0aa9f6fd
review_16247,division_dfe2db74975e0aa9f6fd
review_16248,division_55b19b36aa7567f7ecbf
review_16249,division_55b19b36aa7567f7ecbf
review_16250,division_df561e6f16d9f3e64a28
review_16251,division_dfe2db74975e0aa9f6fd
review_16252,division_55b19b36aa7567f7ecbf
review_16253,division_55b19b36aa7567f7ecbf
review_16254,division_df561e6f16d9f3e64a28
review_16255,division_55b19b36aa7567f7ecbf
review_16256,division_dfe2db74975e0aa9f6fd
review_16257,division_dfe2db74975e0aa9f6fd
review_16258,division_dfe2db74975e0aa9f6fd
review_16259,division_dfe2db74975e0aa9f6fd
review_16260,division_55b19b36aa7567f7ecbf
review_16261,division_55b19b36aa7567f7ecbf
review_16262,division_55b19b36aa7567f7ecbf
review_16263,division_dfe2db74975e0aa9f6fd
review_16264,division_55b19b36aa7567f7ecbf
review_16265,division_dfe2db74975e0aa9f6fd
review_16266,division_dfe2db74975e0aa9f6fd
review_16267,division_55b19b36aa7567f7ecbf
review_16268,division_dfe2db74975e0aa9f6fd
review_16269,division_55b19b36aa7567f7ecbf
review_16270,division_df561e6f16d9f3e64a28
review_16271,division_55b19b36aa7567f7ecbf
review_16272,division_dfe2db74975e0aa9f6fd
review_16273,division_55b19b36aa7567f7ecbf
review_16274,division_55b19b36aa7567f7ecbf
review_16275,division_dfe2db74975e0aa9f6fd
review_16276,division_dfe2db74975e0aa9f6fd
review_16277,division_55b19b36aa7567f7ecbf
review_16278,division_dfe2db74975e0aa9f6fd
review_16279,division_55b19b36aa7567f7ecbf
review_16280,division_55b19b36aa7567f7ecbf
review_16281,division_dfe2db74975e0aa9f6fd
review_16282,division_dfe2db74975e0aa9f6fd
review_16283,division_dfe2db74975e0aa9f6fd
review_16284,division_dfe2db74975e0aa9f6fd
review_16285,division_dfe2db74975e0aa9f6fd
review_16286,division_55b19b36aa7567f7ecbf
review_16287,division_dfe2db74975e0aa9f6fd
review_16288,division_dfe2db74975e0aa9f6fd
review_16289,division_55b19b36aa7567f7ecbf
review_16290,division_55b19b36aa7567f7ecbf
review_16291,division_55b19b36aa7567f7ecbf
review_16292,division_55b19b36aa7567f7ecbf
review_16293,division_55b19b36aa7567f7ecbf
review_16294,division_55b19b36aa7567f7ecbf
review_16295,division_55b19b36aa7567f7ecbf
review_16296,division_55b19b36aa7567f7ecbf
review_16297,division_dfe2db74975e0aa9f6fd
review_16298,division_55b19b36aa7567f7ecbf
review_16299,division_55b19b36aa7567f7ecbf
review_16300,division_55b19b36aa7567f7ecbf
review_16301,division_55b19b36aa7567f7ecbf
review_16302,division_dfe2db74975e0aa9f6fd
review_16303,division_55b19b36aa7567f7ecbf
review_16304,division_55b19b36aa7567f7ecbf
review_16305,division_55b19b36aa7567f7ecbf
review_16306,division_dfe2db74975e0aa9f6fd
review_16307,division_dfe2db74975e0aa9f6fd
review_16308,division_dfe2db74975e0aa9f6fd
review_16309,division_55b19b36aa7567f7ecbf
review_16310,division_55b19b36aa7567f7ecbf
review_16311,division_55b19b36aa7567f7ecbf
review_16312,division_55b19b36aa7567f7ecbf
review_16313,division_dfe2db74975e0aa9f6fd
review_16314,division_55b19b36aa7567f7ecbf
review_16315,division_55b19b36aa7567f7ecbf
review_16316,division_55b19b36aa7567f7ecbf
review_16317,division_55b19b36aa7567f7ecbf
review_16318,division_55b19b36aa7567f7ecbf
review_16319,division_dfe2db74975e0aa9f6fd
review_16320,division_dfe2db74975e0aa9f6fd
review_16321,division_dfe2db74975e0aa9f6fd
review_16322,division_55b19b36aa7567f7ecbf
review_16323,division_55b19b36aa7567f7ecbf
review_16324,division_55b19b36aa7567f7ecbf
review_16325,division_55b19b36aa7567f7ecbf
review_16326,division_55b19b36aa7567f7ecbf
review_16327,division_55b19b36aa7567f7ecbf
review_16328,division_55b19b36aa7567f7ecbf
review_16329,division_dfe2db74975e0aa9f6fd
review_16330,division_55b19b36aa7567f7ecbf
review_16331,division_55b19b36aa7567f7ecbf
review_16332,division_55b19b36aa7567f7ecbf
review_16333,division_dfe2db74975e0aa9f6fd
review_16334,division_55b19b36aa7567f7ecbf
review_16335,division_dfe2db74975e0aa9f6fd
review_16336,division_55b19b36aa7567f7ecbf
review_16337,division_dfe2db74975e0aa9f6fd
review_16338,division_55b19b36aa7567f7ecbf
review_16339,division_dfe2db74975e0aa9f6fd
review_16340,division_55b19b36aa7567f7ecbf
review_16341,division_55b19b36aa7567f7ecbf
review_16342,division_55b19b36aa7567f7ecbf
review_16343,division_55b19b36aa7567f7ecbf
review_16344,division_55b19b36aa7567f7ecbf
review_16345,division_dfe2db74975e0aa9f6fd
review_16346,division_dfe2db74975e0aa9f6fd
review_16347,division_dfe2db74975e0aa9f6fd
review_16348,division_dfe2db74975e0aa9f6fd
review_16349,division_dfe2db74975e0aa9f6fd
review_16350,division_55b19b36aa7567f7ecbf
review_16351,division_df561e6f16d9f3e64a28
review_16352,division_55b19b36aa7567f7ecbf
review_16353,division_55b19b36aa7567f7ecbf
review_16354,division_dfe2db74975e0aa9f6fd
review_16355,division_55b19b36aa7567f7ecbf
review_16356,division_dfe2db74975e0aa9f6fd
review_16357,division_dfe2db74975e0aa9f6fd
review_16358,division_55b19b36aa7567f7ecbf
review_16359,division_dfe2db74975e0aa9f6fd
review_16360,division_dfe2db74975e0aa9f6fd
review_16361,division_dfe2db74975e0aa9f6fd
review_16362,division_dfe2db74975e0aa9f6fd
review_16363,division_dfe2db74975e0aa9f6fd
review_16364,division_dfe2db74975e0aa9f6fd
review_16365,division_dfe2db74975e0aa9f6fd
review_16366,division_dfe2db74975e0aa9f6fd
review_16367,division_dfe2db74975e0aa9f6fd
review_16368,division_dfe2db74975e0aa9f6fd
review_16369,division_55b19b36aa7567f7ecbf
review_16370,division_dfe2db74975e0aa9f6fd
review_16371,division_55b19b36aa7567f7ecbf
review_16372,division_dfe2db74975e0aa9f6fd
review_16373,division_dfe2db74975e0aa9f6fd
review_16374,division_dfe2db74975e0aa9f6fd
review_16375,division_dfe2db74975e0aa9f6fd
review_16376,division_dfe2db74975e0aa9f6fd
review_16377,division_55b19b36aa7567f7ecbf
review_16378,division_dfe2db74975e0aa9f6fd
review_16379,division_dfe2db74975e0aa9f6fd
review_16380,division_55b19b36aa7567f7ecbf
review_16381,division_dfe2db74975e0aa9f6fd
review_16382,division_dfe2db74975e0aa9f6fd
review_16383,division_dfe2db74975e0aa9f6fd
review_16384,division_dfe2db74975e0aa9f6fd
review_16385,division_dfe2db74975e0aa9f6fd
review_16386,division_dfe2db74975e0aa9f6fd
review_16387,division_55b19b36aa7567f7ecbf
review_16388,division_dfe2db74975e0aa9f6fd
review_16389,division_dfe2db74975e0aa9f6fd
review_16390,division_dfe2db74975e0aa9f6fd
review_16391,division_dfe2db74975e0aa9f6fd
review_16392,division_dfe2db74975e0aa9f6fd
review_16393,division_dfe2db74975e0aa9f6fd
review_16394,division_dfe2db74975e0aa9f6fd
review_16395,division_dfe2db74975e0aa9f6fd
review_16396,division_dfe2db74975e0aa9f6fd
review_16397,division_dfe2db74975e0aa9f6fd
review_16398,division_55b19b36aa7567f7ecbf
review_16399,division_55b19b36aa7567f7ecbf
review_16400,division_dfe2db74975e0aa9f6fd
review_16401,division_dfe2db74975e0aa9f6fd
review_16402,division_dfe2db74975e0aa9f6fd
review_16403,division_55b19b36aa7567f7ecbf
review_16404,division_dfe2db74975e0aa9f6fd
review_16405,division_dfe2db74975e0aa9f6fd
review_16406,division_dfe2db74975e0aa9f6fd
review_16407,division_dfe2db74975e0aa9f6fd
review_16408,division_dfe2db74975e0aa9f6fd
review_16409,division_dfe2db74975e0aa9f6fd
review_16410,division_dfe2db74975e0aa9f6fd
review_16411,division_df561e6f16d9f3e64a28
review_16412,division_dfe2db74975e0aa9f6fd
review_16413,division_dfe2db74975e0aa9f6fd
review_16414,division_dfe2db74975e0aa9f6fd
review_16415,division_dfe2db74975e0aa9f6fd
review_16416,division_55b19b36aa7567f7ecbf
review_16417,division_dfe2db74975e0aa9f6fd
review_16418,division_dfe2db74975e0aa9f6fd
review_16419,division_dfe2db74975e0aa9f6fd
review_16420,division_dfe2db74975e0aa9f6fd
review_16421,division_55b19b36aa7567f7ecbf
review_16422,division_dfe2db74975e0aa9f6fd
review_16423,division_55b19b36aa7567f7ecbf
review_16424,division_dfe2db74975e0aa9f6fd
review_16425,division_dfe2db74975e0aa9f6fd
review_16426,division_dfe2db74975e0aa9f6fd
review_16427,division_dfe2db74975e0aa9f6fd
review_16428,division_55b19b36aa7567f7ecbf
review_16429,division_dfe2db74975e0aa9f6fd
review_16430,division_dfe2db74975e0aa9f6fd
review_16431,division_dfe2db74975e0aa9f6fd
review_16432,division_dfe2db74975e0aa9f6fd
review_16433,division_dfe2db74975e0aa9f6fd
review_16434,division_55b19b36aa7567f7ecbf
review_16435,division_dfe2db74975e0aa9f6fd
review_16436,division_55b19b36aa7567f7ecbf
review_16437,division_dfe2db74975e0aa9f6fd
review_16438,division_dfe2db74975e0aa9f6fd
review_16439,division_dfe2db74975e0aa9f6fd
review_16440,division_55b19b36aa7567f7ecbf
review_16441,division_df561e6f16d9f3e64a28
review_16442,division_55b19b36aa7567f7ecbf
review_16443,division_dfe2db74975e0aa9f6fd
review_16444,division_55b19b36aa7567f7ecbf
review_16445,division_dfe2db74975e0aa9f6fd
review_16446,division_dfe2db74975e0aa9f6fd
review_16447,division_dfe2db74975e0aa9f6fd
review_16448,division_dfe2db74975e0aa9f6fd
review_16449,division_dfe2db74975e0aa9f6fd
review_16450,division_55b19b36aa7567f7ecbf
review_16451,division_55b19b36aa7567f7ecbf
review_16452,division_55b19b36aa7567f7ecbf
review_16453,division_df561e6f16d9f3e64a28
review_16454,division_df561e6f16d9f3e64a28
review_16455,division_dfe2db74975e0aa9f6fd
review_16456,division_dfe2db74975e0aa9f6fd
review_16457,division_dfe2db74975e0aa9f6fd
review_16458,division_dfe2db74975e0aa9f6fd
review_16459,division_df561e6f16d9f3e64a28
review_16460,division_dfe2db74975e0aa9f6fd
review_16461,division_df561e6f16d9f3e64a28
review_16462,division_dfe2db74975e0aa9f6fd
review_16463,division_dfe2db74975e0aa9f6fd
review_16464,division_dfe2db74975e0aa9f6fd
review_16465,division_dfe2db74975e0aa9f6fd
review_16466,division_dfe2db74975e0aa9f6fd
review_16467,division_df561e6f16d9f3e64a28
review_16468,division_55b19b36aa7567f7ecbf
review_16469,division_dfe2db74975e0aa9f6fd
review_16470,division_dfe2db74975e0aa9f6fd
review_16471,division_dfe2db74975e0aa9f6fd
review_16472,division_dfe2db74975e0aa9f6fd
review_16473,division_dfe2db74975e0aa9f6fd
review_16474,division_dfe2db74975e0aa9f6fd
review_16475,division_dfe2db74975e0aa9f6fd
review_16476,division_dfe2db74975e0aa9f6fd
review_16477,division_df561e6f16d9f3e64a28
review_16478,division_dfe2db74975e0aa9f6fd
review_16479,division_dfe2db74975e0aa9f6fd
review_16480,division_df561e6f16d9f3e64a28
review_16481,division_dfe2db74975e0aa9f6fd
review_16482,division_dfe2db74975e0aa9f6fd
review_16483,division_dfe2db74975e0aa9f6fd
review_16484,division_dfe2db74975e0aa9f6fd
review_16485,division_dfe2db74975e0aa9f6fd
review_16486,division_dfe2db74975e0aa9f6fd
review_16487,division_dfe2db74975e0aa9f6fd
review_16488,division_dfe2db74975e0aa9f6fd
review_16489,division_dfe2db74975e0aa9f6fd
review_16490,division_df561e6f16d9f3e64a28
review_16491,division_dfe2db74975e0aa9f6fd
review_16492,division_dfe2db74975e0aa9f6fd
review_16493,division_df561e6f16d9f3e64a28
review_16494,division_dfe2db74975e0aa9f6fd
review_16495,division_dfe2db74975e0aa9f6fd
review_16496,division_dfe2db74975e0aa9f6fd
review_16497,division_dfe2db74975e0aa9f6fd
review_16498,division_df561e6f16d9f3e64a28
review_16499,division_dfe2db74975e0aa9f6fd
review_16500,division_dfe2db74975e0aa9f6fd
review_16501,division_df561e6f16d9f3e64a28
review_16502,division_dfe2db74975e0aa9f6fd
review_16503,division_dfe2db74975e0aa9f6fd
review_16504,division_dfe2db74975e0aa9f6fd
review_16505,division_dfe2db74975e0aa9f6fd
review_16506,division_dfe2db74975e0aa9f6fd
review_16507,division_df561e6f16d9f3e64a28
review_16508,division_dfe2db74975e0aa9f6fd
review_16509,division_df561e6f16d9f3e64a28
review_16510,division_55b19b36aa7567f7ecbf
review_16511,division_df561e6f16d9f3e64a28
review_16512,division_dfe2db74975e0aa9f6fd
review_16513,division_dfe2db74975e0aa9f6fd
review_16514,division_dfe2db74975e0aa9f6fd
review_16515,division_dfe2db74975e0aa9f6fd
review_16516,division_55b19b36aa7567f7ecbf
review_16517,division_dfe2db74975e0aa9f6fd
review_16518,division_55b19b36aa7567f7ecbf
review_16519,division_dfe2db74975e0aa9f6fd
review_16520,division_55b19b36aa7567f7ecbf
review_16521,division_dfe2db74975e0aa9f6fd
review_16522,division_df561e6f16d9f3e64a28
review_16523,division_dfe2db74975e0aa9f6fd
review_16524,division_dfe2db74975e0aa9f6fd
review_16525,division_dfe2db74975e0aa9f6fd
review_16526,division_dfe2db74975e0aa9f6fd
review_16527,division_dfe2db74975e0aa9f6fd
review_16528,division_55b19b36aa7567f7ecbf
review_16529,division_dfe2db74975e0aa9f6fd
review_16530,division_dfe2db74975e0aa9f6fd
review_16531,division_dfe2db74975e0aa9f6fd
review_16532,division_55b19b36aa7567f7ecbf
review_16533,division_55b19b36aa7567f7ecbf
review_16534,division_55b19b36aa7567f7ecbf
review_16535,division_dfe2db74975e0aa9f6fd
review_16536,division_dfe2db74975e0aa9f6fd
review_16537,division_dfe2db74975e0aa9f6fd
review_16538,division_55b19b36aa7567f7ecbf
review_16539,division_dfe2db74975e0aa9f6fd
review_16540,division_dfe2db74975e0aa9f6fd
review_16541,division_dfe2db74975e0aa9f6fd
review_16542,division_55b19b36aa7567f7ecbf
review_16543,division_55b19b36aa7567f7ecbf
review_16544,division_dfe2db74975e0aa9f6fd
review_16545,division_dfe2db74975e0aa9f6fd
review_16546,division_dfe2db74975e0aa9f6fd
review_16547,division_dfe2db74975e0aa9f6fd
review_16548,division_dfe2db74975e0aa9f6fd
review_16549,division_dfe2db74975e0aa9f6fd
review_16550,division_dfe2db74975e0aa9f6fd
review_16551,division_dfe2db74975e0aa9f6fd
review_16552,division_dfe2db74975e0aa9f6fd
review_16553,division_55b19b36aa7567f7ecbf
review_16554,division_dfe2db74975e0aa9f6fd
review_16555,division_dfe2db74975e0aa9f6fd
review_16556,division_dfe2db74975e0aa9f6fd
review_16557,division_55b19b36aa7567f7ecbf
review_16558,division_dfe2db74975e0aa9f6fd
review_16559,division_dfe2db74975e0aa9f6fd
review_16560,division_dfe2db74975e0aa9f6fd
review_16561,division_dfe2db74975e0aa9f6fd
review_16562,division_dfe2db74975e0aa9f6fd
review_16563,division_dfe2db74975e0aa9f6fd
review_16564,division_dfe2db74975e0aa9f6fd
review_16565,division_dfe2db74975e0aa9f6fd
review_16566,division_dfe2db74975e0aa9f6fd
review_16567,division_55b19b36aa7567f7ecbf
review_16568,division_55b19b36aa7567f7ecbf
review_16569,division_dfe2db74975e0aa9f6fd
review_16570,division_dfe2db74975e0aa9f6fd
review_16571,division_dfe2db74975e0aa9f6fd
review_16572,division_dfe2db74975e0aa9f6fd
review_16573,division_55b19b36aa7567f7ecbf
review_16574,division_55b19b36aa7567f7ecbf
review_16575,division_dfe2db74975e0aa9f6fd
review_16576,division_dfe2db74975e0aa9f6fd
review_16577,division_dfe2db74975e0aa9f6fd
review_16578,division_df561e6f16d9f3e64a28
review_16579,division_55b19b36aa7567f7ecbf
review_16580,division_df561e6f16d9f3e64a28
review_16581,division_dfe2db74975e0aa9f6fd
review_16582,division_dfe2db74975e0aa9f6fd
review_16583,division_dfe2db74975e0aa9f6fd
review_16584,division_dfe2db74975e0aa9f6fd
review_16585,division_dfe2db74975e0aa9f6fd
review_16586,division_dfe2db74975e0aa9f6fd
review_16587,division_dfe2db74975e0aa9f6fd
review_16588,division_dfe2db74975e0aa9f6fd
review_16589,division_dfe2db74975e0aa9f6fd
review_16590,division_55b19b36aa7567f7ecbf
review_16591,division_dfe2db74975e0aa9f6fd
review_16592,division_dfe2db74975e0aa9f6fd
review_16593,division_dfe2db74975e0aa9f6fd
review_16594,division_dfe2db74975e0aa9f6fd
review_16595,division_dfe2db74975e0aa9f6fd
review_16596,division_dfe2db74975e0aa9f6fd
review_16597,division_dfe2db74975e0aa9f6fd
review_16598,division_dfe2db74975e0aa9f6fd
review_16599,division_dfe2db74975e0aa9f6fd
review_16600,division_df561e6f16d9f3e64a28
review_16601,division_55b19b36aa7567f7ecbf
review_16602,division_df561e6f16d9f3e64a28
review_16603,division_dfe2db74975e0aa9f6fd
review_16604,division_dfe2db74975e0aa9f6fd
review_16605,division_dfe2db74975e0aa9f6fd
review_16606,division_df561e6f16d9f3e64a28
review_16607,division_dfe2db74975e0aa9f6fd
review_16608,division_dfe2db74975e0aa9f6fd
review_16609,division_dfe2db74975e0aa9f6fd
review_16610,division_dfe2db74975e0aa9f6fd
review_16611,division_dfe2db74975e0aa9f6fd
review_16612,division_55b19b36aa7567f7ecbf
review_16613,division_dfe2db74975e0aa9f6fd
review_16614,division_55b19b36aa7567f7ecbf
review_16615,division_dfe2db74975e0aa9f6fd
review_16616,division_dfe2db74975e0aa9f6fd
review_16617,division_df561e6f16d9f3e64a28
review_16618,division_dfe2db74975e0aa9f6fd
review_16619,division_dfe2db74975e0aa9f6fd
review_16620,division_dfe2db74975e0aa9f6fd
review_16621,division_55b19b36aa7567f7ecbf
review_16622,division_dfe2db74975e0aa9f6fd
review_16623,division_df561e6f16d9f3e64a28
review_16624,division_dfe2db74975e0aa9f6fd
review_16625,division_dfe2db74975e0aa9f6fd
review_16626,division_df561e6f16d9f3e64a28
review_16627,division_dfe2db74975e0aa9f6fd
review_16628,division_55b19b36aa7567f7ecbf
review_16629,division_df561e6f16d9f3e64a28
review_16630,division_dfe2db74975e0aa9f6fd
review_16631,division_55b19b36aa7567f7ecbf
review_16632,division_df561e6f16d9f3e64a28
review_16633,division_55b19b36aa7567f7ecbf
review_16634,division_dfe2db74975e0aa9f6fd
review_16635,division_dfe2db74975e0aa9f6fd
review_16636,division_55b19b36aa7567f7ecbf
review_16637,division_dfe2db74975e0aa9f6fd
review_16638,division_dfe2db74975e0aa9f6fd
review_16639,division_55b19b36aa7567f7ecbf
review_16640,division_dfe2db74975e0aa9f6fd
review_16641,division_df561e6f16d9f3e64a28
review_16642,division_df561e6f16d9f3e64a28
review_16643,division_55b19b36aa7567f7ecbf
review_16644,division_dfe2db74975e0aa9f6fd
review_16645,division_55b19b36aa7567f7ecbf
review_16646,division_55b19b36aa7567f7ecbf
review_16647,division_dfe2db74975e0aa9f6fd
review_16648,division_df561e6f16d9f3e64a28
review_16649,division_55b19b36aa7567f7ecbf
review_16650,division_dfe2db74975e0aa9f6fd
review_16651,division_dfe2db74975e0aa9f6fd
review_16652,division_dfe2db74975e0aa9f6fd
review_16653,division_dfe2db74975e0aa9f6fd
review_16654,division_dfe2db74975e0aa9f6fd
review_16655,division_dfe2db74975e0aa9f6fd
review_16656,division_dfe2db74975e0aa9f6fd
review_16657,division_dfe2db74975e0aa9f6fd
review_16658,division_55b19b36aa7567f7ecbf
review_16659,division_dfe2db74975e0aa9f6fd
review_16660,division_dfe2db74975e0aa9f6fd
review_16661,division_dfe2db74975e0aa9f6fd
review_16662,division_55b19b36aa7567f7ecbf
review_16663,division_dfe2db74975e0aa9f6fd
review_16664,division_dfe2db74975e0aa9f6fd
review_16665,division_dfe2db74975e0aa9f6fd
review_16666,division_dfe2db74975e0aa9f6fd
review_16667,division_dfe2db74975e0aa9f6fd
review_16668,division_df561e6f16d9f3e64a28
review_16669,division_dfe2db74975e0aa9f6fd
review_16670,division_dfe2db74975e0aa9f6fd
review_16671,division_dfe2db74975e0aa9f6fd
review_16672,division_dfe2db74975e0aa9f6fd
review_16673,division_dfe2db74975e0aa9f6fd
review_16674,division_dfe2db74975e0aa9f6fd
review_16675,division_dfe2db74975e0aa9f6fd
review_16676,division_dfe2db74975e0aa9f6fd
review_16677,division_dfe2db74975e0aa9f6fd
review_16678,division_dfe2db74975e0aa9f6fd
review_16679,division_dfe2db74975e0aa9f6fd
review_16680,division_dfe2db74975e0aa9f6fd
review_16681,division_dfe2db74975e0aa9f6fd
review_16682,division_dfe2db74975e0aa9f6fd
review_16683,division_dfe2db74975e0aa9f6fd
review_16684,division_dfe2db74975e0aa9f6fd
review_16685,division_55b19b36aa7567f7ecbf
review_16686,division_dfe2db74975e0aa9f6fd
review_16687,division_dfe2db74975e0aa9f6fd
review_16688,division_dfe2db74975e0aa9f6fd
review_16689,division_dfe2db74975e0aa9f6fd
review_16690,division_dfe2db74975e0aa9f6fd
review_16691,division_dfe2db74975e0aa9f6fd
review_16692,division_dfe2db74975e0aa9f6fd
review_16693,division_dfe2db74975e0aa9f6fd
review_16694,division_dfe2db74975e0aa9f6fd
review_16695,division_df561e6f16d9f3e64a28
review_16696,division_55b19b36aa7567f7ecbf
review_16697,division_dfe2db74975e0aa9f6fd
review_16698,division_df561e6f16d9f3e64a28
review_16699,division_dfe2db74975e0aa9f6fd
review_16700,division_dfe2db74975e0aa9f6fd
review_16701,division_dfe2db74975e0aa9f6fd
review_16702,division_55b19b36aa7567f7ecbf
review_16703,division_df561e6f16d9f3e64a28
review_16704,division_dfe2db74975e0aa9f6fd
review_16705,division_dfe2db74975e0aa9f6fd
review_16706,division_55b19b36aa7567f7ecbf
review_16707,division_dfe2db74975e0aa9f6fd
review_16708,division_dfe2db74975e0aa9f6fd
review_16709,division_dfe2db74975e0aa9f6fd
review_16710,division_dfe2db74975e0aa9f6fd
review_16711,division_df561e6f16d9f3e64a28
review_16712,division_dfe2db74975e0aa9f6fd
review_16713,division_dfe2db74975e0aa9f6fd
review_16714,division_55b19b36aa7567f7ecbf
review_16715,division_dfe2db74975e0aa9f6fd
review_16716,division_55b19b36aa7567f7ecbf
review_16717,division_dfe2db74975e0aa9f6fd
review_16718,division_55b19b36aa7567f7ecbf
review_16719,division_dfe2db74975e0aa9f6fd
review_16720,division_dfe2db74975e0aa9f6fd
review_16721,division_55b19b36aa7567f7ecbf
review_16722,division_55b19b36aa7567f7ecbf
review_16723,division_55b19b36aa7567f7ecbf
review_16724,division_55b19b36aa7567f7ecbf
review_16725,division_dfe2db74975e0aa9f6fd
review_16726,division_dfe2db74975e0aa9f6fd
review_16727,division_dfe2db74975e0aa9f6fd
review_16728,division_dfe2db74975e0aa9f6fd
review_16729,division_dfe2db74975e0aa9f6fd
review_16730,division_dfe2db74975e0aa9f6fd
review_16731,division_df561e6f16d9f3e64a28
review_16732,division_55b19b36aa7567f7ecbf
review_16733,division_dfe2db74975e0aa9f6fd
review_16734,division_55b19b36aa7567f7ecbf
review_16735,division_dfe2db74975e0aa9f6fd
review_16736,division_dfe2db74975e0aa9f6fd
review_16737,division_df561e6f16d9f3e64a28
review_16738,division_55b19b36aa7567f7ecbf
review_16739,division_df561e6f16d9f3e64a28
review_16740,division_55b19b36aa7567f7ecbf
review_16741,division_55b19b36aa7567f7ecbf
review_16742,division_dfe2db74975e0aa9f6fd
review_16743,division_dfe2db74975e0aa9f6fd
review_16744,division_55b19b36aa7567f7ecbf
review_16745,division_55b19b36aa7567f7ecbf
review_16746,division_dfe2db74975e0aa9f6fd
review_16747,division_55b19b36aa7567f7ecbf
review_16748,division_55b19b36aa7567f7ecbf
review_16749,division_dfe2db74975e0aa9f6fd
review_16750,division_dfe2db74975e0aa9f6fd
review_16751,division_dfe2db74975e0aa9f6fd
review_16752,division_dfe2db74975e0aa9f6fd
review_16753,division_55b19b36aa7567f7ecbf
review_16754,division_dfe2db74975e0aa9f6fd
review_16755,division_dfe2db74975e0aa9f6fd
review_16756,division_dfe2db74975e0aa9f6fd
review_16757,division_55b19b36aa7567f7ecbf
review_16758,division_dfe2db74975e0aa9f6fd
review_16759,division_55b19b36aa7567f7ecbf
review_16760,division_dfe2db74975e0aa9f6fd
review_16761,division_55b19b36aa7567f7ecbf
review_16762,division_df561e6f16d9f3e64a28
review_16763,division_dfe2db74975e0aa9f6fd
review_16764,division_dfe2db74975e0aa9f6fd
review_16765,division_dfe2db74975e0aa9f6fd
review_16766,division_dfe2db74975e0aa9f6fd
review_16767,division_dfe2db74975e0aa9f6fd
review_16768,division_55b19b36aa7567f7ecbf
review_16769,division_dfe2db74975e0aa9f6fd
review_16770,division_df561e6f16d9f3e64a28
review_16771,division_dfe2db74975e0aa9f6fd
review_16772,division_55b19b36aa7567f7ecbf
review_16773,division_dfe2db74975e0aa9f6fd
review_16774,division_dfe2db74975e0aa9f6fd
review_16775,division_dfe2db74975e0aa9f6fd
review_16776,division_dfe2db74975e0aa9f6fd
review_16777,division_dfe2db74975e0aa9f6fd
review_16778,division_dfe2db74975e0aa9f6fd
review_16779,division_dfe2db74975e0aa9f6fd
review_16780,division_55b19b36aa7567f7ecbf
review_16781,division_55b19b36aa7567f7ecbf
review_16782,division_55b19b36aa7567f7ecbf
review_16783,division_55b19b36aa7567f7ecbf
review_16784,division_dfe2db74975e0aa9f6fd
review_16785,division_dfe2db74975e0aa9f6fd
review_16786,division_55b19b36aa7567f7ecbf
review_16787,division_dfe2db74975e0aa9f6fd
review_16788,division_dfe2db74975e0aa9f6fd
review_16789,division_55b19b36aa7567f7ecbf
review_16790,division_dfe2db74975e0aa9f6fd
review_16791,division_55b19b36aa7567f7ecbf
review_16792,division_55b19b36aa7567f7ecbf
review_16793,division_dfe2db74975e0aa9f6fd
review_16794,division_55b19b36aa7567f7ecbf
review_16795,division_dfe2db74975e0aa9f6fd
review_16796,division_df561e6f16d9f3e64a28
review_16797,division_55b19b36aa7567f7ecbf
review_16798,division_df561e6f16d9f3e64a28
review_16799,division_55b19b36aa7567f7ecbf
review_16800,division_dfe2db74975e0aa9f6fd
review_16801,division_df561e6f16d9f3e64a28
review_16802,division_dfe2db74975e0aa9f6fd
review_16803,division_55b19b36aa7567f7ecbf
review_16804,division_dfe2db74975e0aa9f6fd
review_16805,division_55b19b36aa7567f7ecbf
review_16806,division_dfe2db74975e0aa9f6fd
review_16807,division_dfe2db74975e0aa9f6fd
review_16808,division_55b19b36aa7567f7ecbf
review_16809,division_55b19b36aa7567f7ecbf
review_16810,division_55b19b36aa7567f7ecbf
review_16811,division_dfe2db74975e0aa9f6fd
review_16812,division_dfe2db74975e0aa9f6fd
review_16813,division_dfe2db74975e0aa9f6fd
review_16814,division_dfe2db74975e0aa9f6fd
review_16815,division_dfe2db74975e0aa9f6fd
review_16816,division_dfe2db74975e0aa9f6fd
review_16817,division_dfe2db74975e0aa9f6fd
review_16818,division_55b19b36aa7567f7ecbf
review_16819,division_dfe2db74975e0aa9f6fd
review_16820,division_55b19b36aa7567f7ecbf
review_16821,division_55b19b36aa7567f7ecbf
review_16822,division_dfe2db74975e0aa9f6fd
review_16823,division_dfe2db74975e0aa9f6fd
review_16824,division_55b19b36aa7567f7ecbf
review_16825,division_dfe2db74975e0aa9f6fd
review_16826,division_dfe2db74975e0aa9f6fd
review_16827,division_dfe2db74975e0aa9f6fd
review_16828,division_dfe2db74975e0aa9f6fd
review_16829,division_55b19b36aa7567f7ecbf
review_16830,division_dfe2db74975e0aa9f6fd
review_16831,division_dfe2db74975e0aa9f6fd
review_16832,division_dfe2db74975e0aa9f6fd
review_16833,division_55b19b36aa7567f7ecbf
review_16834,division_dfe2db74975e0aa9f6fd
review_16835,division_55b19b36aa7567f7ecbf
review_16836,division_dfe2db74975e0aa9f6fd
review_16837,division_55b19b36aa7567f7ecbf
review_16838,division_dfe2db74975e0aa9f6fd
review_16839,division_dfe2db74975e0aa9f6fd
review_16840,division_dfe2db74975e0aa9f6fd
review_16841,division_dfe2db74975e0aa9f6fd
review_16842,division_dfe2db74975e0aa9f6fd
review_16843,division_55b19b36aa7567f7ecbf
review_16844,division_dfe2db74975e0aa9f6fd
review_16845,division_dfe2db74975e0aa9f6fd
review_16846,division_dfe2db74975e0aa9f6fd
review_16847,division_55b19b36aa7567f7ecbf
review_16848,division_dfe2db74975e0aa9f6fd
review_16849,division_dfe2db74975e0aa9f6fd
review_16850,division_dfe2db74975e0aa9f6fd
review_16851,division_dfe2db74975e0aa9f6fd
review_16852,division_dfe2db74975e0aa9f6fd
review_16853,division_dfe2db74975e0aa9f6fd
review_16854,division_dfe2db74975e0aa9f6fd
review_16855,division_dfe2db74975e0aa9f6fd
review_16856,division_dfe2db74975e0aa9f6fd
review_16857,division_dfe2db74975e0aa9f6fd
review_16858,division_dfe2db74975e0aa9f6fd
review_16859,division_55b19b36aa7567f7ecbf
review_16860,division_dfe2db74975e0aa9f6fd
review_16861,division_dfe2db74975e0aa9f6fd
review_16862,division_55b19b36aa7567f7ecbf
review_16863,division_dfe2db74975e0aa9f6fd
review_16864,division_dfe2db74975e0aa9f6fd
review_16865,division_dfe2db74975e0aa9f6fd
review_16866,division_dfe2db74975e0aa9f6fd
review_16867,division_dfe2db74975e0aa9f6fd
review_16868,division_dfe2db74975e0aa9f6fd
review_16869,division_dfe2db74975e0aa9f6fd
review_16870,division_dfe2db74975e0aa9f6fd
review_16871,division_dfe2db74975e0aa9f6fd
review_16872,division_dfe2db74975e0aa9f6fd
review_16873,division_dfe2db74975e0aa9f6fd
review_16874,division_dfe2db74975e0aa9f6fd
review_16875,division_dfe2db74975e0aa9f6fd
review_16876,division_dfe2db74975e0aa9f6fd
review_16877,division_dfe2db74975e0aa9f6fd
review_16878,division_dfe2db74975e0aa9f6fd
review_16879,division_dfe2db74975e0aa9f6fd
review_16880,division_dfe2db74975e0aa9f6fd
review_16881,division_dfe2db74975e0aa9f6fd
review_16882,division_dfe2db74975e0aa9f6fd
review_16883,division_dfe2db74975e0aa9f6fd
review_16884,division_dfe2db74975e0aa9f6fd
review_16885,division_dfe2db74975e0aa9f6fd
review_16886,division_dfe2db74975e0aa9f6fd
review_16887,division_55b19b36aa7567f7ecbf
review_16888,division_dfe2db74975e0aa9f6fd
review_16889,division_dfe2db74975e0aa9f6fd
review_16890,division_dfe2db74975e0aa9f6fd
review_16891,division_55b19b36aa7567f7ecbf
review_16892,division_dfe2db74975e0aa9f6fd
review_16893,division_55b19b36aa7567f7ecbf
review_16894,division_dfe2db74975e0aa9f6fd
review_16895,division_dfe2db74975e0aa9f6fd
review_16896,division_dfe2db74975e0aa9f6fd
review_16897,division_dfe2db74975e0aa9f6fd
review_16898,division_dfe2db74975e0aa9f6fd
review_16899,division_dfe2db74975e0aa9f6fd
review_16900,division_55b19b36aa7567f7ecbf
review_16901,division_dfe2db74975e0aa9f6fd
review_16902,division_dfe2db74975e0aa9f6fd
review_16903,division_55b19b36aa7567f7ecbf
review_16904,division_dfe2db74975e0aa9f6fd
review_16905,division_dfe2db74975e0aa9f6fd
review_16906,division_dfe2db74975e0aa9f6fd
review_16907,division_dfe2db74975e0aa9f6fd
review_16908,division_dfe2db74975e0aa9f6fd
review_16909,division_dfe2db74975e0aa9f6fd
review_16910,division_dfe2db74975e0aa9f6fd
review_16911,division_dfe2db74975e0aa9f6fd
review_16912,division_55b19b36aa7567f7ecbf
review_16913,division_dfe2db74975e0aa9f6fd
review_16914,division_55b19b36aa7567f7ecbf
review_16915,division_dfe2db74975e0aa9f6fd
review_16916,division_dfe2db74975e0aa9f6fd
review_16917,division_dfe2db74975e0aa9f6fd
review_16918,division_55b19b36aa7567f7ecbf
review_16919,division_dfe2db74975e0aa9f6fd
review_16920,division_55b19b36aa7567f7ecbf
review_16921,division_55b19b36aa7567f7ecbf
review_16922,division_dfe2db74975e0aa9f6fd
review_16923,division_dfe2db74975e0aa9f6fd
review_16924,division_55b19b36aa7567f7ecbf
review_16925,division_55b19b36aa7567f7ecbf
review_16926,division_dfe2db74975e0aa9f6fd
review_16927,division_dfe2db74975e0aa9f6fd
review_16928,division_dfe2db74975e0aa9f6fd
review_16929,division_55b19b36aa7567f7ecbf
review_16930,division_dfe2db74975e0aa9f6fd
review_16931,division_dfe2db74975e0aa9f6fd
review_16932,division_dfe2db74975e0aa9f6fd
review_16933,division_55b19b36aa7567f7ecbf
review_16934,division_55b19b36aa7567f7ecbf
review_16935,division_dfe2db74975e0aa9f6fd
review_16936,division_dfe2db74975e0aa9f6fd
review_16937,division_dfe2db74975e0aa9f6fd
review_16938,division_dfe2db74975e0aa9f6fd
review_16939,division_dfe2db74975e0aa9f6fd
review_16940,division_dfe2db74975e0aa9f6fd
review_16941,division_55b19b36aa7567f7ecbf
review_16942,division_dfe2db74975e0aa9f6fd
review_16943,division_dfe2db74975e0aa9f6fd
review_16944,division_dfe2db74975e0aa9f6fd
review_16945,division_dfe2db74975e0aa9f6fd
review_16946,division_dfe2db74975e0aa9f6fd
review_16947,division_55b19b36aa7567f7ecbf
review_16948,division_dfe2db74975e0aa9f6fd
review_16949,division_dfe2db74975e0aa9f6fd
review_16950,division_dfe2db74975e0aa9f6fd
review_16951,division_55b19b36aa7567f7ecbf
review_16952,division_dfe2db74975e0aa9f6fd
review_16953,division_dfe2db74975e0aa9f6fd
review_16954,division_dfe2db74975e0aa9f6fd
review_16955,division_dfe2db74975e0aa9f6fd
review_16956,division_dfe2db74975e0aa9f6fd
review_16957,division_dfe2db74975e0aa9f6fd
review_16958,division_dfe2db74975e0aa9f6fd
review_16959,division_dfe2db74975e0aa9f6fd
review_16960,division_dfe2db74975e0aa9f6fd
review_16961,division_dfe2db74975e0aa9f6fd
review_16962,division_dfe2db74975e0aa9f6fd
review_16963,division_dfe2db74975e0aa9f6fd
review_16964,division_dfe2db74975e0aa9f6fd
review_16965,division_55b19b36aa7567f7ecbf
review_16966,division_dfe2db74975e0aa9f6fd
review_16967,division_dfe2db74975e0aa9f6fd
review_16968,division_dfe2db74975e0aa9f6fd
review_16969,division_dfe2db74975e0aa9f6fd
review_16970,division_55b19b36aa7567f7ecbf
review_16971,division_dfe2db74975e0aa9f6fd
review_16972,division_dfe2db74975e0aa9f6fd
review_16973,division_dfe2db74975e0aa9f6fd
review_16974,division_dfe2db74975e0aa9f6fd
review_16975,division_dfe2db74975e0aa9f6fd
review_16976,division_dfe2db74975e0aa9f6fd
review_16977,division_55b19b36aa7567f7ecbf
review_16978,division_dfe2db74975e0aa9f6fd
review_16979,division_55b19b36aa7567f7ecbf
review_16980,division_dfe2db74975e0aa9f6fd
review_16981,division_dfe2db74975e0aa9f6fd
review_16982,division_dfe2db74975e0aa9f6fd
review_16983,division_dfe2db74975e0aa9f6fd
review_16984,division_dfe2db74975e0aa9f6fd
review_16985,division_dfe2db74975e0aa9f6fd
review_16986,division_dfe2db74975e0aa9f6fd
review_16987,division_dfe2db74975e0aa9f6fd
review_16988,division_dfe2db74975e0aa9f6fd
review_16989,division_dfe2db74975e0aa9f6fd
review_16990,division_dfe2db74975e0aa9f6fd
review_16991,division_55b19b36aa7567f7ecbf
review_16992,division_dfe2db74975e0aa9f6fd
review_16993,division_dfe2db74975e0aa9f6fd
review_16994,division_dfe2db74975e0aa9f6fd
review_16995,division_dfe2db74975e0aa9f6fd
review_16996,division_dfe2db74975e0aa9f6fd
review_16997,division_dfe2db74975e0aa9f6fd
review_16998,division_dfe2db74975e0aa9f6fd
review_16999,division_dfe2db74975e0aa9f6fd
review_17000,division_dfe2db74975e0aa9f6fd
review_17001,division_dfe2db74975e0aa9f6fd
review_17002,division_dfe2db74975e0aa9f6fd
review_17003,division_55b19b36aa7567f7ecbf
review_17004,division_dfe2db74975e0aa9f6fd
review_17005,division_dfe2db74975e0aa9f6fd
review_17006,division_dfe2db74975e0aa9f6fd
review_17007,division_dfe2db74975e0aa9f6fd
review_17008,division_dfe2db74975e0aa9f6fd
review_17009,division_dfe2db74975e0aa9f6fd
review_17010,division_dfe2db74975e0aa9f6fd
review_17011,division_dfe2db74975e0aa9f6fd
review_17012,division_dfe2db74975e0aa9f6fd
review_17013,division_dfe2db74975e0aa9f6fd
review_17014,division_dfe2db74975e0aa9f6fd
review_17015,division_dfe2db74975e0aa9f6fd
review_17016,division_dfe2db74975e0aa9f6fd
review_17017,division_dfe2db74975e0aa9f6fd
review_17018,division_dfe2db74975e0aa9f6fd
review_17019,division_dfe2db74975e0aa9f6fd
review_17020,division_dfe2db74975e0aa9f6fd
review_17021,division_dfe2db74975e0aa9f6fd
review_17022,division_55b19b36aa7567f7ecbf
review_17023,division_dfe2db74975e0aa9f6fd
review_17024,division_dfe2db74975e0aa9f6fd
review_17025,division_dfe2db74975e0aa9f6fd
review_17026,division_dfe2db74975e0aa9f6fd
review_17027,division_dfe2db74975e0aa9f6fd
review_17028,division_dfe2db74975e0aa9f6fd
review_17029,division_dfe2db74975e0aa9f6fd
review_17030,division_dfe2db74975e0aa9f6fd
review_17031,division_dfe2db74975e0aa9f6fd
review_17032,division_55b19b36aa7567f7ecbf
review_17033,division_dfe2db74975e0aa9f6fd
review_17034,division_dfe2db74975e0aa9f6fd
review_17035,division_55b19b36aa7567f7ecbf
review_17036,division_dfe2db74975e0aa9f6fd
review_17037,division_dfe2db74975e0aa9f6fd
review_17038,division_dfe2db74975e0aa9f6fd
review_17039,division_dfe2db74975e0aa9f6fd
review_17040,division_55b19b36aa7567f7ecbf
review_17041,division_dfe2db74975e0aa9f6fd
review_17042,division_dfe2db74975e0aa9f6fd
review_17043,division_dfe2db74975e0aa9f6fd
review_17044,division_dfe2db74975e0aa9f6fd
review_17045,division_dfe2db74975e0aa9f6fd
review_17046,division_55b19b36aa7567f7ecbf
review_17047,division_dfe2db74975e0aa9f6fd
review_17048,division_dfe2db74975e0aa9f6fd
review_17049,division_dfe2db74975e0aa9f6fd
review_17050,division_dfe2db74975e0aa9f6fd
review_17051,division_dfe2db74975e0aa9f6fd
review_17052,division_df561e6f16d9f3e64a28
review_17053,division_df561e6f16d9f3e64a28
review_17054,division_df561e6f16d9f3e64a28
review_17055,division_dfe2db74975e0aa9f6fd
review_17056,division_df561e6f16d9f3e64a28
review_17057,division_df561e6f16d9f3e64a28
review_17058,division_dfe2db74975e0aa9f6fd
review_17059,division_dfe2db74975e0aa9f6fd
review_17060,division_dfe2db74975e0aa9f6fd
review_17061,division_dfe2db74975e0aa9f6fd
review_17062,division_df561e6f16d9f3e64a28
review_17063,division_dfe2db74975e0aa9f6fd
review_17064,division_dfe2db74975e0aa9f6fd
review_17065,division_dfe2db74975e0aa9f6fd
review_17066,division_dfe2db74975e0aa9f6fd
review_17067,division_dfe2db74975e0aa9f6fd
review_17068,division_55b19b36aa7567f7ecbf
review_17069,division_dfe2db74975e0aa9f6fd
review_17070,division_dfe2db74975e0aa9f6fd
review_17071,division_df561e6f16d9f3e64a28
review_17072,division_dfe2db74975e0aa9f6fd
review_17073,division_dfe2db74975e0aa9f6fd
review_17074,division_dfe2db74975e0aa9f6fd
review_17075,division_dfe2db74975e0aa9f6fd
review_17076,division_dfe2db74975e0aa9f6fd
review_17077,division_dfe2db74975e0aa9f6fd
review_17078,division_dfe2db74975e0aa9f6fd
review_17079,division_df561e6f16d9f3e64a28
review_17080,division_dfe2db74975e0aa9f6fd
review_17081,division_df561e6f16d9f3e64a28
review_17082,division_df561e6f16d9f3e64a28
review_17083,division_df561e6f16d9f3e64a28
review_17084,division_dfe2db74975e0aa9f6fd
review_17085,division_dfe2db74975e0aa9f6fd
review_17086,division_dfe2db74975e0aa9f6fd
review_17087,division_dfe2db74975e0aa9f6fd
review_17088,division_dfe2db74975e0aa9f6fd
review_17089,division_dfe2db74975e0aa9f6fd
review_17090,division_dfe2db74975e0aa9f6fd
review_17091,division_df561e6f16d9f3e64a28
review_17092,division_dfe2db74975e0aa9f6fd
review_17093,division_dfe2db74975e0aa9f6fd
review_17094,division_df561e6f16d9f3e64a28
review_17095,division_df561e6f16d9f3e64a28
review_17096,division_dfe2db74975e0aa9f6fd
review_17097,division_df561e6f16d9f3e64a28
review_17098,division_dfe2db74975e0aa9f6fd
review_17099,division_dfe2db74975e0aa9f6fd
review_17100,division_df561e6f16d9f3e64a28
review_17101,division_55b19b36aa7567f7ecbf
review_17102,division_55b19b36aa7567f7ecbf
review_17103,division_dfe2db74975e0aa9f6fd
review_17104,division_df561e6f16d9f3e64a28
review_17105,division_55b19b36aa7567f7ecbf
review_17106,division_55b19b36aa7567f7ecbf
review_17107,division_55b19b36aa7567f7ecbf
review_17108,division_df561e6f16d9f3e64a28
review_17109,division_dfe2db74975e0aa9f6fd
review_17110,division_55b19b36aa7567f7ecbf
review_17111,division_55b19b36aa7567f7ecbf
review_17112,division_55b19b36aa7567f7ecbf
review_17113,division_55b19b36aa7567f7ecbf
review_17114,division_55b19b36aa7567f7ecbf
review_17115,division_dfe2db74975e0aa9f6fd
review_17116,division_55b19b36aa7567f7ecbf
review_17117,division_55b19b36aa7567f7ecbf
review_17118,division_55b19b36aa7567f7ecbf
review_17119,division_55b19b36aa7567f7ecbf
review_17120,division_55b19b36aa7567f7ecbf
review_17121,division_55b19b36aa7567f7ecbf
review_17122,division_55b19b36aa7567f7ecbf
review_17123,division_55b19b36aa7567f7ecbf
review_17124,division_55b19b36aa7567f7ecbf
review_17125,division_55b19b36aa7567f7ecbf
review_17126,division_55b19b36aa7567f7ecbf
review_17127,division_dfe2db74975e0aa9f6fd
review_17128,division_55b19b36aa7567f7ecbf
review_17129,division_55b19b36aa7567f7ecbf
review_17130,division_55b19b36aa7567f7ecbf
review_17131,division_dfe2db74975e0aa9f6fd
review_17132,division_dfe2db74975e0aa9f6fd
review_17133,division_55b19b36aa7567f7ecbf
review_17134,division_dfe2db74975e0aa9f6fd
review_17135,division_dfe2db74975e0aa9f6fd
review_17136,division_dfe2db74975e0aa9f6fd
review_17137,division_dfe2db74975e0aa9f6fd
review_17138,division_dfe2db74975e0aa9f6fd
review_17139,division_dfe2db74975e0aa9f6fd
review_17140,division_55b19b36aa7567f7ecbf
review_17141,division_55b19b36aa7567f7ecbf
review_17142,division_55b19b36aa7567f7ecbf
review_17143,division_55b19b36aa7567f7ecbf
review_17144,division_55b19b36aa7567f7ecbf
review_17145,division_55b19b36aa7567f7ecbf
review_17146,division_dfe2db74975e0aa9f6fd
review_17147,division_55b19b36aa7567f7ecbf
review_17148,division_dfe2db74975e0aa9f6fd
review_17149,division_dfe2db74975e0aa9f6fd
review_17150,division_dfe2db74975e0aa9f6fd
review_17151,division_dfe2db74975e0aa9f6fd
review_17152,division_dfe2db74975e0aa9f6fd
review_17153,division_dfe2db74975e0aa9f6fd
review_17154,division_dfe2db74975e0aa9f6fd
review_17155,division_dfe2db74975e0aa9f6fd
review_17156,division_dfe2db74975e0aa9f6fd
review_17157,division_dfe2db74975e0aa9f6fd
review_17158,division_dfe2db74975e0aa9f6fd
review_17159,division_dfe2db74975e0aa9f6fd
review_17160,division_dfe2db74975e0aa9f6fd
review_17161,division_dfe2db74975e0aa9f6fd
review_17162,division_dfe2db74975e0aa9f6fd
review_17163,division_dfe2db74975e0aa9f6fd
review_17164,division_dfe2db74975e0aa9f6fd
review_17165,division_dfe2db74975e0aa9f6fd
review_17166,division_dfe2db74975e0aa9f6fd
review_17167,division_dfe2db74975e0aa9f6fd
review_17168,division_dfe2db74975e0aa9f6fd
review_17169,division_dfe2db74975e0aa9f6fd
review_17170,division_dfe2db74975e0aa9f6fd
review_17171,division_dfe2db74975e0aa9f6fd
review_17172,division_dfe2db74975e0aa9f6fd
review_17173,division_dfe2db74975e0aa9f6fd
review_17174,division_dfe2db74975e0aa9f6fd
review_17175,division_dfe2db74975e0aa9f6fd
review_17176,division_dfe2db74975e0aa9f6fd
review_17177,division_dfe2db74975e0aa9f6fd
review_17178,division_dfe2db74975e0aa9f6fd
review_17179,division_dfe2db74975e0aa9f6fd
review_17180,division_df561e6f16d9f3e64a28
review_17181,division_dfe2db74975e0aa9f6fd
review_17182,division_dfe2db74975e0aa9f6fd
review_17183,division_df561e6f16d9f3e64a28
review_17184,division_dfe2db74975e0aa9f6fd
review_17185,division_df561e6f16d9f3e64a28
review_17186,division_dfe2db74975e0aa9f6fd
review_17187,division_dfe2db74975e0aa9f6fd
review_17188,division_dfe2db74975e0aa9f6fd
review_17189,division_dfe2db74975e0aa9f6fd
review_17190,division_55b19b36aa7567f7ecbf
review_17191,division_dfe2db74975e0aa9f6fd
review_17192,division_dfe2db74975e0aa9f6fd
review_17193,division_dfe2db74975e0aa9f6fd
review_17194,division_dfe2db74975e0aa9f6fd
review_17195,division_dfe2db74975e0aa9f6fd
review_17196,division_dfe2db74975e0aa9f6fd
review_17197,division_dfe2db74975e0aa9f6fd
review_17198,division_dfe2db74975e0aa9f6fd
review_17199,division_dfe2db74975e0aa9f6fd
review_17200,division_dfe2db74975e0aa9f6fd
review_17201,division_dfe2db74975e0aa9f6fd
review_17202,division_dfe2db74975e0aa9f6fd
review_17203,division_dfe2db74975e0aa9f6fd
review_17204,division_55b19b36aa7567f7ecbf
review_17205,division_dfe2db74975e0aa9f6fd
review_17206,division_dfe2db74975e0aa9f6fd
review_17207,division_55b19b36aa7567f7ecbf
review_17208,division_dfe2db74975e0aa9f6fd
review_17209,division_dfe2db74975e0aa9f6fd
review_17210,division_dfe2db74975e0aa9f6fd
review_17211,division_dfe2db74975e0aa9f6fd
review_17212,division_dfe2db74975e0aa9f6fd
review_17213,division_55b19b36aa7567f7ecbf
review_17214,division_dfe2db74975e0aa9f6fd
review_17215,division_55b19b36aa7567f7ecbf
review_17216,division_dfe2db74975e0aa9f6fd
review_17217,division_dfe2db74975e0aa9f6fd
review_17218,division_dfe2db74975e0aa9f6fd
review_17219,division_dfe2db74975e0aa9f6fd
review_17220,division_dfe2db74975e0aa9f6fd
review_17221,division_dfe2db74975e0aa9f6fd
review_17222,division_55b19b36aa7567f7ecbf
review_17223,division_dfe2db74975e0aa9f6fd
review_17224,division_dfe2db74975e0aa9f6fd
review_17225,division_dfe2db74975e0aa9f6fd
review_17226,division_dfe2db74975e0aa9f6fd
review_17227,division_dfe2db74975e0aa9f6fd
review_17228,division_dfe2db74975e0aa9f6fd
review_17229,division_55b19b36aa7567f7ecbf
review_17230,division_dfe2db74975e0aa9f6fd
review_17231,division_dfe2db74975e0aa9f6fd
review_17232,division_dfe2db74975e0aa9f6fd
review_17233,division_dfe2db74975e0aa9f6fd
review_17234,division_dfe2db74975e0aa9f6fd
review_17235,division_dfe2db74975e0aa9f6fd
review_17236,division_dfe2db74975e0aa9f6fd
review_17237,division_dfe2db74975e0aa9f6fd
review_17238,division_dfe2db74975e0aa9f6fd
review_17239,division_dfe2db74975e0aa9f6fd
review_17240,division_dfe2db74975e0aa9f6fd
review_17241,division_dfe2db74975e0aa9f6fd
review_17242,division_dfe2db74975e0aa9f6fd
review_17243,division_dfe2db74975e0aa9f6fd
review_17244,division_dfe2db74975e0aa9f6fd
review_17245,division_dfe2db74975e0aa9f6fd
review_17246,division_dfe2db74975e0aa9f6fd
review_17247,division_dfe2db74975e0aa9f6fd
review_17248,division_dfe2db74975e0aa9f6fd
review_17249,division_dfe2db74975e0aa9f6fd
review_17250,division_dfe2db74975e0aa9f6fd
review_17251,division_dfe2db74975e0aa9f6fd
review_17252,division_dfe2db74975e0aa9f6fd
review_17253,division_dfe2db74975e0aa9f6fd
review_17254,division_dfe2db74975e0aa9f6fd
review_17255,division_dfe2db74975e0aa9f6fd
review_17256,division_dfe2db74975e0aa9f6fd
review_17257,division_dfe2db74975e0aa9f6fd
review_17258,division_dfe2db74975e0aa9f6fd
review_17259,division_dfe2db74975e0aa9f6fd
review_17260,division_dfe2db74975e0aa9f6fd
review_17261,division_55b19b36aa7567f7ecbf
review_17262,division_dfe2db74975e0aa9f6fd
review_17263,division_df561e6f16d9f3e64a28
review_17264,division_dfe2db74975e0aa9f6fd
review_17265,division_df561e6f16d9f3e64a28
review_17266,division_dfe2db74975e0aa9f6fd
review_17267,division_dfe2db74975e0aa9f6fd
review_17268,division_dfe2db74975e0aa9f6fd
review_17269,division_df561e6f16d9f3e64a28
review_17270,division_dfe2db74975e0aa9f6fd
review_17271,division_dfe2db74975e0aa9f6fd
review_17272,division_55b19b36aa7567f7ecbf
review_17273,division_55b19b36aa7567f7ecbf
review_17274,division_dfe2db74975e0aa9f6fd
review_17275,division_55b19b36aa7567f7ecbf
review_17276,division_dfe2db74975e0aa9f6fd
review_17277,division_dfe2db74975e0aa9f6fd
review_17278,division_55b19b36aa7567f7ecbf
review_17279,division_dfe2db74975e0aa9f6fd
review_17280,division_55b19b36aa7567f7ecbf
review_17281,division_dfe2db74975e0aa9f6fd
review_17282,division_df561e6f16d9f3e64a28
review_17283,division_df561e6f16d9f3e64a28
review_17284,division_dfe2db74975e0aa9f6fd
review_17285,division_55b19b36aa7567f7ecbf
review_17286,division_dfe2db74975e0aa9f6fd
review_17287,division_dfe2db74975e0aa9f6fd
review_17288,division_dfe2db74975e0aa9f6fd
review_17289,division_dfe2db74975e0aa9f6fd
review_17290,division_dfe2db74975e0aa9f6fd
review_17291,division_dfe2db74975e0aa9f6fd
review_17292,division_dfe2db74975e0aa9f6fd
review_17293,division_dfe2db74975e0aa9f6fd
review_17294,division_dfe2db74975e0aa9f6fd
review_17295,division_dfe2db74975e0aa9f6fd
review_17296,division_dfe2db74975e0aa9f6fd
review_17297,division_dfe2db74975e0aa9f6fd
review_17298,division_dfe2db74975e0aa9f6fd
review_17299,division_dfe2db74975e0aa9f6fd
review_17300,division_dfe2db74975e0aa9f6fd
review_17301,division_df561e6f16d9f3e64a28
review_17302,division_df561e6f16d9f3e64a28
review_17303,division_dfe2db74975e0aa9f6fd
review_17304,division_dfe2db74975e0aa9f6fd
review_17305,division_dfe2db74975e0aa9f6fd
review_17306,division_dfe2db74975e0aa9f6fd
review_17307,division_dfe2db74975e0aa9f6fd
review_17308,division_55b19b36aa7567f7ecbf
review_17309,division_dfe2db74975e0aa9f6fd
review_17310,division_dfe2db74975e0aa9f6fd
review_17311,division_dfe2db74975e0aa9f6fd
review_17312,division_dfe2db74975e0aa9f6fd
review_17313,division_55b19b36aa7567f7ecbf
review_17314,division_dfe2db74975e0aa9f6fd
review_17315,division_dfe2db74975e0aa9f6fd
review_17316,division_dfe2db74975e0aa9f6fd
review_17317,division_dfe2db74975e0aa9f6fd
review_17318,division_dfe2db74975e0aa9f6fd
review_17319,division_df561e6f16d9f3e64a28
review_17320,division_dfe2db74975e0aa9f6fd
review_17321,division_dfe2db74975e0aa9f6fd
review_17322,division_dfe2db74975e0aa9f6fd
review_17323,division_df561e6f16d9f3e64a28
review_17324,division_55b19b36aa7567f7ecbf
review_17325,division_55b19b36aa7567f7ecbf
review_17326,division_55b19b36aa7567f7ecbf
review_17327,division_55b19b36aa7567f7ecbf
review_17328,division_dfe2db74975e0aa9f6fd
review_17329,division_dfe2db74975e0aa9f6fd
review_17330,division_dfe2db74975e0aa9f6fd
review_17331,division_dfe2db74975e0aa9f6fd
review_17332,division_55b19b36aa7567f7ecbf
review_17333,division_dfe2db74975e0aa9f6fd
review_17334,division_55b19b36aa7567f7ecbf
review_17335,division_dfe2db74975e0aa9f6fd
review_17336,division_55b19b36aa7567f7ecbf
review_17337,division_dfe2db74975e0aa9f6fd
review_17338,division_55b19b36aa7567f7ecbf
review_17339,division_dfe2db74975e0aa9f6fd
review_17340,division_dfe2db74975e0aa9f6fd
review_17341,division_dfe2db74975e0aa9f6fd
review_17342,division_dfe2db74975e0aa9f6fd
review_17343,division_dfe2db74975e0aa9f6fd
review_17344,division_dfe2db74975e0aa9f6fd
review_17345,division_55b19b36aa7567f7ecbf
review_17346,division_dfe2db74975e0aa9f6fd
review_17347,division_55b19b36aa7567f7ecbf
review_17348,division_dfe2db74975e0aa9f6fd
review_17349,division_dfe2db74975e0aa9f6fd
review_17350,division_dfe2db74975e0aa9f6fd
review_17351,division_dfe2db74975e0aa9f6fd
review_17352,division_55b19b36aa7567f7ecbf
review_17353,division_dfe2db74975e0aa9f6fd
review_17354,division_dfe2db74975e0aa9f6fd
review_17355,division_55b19b36aa7567f7ecbf
review_17356,division_dfe2db74975e0aa9f6fd
review_17357,division_df561e6f16d9f3e64a28
review_17358,division_55b19b36aa7567f7ecbf
review_17359,division_dfe2db74975e0aa9f6fd
review_17360,division_dfe2db74975e0aa9f6fd
review_17361,division_dfe2db74975e0aa9f6fd
review_17362,division_55b19b36aa7567f7ecbf
review_17363,division_dfe2db74975e0aa9f6fd
review_17364,division_dfe2db74975e0aa9f6fd
review_17365,division_dfe2db74975e0aa9f6fd
review_17366,division_dfe2db74975e0aa9f6fd
review_17367,division_55b19b36aa7567f7ecbf
review_17368,division_dfe2db74975e0aa9f6fd
review_17369,division_55b19b36aa7567f7ecbf
review_17370,division_55b19b36aa7567f7ecbf
review_17371,division_dfe2db74975e0aa9f6fd
review_17372,division_dfe2db74975e0aa9f6fd
review_17373,division_dfe2db74975e0aa9f6fd
review_17374,division_55b19b36aa7567f7ecbf
review_17375,division_dfe2db74975e0aa9f6fd
review_17376,division_dfe2db74975e0aa9f6fd
review_17377,division_df561e6f16d9f3e64a28
review_17378,division_dfe2db74975e0aa9f6fd
review_17379,division_dfe2db74975e0aa9f6fd
review_17380,division_dfe2db74975e0aa9f6fd
review_17381,division_dfe2db74975e0aa9f6fd
review_17382,division_dfe2db74975e0aa9f6fd
review_17383,division_dfe2db74975e0aa9f6fd
review_17384,division_dfe2db74975e0aa9f6fd
review_17385,division_dfe2db74975e0aa9f6fd
review_17386,division_dfe2db74975e0aa9f6fd
review_17387,division_dfe2db74975e0aa9f6fd
review_17388,division_dfe2db74975e0aa9f6fd
review_17389,division_dfe2db74975e0aa9f6fd
review_17390,division_dfe2db74975e0aa9f6fd
review_17391,division_55b19b36aa7567f7ecbf
review_17392,division_dfe2db74975e0aa9f6fd
review_17393,division_dfe2db74975e0aa9f6fd
review_17394,division_dfe2db74975e0aa9f6fd
review_17395,division_dfe2db74975e0aa9f6fd
review_17396,division_dfe2db74975e0aa9f6fd
review_17397,division_dfe2db74975e0aa9f6fd
review_17398,division_dfe2db74975e0aa9f6fd
review_17399,division_55b19b36aa7567f7ecbf
review_17400,division_dfe2db74975e0aa9f6fd
review_17401,division_dfe2db74975e0aa9f6fd
review_17402,division_dfe2db74975e0aa9f6fd
review_17403,division_55b19b36aa7567f7ecbf
review_17404,division_dfe2db74975e0aa9f6fd
review_17405,division_55b19b36aa7567f7ecbf
review_17406,division_55b19b36aa7567f7ecbf
review_17407,division_dfe2db74975e0aa9f6fd
review_17408,division_55b19b36aa7567f7ecbf
review_17409,division_dfe2db74975e0aa9f6fd
review_17410,division_55b19b36aa7567f7ecbf
review_17411,division_dfe2db74975e0aa9f6fd
review_17412,division_dfe2db74975e0aa9f6fd
review_17413,division_55b19b36aa7567f7ecbf
review_17414,division_dfe2db74975e0aa9f6fd
review_17415,division_dfe2db74975e0aa9f6fd
review_17416,division_dfe2db74975e0aa9f6fd
review_17417,division_55b19b36aa7567f7ecbf
review_17418,division_55b19b36aa7567f7ecbf
review_17419,division_dfe2db74975e0aa9f6fd
review_17420,division_55b19b36aa7567f7ecbf
review_17421,division_55b19b36aa7567f7ecbf
review_17422,division_df561e6f16d9f3e64a28
review_17423,division_55b19b36aa7567f7ecbf
review_17424,division_55b19b36aa7567f7ecbf
review_17425,division_dfe2db74975e0aa9f6fd
review_17426,division_dfe2db74975e0aa9f6fd
review_17427,division_55b19b36aa7567f7ecbf
review_17428,division_dfe2db74975e0aa9f6fd
review_17429,division_dfe2db74975e0aa9f6fd
review_17430,division_55b19b36aa7567f7ecbf
review_17431,division_dfe2db74975e0aa9f6fd
review_17432,division_dfe2db74975e0aa9f6fd
review_17433,division_dfe2db74975e0aa9f6fd
review_17434,division_dfe2db74975e0aa9f6fd
review_17435,division_dfe2db74975e0aa9f6fd
review_17436,division_dfe2db74975e0aa9f6fd
review_17437,division_dfe2db74975e0aa9f6fd
review_17438,division_55b19b36aa7567f7ecbf
review_17439,division_55b19b36aa7567f7ecbf
review_17440,division_55b19b36aa7567f7ecbf
review_17441,division_dfe2db74975e0aa9f6fd
review_17442,division_dfe2db74975e0aa9f6fd
review_17443,division_dfe2db74975e0aa9f6fd
review_17444,division_dfe2db74975e0aa9f6fd
review_17445,division_dfe2db74975e0aa9f6fd
review_17446,division_55b19b36aa7567f7ecbf
review_17447,division_dfe2db74975e0aa9f6fd
review_17448,division_dfe2db74975e0aa9f6fd
review_17449,division_dfe2db74975e0aa9f6fd
review_17450,division_55b19b36aa7567f7ecbf
review_17451,division_dfe2db74975e0aa9f6fd
review_17452,division_dfe2db74975e0aa9f6fd
review_17453,division_55b19b36aa7567f7ecbf
review_17454,division_dfe2db74975e0aa9f6fd
review_17455,division_55b19b36aa7567f7ecbf
review_17456,division_dfe2db74975e0aa9f6fd
review_17457,division_55b19b36aa7567f7ecbf
review_17458,division_df561e6f16d9f3e64a28
review_17459,division_dfe2db74975e0aa9f6fd
review_17460,division_55b19b36aa7567f7ecbf
review_17461,division_dfe2db74975e0aa9f6fd
review_17462,division_dfe2db74975e0aa9f6fd
review_17463,division_df561e6f16d9f3e64a28
review_17464,division_dfe2db74975e0aa9f6fd
review_17465,division_dfe2db74975e0aa9f6fd
review_17466,division_dfe2db74975e0aa9f6fd
review_17467,division_df561e6f16d9f3e64a28
review_17468,division_df561e6f16d9f3e64a28
review_17469,division_df561e6f16d9f3e64a28
review_17470,division_dfe2db74975e0aa9f6fd
review_17471,division_55b19b36aa7567f7ecbf
review_17472,division_55b19b36aa7567f7ecbf
review_17473,division_dfe2db74975e0aa9f6fd
review_17474,division_55b19b36aa7567f7ecbf
review_17475,division_dfe2db74975e0aa9f6fd
review_17476,division_dfe2db74975e0aa9f6fd
review_17477,division_dfe2db74975e0aa9f6fd
review_17478,division_dfe2db74975e0aa9f6fd
review_17479,division_dfe2db74975e0aa9f6fd
review_17480,division_dfe2db74975e0aa9f6fd
review_17481,division_dfe2db74975e0aa9f6fd
review_17482,division_55b19b36aa7567f7ecbf
review_17483,division_dfe2db74975e0aa9f6fd
review_17484,division_dfe2db74975e0aa9f6fd
review_17485,division_dfe2db74975e0aa9f6fd
review_17486,division_dfe2db74975e0aa9f6fd
review_17487,division_dfe2db74975e0aa9f6fd
review_17488,division_dfe2db74975e0aa9f6fd
review_17489,division_dfe2db74975e0aa9f6fd
review_17490,division_55b19b36aa7567f7ecbf
review_17491,division_dfe2db74975e0aa9f6fd
review_17492,division_dfe2db74975e0aa9f6fd
review_17493,division_dfe2db74975e0aa9f6fd
review_17494,division_dfe2db74975e0aa9f6fd
review_17495,division_dfe2db74975e0aa9f6fd
review_17496,division_55b19b36aa7567f7ecbf
review_17497,division_55b19b36aa7567f7ecbf
review_17498,division_55b19b36aa7567f7ecbf
review_17499,division_55b19b36aa7567f7ecbf
review_17500,division_55b19b36aa7567f7ecbf
review_17501,division_55b19b36aa7567f7ecbf
review_17502,division_55b19b36aa7567f7ecbf
review_17503,division_55b19b36aa7567f7ecbf
review_17504,division_55b19b36aa7567f7ecbf
review_17505,division_dfe2db74975e0aa9f6fd
review_17506,division_dfe2db74975e0aa9f6fd
review_17507,division_dfe2db74975e0aa9f6fd
review_17508,division_55b19b36aa7567f7ecbf
review_17509,division_dfe2db74975e0aa9f6fd
review_17510,division_55b19b36aa7567f7ecbf
review_17511,division_55b19b36aa7567f7ecbf
review_17512,division_55b19b36aa7567f7ecbf
review_17513,division_55b19b36aa7567f7ecbf
review_17514,division_55b19b36aa7567f7ecbf
review_17515,division_dfe2db74975e0aa9f6fd
review_17516,division_dfe2db74975e0aa9f6fd
review_17517,division_55b19b36aa7567f7ecbf
review_17518,division_55b19b36aa7567f7ecbf
review_17519,division_55b19b36aa7567f7ecbf
review_17520,division_dfe2db74975e0aa9f6fd
review_17521,division_dfe2db74975e0aa9f6fd
review_17522,division_55b19b36aa7567f7ecbf
review_17523,division_dfe2db74975e0aa9f6fd
review_17524,division_55b19b36aa7567f7ecbf
review_17525,division_55b19b36aa7567f7ecbf
review_17526,division_dfe2db74975e0aa9f6fd
review_17527,division_55b19b36aa7567f7ecbf
review_17528,division_55b19b36aa7567f7ecbf
review_17529,division_55b19b36aa7567f7ecbf
review_17530,division_55b19b36aa7567f7ecbf
review_17531,division_dfe2db74975e0aa9f6fd
review_17532,division_55b19b36aa7567f7ecbf
review_17533,division_dfe2db74975e0aa9f6fd
review_17534,division_dfe2db74975e0aa9f6fd
review_17535,division_55b19b36aa7567f7ecbf
review_17536,division_55b19b36aa7567f7ecbf
review_17537,division_dfe2db74975e0aa9f6fd
review_17538,division_55b19b36aa7567f7ecbf
review_17539,division_55b19b36aa7567f7ecbf
review_17540,division_55b19b36aa7567f7ecbf
review_17541,division_dfe2db74975e0aa9f6fd
review_17542,division_55b19b36aa7567f7ecbf
review_17543,division_dfe2db74975e0aa9f6fd
review_17544,division_55b19b36aa7567f7ecbf
review_17545,division_dfe2db74975e0aa9f6fd
review_17546,division_dfe2db74975e0aa9f6fd
review_17547,division_dfe2db74975e0aa9f6fd
review_17548,division_dfe2db74975e0aa9f6fd
review_17549,division_dfe2db74975e0aa9f6fd
review_17550,division_dfe2db74975e0aa9f6fd
review_17551,division_dfe2db74975e0aa9f6fd
review_17552,division_dfe2db74975e0aa9f6fd
review_17553,division_dfe2db74975e0aa9f6fd
review_17554,division_dfe2db74975e0aa9f6fd
review_17555,division_dfe2db74975e0aa9f6fd
review_17556,division_55b19b36aa7567f7ecbf
review_17557,division_dfe2db74975e0aa9f6fd
review_17558,division_dfe2db74975e0aa9f6fd
review_17559,division_dfe2db74975e0aa9f6fd
review_17560,division_dfe2db74975e0aa9f6fd
review_17561,division_df561e6f16d9f3e64a28
review_17562,division_dfe2db74975e0aa9f6fd
review_17563,division_dfe2db74975e0aa9f6fd
review_17564,division_dfe2db74975e0aa9f6fd
review_17565,division_dfe2db74975e0aa9f6fd
review_17566,division_dfe2db74975e0aa9f6fd
review_17567,division_dfe2db74975e0aa9f6fd
review_17568,division_dfe2db74975e0aa9f6fd
review_17569,division_dfe2db74975e0aa9f6fd
review_17570,division_dfe2db74975e0aa9f6fd
review_17571,division_dfe2db74975e0aa9f6fd
review_17572,division_dfe2db74975e0aa9f6fd
review_17573,division_dfe2db74975e0aa9f6fd
review_17574,division_dfe2db74975e0aa9f6fd
review_17575,division_dfe2db74975e0aa9f6fd
review_17576,division_dfe2db74975e0aa9f6fd
review_17577,division_dfe2db74975e0aa9f6fd
review_17578,division_dfe2db74975e0aa9f6fd
review_17579,division_55b19b36aa7567f7ecbf
review_17580,division_dfe2db74975e0aa9f6fd
review_17581,division_dfe2db74975e0aa9f6fd
review_17582,division_55b19b36aa7567f7ecbf
review_17583,division_dfe2db74975e0aa9f6fd
review_17584,division_dfe2db74975e0aa9f6fd
review_17585,division_dfe2db74975e0aa9f6fd
review_17586,division_dfe2db74975e0aa9f6fd
review_17587,division_55b19b36aa7567f7ecbf
review_17588,division_dfe2db74975e0aa9f6fd
review_17589,division_55b19b36aa7567f7ecbf
review_17590,division_dfe2db74975e0aa9f6fd
review_17591,division_dfe2db74975e0aa9f6fd
review_17592,division_dfe2db74975e0aa9f6fd
review_17593,division_dfe2db74975e0aa9f6fd
review_17594,division_dfe2db74975e0aa9f6fd
review_17595,division_dfe2db74975e0aa9f6fd
review_17596,division_dfe2db74975e0aa9f6fd
review_17597,division_55b19b36aa7567f7ecbf
review_17598,division_dfe2db74975e0aa9f6fd
review_17599,division_dfe2db74975e0aa9f6fd
review_17600,division_55b19b36aa7567f7ecbf
review_17601,division_dfe2db74975e0aa9f6fd
review_17602,division_55b19b36aa7567f7ecbf
review_17603,division_df561e6f16d9f3e64a28
review_17604,division_df561e6f16d9f3e64a28
review_17605,division_55b19b36aa7567f7ecbf
review_17606,division_df561e6f16d9f3e64a28
review_17607,division_dfe2db74975e0aa9f6fd
review_17608,division_df561e6f16d9f3e64a28
review_17609,division_55b19b36aa7567f7ecbf
review_17610,division_dfe2db74975e0aa9f6fd
review_17611,division_dfe2db74975e0aa9f6fd
review_17612,division_df561e6f16d9f3e64a28
review_17613,division_dfe2db74975e0aa9f6fd
review_17614,division_dfe2db74975e0aa9f6fd
review_17615,division_dfe2db74975e0aa9f6fd
review_17616,division_dfe2db74975e0aa9f6fd
review_17617,division_55b19b36aa7567f7ecbf
review_17618,division_dfe2db74975e0aa9f6fd
review_17619,division_dfe2db74975e0aa9f6fd
review_17620,division_dfe2db74975e0aa9f6fd
review_17621,division_dfe2db74975e0aa9f6fd
review_17622,division_dfe2db74975e0aa9f6fd
review_17623,division_dfe2db74975e0aa9f6fd
review_17624,division_dfe2db74975e0aa9f6fd
review_17625,division_dfe2db74975e0aa9f6fd
review_17626,division_dfe2db74975e0aa9f6fd
review_17627,division_dfe2db74975e0aa9f6fd
review_17628,division_dfe2db74975e0aa9f6fd
review_17629,division_dfe2db74975e0aa9f6fd
review_17630,division_df561e6f16d9f3e64a28
review_17631,division_dfe2db74975e0aa9f6fd
review_17632,division_dfe2db74975e0aa9f6fd
review_17633,division_dfe2db74975e0aa9f6fd
review_17634,division_55b19b36aa7567f7ecbf
review_17635,division_dfe2db74975e0aa9f6fd
review_17636,division_dfe2db74975e0aa9f6fd
review_17637,division_55b19b36aa7567f7ecbf
review_17638,division_55b19b36aa7567f7ecbf
review_17639,division_55b19b36aa7567f7ecbf
review_17640,division_dfe2db74975e0aa9f6fd
review_17641,division_dfe2db74975e0aa9f6fd
review_17642,division_dfe2db74975e0aa9f6fd
review_17643,division_dfe2db74975e0aa9f6fd
review_17644,division_dfe2db74975e0aa9f6fd
review_17645,division_dfe2db74975e0aa9f6fd
review_17646,division_df561e6f16d9f3e64a28
review_17647,division_55b19b36aa7567f7ecbf
review_17648,division_dfe2db74975e0aa9f6fd
review_17649,division_dfe2db74975e0aa9f6fd
review_17650,division_dfe2db74975e0aa9f6fd
review_17651,division_dfe2db74975e0aa9f6fd
review_17652,division_dfe2db74975e0aa9f6fd
review_17653,division_dfe2db74975e0aa9f6fd
review_17654,division_dfe2db74975e0aa9f6fd
review_17655,division_dfe2db74975e0aa9f6fd
review_17656,division_55b19b36aa7567f7ecbf
review_17657,division_dfe2db74975e0aa9f6fd
review_17658,division_df561e6f16d9f3e64a28
review_17659,division_55b19b36aa7567f7ecbf
review_17660,division_dfe2db74975e0aa9f6fd
review_17661,division_55b19b36aa7567f7ecbf
review_17662,division_55b19b36aa7567f7ecbf
review_17663,division_55b19b36aa7567f7ecbf
review_17664,division_dfe2db74975e0aa9f6fd
review_17665,division_dfe2db74975e0aa9f6fd
review_17666,division_55b19b36aa7567f7ecbf
review_17667,division_55b19b36aa7567f7ecbf
review_17668,division_dfe2db74975e0aa9f6fd
review_17669,division_55b19b36aa7567f7ecbf
review_17670,division_55b19b36aa7567f7ecbf
review_17671,division_55b19b36aa7567f7ecbf
review_17672,division_55b19b36aa7567f7ecbf
review_17673,division_dfe2db74975e0aa9f6fd
review_17674,division_55b19b36aa7567f7ecbf
review_17675,division_dfe2db74975e0aa9f6fd
review_17676,division_55b19b36aa7567f7ecbf
review_17677,division_dfe2db74975e0aa9f6fd
review_17678,division_dfe2db74975e0aa9f6fd
review_17679,division_df561e6f16d9f3e64a28
review_17680,division_dfe2db74975e0aa9f6fd
review_17681,division_df561e6f16d9f3e64a28
review_17682,division_df561e6f16d9f3e64a28
review_17683,division_dfe2db74975e0aa9f6fd
review_17684,division_dfe2db74975e0aa9f6fd
review_17685,division_dfe2db74975e0aa9f6fd
review_17686,division_dfe2db74975e0aa9f6fd
review_17687,division_dfe2db74975e0aa9f6fd
review_17688,division_dfe2db74975e0aa9f6fd
review_17689,division_df561e6f16d9f3e64a28
review_17690,division_dfe2db74975e0aa9f6fd
review_17691,division_dfe2db74975e0aa9f6fd
review_17692,division_dfe2db74975e0aa9f6fd
review_17693,division_dfe2db74975e0aa9f6fd
review_17694,division_dfe2db74975e0aa9f6fd
review_17695,division_dfe2db74975e0aa9f6fd
review_17696,division_dfe2db74975e0aa9f6fd
review_17697,division_dfe2db74975e0aa9f6fd
review_17698,division_dfe2db74975e0aa9f6fd
review_17699,division_df561e6f16d9f3e64a28
review_17700,division_dfe2db74975e0aa9f6fd
review_17701,division_df561e6f16d9f3e64a28
review_17702,division_df561e6f16d9f3e64a28
review_17703,division_dfe2db74975e0aa9f6fd
review_17704,division_dfe2db74975e0aa9f6fd
review_17705,division_dfe2db74975e0aa9f6fd
review_17706,division_df561e6f16d9f3e64a28
review_17707,division_dfe2db74975e0aa9f6fd
review_17708,division_dfe2db74975e0aa9f6fd
review_17709,division_dfe2db74975e0aa9f6fd
review_17710,division_df561e6f16d9f3e64a28
review_17711,division_dfe2db74975e0aa9f6fd
review_17712,division_df561e6f16d9f3e64a28
review_17713,division_dfe2db74975e0aa9f6fd
review_17714,division_55b19b36aa7567f7ecbf
review_17715,division_55b19b36aa7567f7ecbf
review_17716,division_55b19b36aa7567f7ecbf
review_17717,division_55b19b36aa7567f7ecbf
review_17718,division_dfe2db74975e0aa9f6fd
review_17719,division_55b19b36aa7567f7ecbf
review_17720,division_dfe2db74975e0aa9f6fd
review_17721,division_55b19b36aa7567f7ecbf
review_17722,division_55b19b36aa7567f7ecbf
review_17723,division_dfe2db74975e0aa9f6fd
review_17724,division_dfe2db74975e0aa9f6fd
review_17725,division_55b19b36aa7567f7ecbf
review_17726,division_dfe2db74975e0aa9f6fd
review_17727,division_55b19b36aa7567f7ecbf
review_17728,division_55b19b36aa7567f7ecbf
review_17729,division_dfe2db74975e0aa9f6fd
review_17730,division_dfe2db74975e0aa9f6fd
review_17731,division_dfe2db74975e0aa9f6fd
review_17732,division_dfe2db74975e0aa9f6fd
review_17733,division_dfe2db74975e0aa9f6fd
review_17734,division_dfe2db74975e0aa9f6fd
review_17735,division_dfe2db74975e0aa9f6fd
review_17736,division_55b19b36aa7567f7ecbf
review_17737,division_dfe2db74975e0aa9f6fd
review_17738,division_dfe2db74975e0aa9f6fd
review_17739,division_55b19b36aa7567f7ecbf
review_17740,division_dfe2db74975e0aa9f6fd
review_17741,division_dfe2db74975e0aa9f6fd
review_17742,division_dfe2db74975e0aa9f6fd
review_17743,division_dfe2db74975e0aa9f6fd
review_17744,division_dfe2db74975e0aa9f6fd
review_17745,division_dfe2db74975e0aa9f6fd
review_17746,division_dfe2db74975e0aa9f6fd
review_17747,division_dfe2db74975e0aa9f6fd
review_17748,division_55b19b36aa7567f7ecbf
review_17749,division_dfe2db74975e0aa9f6fd
review_17750,division_dfe2db74975e0aa9f6fd
review_17751,division_dfe2db74975e0aa9f6fd
review_17752,division_dfe2db74975e0aa9f6fd
review_17753,division_55b19b36aa7567f7ecbf
review_17754,division_dfe2db74975e0aa9f6fd
review_17755,division_dfe2db74975e0aa9f6fd
review_17756,division_dfe2db74975e0aa9f6fd
review_17757,division_dfe2db74975e0aa9f6fd
review_17758,division_df561e6f16d9f3e64a28
review_17759,division_55b19b36aa7567f7ecbf
review_17760,division_dfe2db74975e0aa9f6fd
review_17761,division_55b19b36aa7567f7ecbf
review_17762,division_dfe2db74975e0aa9f6fd
review_17763,division_dfe2db74975e0aa9f6fd
review_17764,division_55b19b36aa7567f7ecbf
review_17765,division_dfe2db74975e0aa9f6fd
review_17766,division_dfe2db74975e0aa9f6fd
review_17767,division_55b19b36aa7567f7ecbf
review_17768,division_dfe2db74975e0aa9f6fd
review_17769,division_dfe2db74975e0aa9f6fd
review_17770,division_dfe2db74975e0aa9f6fd
review_17771,division_dfe2db74975e0aa9f6fd
review_17772,division_dfe2db74975e0aa9f6fd
review_17773,division_dfe2db74975e0aa9f6fd
review_17774,division_dfe2db74975e0aa9f6fd
review_17775,division_55b19b36aa7567f7ecbf
review_17776,division_dfe2db74975e0aa9f6fd
review_17777,division_55b19b36aa7567f7ecbf
review_17778,division_dfe2db74975e0aa9f6fd
review_17779,division_dfe2db74975e0aa9f6fd
review_17780,division_dfe2db74975e0aa9f6fd
review_17781,division_dfe2db74975e0aa9f6fd
review_17782,division_dfe2db74975e0aa9f6fd
review_17783,division_dfe2db74975e0aa9f6fd
review_17784,division_dfe2db74975e0aa9f6fd
review_17785,division_df561e6f16d9f3e64a28
review_17786,division_dfe2db74975e0aa9f6fd
review_17787,division_dfe2db74975e0aa9f6fd
review_17788,division_55b19b36aa7567f7ecbf
review_17789,division_dfe2db74975e0aa9f6fd
review_17790,division_55b19b36aa7567f7ecbf
review_17791,division_dfe2db74975e0aa9f6fd
review_17792,division_dfe2db74975e0aa9f6fd
review_17793,division_dfe2db74975e0aa9f6fd
review_17794,division_dfe2db74975e0aa9f6fd
review_17795,division_55b19b36aa7567f7ecbf
review_17796,division_df561e6f16d9f3e64a28
review_17797,division_55b19b36aa7567f7ecbf
review_17798,division_55b19b36aa7567f7ecbf
review_17799,division_dfe2db74975e0aa9f6fd
review_17800,division_dfe2db74975e0aa9f6fd
review_17801,division_dfe2db74975e0aa9f6fd
review_17802,division_55b19b36aa7567f7ecbf
review_17803,division_df561e6f16d9f3e64a28
review_17804,division_55b19b36aa7567f7ecbf
review_17805,division_55b19b36aa7567f7ecbf
review_17806,division_dfe2db74975e0aa9f6fd
review_17807,division_55b19b36aa7567f7ecbf
review_17808,division_dfe2db74975e0aa9f6fd
review_17809,division_dfe2db74975e0aa9f6fd
review_17810,division_dfe2db74975e0aa9f6fd
review_17811,division_55b19b36aa7567f7ecbf
review_17812,division_dfe2db74975e0aa9f6fd
review_17813,division_dfe2db74975e0aa9f6fd
review_17814,division_dfe2db74975e0aa9f6fd
review_17815,division_55b19b36aa7567f7ecbf
review_17816,division_dfe2db74975e0aa9f6fd
review_17817,division_dfe2db74975e0aa9f6fd
review_17818,division_55b19b36aa7567f7ecbf
review_17819,division_dfe2db74975e0aa9f6fd
review_17820,division_df561e6f16d9f3e64a28
review_17821,division_55b19b36aa7567f7ecbf
review_17822,division_df561e6f16d9f3e64a28
review_17823,division_dfe2db74975e0aa9f6fd
review_17824,division_df561e6f16d9f3e64a28
review_17825,division_55b19b36aa7567f7ecbf
review_17826,division_dfe2db74975e0aa9f6fd
review_17827,division_55b19b36aa7567f7ecbf
review_17828,division_dfe2db74975e0aa9f6fd
review_17829,division_55b19b36aa7567f7ecbf
review_17830,division_df561e6f16d9f3e64a28
review_17831,division_dfe2db74975e0aa9f6fd
review_17832,division_55b19b36aa7567f7ecbf
review_17833,division_dfe2db74975e0aa9f6fd
review_17834,division_df561e6f16d9f3e64a28
review_17835,division_55b19b36aa7567f7ecbf
review_17836,division_dfe2db74975e0aa9f6fd
review_17837,division_dfe2db74975e0aa9f6fd
review_17838,division_dfe2db74975e0aa9f6fd
review_17839,division_dfe2db74975e0aa9f6fd
review_17840,division_dfe2db74975e0aa9f6fd
review_17841,division_55b19b36aa7567f7ecbf
review_17842,division_dfe2db74975e0aa9f6fd
review_17843,division_df561e6f16d9f3e64a28
review_17844,division_dfe2db74975e0aa9f6fd
review_17845,division_55b19b36aa7567f7ecbf
review_17846,division_dfe2db74975e0aa9f6fd
review_17847,division_55b19b36aa7567f7ecbf
review_17848,division_dfe2db74975e0aa9f6fd
review_17849,division_dfe2db74975e0aa9f6fd
review_17850,division_dfe2db74975e0aa9f6fd
review_17851,division_df561e6f16d9f3e64a28
review_17852,division_dfe2db74975e0aa9f6fd
review_17853,division_dfe2db74975e0aa9f6fd
review_17854,division_55b19b36aa7567f7ecbf
review_17855,division_dfe2db74975e0aa9f6fd
review_17856,division_df561e6f16d9f3e64a28
review_17857,division_55b19b36aa7567f7ecbf
review_17858,division_dfe2db74975e0aa9f6fd
review_17859,division_dfe2db74975e0aa9f6fd
review_17860,division_55b19b36aa7567f7ecbf
review_17861,division_dfe2db74975e0aa9f6fd
review_17862,division_55b19b36aa7567f7ecbf
review_17863,division_df561e6f16d9f3e64a28
review_17864,division_dfe2db74975e0aa9f6fd
review_17865,division_df561e6f16d9f3e64a28
review_17866,division_55b19b36aa7567f7ecbf
review_17867,division_dfe2db74975e0aa9f6fd
review_17868,division_dfe2db74975e0aa9f6fd
review_17869,division_dfe2db74975e0aa9f6fd
review_17870,division_dfe2db74975e0aa9f6fd
review_17871,division_dfe2db74975e0aa9f6fd
review_17872,division_dfe2db74975e0aa9f6fd
review_17873,division_dfe2db74975e0aa9f6fd
review_17874,division_dfe2db74975e0aa9f6fd
review_17875,division_dfe2db74975e0aa9f6fd
review_17876,division_dfe2db74975e0aa9f6fd
review_17877,division_dfe2db74975e0aa9f6fd
review_17878,division_55b19b36aa7567f7ecbf
review_17879,division_dfe2db74975e0aa9f6fd
review_17880,division_55b19b36aa7567f7ecbf
review_17881,division_dfe2db74975e0aa9f6fd
review_17882,division_55b19b36aa7567f7ecbf
review_17883,division_dfe2db74975e0aa9f6fd
review_17884,division_dfe2db74975e0aa9f6fd
review_17885,division_dfe2db74975e0aa9f6fd
review_17886,division_dfe2db74975e0aa9f6fd
review_17887,division_55b19b36aa7567f7ecbf
review_17888,division_55b19b36aa7567f7ecbf
review_17889,division_dfe2db74975e0aa9f6fd
review_17890,division_dfe2db74975e0aa9f6fd
review_17891,division_dfe2db74975e0aa9f6fd
review_17892,division_df561e6f16d9f3e64a28
review_17893,division_55b19b36aa7567f7ecbf
review_17894,division_dfe2db74975e0aa9f6fd
review_17895,division_dfe2db74975e0aa9f6fd
review_17896,division_55b19b36aa7567f7ecbf
review_17897,division_dfe2db74975e0aa9f6fd
review_17898,division_55b19b36aa7567f7ecbf
review_17899,division_dfe2db74975e0aa9f6fd
review_17900,division_dfe2db74975e0aa9f6fd
review_17901,division_55b19b36aa7567f7ecbf
review_17902,division_dfe2db74975e0aa9f6fd
review_17903,division_55b19b36aa7567f7ecbf
review_17904,division_dfe2db74975e0aa9f6fd
review_17905,division_55b19b36aa7567f7ecbf
review_17906,division_dfe2db74975e0aa9f6fd
review_17907,division_55b19b36aa7567f7ecbf
review_17908,division_dfe2db74975e0aa9f6fd
review_17909,division_dfe2db74975e0aa9f6fd
review_17910,division_dfe2db74975e0aa9f6fd
review_17911,division_dfe2db74975e0aa9f6fd
review_17912,division_55b19b36aa7567f7ecbf
review_17913,division_dfe2db74975e0aa9f6fd
review_17914,division_55b19b36aa7567f7ecbf
review_17915,division_dfe2db74975e0aa9f6fd
review_17916,division_55b19b36aa7567f7ecbf
review_17917,division_55b19b36aa7567f7ecbf
review_17918,division_55b19b36aa7567f7ecbf
review_17919,division_55b19b36aa7567f7ecbf
review_17920,division_df561e6f16d9f3e64a28
review_17921,division_dfe2db74975e0aa9f6fd
review_17922,division_55b19b36aa7567f7ecbf
review_17923,division_55b19b36aa7567f7ecbf
review_17924,division_55b19b36aa7567f7ecbf
review_17925,division_df561e6f16d9f3e64a28
review_17926,division_55b19b36aa7567f7ecbf
review_17927,division_dfe2db74975e0aa9f6fd
review_17928,division_55b19b36aa7567f7ecbf
review_17929,division_55b19b36aa7567f7ecbf
review_17930,division_dfe2db74975e0aa9f6fd
review_17931,division_55b19b36aa7567f7ecbf
review_17932,division_55b19b36aa7567f7ecbf
review_17933,division_55b19b36aa7567f7ecbf
review_17934,division_55b19b36aa7567f7ecbf
review_17935,division_55b19b36aa7567f7ecbf
review_17936,division_55b19b36aa7567f7ecbf
review_17937,division_dfe2db74975e0aa9f6fd
review_17938,division_55b19b36aa7567f7ecbf
review_17939,division_55b19b36aa7567f7ecbf
review_17940,division_55b19b36aa7567f7ecbf
review_17941,division_dfe2db74975e0aa9f6fd
review_17942,division_55b19b36aa7567f7ecbf
review_17943,division_dfe2db74975e0aa9f6fd
review_17944,division_55b19b36aa7567f7ecbf
review_17945,division_dfe2db74975e0aa9f6fd
review_17946,division_dfe2db74975e0aa9f6fd
review_17947,division_55b19b36aa7567f7ecbf
review_17948,division_55b19b36aa7567f7ecbf
review_17949,division_55b19b36aa7567f7ecbf
review_17950,division_55b19b36aa7567f7ecbf
review_17951,division_55b19b36aa7567f7ecbf
review_17952,division_55b19b36aa7567f7ecbf
review_17953,division_dfe2db74975e0aa9f6fd
review_17954,division_55b19b36aa7567f7ecbf
review_17955,division_55b19b36aa7567f7ecbf
review_17956,division_55b19b36aa7567f7ecbf
review_17957,division_dfe2db74975e0aa9f6fd
review_17958,division_dfe2db74975e0aa9f6fd
review_17959,division_dfe2db74975e0aa9f6fd
review_17960,division_55b19b36aa7567f7ecbf
review_17961,division_dfe2db74975e0aa9f6fd
review_17962,division_55b19b36aa7567f7ecbf
review_17963,division_dfe2db74975e0aa9f6fd
review_17964,division_dfe2db74975e0aa9f6fd
review_17965,division_dfe2db74975e0aa9f6fd
review_17966,division_55b19b36aa7567f7ecbf
review_17967,division_dfe2db74975e0aa9f6fd
review_17968,division_dfe2db74975e0aa9f6fd
review_17969,division_55b19b36aa7567f7ecbf
review_17970,division_55b19b36aa7567f7ecbf
review_17971,division_55b19b36aa7567f7ecbf
review_17972,division_dfe2db74975e0aa9f6fd
review_17973,division_55b19b36aa7567f7ecbf
review_17974,division_dfe2db74975e0aa9f6fd
review_17975,division_55b19b36aa7567f7ecbf
review_17976,division_55b19b36aa7567f7ecbf
review_17977,division_55b19b36aa7567f7ecbf
review_17978,division_dfe2db74975e0aa9f6fd
review_17979,division_dfe2db74975e0aa9f6fd
review_17980,division_df561e6f16d9f3e64a28
review_17981,division_dfe2db74975e0aa9f6fd
review_17982,division_dfe2db74975e0aa9f6fd
review_17983,division_dfe2db74975e0aa9f6fd
review_17984,division_dfe2db74975e0aa9f6fd
review_17985,division_dfe2db74975e0aa9f6fd
review_17986,division_55b19b36aa7567f7ecbf
review_17987,division_dfe2db74975e0aa9f6fd
review_17988,division_dfe2db74975e0aa9f6fd
review_17989,division_55b19b36aa7567f7ecbf
review_17990,division_dfe2db74975e0aa9f6fd
review_17991,division_55b19b36aa7567f7ecbf
review_17992,division_55b19b36aa7567f7ecbf
review_17993,division_55b19b36aa7567f7ecbf
review_17994,division_dfe2db74975e0aa9f6fd
review_17995,division_dfe2db74975e0aa9f6fd
review_17996,division_dfe2db74975e0aa9f6fd
review_17997,division_dfe2db74975e0aa9f6fd
review_17998,division_dfe2db74975e0aa9f6fd
review_17999,division_dfe2db74975e0aa9f6fd
review_18000,division_55b19b36aa7567f7ecbf
review_18001,division_dfe2db74975e0aa9f6fd
review_18002,division_dfe2db74975e0aa9f6fd
review_18003,division_55b19b36aa7567f7ecbf
review_18004,division_55b19b36aa7567f7ecbf
review_18005,division_dfe2db74975e0aa9f6fd
review_18006,division_dfe2db74975e0aa9f6fd
review_18007,division_dfe2db74975e0aa9f6fd
review_18008,division_dfe2db74975e0aa9f6fd
review_18009,division_55b19b36aa7567f7ecbf
review_18010,division_55b19b36aa7567f7ecbf
review_18011,division_dfe2db74975e0aa9f6fd
review_18012,division_dfe2db74975e0aa9f6fd
review_18013,division_dfe2db74975e0aa9f6fd
review_18014,division_df561e6f16d9f3e64a28
review_18015,division_55b19b36aa7567f7ecbf
review_18016,division_dfe2db74975e0aa9f6fd
review_18017,division_dfe2db74975e0aa9f6fd
review_18018,division_dfe2db74975e0aa9f6fd
review_18019,division_55b19b36aa7567f7ecbf
review_18020,division_dfe2db74975e0aa9f6fd
review_18021,division_dfe2db74975e0aa9f6fd
review_18022,division_dfe2db74975e0aa9f6fd
review_18023,division_dfe2db74975e0aa9f6fd
review_18024,division_dfe2db74975e0aa9f6fd
review_18025,division_df561e6f16d9f3e64a28
review_18026,division_dfe2db74975e0aa9f6fd
review_18027,division_df561e6f16d9f3e64a28
review_18028,division_55b19b36aa7567f7ecbf
review_18029,division_55b19b36aa7567f7ecbf
review_18030,division_df561e6f16d9f3e64a28
review_18031,division_dfe2db74975e0aa9f6fd
review_18032,division_55b19b36aa7567f7ecbf
review_18033,division_55b19b36aa7567f7ecbf
review_18034,division_dfe2db74975e0aa9f6fd
review_18035,division_55b19b36aa7567f7ecbf
review_18036,division_dfe2db74975e0aa9f6fd
review_18037,division_dfe2db74975e0aa9f6fd
review_18038,division_dfe2db74975e0aa9f6fd
review_18039,division_dfe2db74975e0aa9f6fd
review_18040,division_dfe2db74975e0aa9f6fd
review_18041,division_df561e6f16d9f3e64a28
review_18042,division_55b19b36aa7567f7ecbf
review_18043,division_55b19b36aa7567f7ecbf
review_18044,division_dfe2db74975e0aa9f6fd
review_18045,division_55b19b36aa7567f7ecbf
review_18046,division_dfe2db74975e0aa9f6fd
review_18047,division_55b19b36aa7567f7ecbf
review_18048,division_55b19b36aa7567f7ecbf
review_18049,division_dfe2db74975e0aa9f6fd
review_18050,division_dfe2db74975e0aa9f6fd
review_18051,division_dfe2db74975e0aa9f6fd
review_18052,division_55b19b36aa7567f7ecbf
review_18053,division_df561e6f16d9f3e64a28
review_18054,division_dfe2db74975e0aa9f6fd
review_18055,division_dfe2db74975e0aa9f6fd
review_18056,division_dfe2db74975e0aa9f6fd
review_18057,division_dfe2db74975e0aa9f6fd
review_18058,division_dfe2db74975e0aa9f6fd
review_18059,division_dfe2db74975e0aa9f6fd
review_18060,division_55b19b36aa7567f7ecbf
review_18061,division_55b19b36aa7567f7ecbf
review_18062,division_dfe2db74975e0aa9f6fd
review_18063,division_55b19b36aa7567f7ecbf
review_18064,division_55b19b36aa7567f7ecbf
review_18065,division_dfe2db74975e0aa9f6fd
review_18066,division_dfe2db74975e0aa9f6fd
review_18067,division_55b19b36aa7567f7ecbf
review_18068,division_dfe2db74975e0aa9f6fd
review_18069,division_dfe2db74975e0aa9f6fd
review_18070,division_dfe2db74975e0aa9f6fd
review_18071,division_dfe2db74975e0aa9f6fd
review_18072,division_dfe2db74975e0aa9f6fd
review_18073,division_dfe2db74975e0aa9f6fd
review_18074,division_dfe2db74975e0aa9f6fd
review_18075,division_dfe2db74975e0aa9f6fd
review_18076,division_dfe2db74975e0aa9f6fd
review_18077,division_dfe2db74975e0aa9f6fd
review_18078,division_dfe2db74975e0aa9f6fd
review_18079,division_dfe2db74975e0aa9f6fd
review_18080,division_55b19b36aa7567f7ecbf
review_18081,division_dfe2db74975e0aa9f6fd
review_18082,division_dfe2db74975e0aa9f6fd
review_18083,division_dfe2db74975e0aa9f6fd
review_18084,division_dfe2db74975e0aa9f6fd
review_18085,division_dfe2db74975e0aa9f6fd
review_18086,division_dfe2db74975e0aa9f6fd
review_18087,division_dfe2db74975e0aa9f6fd
review_18088,division_dfe2db74975e0aa9f6fd
review_18089,division_dfe2db74975e0aa9f6fd
review_18090,division_dfe2db74975e0aa9f6fd
review_18091,division_dfe2db74975e0aa9f6fd
review_18092,division_df561e6f16d9f3e64a28
review_18093,division_dfe2db74975e0aa9f6fd
review_18094,division_dfe2db74975e0aa9f6fd
review_18095,division_dfe2db74975e0aa9f6fd
review_18096,division_dfe2db74975e0aa9f6fd
review_18097,division_55b19b36aa7567f7ecbf
review_18098,division_55b19b36aa7567f7ecbf
review_18099,division_55b19b36aa7567f7ecbf
review_18100,division_dfe2db74975e0aa9f6fd
review_18101,division_dfe2db74975e0aa9f6fd
review_18102,division_dfe2db74975e0aa9f6fd
review_18103,division_dfe2db74975e0aa9f6fd
review_18104,division_dfe2db74975e0aa9f6fd
review_18105,division_dfe2db74975e0aa9f6fd
review_18106,division_dfe2db74975e0aa9f6fd
review_18107,division_dfe2db74975e0aa9f6fd
review_18108,division_55b19b36aa7567f7ecbf
review_18109,division_dfe2db74975e0aa9f6fd
review_18110,division_dfe2db74975e0aa9f6fd
review_18111,division_dfe2db74975e0aa9f6fd
review_18112,division_55b19b36aa7567f7ecbf
review_18113,division_55b19b36aa7567f7ecbf
review_18114,division_55b19b36aa7567f7ecbf
review_18115,division_55b19b36aa7567f7ecbf
review_18116,division_dfe2db74975e0aa9f6fd
review_18117,division_55b19b36aa7567f7ecbf
review_18118,division_55b19b36aa7567f7ecbf
review_18119,division_dfe2db74975e0aa9f6fd
review_18120,division_df561e6f16d9f3e64a28
review_18121,division_dfe2db74975e0aa9f6fd
review_18122,division_df561e6f16d9f3e64a28
review_18123,division_55b19b36aa7567f7ecbf
review_18124,division_df561e6f16d9f3e64a28
review_18125,division_dfe2db74975e0aa9f6fd
review_18126,division_55b19b36aa7567f7ecbf
review_18127,division_df561e6f16d9f3e64a28
review_18128,division_dfe2db74975e0aa9f6fd
review_18129,division_df561e6f16d9f3e64a28
review_18130,division_df561e6f16d9f3e64a28
review_18131,division_df561e6f16d9f3e64a28
review_18132,division_dfe2db74975e0aa9f6fd
review_18133,division_dfe2db74975e0aa9f6fd
review_18134,division_dfe2db74975e0aa9f6fd
review_18135,division_dfe2db74975e0aa9f6fd
review_18136,division_df561e6f16d9f3e64a28
review_18137,division_df561e6f16d9f3e64a28
review_18138,division_df561e6f16d9f3e64a28
review_18139,division_df561e6f16d9f3e64a28
review_18140,division_df561e6f16d9f3e64a28
review_18141,division_df561e6f16d9f3e64a28
review_18142,division_df561e6f16d9f3e64a28
review_18143,division_dfe2db74975e0aa9f6fd
review_18144,division_dfe2db74975e0aa9f6fd
review_18145,division_dfe2db74975e0aa9f6fd
review_18146,division_dfe2db74975e0aa9f6fd
review_18147,division_55b19b36aa7567f7ecbf
review_18148,division_dfe2db74975e0aa9f6fd
review_18149,division_dfe2db74975e0aa9f6fd
review_18150,division_dfe2db74975e0aa9f6fd
review_18151,division_dfe2db74975e0aa9f6fd
review_18152,division_dfe2db74975e0aa9f6fd
review_18153,division_dfe2db74975e0aa9f6fd
review_18154,division_dfe2db74975e0aa9f6fd
review_18155,division_dfe2db74975e0aa9f6fd
review_18156,division_dfe2db74975e0aa9f6fd
review_18157,division_dfe2db74975e0aa9f6fd
review_18158,division_dfe2db74975e0aa9f6fd
review_18159,division_dfe2db74975e0aa9f6fd
review_18160,division_dfe2db74975e0aa9f6fd
review_18161,division_dfe2db74975e0aa9f6fd
review_18162,division_dfe2db74975e0aa9f6fd
review_18163,division_dfe2db74975e0aa9f6fd
review_18164,division_dfe2db74975e0aa9f6fd
review_18165,division_dfe2db74975e0aa9f6fd
review_18166,division_df561e6f16d9f3e64a28
review_18167,division_55b19b36aa7567f7ecbf
review_18168,division_dfe2db74975e0aa9f6fd
review_18169,division_dfe2db74975e0aa9f6fd
review_18170,division_dfe2db74975e0aa9f6fd
review_18171,division_dfe2db74975e0aa9f6fd
review_18172,division_dfe2db74975e0aa9f6fd
review_18173,division_dfe2db74975e0aa9f6fd
review_18174,division_dfe2db74975e0aa9f6fd
review_18175,division_dfe2db74975e0aa9f6fd
review_18176,division_dfe2db74975e0aa9f6fd
review_18177,division_dfe2db74975e0aa9f6fd
review_18178,division_dfe2db74975e0aa9f6fd
review_18179,division_df561e6f16d9f3e64a28
review_18180,division_dfe2db74975e0aa9f6fd
review_18181,division_df561e6f16d9f3e64a28
review_18182,division_dfe2db74975e0aa9f6fd
review_18183,division_dfe2db74975e0aa9f6fd
review_18184,division_dfe2db74975e0aa9f6fd
review_18185,division_dfe2db74975e0aa9f6fd
review_18186,division_dfe2db74975e0aa9f6fd
review_18187,division_dfe2db74975e0aa9f6fd
review_18188,division_dfe2db74975e0aa9f6fd
review_18189,division_55b19b36aa7567f7ecbf
review_18190,division_dfe2db74975e0aa9f6fd
review_18191,division_dfe2db74975e0aa9f6fd
review_18192,division_dfe2db74975e0aa9f6fd
review_18193,division_55b19b36aa7567f7ecbf
review_18194,division_dfe2db74975e0aa9f6fd
review_18195,division_dfe2db74975e0aa9f6fd
review_18196,division_dfe2db74975e0aa9f6fd
review_18197,division_dfe2db74975e0aa9f6fd
review_18198,division_dfe2db74975e0aa9f6fd
review_18199,division_dfe2db74975e0aa9f6fd
review_18200,division_dfe2db74975e0aa9f6fd
review_18201,division_df561e6f16d9f3e64a28
review_18202,division_dfe2db74975e0aa9f6fd
review_18203,division_dfe2db74975e0aa9f6fd
review_18204,division_df561e6f16d9f3e64a28
review_18205,division_dfe2db74975e0aa9f6fd
review_18206,division_dfe2db74975e0aa9f6fd
review_18207,division_df561e6f16d9f3e64a28
review_18208,division_dfe2db74975e0aa9f6fd
review_18209,division_dfe2db74975e0aa9f6fd
review_18210,division_dfe2db74975e0aa9f6fd
review_18211,division_55b19b36aa7567f7ecbf
review_18212,division_dfe2db74975e0aa9f6fd
review_18213,division_dfe2db74975e0aa9f6fd
review_18214,division_df561e6f16d9f3e64a28
review_18215,division_dfe2db74975e0aa9f6fd
review_18216,division_dfe2db74975e0aa9f6fd
review_18217,division_df561e6f16d9f3e64a28
review_18218,division_df561e6f16d9f3e64a28
review_18219,division_df561e6f16d9f3e64a28
review_18220,division_df561e6f16d9f3e64a28
review_18221,division_df561e6f16d9f3e64a28
review_18222,division_dfe2db74975e0aa9f6fd
review_18223,division_dfe2db74975e0aa9f6fd
review_18224,division_dfe2db74975e0aa9f6fd
review_18225,division_dfe2db74975e0aa9f6fd
review_18226,division_dfe2db74975e0aa9f6fd
review_18227,division_dfe2db74975e0aa9f6fd
review_18228,division_dfe2db74975e0aa9f6fd
review_18229,division_dfe2db74975e0aa9f6fd
review_18230,division_df561e6f16d9f3e64a28
review_18231,division_dfe2db74975e0aa9f6fd
review_18232,division_55b19b36aa7567f7ecbf
review_18233,division_55b19b36aa7567f7ecbf
review_18234,division_dfe2db74975e0aa9f6fd
review_18235,division_55b19b36aa7567f7ecbf
review_18236,division_dfe2db74975e0aa9f6fd
review_18237,division_55b19b36aa7567f7ecbf
review_18238,division_dfe2db74975e0aa9f6fd
review_18239,division_dfe2db74975e0aa9f6fd
review_18240,division_55b19b36aa7567f7ecbf
review_18241,division_dfe2db74975e0aa9f6fd
review_18242,division_dfe2db74975e0aa9f6fd
review_18243,division_df561e6f16d9f3e64a28
review_18244,division_dfe2db74975e0aa9f6fd
review_18245,division_df561e6f16d9f3e64a28
review_18246,division_dfe2db74975e0aa9f6fd
review_18247,division_dfe2db74975e0aa9f6fd
review_18248,division_dfe2db74975e0aa9f6fd
review_18249,division_dfe2db74975e0aa9f6fd
review_18250,division_dfe2db74975e0aa9f6fd
review_18251,division_dfe2db74975e0aa9f6fd
review_18252,division_dfe2db74975e0aa9f6fd
review_18253,division_55b19b36aa7567f7ecbf
review_18254,division_df561e6f16d9f3e64a28
review_18255,division_df561e6f16d9f3e64a28
review_18256,division_55b19b36aa7567f7ecbf
review_18257,division_dfe2db74975e0aa9f6fd
review_18258,division_dfe2db74975e0aa9f6fd
review_18259,division_55b19b36aa7567f7ecbf
review_18260,division_dfe2db74975e0aa9f6fd
review_18261,division_dfe2db74975e0aa9f6fd
review_18262,division_df561e6f16d9f3e64a28
review_18263,division_dfe2db74975e0aa9f6fd
review_18264,division_dfe2db74975e0aa9f6fd
review_18265,division_dfe2db74975e0aa9f6fd
review_18266,division_dfe2db74975e0aa9f6fd
review_18267,division_dfe2db74975e0aa9f6fd
review_18268,division_dfe2db74975e0aa9f6fd
review_18269,division_dfe2db74975e0aa9f6fd
review_18270,division_dfe2db74975e0aa9f6fd
review_18271,division_dfe2db74975e0aa9f6fd
review_18272,division_dfe2db74975e0aa9f6fd
review_18273,division_dfe2db74975e0aa9f6fd
review_18274,division_dfe2db74975e0aa9f6fd
review_18275,division_dfe2db74975e0aa9f6fd
review_18276,division_dfe2db74975e0aa9f6fd
review_18277,division_dfe2db74975e0aa9f6fd
review_18278,division_dfe2db74975e0aa9f6fd
review_18279,division_dfe2db74975e0aa9f6fd
review_18280,division_dfe2db74975e0aa9f6fd
review_18281,division_55b19b36aa7567f7ecbf
review_18282,division_55b19b36aa7567f7ecbf
review_18283,division_dfe2db74975e0aa9f6fd
review_18284,division_55b19b36aa7567f7ecbf
review_18285,division_dfe2db74975e0aa9f6fd
review_18286,division_dfe2db74975e0aa9f6fd
review_18287,division_dfe2db74975e0aa9f6fd
review_18288,division_dfe2db74975e0aa9f6fd
review_18289,division_dfe2db74975e0aa9f6fd
review_18290,division_dfe2db74975e0aa9f6fd
review_18291,division_dfe2db74975e0aa9f6fd
review_18292,division_dfe2db74975e0aa9f6fd
review_18293,division_dfe2db74975e0aa9f6fd
review_18294,division_dfe2db74975e0aa9f6fd
review_18295,division_df561e6f16d9f3e64a28
review_18296,division_dfe2db74975e0aa9f6fd
review_18297,division_55b19b36aa7567f7ecbf
review_18298,division_dfe2db74975e0aa9f6fd
review_18299,division_dfe2db74975e0aa9f6fd
review_18300,division_dfe2db74975e0aa9f6fd
review_18301,division_55b19b36aa7567f7ecbf
review_18302,division_dfe2db74975e0aa9f6fd
review_18303,division_dfe2db74975e0aa9f6fd
review_18304,division_df561e6f16d9f3e64a28
review_18305,division_dfe2db74975e0aa9f6fd
review_18306,division_dfe2db74975e0aa9f6fd
review_18307,division_dfe2db74975e0aa9f6fd
review_18308,division_dfe2db74975e0aa9f6fd
review_18309,division_dfe2db74975e0aa9f6fd
review_18310,division_dfe2db74975e0aa9f6fd
review_18311,division_dfe2db74975e0aa9f6fd
review_18312,division_dfe2db74975e0aa9f6fd
review_18313,division_dfe2db74975e0aa9f6fd
review_18314,division_dfe2db74975e0aa9f6fd
review_18315,division_dfe2db74975e0aa9f6fd
review_18316,division_55b19b36aa7567f7ecbf
review_18317,division_55b19b36aa7567f7ecbf
review_18318,division_dfe2db74975e0aa9f6fd
review_18319,division_dfe2db74975e0aa9f6fd
review_18320,division_dfe2db74975e0aa9f6fd
review_18321,division_55b19b36aa7567f7ecbf
review_18322,division_dfe2db74975e0aa9f6fd
review_18323,division_dfe2db74975e0aa9f6fd
review_18324,division_55b19b36aa7567f7ecbf
review_18325,division_55b19b36aa7567f7ecbf
review_18326,division_55b19b36aa7567f7ecbf
review_18327,division_55b19b36aa7567f7ecbf
review_18328,division_55b19b36aa7567f7ecbf
review_18329,division_dfe2db74975e0aa9f6fd
review_18330,division_55b19b36aa7567f7ecbf
review_18331,division_55b19b36aa7567f7ecbf
review_18332,division_dfe2db74975e0aa9f6fd
review_18333,division_dfe2db74975e0aa9f6fd
review_18334,division_dfe2db74975e0aa9f6fd
review_18335,division_dfe2db74975e0aa9f6fd
review_18336,division_dfe2db74975e0aa9f6fd
review_18337,division_55b19b36aa7567f7ecbf
review_18338,division_55b19b36aa7567f7ecbf
review_18339,division_55b19b36aa7567f7ecbf
review_18340,division_55b19b36aa7567f7ecbf
review_18341,division_55b19b36aa7567f7ecbf
review_18342,division_55b19b36aa7567f7ecbf
review_18343,division_dfe2db74975e0aa9f6fd
review_18344,division_dfe2db74975e0aa9f6fd
review_18345,division_dfe2db74975e0aa9f6fd
review_18346,division_55b19b36aa7567f7ecbf
review_18347,division_55b19b36aa7567f7ecbf
review_18348,division_dfe2db74975e0aa9f6fd
review_18349,division_dfe2db74975e0aa9f6fd
review_18350,division_dfe2db74975e0aa9f6fd
review_18351,division_dfe2db74975e0aa9f6fd
review_18352,division_55b19b36aa7567f7ecbf
review_18353,division_dfe2db74975e0aa9f6fd
review_18354,division_55b19b36aa7567f7ecbf
review_18355,division_55b19b36aa7567f7ecbf
review_18356,division_dfe2db74975e0aa9f6fd
review_18357,division_dfe2db74975e0aa9f6fd
review_18358,division_55b19b36aa7567f7ecbf
review_18359,division_55b19b36aa7567f7ecbf
review_18360,division_dfe2db74975e0aa9f6fd
review_18361,division_55b19b36aa7567f7ecbf
review_18362,division_55b19b36aa7567f7ecbf
review_18363,division_dfe2db74975e0aa9f6fd
review_18364,division_55b19b36aa7567f7ecbf
review_18365,division_dfe2db74975e0aa9f6fd
review_18366,division_dfe2db74975e0aa9f6fd
review_18367,division_dfe2db74975e0aa9f6fd
review_18368,division_dfe2db74975e0aa9f6fd
review_18369,division_dfe2db74975e0aa9f6fd
review_18370,division_dfe2db74975e0aa9f6fd
review_18371,division_55b19b36aa7567f7ecbf
review_18372,division_55b19b36aa7567f7ecbf
review_18373,division_dfe2db74975e0aa9f6fd
review_18374,division_dfe2db74975e0aa9f6fd
review_18375,division_dfe2db74975e0aa9f6fd
review_18376,division_dfe2db74975e0aa9f6fd
review_18377,division_dfe2db74975e0aa9f6fd
review_18378,division_55b19b36aa7567f7ecbf
review_18379,division_dfe2db74975e0aa9f6fd
review_18380,division_55b19b36aa7567f7ecbf
review_18381,division_dfe2db74975e0aa9f6fd
review_18382,division_dfe2db74975e0aa9f6fd
review_18383,division_dfe2db74975e0aa9f6fd
review_18384,division_dfe2db74975e0aa9f6fd
review_18385,division_dfe2db74975e0aa9f6fd
review_18386,division_dfe2db74975e0aa9f6fd
review_18387,division_dfe2db74975e0aa9f6fd
review_18388,division_dfe2db74975e0aa9f6fd
review_18389,division_dfe2db74975e0aa9f6fd
review_18390,division_dfe2db74975e0aa9f6fd
review_18391,division_dfe2db74975e0aa9f6fd
review_18392,division_dfe2db74975e0aa9f6fd
review_18393,division_dfe2db74975e0aa9f6fd
review_18394,division_dfe2db74975e0aa9f6fd
review_18395,division_55b19b36aa7567f7ecbf
review_18396,division_dfe2db74975e0aa9f6fd
review_18397,division_dfe2db74975e0aa9f6fd
review_18398,division_dfe2db74975e0aa9f6fd
review_18399,division_dfe2db74975e0aa9f6fd
review_18400,division_dfe2db74975e0aa9f6fd
review_18401,division_dfe2db74975e0aa9f6fd
review_18402,division_dfe2db74975e0aa9f6fd
review_18403,division_dfe2db74975e0aa9f6fd
review_18404,division_dfe2db74975e0aa9f6fd
review_18405,division_dfe2db74975e0aa9f6fd
review_18406,division_dfe2db74975e0aa9f6fd
review_18407,division_dfe2db74975e0aa9f6fd
review_18408,division_55b19b36aa7567f7ecbf
review_18409,division_dfe2db74975e0aa9f6fd
review_18410,division_dfe2db74975e0aa9f6fd
review_18411,division_dfe2db74975e0aa9f6fd
review_18412,division_dfe2db74975e0aa9f6fd
review_18413,division_dfe2db74975e0aa9f6fd
review_18414,division_55b19b36aa7567f7ecbf
review_18415,division_dfe2db74975e0aa9f6fd
review_18416,division_55b19b36aa7567f7ecbf
review_18417,division_55b19b36aa7567f7ecbf
review_18418,division_dfe2db74975e0aa9f6fd
review_18419,division_dfe2db74975e0aa9f6fd
review_18420,division_dfe2db74975e0aa9f6fd
review_18421,division_dfe2db74975e0aa9f6fd
review_18422,division_dfe2db74975e0aa9f6fd
review_18423,division_dfe2db74975e0aa9f6fd
review_18424,division_dfe2db74975e0aa9f6fd
review_18425,division_dfe2db74975e0aa9f6fd
review_18426,division_55b19b36aa7567f7ecbf
review_18427,division_dfe2db74975e0aa9f6fd
review_18428,division_55b19b36aa7567f7ecbf
review_18429,division_dfe2db74975e0aa9f6fd
review_18430,division_dfe2db74975e0aa9f6fd
review_18431,division_55b19b36aa7567f7ecbf
review_18432,division_dfe2db74975e0aa9f6fd
review_18433,division_55b19b36aa7567f7ecbf
review_18434,division_dfe2db74975e0aa9f6fd
review_18435,division_55b19b36aa7567f7ecbf
review_18436,division_dfe2db74975e0aa9f6fd
review_18437,division_dfe2db74975e0aa9f6fd
review_18438,division_dfe2db74975e0aa9f6fd
review_18439,division_dfe2db74975e0aa9f6fd
review_18440,division_55b19b36aa7567f7ecbf
review_18441,division_55b19b36aa7567f7ecbf
review_18442,division_dfe2db74975e0aa9f6fd
review_18443,division_dfe2db74975e0aa9f6fd
review_18444,division_55b19b36aa7567f7ecbf
review_18445,division_55b19b36aa7567f7ecbf
review_18446,division_55b19b36aa7567f7ecbf
review_18447,division_55b19b36aa7567f7ecbf
review_18448,division_dfe2db74975e0aa9f6fd
review_18449,division_dfe2db74975e0aa9f6fd
review_18450,division_dfe2db74975e0aa9f6fd
review_18451,division_dfe2db74975e0aa9f6fd
review_18452,division_55b19b36aa7567f7ecbf
review_18453,division_55b19b36aa7567f7ecbf
review_18454,division_df561e6f16d9f3e64a28
review_18455,division_dfe2db74975e0aa9f6fd
review_18456,division_dfe2db74975e0aa9f6fd
review_18457,division_55b19b36aa7567f7ecbf
review_18458,division_dfe2db74975e0aa9f6fd
review_18459,division_55b19b36aa7567f7ecbf
review_18460,division_dfe2db74975e0aa9f6fd
review_18461,division_dfe2db74975e0aa9f6fd
review_18462,division_55b19b36aa7567f7ecbf
review_18463,division_df561e6f16d9f3e64a28
review_18464,division_dfe2db74975e0aa9f6fd
review_18465,division_df561e6f16d9f3e64a28
review_18466,division_df561e6f16d9f3e64a28
review_18467,division_55b19b36aa7567f7ecbf
review_18468,division_dfe2db74975e0aa9f6fd
review_18469,division_df561e6f16d9f3e64a28
review_18470,division_df561e6f16d9f3e64a28
review_18471,division_df561e6f16d9f3e64a28
review_18472,division_dfe2db74975e0aa9f6fd
review_18473,division_dfe2db74975e0aa9f6fd
review_18474,division_dfe2db74975e0aa9f6fd
review_18475,division_dfe2db74975e0aa9f6fd
review_18476,division_dfe2db74975e0aa9f6fd
review_18477,division_dfe2db74975e0aa9f6fd
review_18478,division_dfe2db74975e0aa9f6fd
review_18479,division_dfe2db74975e0aa9f6fd
review_18480,division_55b19b36aa7567f7ecbf
review_18481,division_55b19b36aa7567f7ecbf
review_18482,division_dfe2db74975e0aa9f6fd
review_18483,division_dfe2db74975e0aa9f6fd
review_18484,division_dfe2db74975e0aa9f6fd
review_18485,division_55b19b36aa7567f7ecbf
review_18486,division_dfe2db74975e0aa9f6fd
review_18487,division_dfe2db74975e0aa9f6fd
review_18488,division_55b19b36aa7567f7ecbf
review_18489,division_dfe2db74975e0aa9f6fd
review_18490,division_dfe2db74975e0aa9f6fd
review_18491,division_dfe2db74975e0aa9f6fd
review_18492,division_dfe2db74975e0aa9f6fd
review_18493,division_dfe2db74975e0aa9f6fd
review_18494,division_dfe2db74975e0aa9f6fd
review_18495,division_dfe2db74975e0aa9f6fd
review_18496,division_dfe2db74975e0aa9f6fd
review_18497,division_55b19b36aa7567f7ecbf
review_18498,division_dfe2db74975e0aa9f6fd
review_18499,division_55b19b36aa7567f7ecbf
review_18500,division_dfe2db74975e0aa9f6fd
review_18501,division_dfe2db74975e0aa9f6fd
review_18502,division_dfe2db74975e0aa9f6fd
review_18503,division_dfe2db74975e0aa9f6fd
review_18504,division_dfe2db74975e0aa9f6fd
review_18505,division_dfe2db74975e0aa9f6fd
review_18506,division_dfe2db74975e0aa9f6fd
review_18507,division_dfe2db74975e0aa9f6fd
review_18508,division_dfe2db74975e0aa9f6fd
review_18509,division_dfe2db74975e0aa9f6fd
review_18510,division_dfe2db74975e0aa9f6fd
review_18511,division_dfe2db74975e0aa9f6fd
review_18512,division_dfe2db74975e0aa9f6fd
review_18513,division_55b19b36aa7567f7ecbf
review_18514,division_55b19b36aa7567f7ecbf
review_18515,division_55b19b36aa7567f7ecbf
review_18516,division_dfe2db74975e0aa9f6fd
review_18517,division_55b19b36aa7567f7ecbf
review_18518,division_df561e6f16d9f3e64a28
review_18519,division_55b19b36aa7567f7ecbf
review_18520,division_dfe2db74975e0aa9f6fd
review_18521,division_dfe2db74975e0aa9f6fd
review_18522,division_dfe2db74975e0aa9f6fd
review_18523,division_df561e6f16d9f3e64a28
review_18524,division_df561e6f16d9f3e64a28
review_18525,division_55b19b36aa7567f7ecbf
review_18526,division_55b19b36aa7567f7ecbf
review_18527,division_dfe2db74975e0aa9f6fd
review_18528,division_df561e6f16d9f3e64a28
review_18529,division_dfe2db74975e0aa9f6fd
review_18530,division_55b19b36aa7567f7ecbf
review_18531,division_55b19b36aa7567f7ecbf
review_18532,division_dfe2db74975e0aa9f6fd
review_18533,division_55b19b36aa7567f7ecbf
review_18534,division_55b19b36aa7567f7ecbf
review_18535,division_df561e6f16d9f3e64a28
review_18536,division_55b19b36aa7567f7ecbf
review_18537,division_df561e6f16d9f3e64a28
review_18538,division_dfe2db74975e0aa9f6fd
review_18539,division_dfe2db74975e0aa9f6fd
review_18540,division_df561e6f16d9f3e64a28
review_18541,division_55b19b36aa7567f7ecbf
review_18542,division_df561e6f16d9f3e64a28
review_18543,division_df561e6f16d9f3e64a28
review_18544,division_dfe2db74975e0aa9f6fd
review_18545,division_dfe2db74975e0aa9f6fd
review_18546,division_55b19b36aa7567f7ecbf
review_18547,division_dfe2db74975e0aa9f6fd
review_18548,division_dfe2db74975e0aa9f6fd
review_18549,division_dfe2db74975e0aa9f6fd
review_18550,division_dfe2db74975e0aa9f6fd
review_18551,division_dfe2db74975e0aa9f6fd
review_18552,division_55b19b36aa7567f7ecbf
review_18553,division_dfe2db74975e0aa9f6fd
review_18554,division_55b19b36aa7567f7ecbf
review_18555,division_df561e6f16d9f3e64a28
review_18556,division_dfe2db74975e0aa9f6fd
review_18557,division_dfe2db74975e0aa9f6fd
review_18558,division_55b19b36aa7567f7ecbf
review_18559,division_dfe2db74975e0aa9f6fd
review_18560,division_dfe2db74975e0aa9f6fd
review_18561,division_dfe2db74975e0aa9f6fd
review_18562,division_55b19b36aa7567f7ecbf
review_18563,division_dfe2db74975e0aa9f6fd
review_18564,division_dfe2db74975e0aa9f6fd
review_18565,division_55b19b36aa7567f7ecbf
review_18566,division_df561e6f16d9f3e64a28
review_18567,division_55b19b36aa7567f7ecbf
review_18568,division_dfe2db74975e0aa9f6fd
review_18569,division_55b19b36aa7567f7ecbf
review_18570,division_dfe2db74975e0aa9f6fd
review_18571,division_dfe2db74975e0aa9f6fd
review_18572,division_dfe2db74975e0aa9f6fd
review_18573,division_dfe2db74975e0aa9f6fd
review_18574,division_dfe2db74975e0aa9f6fd
review_18575,division_dfe2db74975e0aa9f6fd
review_18576,division_dfe2db74975e0aa9f6fd
review_18577,division_dfe2db74975e0aa9f6fd
review_18578,division_dfe2db74975e0aa9f6fd
review_18579,division_dfe2db74975e0aa9f6fd
review_18580,division_55b19b36aa7567f7ecbf
review_18581,division_dfe2db74975e0aa9f6fd
review_18582,division_dfe2db74975e0aa9f6fd
review_18583,division_dfe2db74975e0aa9f6fd
review_18584,division_55b19b36aa7567f7ecbf
review_18585,division_dfe2db74975e0aa9f6fd
review_18586,division_dfe2db74975e0aa9f6fd
review_18587,division_dfe2db74975e0aa9f6fd
review_18588,division_dfe2db74975e0aa9f6fd
review_18589,division_dfe2db74975e0aa9f6fd
review_18590,division_df561e6f16d9f3e64a28
review_18591,division_dfe2db74975e0aa9f6fd
review_18592,division_dfe2db74975e0aa9f6fd
review_18593,division_55b19b36aa7567f7ecbf
review_18594,division_55b19b36aa7567f7ecbf
review_18595,division_dfe2db74975e0aa9f6fd
review_18596,division_dfe2db74975e0aa9f6fd
review_18597,division_dfe2db74975e0aa9f6fd
review_18598,division_55b19b36aa7567f7ecbf
review_18599,division_55b19b36aa7567f7ecbf
review_18600,division_df561e6f16d9f3e64a28
review_18601,division_dfe2db74975e0aa9f6fd
review_18602,division_dfe2db74975e0aa9f6fd
review_18603,division_dfe2db74975e0aa9f6fd
review_18604,division_55b19b36aa7567f7ecbf
review_18605,division_dfe2db74975e0aa9f6fd
review_18606,division_55b19b36aa7567f7ecbf
review_18607,division_dfe2db74975e0aa9f6fd
review_18608,division_dfe2db74975e0aa9f6fd
review_18609,division_55b19b36aa7567f7ecbf
review_18610,division_dfe2db74975e0aa9f6fd
review_18611,division_dfe2db74975e0aa9f6fd
review_18612,division_dfe2db74975e0aa9f6fd
review_18613,division_dfe2db74975e0aa9f6fd
review_18614,division_dfe2db74975e0aa9f6fd
review_18615,division_dfe2db74975e0aa9f6fd
review_18616,division_dfe2db74975e0aa9f6fd
review_18617,division_55b19b36aa7567f7ecbf
review_18618,division_dfe2db74975e0aa9f6fd
review_18619,division_dfe2db74975e0aa9f6fd
review_18620,division_dfe2db74975e0aa9f6fd
review_18621,division_dfe2db74975e0aa9f6fd
review_18622,division_55b19b36aa7567f7ecbf
review_18623,division_dfe2db74975e0aa9f6fd
review_18624,division_dfe2db74975e0aa9f6fd
review_18625,division_dfe2db74975e0aa9f6fd
review_18627,division_dfe2db74975e0aa9f6fd
review_18628,division_dfe2db74975e0aa9f6fd
review_18629,division_dfe2db74975e0aa9f6fd
review_18630,division_dfe2db74975e0aa9f6fd
review_18631,division_55b19b36aa7567f7ecbf
review_18632,division_55b19b36aa7567f7ecbf
review_18633,division_dfe2db74975e0aa9f6fd
review_18634,division_dfe2db74975e0aa9f6fd
review_18635,division_dfe2db74975e0aa9f6fd
review_18636,division_55b19b36aa7567f7ecbf
review_18637,division_dfe2db74975e0aa9f6fd
review_18638,division_df561e6f16d9f3e64a28
review_18639,division_dfe2db74975e0aa9f6fd
review_18640,division_55b19b36aa7567f7ecbf
review_18641,division_55b19b36aa7567f7ecbf
review_18642,division_55b19b36aa7567f7ecbf
review_18643,division_55b19b36aa7567f7ecbf
review_18644,division_55b19b36aa7567f7ecbf
review_18645,division_55b19b36aa7567f7ecbf
review_18646,division_dfe2db74975e0aa9f6fd
review_18647,division_55b19b36aa7567f7ecbf
review_18648,division_55b19b36aa7567f7ecbf
review_18649,division_df561e6f16d9f3e64a28
review_18650,division_55b19b36aa7567f7ecbf
review_18651,division_55b19b36aa7567f7ecbf
review_18652,division_dfe2db74975e0aa9f6fd
review_18653,division_dfe2db74975e0aa9f6fd
review_18654,division_55b19b36aa7567f7ecbf
review_18655,division_55b19b36aa7567f7ecbf
review_18656,division_dfe2db74975e0aa9f6fd
review_18657,division_dfe2db74975e0aa9f6fd
review_18658,division_55b19b36aa7567f7ecbf
review_18659,division_dfe2db74975e0aa9f6fd
review_18660,division_55b19b36aa7567f7ecbf
review_18661,division_55b19b36aa7567f7ecbf
review_18662,division_dfe2db74975e0aa9f6fd
review_18663,division_dfe2db74975e0aa9f6fd
review_18664,division_55b19b36aa7567f7ecbf
review_18665,division_dfe2db74975e0aa9f6fd
review_18666,division_dfe2db74975e0aa9f6fd
review_18667,division_dfe2db74975e0aa9f6fd
review_18668,division_dfe2db74975e0aa9f6fd
review_18669,division_55b19b36aa7567f7ecbf
review_18670,division_55b19b36aa7567f7ecbf
review_18672,division_55b19b36aa7567f7ecbf
review_18673,division_55b19b36aa7567f7ecbf
review_18674,division_dfe2db74975e0aa9f6fd
review_18675,division_55b19b36aa7567f7ecbf
review_18676,division_dfe2db74975e0aa9f6fd
review_18677,division_55b19b36aa7567f7ecbf
review_18678,division_dfe2db74975e0aa9f6fd
review_18679,division_55b19b36aa7567f7ecbf
review_18680,division_55b19b36aa7567f7ecbf
review_18681,division_dfe2db74975e0aa9f6fd
review_18682,division_dfe2db74975e0aa9f6fd
review_18683,division_dfe2db74975e0aa9f6fd
review_18684,division_dfe2db74975e0aa9f6fd
review_18685,division_55b19b36aa7567f7ecbf
review_18686,division_55b19b36aa7567f7ecbf
review_18687,division_dfe2db74975e0aa9f6fd
review_18688,division_dfe2db74975e0aa9f6fd
review_18689,division_55b19b36aa7567f7ecbf
review_18690,division_55b19b36aa7567f7ecbf
review_18691,division_55b19b36aa7567f7ecbf
review_18692,division_dfe2db74975e0aa9f6fd
review_18693,division_dfe2db74975e0aa9f6fd
review_18694,division_df561e6f16d9f3e64a28
review_18695,division_dfe2db74975e0aa9f6fd
review_18696,division_55b19b36aa7567f7ecbf
review_18697,division_dfe2db74975e0aa9f6fd
review_18698,division_dfe2db74975e0aa9f6fd
review_18699,division_dfe2db74975e0aa9f6fd
review_18700,division_dfe2db74975e0aa9f6fd
review_18701,division_dfe2db74975e0aa9f6fd
review_18702,division_dfe2db74975e0aa9f6fd
review_18703,division_dfe2db74975e0aa9f6fd
review_18704,division_55b19b36aa7567f7ecbf
review_18705,division_55b19b36aa7567f7ecbf
review_18706,division_df561e6f16d9f3e64a28
review_18707,division_dfe2db74975e0aa9f6fd
review_18708,division_dfe2db74975e0aa9f6fd
review_18709,division_dfe2db74975e0aa9f6fd
review_18710,division_df561e6f16d9f3e64a28
review_18711,division_dfe2db74975e0aa9f6fd
review_18712,division_dfe2db74975e0aa9f6fd
review_18713,division_dfe2db74975e0aa9f6fd
review_18714,division_dfe2db74975e0aa9f6fd
review_18715,division_55b19b36aa7567f7ecbf
review_18716,division_55b19b36aa7567f7ecbf
review_18717,division_dfe2db74975e0aa9f6fd
review_18718,division_dfe2db74975e0aa9f6fd
review_18719,division_dfe2db74975e0aa9f6fd
review_18720,division_dfe2db74975e0aa9f6fd
review_18721,division_dfe2db74975e0aa9f6fd
review_18722,division_dfe2db74975e0aa9f6fd
review_18723,division_dfe2db74975e0aa9f6fd
review_18724,division_dfe2db74975e0aa9f6fd
review_18725,division_dfe2db74975e0aa9f6fd
review_18726,division_dfe2db74975e0aa9f6fd
review_18727,division_55b19b36aa7567f7ecbf
review_18728,division_dfe2db74975e0aa9f6fd
review_18729,division_dfe2db74975e0aa9f6fd
review_18730,division_dfe2db74975e0aa9f6fd
review_18731,division_dfe2db74975e0aa9f6fd
review_18732,division_dfe2db74975e0aa9f6fd
review_18733,division_dfe2db74975e0aa9f6fd
review_18734,division_dfe2db74975e0aa9f6fd
review_18735,division_55b19b36aa7567f7ecbf
review_18736,division_dfe2db74975e0aa9f6fd
review_18737,division_55b19b36aa7567f7ecbf
review_18738,division_55b19b36aa7567f7ecbf
review_18739,division_55b19b36aa7567f7ecbf
review_18740,division_dfe2db74975e0aa9f6fd
review_18741,division_dfe2db74975e0aa9f6fd
review_18742,division_55b19b36aa7567f7ecbf
review_18743,division_dfe2db74975e0aa9f6fd
review_18744,division_dfe2db74975e0aa9f6fd
review_18745,division_dfe2db74975e0aa9f6fd
review_18746,division_55b19b36aa7567f7ecbf
review_18747,division_55b19b36aa7567f7ecbf
review_18748,division_55b19b36aa7567f7ecbf
review_18749,division_55b19b36aa7567f7ecbf
review_18750,division_55b19b36aa7567f7ecbf
review_18751,division_dfe2db74975e0aa9f6fd
review_18752,division_dfe2db74975e0aa9f6fd
review_18753,division_dfe2db74975e0aa9f6fd
review_18754,division_dfe2db74975e0aa9f6fd
review_18755,division_dfe2db74975e0aa9f6fd
review_18756,division_dfe2db74975e0aa9f6fd
review_18757,division_55b19b36aa7567f7ecbf
review_18758,division_55b19b36aa7567f7ecbf
review_18759,division_55b19b36aa7567f7ecbf
review_18760,division_dfe2db74975e0aa9f6fd
review_18761,division_dfe2db74975e0aa9f6fd
review_18762,division_dfe2db74975e0aa9f6fd
review_18763,division_55b19b36aa7567f7ecbf
review_18764,division_dfe2db74975e0aa9f6fd
review_18765,division_dfe2db74975e0aa9f6fd
review_18766,division_dfe2db74975e0aa9f6fd
review_18767,division_dfe2db74975e0aa9f6fd
review_18768,division_dfe2db74975e0aa9f6fd
review_18769,division_dfe2db74975e0aa9f6fd
review_18770,division_dfe2db74975e0aa9f6fd
review_18771,division_55b19b36aa7567f7ecbf
review_18772,division_dfe2db74975e0aa9f6fd
review_18773,division_55b19b36aa7567f7ecbf
review_18774,division_df561e6f16d9f3e64a28
review_18775,division_dfe2db74975e0aa9f6fd
review_18776,division_dfe2db74975e0aa9f6fd
review_18777,division_dfe2db74975e0aa9f6fd
review_18778,division_55b19b36aa7567f7ecbf
review_18779,division_dfe2db74975e0aa9f6fd
review_18780,division_55b19b36aa7567f7ecbf
review_18781,division_55b19b36aa7567f7ecbf
review_18782,division_dfe2db74975e0aa9f6fd
review_18783,division_55b19b36aa7567f7ecbf
review_18784,division_55b19b36aa7567f7ecbf
review_18785,division_55b19b36aa7567f7ecbf
review_18786,division_dfe2db74975e0aa9f6fd
review_18787,division_55b19b36aa7567f7ecbf
review_18788,division_55b19b36aa7567f7ecbf
review_18789,division_dfe2db74975e0aa9f6fd
review_18790,division_df561e6f16d9f3e64a28
review_18791,division_55b19b36aa7567f7ecbf
review_18792,division_df561e6f16d9f3e64a28
review_18793,division_dfe2db74975e0aa9f6fd
review_18794,division_55b19b36aa7567f7ecbf
review_18795,division_55b19b36aa7567f7ecbf
review_18796,division_55b19b36aa7567f7ecbf
review_18797,division_dfe2db74975e0aa9f6fd
review_18798,division_dfe2db74975e0aa9f6fd
review_18799,division_55b19b36aa7567f7ecbf
review_18800,division_dfe2db74975e0aa9f6fd
review_18801,division_dfe2db74975e0aa9f6fd
review_18802,division_55b19b36aa7567f7ecbf
review_18803,division_dfe2db74975e0aa9f6fd
review_18804,division_55b19b36aa7567f7ecbf
review_18805,division_55b19b36aa7567f7ecbf
review_18806,division_df561e6f16d9f3e64a28
review_18807,division_55b19b36aa7567f7ecbf
review_18808,division_55b19b36aa7567f7ecbf
review_18809,division_55b19b36aa7567f7ecbf
review_18810,division_55b19b36aa7567f7ecbf
review_18811,division_dfe2db74975e0aa9f6fd
review_18812,division_55b19b36aa7567f7ecbf
review_18813,division_dfe2db74975e0aa9f6fd
review_18814,division_dfe2db74975e0aa9f6fd
review_18815,division_dfe2db74975e0aa9f6fd
review_18816,division_dfe2db74975e0aa9f6fd
review_18817,division_dfe2db74975e0aa9f6fd
review_18818,division_55b19b36aa7567f7ecbf
review_18819,division_dfe2db74975e0aa9f6fd
review_18820,division_dfe2db74975e0aa9f6fd
review_18821,division_dfe2db74975e0aa9f6fd
review_18822,division_55b19b36aa7567f7ecbf
review_18823,division_dfe2db74975e0aa9f6fd
review_18824,division_df561e6f16d9f3e64a28
review_18825,division_dfe2db74975e0aa9f6fd
review_18826,division_dfe2db74975e0aa9f6fd
review_18827,division_dfe2db74975e0aa9f6fd
review_18828,division_55b19b36aa7567f7ecbf
review_18829,division_dfe2db74975e0aa9f6fd
review_18830,division_dfe2db74975e0aa9f6fd
review_18831,division_dfe2db74975e0aa9f6fd
review_18832,division_dfe2db74975e0aa9f6fd
review_18833,division_dfe2db74975e0aa9f6fd
review_18834,division_dfe2db74975e0aa9f6fd
review_18835,division_55b19b36aa7567f7ecbf
review_18836,division_55b19b36aa7567f7ecbf
review_18837,division_dfe2db74975e0aa9f6fd
review_18838,division_dfe2db74975e0aa9f6fd
review_18839,division_55b19b36aa7567f7ecbf
review_18840,division_dfe2db74975e0aa9f6fd
review_18841,division_55b19b36aa7567f7ecbf
review_18842,division_dfe2db74975e0aa9f6fd
review_18843,division_55b19b36aa7567f7ecbf
review_18844,division_df561e6f16d9f3e64a28
review_18845,division_55b19b36aa7567f7ecbf
review_18846,division_dfe2db74975e0aa9f6fd
review_18847,division_dfe2db74975e0aa9f6fd
review_18848,division_df561e6f16d9f3e64a28
review_18849,division_dfe2db74975e0aa9f6fd
review_18850,division_55b19b36aa7567f7ecbf
review_18851,division_df561e6f16d9f3e64a28
review_18852,division_dfe2db74975e0aa9f6fd
review_18853,division_55b19b36aa7567f7ecbf
review_18854,division_dfe2db74975e0aa9f6fd
review_18855,division_dfe2db74975e0aa9f6fd
review_18856,division_55b19b36aa7567f7ecbf
review_18857,division_dfe2db74975e0aa9f6fd
review_18858,division_55b19b36aa7567f7ecbf
review_18859,division_dfe2db74975e0aa9f6fd
review_18860,division_dfe2db74975e0aa9f6fd
review_18861,division_df561e6f16d9f3e64a28
review_18862,division_55b19b36aa7567f7ecbf
review_18863,division_55b19b36aa7567f7ecbf
review_18864,division_55b19b36aa7567f7ecbf
review_18865,division_dfe2db74975e0aa9f6fd
review_18866,division_dfe2db74975e0aa9f6fd
review_18867,division_dfe2db74975e0aa9f6fd
review_18868,division_dfe2db74975e0aa9f6fd
review_18869,division_dfe2db74975e0aa9f6fd
review_18870,division_55b19b36aa7567f7ecbf
review_18871,division_dfe2db74975e0aa9f6fd
review_18872,division_55b19b36aa7567f7ecbf
review_18873,division_55b19b36aa7567f7ecbf
review_18874,division_df561e6f16d9f3e64a28
review_18875,division_dfe2db74975e0aa9f6fd
review_18876,division_dfe2db74975e0aa9f6fd
review_18877,division_df561e6f16d9f3e64a28
review_18878,division_dfe2db74975e0aa9f6fd
review_18879,division_55b19b36aa7567f7ecbf
review_18880,division_dfe2db74975e0aa9f6fd
review_18881,division_dfe2db74975e0aa9f6fd
review_18882,division_dfe2db74975e0aa9f6fd
review_18883,division_55b19b36aa7567f7ecbf
review_18884,division_dfe2db74975e0aa9f6fd
review_18885,division_dfe2db74975e0aa9f6fd
review_18886,division_dfe2db74975e0aa9f6fd
review_18887,division_dfe2db74975e0aa9f6fd
review_18888,division_55b19b36aa7567f7ecbf
review_18889,division_55b19b36aa7567f7ecbf
review_18890,division_dfe2db74975e0aa9f6fd
review_18891,division_df561e6f16d9f3e64a28
review_18892,division_55b19b36aa7567f7ecbf
review_18893,division_dfe2db74975e0aa9f6fd
review_18894,division_dfe2db74975e0aa9f6fd
review_18895,division_dfe2db74975e0aa9f6fd
review_18896,division_dfe2db74975e0aa9f6fd
review_18897,division_dfe2db74975e0aa9f6fd
review_18898,division_dfe2db74975e0aa9f6fd
review_18899,division_dfe2db74975e0aa9f6fd
review_18900,division_dfe2db74975e0aa9f6fd
review_18901,division_dfe2db74975e0aa9f6fd
review_18902,division_dfe2db74975e0aa9f6fd
review_18903,division_55b19b36aa7567f7ecbf
review_18904,division_55b19b36aa7567f7ecbf
review_18905,division_55b19b36aa7567f7ecbf
review_18906,division_55b19b36aa7567f7ecbf
review_18907,division_55b19b36aa7567f7ecbf
review_18908,division_dfe2db74975e0aa9f6fd
review_18909,division_55b19b36aa7567f7ecbf
review_18910,division_dfe2db74975e0aa9f6fd
review_18911,division_dfe2db74975e0aa9f6fd
review_18912,division_dfe2db74975e0aa9f6fd
review_18913,division_dfe2db74975e0aa9f6fd
review_18914,division_dfe2db74975e0aa9f6fd
review_18915,division_55b19b36aa7567f7ecbf
review_18916,division_dfe2db74975e0aa9f6fd
review_18917,division_dfe2db74975e0aa9f6fd
review_18918,division_55b19b36aa7567f7ecbf
review_18919,division_dfe2db74975e0aa9f6fd
review_18920,division_55b19b36aa7567f7ecbf
review_18921,division_dfe2db74975e0aa9f6fd
review_18922,division_55b19b36aa7567f7ecbf
review_18923,division_dfe2db74975e0aa9f6fd
review_18924,division_55b19b36aa7567f7ecbf
review_18925,division_dfe2db74975e0aa9f6fd
review_18926,division_55b19b36aa7567f7ecbf
review_18927,division_dfe2db74975e0aa9f6fd
review_18928,division_dfe2db74975e0aa9f6fd
review_18929,division_dfe2db74975e0aa9f6fd
review_18930,division_55b19b36aa7567f7ecbf
review_18931,division_55b19b36aa7567f7ecbf
review_18932,division_55b19b36aa7567f7ecbf
review_18933,division_dfe2db74975e0aa9f6fd
review_18934,division_df561e6f16d9f3e64a28
review_18935,division_dfe2db74975e0aa9f6fd
review_18936,division_dfe2db74975e0aa9f6fd
review_18937,division_55b19b36aa7567f7ecbf
review_18938,division_dfe2db74975e0aa9f6fd
review_18939,division_55b19b36aa7567f7ecbf
review_18940,division_55b19b36aa7567f7ecbf
review_18941,division_dfe2db74975e0aa9f6fd
review_18942,division_dfe2db74975e0aa9f6fd
review_18943,division_dfe2db74975e0aa9f6fd
review_18944,division_dfe2db74975e0aa9f6fd
review_18945,division_dfe2db74975e0aa9f6fd
review_18946,division_dfe2db74975e0aa9f6fd
review_18947,division_dfe2db74975e0aa9f6fd
review_18948,division_55b19b36aa7567f7ecbf
review_18949,division_dfe2db74975e0aa9f6fd
review_18950,division_55b19b36aa7567f7ecbf
review_18951,division_55b19b36aa7567f7ecbf
review_18952,division_55b19b36aa7567f7ecbf
review_18953,division_dfe2db74975e0aa9f6fd
review_18954,division_dfe2db74975e0aa9f6fd
review_18955,division_df561e6f16d9f3e64a28
review_18956,division_dfe2db74975e0aa9f6fd
review_18957,division_dfe2db74975e0aa9f6fd
review_18958,division_55b19b36aa7567f7ecbf
review_18959,division_dfe2db74975e0aa9f6fd
review_18960,division_dfe2db74975e0aa9f6fd
review_18961,division_dfe2db74975e0aa9f6fd
review_18962,division_dfe2db74975e0aa9f6fd
review_18963,division_55b19b36aa7567f7ecbf
review_18964,division_55b19b36aa7567f7ecbf
review_18965,division_55b19b36aa7567f7ecbf
review_18966,division_dfe2db74975e0aa9f6fd
review_18967,division_dfe2db74975e0aa9f6fd
review_18968,division_dfe2db74975e0aa9f6fd
review_18969,division_dfe2db74975e0aa9f6fd
review_18970,division_55b19b36aa7567f7ecbf
review_18971,division_dfe2db74975e0aa9f6fd
review_18972,division_dfe2db74975e0aa9f6fd
review_18973,division_dfe2db74975e0aa9f6fd
review_18974,division_dfe2db74975e0aa9f6fd
review_18975,division_df561e6f16d9f3e64a28
review_18976,division_dfe2db74975e0aa9f6fd
review_18977,division_dfe2db74975e0aa9f6fd
review_18978,division_dfe2db74975e0aa9f6fd
review_18979,division_dfe2db74975e0aa9f6fd
review_18980,division_dfe2db74975e0aa9f6fd
review_18981,division_dfe2db74975e0aa9f6fd
review_18982,division_dfe2db74975e0aa9f6fd
review_18983,division_dfe2db74975e0aa9f6fd
review_18984,division_55b19b36aa7567f7ecbf
review_18985,division_dfe2db74975e0aa9f6fd
review_18986,division_dfe2db74975e0aa9f6fd
review_18987,division_dfe2db74975e0aa9f6fd
review_18988,division_df561e6f16d9f3e64a28
review_18989,division_dfe2db74975e0aa9f6fd
review_18990,division_55b19b36aa7567f7ecbf
review_18991,division_55b19b36aa7567f7ecbf
review_18992,division_dfe2db74975e0aa9f6fd
review_18993,division_55b19b36aa7567f7ecbf
review_18994,division_55b19b36aa7567f7ecbf
review_18995,division_dfe2db74975e0aa9f6fd
review_18996,division_55b19b36aa7567f7ecbf
review_18997,division_55b19b36aa7567f7ecbf
review_18998,division_dfe2db74975e0aa9f6fd
review_18999,division_dfe2db74975e0aa9f6fd
review_19000,division_55b19b36aa7567f7ecbf
review_19001,division_df561e6f16d9f3e64a28
review_19002,division_55b19b36aa7567f7ecbf
review_19003,division_55b19b36aa7567f7ecbf
review_19004,division_dfe2db74975e0aa9f6fd
review_19005,division_df561e6f16d9f3e64a28
review_19006,division_dfe2db74975e0aa9f6fd
review_19007,division_55b19b36aa7567f7ecbf
review_19008,division_55b19b36aa7567f7ecbf
review_19009,division_55b19b36aa7567f7ecbf
review_19010,division_dfe2db74975e0aa9f6fd
review_19011,division_dfe2db74975e0aa9f6fd
review_19012,division_dfe2db74975e0aa9f6fd
review_19013,division_55b19b36aa7567f7ecbf
review_19014,division_dfe2db74975e0aa9f6fd
review_19015,division_dfe2db74975e0aa9f6fd
review_19016,division_dfe2db74975e0aa9f6fd
review_19017,division_55b19b36aa7567f7ecbf
review_19018,division_55b19b36aa7567f7ecbf
review_19019,division_df561e6f16d9f3e64a28
review_19020,division_55b19b36aa7567f7ecbf
review_19021,division_dfe2db74975e0aa9f6fd
review_19022,division_dfe2db74975e0aa9f6fd
review_19023,division_dfe2db74975e0aa9f6fd
review_19024,division_dfe2db74975e0aa9f6fd
review_19025,division_dfe2db74975e0aa9f6fd
review_19026,division_dfe2db74975e0aa9f6fd
review_19027,division_dfe2db74975e0aa9f6fd
review_19028,division_dfe2db74975e0aa9f6fd
review_19029,division_dfe2db74975e0aa9f6fd
review_19030,division_df561e6f16d9f3e64a28
review_19031,division_dfe2db74975e0aa9f6fd
review_19032,division_dfe2db74975e0aa9f6fd
review_19033,division_55b19b36aa7567f7ecbf
review_19034,division_dfe2db74975e0aa9f6fd
review_19035,division_dfe2db74975e0aa9f6fd
review_19036,division_dfe2db74975e0aa9f6fd
review_19037,division_55b19b36aa7567f7ecbf
review_19038,division_dfe2db74975e0aa9f6fd
review_19039,division_dfe2db74975e0aa9f6fd
review_19040,division_dfe2db74975e0aa9f6fd
review_19041,division_dfe2db74975e0aa9f6fd
review_19042,division_55b19b36aa7567f7ecbf
review_19043,division_55b19b36aa7567f7ecbf
review_19044,division_55b19b36aa7567f7ecbf
review_19045,division_dfe2db74975e0aa9f6fd
review_19046,division_dfe2db74975e0aa9f6fd
review_19047,division_dfe2db74975e0aa9f6fd
review_19048,division_dfe2db74975e0aa9f6fd
review_19049,division_dfe2db74975e0aa9f6fd
review_19050,division_55b19b36aa7567f7ecbf
review_19051,division_dfe2db74975e0aa9f6fd
review_19052,division_dfe2db74975e0aa9f6fd
review_19053,division_dfe2db74975e0aa9f6fd
review_19054,division_dfe2db74975e0aa9f6fd
review_19055,division_55b19b36aa7567f7ecbf
review_19056,division_dfe2db74975e0aa9f6fd
review_19057,division_55b19b36aa7567f7ecbf
review_19058,division_dfe2db74975e0aa9f6fd
review_19059,division_dfe2db74975e0aa9f6fd
review_19060,division_dfe2db74975e0aa9f6fd
review_19061,division_dfe2db74975e0aa9f6fd
review_19062,division_dfe2db74975e0aa9f6fd
review_19063,division_dfe2db74975e0aa9f6fd
review_19064,division_dfe2db74975e0aa9f6fd
review_19065,division_55b19b36aa7567f7ecbf
review_19066,division_df561e6f16d9f3e64a28
review_19067,division_dfe2db74975e0aa9f6fd
review_19068,division_dfe2db74975e0aa9f6fd
review_19069,division_dfe2db74975e0aa9f6fd
review_19070,division_dfe2db74975e0aa9f6fd
review_19071,division_dfe2db74975e0aa9f6fd
review_19072,division_df561e6f16d9f3e64a28
review_19073,division_dfe2db74975e0aa9f6fd
review_19074,division_df561e6f16d9f3e64a28
review_19075,division_dfe2db74975e0aa9f6fd
review_19076,division_55b19b36aa7567f7ecbf
review_19077,division_df561e6f16d9f3e64a28
review_19078,division_dfe2db74975e0aa9f6fd
review_19079,division_dfe2db74975e0aa9f6fd
review_19080,division_dfe2db74975e0aa9f6fd
review_19081,division_dfe2db74975e0aa9f6fd
review_19082,division_dfe2db74975e0aa9f6fd
review_19083,division_55b19b36aa7567f7ecbf
review_19084,division_dfe2db74975e0aa9f6fd
review_19085,division_dfe2db74975e0aa9f6fd
review_19086,division_dfe2db74975e0aa9f6fd
review_19087,division_dfe2db74975e0aa9f6fd
review_19088,division_dfe2db74975e0aa9f6fd
review_19089,division_dfe2db74975e0aa9f6fd
review_19090,division_dfe2db74975e0aa9f6fd
review_19091,division_dfe2db74975e0aa9f6fd
review_19092,division_dfe2db74975e0aa9f6fd
review_19093,division_55b19b36aa7567f7ecbf
review_19094,division_dfe2db74975e0aa9f6fd
review_19095,division_dfe2db74975e0aa9f6fd
review_19096,division_55b19b36aa7567f7ecbf
review_19097,division_55b19b36aa7567f7ecbf
review_19098,division_df561e6f16d9f3e64a28
review_19099,division_dfe2db74975e0aa9f6fd
review_19100,division_dfe2db74975e0aa9f6fd
review_19101,division_dfe2db74975e0aa9f6fd
review_19102,division_dfe2db74975e0aa9f6fd
review_19103,division_dfe2db74975e0aa9f6fd
review_19104,division_dfe2db74975e0aa9f6fd
review_19105,division_55b19b36aa7567f7ecbf
review_19106,division_dfe2db74975e0aa9f6fd
review_19107,division_dfe2db74975e0aa9f6fd
review_19108,division_dfe2db74975e0aa9f6fd
review_19109,division_dfe2db74975e0aa9f6fd
review_19110,division_dfe2db74975e0aa9f6fd
review_19111,division_55b19b36aa7567f7ecbf
review_19112,division_dfe2db74975e0aa9f6fd
review_19113,division_dfe2db74975e0aa9f6fd
review_19114,division_dfe2db74975e0aa9f6fd
review_19115,division_dfe2db74975e0aa9f6fd
review_19116,division_dfe2db74975e0aa9f6fd
review_19117,division_dfe2db74975e0aa9f6fd
review_19118,division_55b19b36aa7567f7ecbf
review_19119,division_dfe2db74975e0aa9f6fd
review_19120,division_dfe2db74975e0aa9f6fd
review_19121,division_dfe2db74975e0aa9f6fd
review_19122,division_dfe2db74975e0aa9f6fd
review_19123,division_55b19b36aa7567f7ecbf
review_19124,division_dfe2db74975e0aa9f6fd
review_19125,division_dfe2db74975e0aa9f6fd
review_19126,division_55b19b36aa7567f7ecbf
review_19127,division_55b19b36aa7567f7ecbf
review_19128,division_dfe2db74975e0aa9f6fd
review_19129,division_dfe2db74975e0aa9f6fd
review_19130,division_dfe2db74975e0aa9f6fd
review_19131,division_dfe2db74975e0aa9f6fd
review_19132,division_dfe2db74975e0aa9f6fd
review_19133,division_dfe2db74975e0aa9f6fd
review_19134,division_dfe2db74975e0aa9f6fd
review_19135,division_dfe2db74975e0aa9f6fd
review_19136,division_55b19b36aa7567f7ecbf
review_19137,division_dfe2db74975e0aa9f6fd
review_19138,division_dfe2db74975e0aa9f6fd
review_19139,division_dfe2db74975e0aa9f6fd
review_19140,division_dfe2db74975e0aa9f6fd
review_19141,division_dfe2db74975e0aa9f6fd
review_19142,division_dfe2db74975e0aa9f6fd
review_19143,division_55b19b36aa7567f7ecbf
review_19144,division_dfe2db74975e0aa9f6fd
review_19145,division_dfe2db74975e0aa9f6fd
review_19146,division_55b19b36aa7567f7ecbf
review_19147,division_dfe2db74975e0aa9f6fd
review_19148,division_dfe2db74975e0aa9f6fd
review_19149,division_dfe2db74975e0aa9f6fd
review_19150,division_dfe2db74975e0aa9f6fd
review_19151,division_dfe2db74975e0aa9f6fd
review_19152,division_dfe2db74975e0aa9f6fd
review_19153,division_dfe2db74975e0aa9f6fd
review_19154,division_dfe2db74975e0aa9f6fd
review_19155,division_dfe2db74975e0aa9f6fd
review_19156,division_dfe2db74975e0aa9f6fd
review_19157,division_55b19b36aa7567f7ecbf
review_19158,division_dfe2db74975e0aa9f6fd
review_19159,division_dfe2db74975e0aa9f6fd
review_19160,division_dfe2db74975e0aa9f6fd
review_19161,division_dfe2db74975e0aa9f6fd
review_19162,division_55b19b36aa7567f7ecbf
review_19163,division_dfe2db74975e0aa9f6fd
review_19164,division_55b19b36aa7567f7ecbf
review_19165,division_dfe2db74975e0aa9f6fd
review_19166,division_dfe2db74975e0aa9f6fd
review_19167,division_dfe2db74975e0aa9f6fd
review_19168,division_55b19b36aa7567f7ecbf
review_19169,division_dfe2db74975e0aa9f6fd
review_19170,division_dfe2db74975e0aa9f6fd
review_19171,division_dfe2db74975e0aa9f6fd
review_19172,division_dfe2db74975e0aa9f6fd
review_19173,division_dfe2db74975e0aa9f6fd
review_19174,division_dfe2db74975e0aa9f6fd
review_19175,division_dfe2db74975e0aa9f6fd
review_19176,division_55b19b36aa7567f7ecbf
review_19177,division_dfe2db74975e0aa9f6fd
review_19178,division_dfe2db74975e0aa9f6fd
review_19179,division_dfe2db74975e0aa9f6fd
review_19180,division_dfe2db74975e0aa9f6fd
review_19181,division_55b19b36aa7567f7ecbf
review_19182,division_dfe2db74975e0aa9f6fd
review_19183,division_55b19b36aa7567f7ecbf
review_19184,division_dfe2db74975e0aa9f6fd
review_19185,division_55b19b36aa7567f7ecbf
review_19186,division_dfe2db74975e0aa9f6fd
review_19187,division_55b19b36aa7567f7ecbf
review_19188,division_55b19b36aa7567f7ecbf
review_19189,division_dfe2db74975e0aa9f6fd
review_19190,division_55b19b36aa7567f7ecbf
review_19191,division_55b19b36aa7567f7ecbf
review_19192,division_dfe2db74975e0aa9f6fd
review_19193,division_dfe2db74975e0aa9f6fd
review_19194,division_dfe2db74975e0aa9f6fd
review_19195,division_55b19b36aa7567f7ecbf
review_19196,division_dfe2db74975e0aa9f6fd
review_19197,division_dfe2db74975e0aa9f6fd
review_19198,division_55b19b36aa7567f7ecbf
review_19199,division_dfe2db74975e0aa9f6fd
review_19200,division_55b19b36aa7567f7ecbf
review_19201,division_dfe2db74975e0aa9f6fd
review_19202,division_dfe2db74975e0aa9f6fd
review_19203,division_55b19b36aa7567f7ecbf
review_19204,division_dfe2db74975e0aa9f6fd
review_19205,division_dfe2db74975e0aa9f6fd
review_19206,division_55b19b36aa7567f7ecbf
review_19207,division_dfe2db74975e0aa9f6fd
review_19208,division_dfe2db74975e0aa9f6fd
review_19209,division_55b19b36aa7567f7ecbf
review_19210,division_dfe2db74975e0aa9f6fd
review_19211,division_dfe2db74975e0aa9f6fd
review_19212,division_dfe2db74975e0aa9f6fd
review_19213,division_dfe2db74975e0aa9f6fd
review_19214,division_dfe2db74975e0aa9f6fd
review_19215,division_dfe2db74975e0aa9f6fd
review_19216,division_dfe2db74975e0aa9f6fd
review_19217,division_55b19b36aa7567f7ecbf
review_19218,division_dfe2db74975e0aa9f6fd
review_19219,division_dfe2db74975e0aa9f6fd
review_19220,division_dfe2db74975e0aa9f6fd
review_19221,division_55b19b36aa7567f7ecbf
review_19222,division_dfe2db74975e0aa9f6fd
review_19223,division_55b19b36aa7567f7ecbf
review_19224,division_55b19b36aa7567f7ecbf
review_19225,division_dfe2db74975e0aa9f6fd
review_19226,division_55b19b36aa7567f7ecbf
review_19227,division_dfe2db74975e0aa9f6fd
review_19228,division_df561e6f16d9f3e64a28
review_19229,division_55b19b36aa7567f7ecbf
review_19230,division_55b19b36aa7567f7ecbf
review_19231,division_55b19b36aa7567f7ecbf
review_19232,division_dfe2db74975e0aa9f6fd
review_19233,division_dfe2db74975e0aa9f6fd
review_19234,division_55b19b36aa7567f7ecbf
review_19235,division_dfe2db74975e0aa9f6fd
review_19236,division_55b19b36aa7567f7ecbf
review_19237,division_dfe2db74975e0aa9f6fd
review_19238,division_55b19b36aa7567f7ecbf
review_19239,division_55b19b36aa7567f7ecbf
review_19240,division_55b19b36aa7567f7ecbf
review_19241,division_55b19b36aa7567f7ecbf
review_19242,division_dfe2db74975e0aa9f6fd
review_19243,division_55b19b36aa7567f7ecbf
review_19244,division_dfe2db74975e0aa9f6fd
review_19245,division_55b19b36aa7567f7ecbf
review_19246,division_55b19b36aa7567f7ecbf
review_19247,division_55b19b36aa7567f7ecbf
review_19248,division_dfe2db74975e0aa9f6fd
review_19249,division_55b19b36aa7567f7ecbf
review_19250,division_dfe2db74975e0aa9f6fd
review_19251,division_dfe2db74975e0aa9f6fd
review_19252,division_55b19b36aa7567f7ecbf
review_19253,division_dfe2db74975e0aa9f6fd
review_19254,division_55b19b36aa7567f7ecbf
review_19255,division_dfe2db74975e0aa9f6fd
review_19256,division_dfe2db74975e0aa9f6fd
review_19257,division_dfe2db74975e0aa9f6fd
review_19258,division_dfe2db74975e0aa9f6fd
review_19259,division_dfe2db74975e0aa9f6fd
review_19260,division_dfe2db74975e0aa9f6fd
review_19261,division_df561e6f16d9f3e64a28
review_19262,division_dfe2db74975e0aa9f6fd
review_19263,division_df561e6f16d9f3e64a28
review_19264,division_55b19b36aa7567f7ecbf
review_19265,division_dfe2db74975e0aa9f6fd
review_19266,division_dfe2db74975e0aa9f6fd
review_19267,division_dfe2db74975e0aa9f6fd
review_19268,division_dfe2db74975e0aa9f6fd
review_19269,division_dfe2db74975e0aa9f6fd
review_19270,division_55b19b36aa7567f7ecbf
review_19271,division_dfe2db74975e0aa9f6fd
review_19272,division_55b19b36aa7567f7ecbf
review_19273,division_dfe2db74975e0aa9f6fd
review_19274,division_dfe2db74975e0aa9f6fd
review_19275,division_dfe2db74975e0aa9f6fd
review_19276,division_55b19b36aa7567f7ecbf
review_19277,division_dfe2db74975e0aa9f6fd
review_19278,division_55b19b36aa7567f7ecbf
review_19279,division_dfe2db74975e0aa9f6fd
review_19280,division_dfe2db74975e0aa9f6fd
review_19281,division_dfe2db74975e0aa9f6fd
review_19282,division_55b19b36aa7567f7ecbf
review_19283,division_dfe2db74975e0aa9f6fd
review_19284,division_dfe2db74975e0aa9f6fd
review_19285,division_dfe2db74975e0aa9f6fd
review_19286,division_dfe2db74975e0aa9f6fd
review_19287,division_dfe2db74975e0aa9f6fd
review_19288,division_55b19b36aa7567f7ecbf
review_19289,division_55b19b36aa7567f7ecbf
review_19290,division_55b19b36aa7567f7ecbf
review_19291,division_55b19b36aa7567f7ecbf
review_19292,division_dfe2db74975e0aa9f6fd
review_19293,division_dfe2db74975e0aa9f6fd
review_19294,division_55b19b36aa7567f7ecbf
review_19295,division_dfe2db74975e0aa9f6fd
review_19296,division_55b19b36aa7567f7ecbf
review_19297,division_55b19b36aa7567f7ecbf
review_19298,division_55b19b36aa7567f7ecbf
review_19299,division_dfe2db74975e0aa9f6fd
review_19300,division_55b19b36aa7567f7ecbf
review_19301,division_55b19b36aa7567f7ecbf
review_19302,division_55b19b36aa7567f7ecbf
review_19303,division_55b19b36aa7567f7ecbf
review_19304,division_dfe2db74975e0aa9f6fd
review_19305,division_55b19b36aa7567f7ecbf
review_19306,division_55b19b36aa7567f7ecbf
review_19307,division_dfe2db74975e0aa9f6fd
review_19308,division_55b19b36aa7567f7ecbf
review_19309,division_55b19b36aa7567f7ecbf
review_19310,division_dfe2db74975e0aa9f6fd
review_19311,division_dfe2db74975e0aa9f6fd
review_19312,division_55b19b36aa7567f7ecbf
review_19313,division_dfe2db74975e0aa9f6fd
review_19314,division_55b19b36aa7567f7ecbf
review_19315,division_55b19b36aa7567f7ecbf
review_19316,division_55b19b36aa7567f7ecbf
review_19317,division_55b19b36aa7567f7ecbf
review_19318,division_dfe2db74975e0aa9f6fd
review_19319,division_55b19b36aa7567f7ecbf
review_19320,division_dfe2db74975e0aa9f6fd
review_19321,division_55b19b36aa7567f7ecbf
review_19322,division_55b19b36aa7567f7ecbf
review_19323,division_55b19b36aa7567f7ecbf
review_19324,division_55b19b36aa7567f7ecbf
review_19325,division_55b19b36aa7567f7ecbf
review_19326,division_55b19b36aa7567f7ecbf
review_19327,division_55b19b36aa7567f7ecbf
review_19328,division_55b19b36aa7567f7ecbf
review_19329,division_55b19b36aa7567f7ecbf
review_19330,division_55b19b36aa7567f7ecbf
review_19331,division_55b19b36aa7567f7ecbf
review_19332,division_dfe2db74975e0aa9f6fd
review_19333,division_55b19b36aa7567f7ecbf
review_19334,division_55b19b36aa7567f7ecbf
review_19335,division_55b19b36aa7567f7ecbf
review_19336,division_55b19b36aa7567f7ecbf
review_19337,division_55b19b36aa7567f7ecbf
review_19338,division_55b19b36aa7567f7ecbf
review_19339,division_dfe2db74975e0aa9f6fd
review_19340,division_55b19b36aa7567f7ecbf
review_19341,division_55b19b36aa7567f7ecbf
review_19342,division_55b19b36aa7567f7ecbf
review_19343,division_dfe2db74975e0aa9f6fd
review_19344,division_55b19b36aa7567f7ecbf
review_19345,division_55b19b36aa7567f7ecbf
review_19346,division_55b19b36aa7567f7ecbf
review_19347,division_55b19b36aa7567f7ecbf
review_19348,division_55b19b36aa7567f7ecbf
review_19349,division_55b19b36aa7567f7ecbf
review_19350,division_55b19b36aa7567f7ecbf
review_19351,division_55b19b36aa7567f7ecbf
review_19352,division_55b19b36aa7567f7ecbf
review_19353,division_55b19b36aa7567f7ecbf
review_19354,division_55b19b36aa7567f7ecbf
review_19355,division_55b19b36aa7567f7ecbf
review_19356,division_55b19b36aa7567f7ecbf
review_19357,division_55b19b36aa7567f7ecbf
review_19358,division_55b19b36aa7567f7ecbf
review_19359,division_55b19b36aa7567f7ecbf
review_19360,division_55b19b36aa7567f7ecbf
review_19361,division_dfe2db74975e0aa9f6fd
review_19362,division_dfe2db74975e0aa9f6fd
review_19363,division_55b19b36aa7567f7ecbf
review_19364,division_55b19b36aa7567f7ecbf
review_19365,division_55b19b36aa7567f7ecbf
review_19366,division_55b19b36aa7567f7ecbf
review_19367,division_55b19b36aa7567f7ecbf
review_19368,division_df561e6f16d9f3e64a28
review_19369,division_55b19b36aa7567f7ecbf
review_19370,division_55b19b36aa7567f7ecbf
review_19371,division_dfe2db74975e0aa9f6fd
review_19372,division_55b19b36aa7567f7ecbf
review_19373,division_55b19b36aa7567f7ecbf
review_19374,division_55b19b36aa7567f7ecbf
review_19375,division_55b19b36aa7567f7ecbf
review_19376,division_dfe2db74975e0aa9f6fd
review_19377,division_dfe2db74975e0aa9f6fd
review_19378,division_dfe2db74975e0aa9f6fd
review_19379,division_dfe2db74975e0aa9f6fd
review_19380,division_55b19b36aa7567f7ecbf
review_19381,division_55b19b36aa7567f7ecbf
review_19382,division_dfe2db74975e0aa9f6fd
review_19383,division_55b19b36aa7567f7ecbf
review_19384,division_55b19b36aa7567f7ecbf
review_19385,division_dfe2db74975e0aa9f6fd
review_19386,division_55b19b36aa7567f7ecbf
review_19387,division_55b19b36aa7567f7ecbf
review_19388,division_55b19b36aa7567f7ecbf
review_19389,division_dfe2db74975e0aa9f6fd
review_19390,division_dfe2db74975e0aa9f6fd
review_19391,division_dfe2db74975e0aa9f6fd
review_19392,division_55b19b36aa7567f7ecbf
review_19393,division_dfe2db74975e0aa9f6fd
review_19394,division_dfe2db74975e0aa9f6fd
review_19395,division_dfe2db74975e0aa9f6fd
review_19396,division_55b19b36aa7567f7ecbf
review_19397,division_dfe2db74975e0aa9f6fd
review_19398,division_55b19b36aa7567f7ecbf
review_19399,division_dfe2db74975e0aa9f6fd
review_19400,division_55b19b36aa7567f7ecbf
review_19401,division_dfe2db74975e0aa9f6fd
review_19402,division_dfe2db74975e0aa9f6fd
review_19403,division_dfe2db74975e0aa9f6fd
review_19404,division_55b19b36aa7567f7ecbf
review_19405,division_dfe2db74975e0aa9f6fd
review_19406,division_55b19b36aa7567f7ecbf
review_19407,division_55b19b36aa7567f7ecbf
review_19408,division_55b19b36aa7567f7ecbf
review_19409,division_dfe2db74975e0aa9f6fd
review_19410,division_dfe2db74975e0aa9f6fd
review_19411,division_55b19b36aa7567f7ecbf
review_19412,division_55b19b36aa7567f7ecbf
review_19413,division_55b19b36aa7567f7ecbf
review_19414,division_55b19b36aa7567f7ecbf
review_19415,division_dfe2db74975e0aa9f6fd
review_19416,division_dfe2db74975e0aa9f6fd
review_19417,division_dfe2db74975e0aa9f6fd
review_19418,division_dfe2db74975e0aa9f6fd
review_19419,division_dfe2db74975e0aa9f6fd
review_19420,division_dfe2db74975e0aa9f6fd
review_19421,division_dfe2db74975e0aa9f6fd
review_19422,division_dfe2db74975e0aa9f6fd
review_19423,division_dfe2db74975e0aa9f6fd
review_19424,division_df561e6f16d9f3e64a28
review_19425,division_dfe2db74975e0aa9f6fd
review_19426,division_dfe2db74975e0aa9f6fd
review_19427,division_dfe2db74975e0aa9f6fd
review_19428,division_dfe2db74975e0aa9f6fd
review_19429,division_dfe2db74975e0aa9f6fd
review_19430,division_dfe2db74975e0aa9f6fd
review_19431,division_dfe2db74975e0aa9f6fd
review_19432,division_df561e6f16d9f3e64a28
review_19433,division_dfe2db74975e0aa9f6fd
review_19434,division_dfe2db74975e0aa9f6fd
review_19435,division_dfe2db74975e0aa9f6fd
review_19436,division_55b19b36aa7567f7ecbf
review_19437,division_dfe2db74975e0aa9f6fd
review_19438,division_dfe2db74975e0aa9f6fd
review_19439,division_dfe2db74975e0aa9f6fd
review_19440,division_df561e6f16d9f3e64a28
review_19441,division_dfe2db74975e0aa9f6fd
review_19442,division_dfe2db74975e0aa9f6fd
review_19443,division_dfe2db74975e0aa9f6fd
review_19444,division_dfe2db74975e0aa9f6fd
review_19445,division_dfe2db74975e0aa9f6fd
review_19446,division_dfe2db74975e0aa9f6fd
review_19447,division_55b19b36aa7567f7ecbf
review_19448,division_55b19b36aa7567f7ecbf
review_19449,division_dfe2db74975e0aa9f6fd
review_19450,division_55b19b36aa7567f7ecbf
review_19451,division_dfe2db74975e0aa9f6fd
review_19452,division_dfe2db74975e0aa9f6fd
review_19453,division_dfe2db74975e0aa9f6fd
review_19454,division_dfe2db74975e0aa9f6fd
review_19455,division_dfe2db74975e0aa9f6fd
review_19456,division_55b19b36aa7567f7ecbf
review_19457,division_dfe2db74975e0aa9f6fd
review_19458,division_dfe2db74975e0aa9f6fd
review_19459,division_dfe2db74975e0aa9f6fd
review_19460,division_55b19b36aa7567f7ecbf
review_19461,division_dfe2db74975e0aa9f6fd
review_19462,division_dfe2db74975e0aa9f6fd
review_19463,division_dfe2db74975e0aa9f6fd
review_19464,division_dfe2db74975e0aa9f6fd
review_19465,division_dfe2db74975e0aa9f6fd
review_19466,division_dfe2db74975e0aa9f6fd
review_19467,division_55b19b36aa7567f7ecbf
review_19468,division_dfe2db74975e0aa9f6fd
review_19469,division_dfe2db74975e0aa9f6fd
review_19470,division_dfe2db74975e0aa9f6fd
review_19471,division_55b19b36aa7567f7ecbf
review_19472,division_dfe2db74975e0aa9f6fd
review_19473,division_dfe2db74975e0aa9f6fd
review_19474,division_55b19b36aa7567f7ecbf
review_19475,division_55b19b36aa7567f7ecbf
review_19476,division_dfe2db74975e0aa9f6fd
review_19477,division_dfe2db74975e0aa9f6fd
review_19478,division_55b19b36aa7567f7ecbf
review_19479,division_dfe2db74975e0aa9f6fd
review_19480,division_dfe2db74975e0aa9f6fd
review_19481,division_dfe2db74975e0aa9f6fd
review_19482,division_dfe2db74975e0aa9f6fd
review_19483,division_dfe2db74975e0aa9f6fd
review_19484,division_55b19b36aa7567f7ecbf
review_19485,division_55b19b36aa7567f7ecbf
review_19486,division_dfe2db74975e0aa9f6fd
review_19487,division_dfe2db74975e0aa9f6fd
review_19488,division_55b19b36aa7567f7ecbf
review_19489,division_dfe2db74975e0aa9f6fd
review_19490,division_55b19b36aa7567f7ecbf
review_19491,division_dfe2db74975e0aa9f6fd
review_19492,division_55b19b36aa7567f7ecbf
review_19493,division_55b19b36aa7567f7ecbf
review_19494,division_dfe2db74975e0aa9f6fd
review_19495,division_dfe2db74975e0aa9f6fd
review_19496,division_55b19b36aa7567f7ecbf
review_19497,division_55b19b36aa7567f7ecbf
review_19498,division_55b19b36aa7567f7ecbf
review_19499,division_55b19b36aa7567f7ecbf
review_19500,division_dfe2db74975e0aa9f6fd
review_19501,division_dfe2db74975e0aa9f6fd
review_19502,division_dfe2db74975e0aa9f6fd
review_19503,division_dfe2db74975e0aa9f6fd
review_19504,division_dfe2db74975e0aa9f6fd
review_19505,division_dfe2db74975e0aa9f6fd
review_19506,division_55b19b36aa7567f7ecbf
review_19507,division_dfe2db74975e0aa9f6fd
review_19508,division_dfe2db74975e0aa9f6fd
review_19509,division_dfe2db74975e0aa9f6fd
review_19510,division_dfe2db74975e0aa9f6fd
review_19511,division_dfe2db74975e0aa9f6fd
review_19512,division_dfe2db74975e0aa9f6fd
review_19513,division_dfe2db74975e0aa9f6fd
review_19514,division_dfe2db74975e0aa9f6fd
review_19515,division_dfe2db74975e0aa9f6fd
review_19516,division_55b19b36aa7567f7ecbf
review_19517,division_55b19b36aa7567f7ecbf
review_19518,division_55b19b36aa7567f7ecbf
review_19519,division_55b19b36aa7567f7ecbf
review_19520,division_dfe2db74975e0aa9f6fd
review_19521,division_dfe2db74975e0aa9f6fd
review_19522,division_dfe2db74975e0aa9f6fd
review_19523,division_dfe2db74975e0aa9f6fd
review_19524,division_55b19b36aa7567f7ecbf
review_19525,division_dfe2db74975e0aa9f6fd
review_19526,division_dfe2db74975e0aa9f6fd
review_19527,division_55b19b36aa7567f7ecbf
review_19528,division_dfe2db74975e0aa9f6fd
review_19529,division_dfe2db74975e0aa9f6fd
review_19530,division_55b19b36aa7567f7ecbf
review_19531,division_dfe2db74975e0aa9f6fd
review_19532,division_55b19b36aa7567f7ecbf
review_19533,division_55b19b36aa7567f7ecbf
review_19534,division_55b19b36aa7567f7ecbf
review_19535,division_dfe2db74975e0aa9f6fd
review_19536,division_dfe2db74975e0aa9f6fd
review_19537,division_dfe2db74975e0aa9f6fd
review_19538,division_dfe2db74975e0aa9f6fd
review_19539,division_55b19b36aa7567f7ecbf
review_19540,division_df561e6f16d9f3e64a28
review_19541,division_dfe2db74975e0aa9f6fd
review_19542,division_df561e6f16d9f3e64a28
review_19543,division_55b19b36aa7567f7ecbf
review_19544,division_dfe2db74975e0aa9f6fd
review_19545,division_dfe2db74975e0aa9f6fd
review_19546,division_55b19b36aa7567f7ecbf
review_19547,division_df561e6f16d9f3e64a28
review_19548,division_55b19b36aa7567f7ecbf
review_19549,division_dfe2db74975e0aa9f6fd
review_19550,division_55b19b36aa7567f7ecbf
review_19551,division_55b19b36aa7567f7ecbf
review_19552,division_55b19b36aa7567f7ecbf
review_19553,division_55b19b36aa7567f7ecbf
review_19554,division_55b19b36aa7567f7ecbf
review_19555,division_dfe2db74975e0aa9f6fd
review_19556,division_55b19b36aa7567f7ecbf
review_19557,division_dfe2db74975e0aa9f6fd
review_19558,division_55b19b36aa7567f7ecbf
review_19559,division_dfe2db74975e0aa9f6fd
review_19560,division_55b19b36aa7567f7ecbf
review_19561,division_dfe2db74975e0aa9f6fd
review_19562,division_55b19b36aa7567f7ecbf
review_19563,division_55b19b36aa7567f7ecbf
review_19564,division_dfe2db74975e0aa9f6fd
review_19565,division_dfe2db74975e0aa9f6fd
review_19566,division_55b19b36aa7567f7ecbf
review_19567,division_55b19b36aa7567f7ecbf
review_19568,division_df561e6f16d9f3e64a28
review_19569,division_55b19b36aa7567f7ecbf
review_19570,division_55b19b36aa7567f7ecbf
review_19571,division_55b19b36aa7567f7ecbf
review_19572,division_55b19b36aa7567f7ecbf
review_19573,division_dfe2db74975e0aa9f6fd
review_19574,division_dfe2db74975e0aa9f6fd
review_19575,division_dfe2db74975e0aa9f6fd
review_19576,division_dfe2db74975e0aa9f6fd
review_19577,division_dfe2db74975e0aa9f6fd
review_19578,division_dfe2db74975e0aa9f6fd
review_19579,division_dfe2db74975e0aa9f6fd
review_19580,division_dfe2db74975e0aa9f6fd
review_19581,division_dfe2db74975e0aa9f6fd
review_19582,division_dfe2db74975e0aa9f6fd
review_19583,division_55b19b36aa7567f7ecbf
review_19584,division_dfe2db74975e0aa9f6fd
review_19585,division_dfe2db74975e0aa9f6fd
review_19586,division_dfe2db74975e0aa9f6fd
review_19587,division_dfe2db74975e0aa9f6fd
review_19588,division_dfe2db74975e0aa9f6fd
review_19589,division_55b19b36aa7567f7ecbf
review_19590,division_dfe2db74975e0aa9f6fd
review_19591,division_dfe2db74975e0aa9f6fd
review_19592,division_dfe2db74975e0aa9f6fd
review_19593,division_55b19b36aa7567f7ecbf
review_19594,division_dfe2db74975e0aa9f6fd
review_19595,division_55b19b36aa7567f7ecbf
review_19596,division_dfe2db74975e0aa9f6fd
review_19597,division_55b19b36aa7567f7ecbf
review_19598,division_55b19b36aa7567f7ecbf
review_19599,division_55b19b36aa7567f7ecbf
review_19600,division_dfe2db74975e0aa9f6fd
review_19601,division_55b19b36aa7567f7ecbf
review_19602,division_55b19b36aa7567f7ecbf
review_19603,division_df561e6f16d9f3e64a28
review_19604,division_dfe2db74975e0aa9f6fd
review_19605,division_dfe2db74975e0aa9f6fd
review_19606,division_dfe2db74975e0aa9f6fd
review_19607,division_df561e6f16d9f3e64a28
review_19608,division_55b19b36aa7567f7ecbf
review_19609,division_55b19b36aa7567f7ecbf
review_19610,division_dfe2db74975e0aa9f6fd
review_19611,division_55b19b36aa7567f7ecbf
review_19612,division_dfe2db74975e0aa9f6fd
review_19613,division_dfe2db74975e0aa9f6fd
review_19614,division_dfe2db74975e0aa9f6fd
review_19615,division_55b19b36aa7567f7ecbf
review_19616,division_55b19b36aa7567f7ecbf
review_19617,division_dfe2db74975e0aa9f6fd
review_19618,division_dfe2db74975e0aa9f6fd
review_19619,division_df561e6f16d9f3e64a28
review_19620,division_55b19b36aa7567f7ecbf
review_19621,division_dfe2db74975e0aa9f6fd
review_19622,division_55b19b36aa7567f7ecbf
review_19623,division_dfe2db74975e0aa9f6fd
review_19624,division_dfe2db74975e0aa9f6fd
review_19625,division_55b19b36aa7567f7ecbf
review_19626,division_dfe2db74975e0aa9f6fd
review_19627,division_55b19b36aa7567f7ecbf
review_19628,division_55b19b36aa7567f7ecbf
review_19629,division_dfe2db74975e0aa9f6fd
review_19630,division_dfe2db74975e0aa9f6fd
review_19631,division_dfe2db74975e0aa9f6fd
review_19632,division_dfe2db74975e0aa9f6fd
review_19633,division_55b19b36aa7567f7ecbf
review_19634,division_dfe2db74975e0aa9f6fd
review_19635,division_dfe2db74975e0aa9f6fd
review_19636,division_55b19b36aa7567f7ecbf
review_19637,division_55b19b36aa7567f7ecbf
review_19638,division_dfe2db74975e0aa9f6fd
review_19639,division_dfe2db74975e0aa9f6fd
review_19640,division_dfe2db74975e0aa9f6fd
review_19641,division_55b19b36aa7567f7ecbf
review_19642,division_dfe2db74975e0aa9f6fd
review_19643,division_dfe2db74975e0aa9f6fd
review_19644,division_dfe2db74975e0aa9f6fd
review_19645,division_55b19b36aa7567f7ecbf
review_19646,division_dfe2db74975e0aa9f6fd
review_19647,division_dfe2db74975e0aa9f6fd
review_19648,division_df561e6f16d9f3e64a28
review_19649,division_dfe2db74975e0aa9f6fd
review_19650,division_dfe2db74975e0aa9f6fd
review_19651,division_55b19b36aa7567f7ecbf
review_19652,division_dfe2db74975e0aa9f6fd
review_19653,division_df561e6f16d9f3e64a28
review_19654,division_dfe2db74975e0aa9f6fd
review_19655,division_dfe2db74975e0aa9f6fd
review_19656,division_dfe2db74975e0aa9f6fd
review_19657,division_dfe2db74975e0aa9f6fd
review_19658,division_55b19b36aa7567f7ecbf
review_19659,division_dfe2db74975e0aa9f6fd
review_19660,division_55b19b36aa7567f7ecbf
review_19661,division_dfe2db74975e0aa9f6fd
review_19662,division_55b19b36aa7567f7ecbf
review_19663,division_55b19b36aa7567f7ecbf
review_19664,division_dfe2db74975e0aa9f6fd
review_19665,division_dfe2db74975e0aa9f6fd
review_19666,division_55b19b36aa7567f7ecbf
review_19667,division_dfe2db74975e0aa9f6fd
review_19668,division_55b19b36aa7567f7ecbf
review_19669,division_dfe2db74975e0aa9f6fd
review_19670,division_dfe2db74975e0aa9f6fd
review_19671,division_55b19b36aa7567f7ecbf
review_19672,division_dfe2db74975e0aa9f6fd
review_19673,division_55b19b36aa7567f7ecbf
review_19674,division_dfe2db74975e0aa9f6fd
review_19675,division_dfe2db74975e0aa9f6fd
review_19676,division_55b19b36aa7567f7ecbf
review_19677,division_dfe2db74975e0aa9f6fd
review_19678,division_dfe2db74975e0aa9f6fd
review_19679,division_dfe2db74975e0aa9f6fd
review_19680,division_dfe2db74975e0aa9f6fd
review_19681,division_dfe2db74975e0aa9f6fd
review_19682,division_55b19b36aa7567f7ecbf
review_19683,division_dfe2db74975e0aa9f6fd
review_19684,division_dfe2db74975e0aa9f6fd
review_19685,division_55b19b36aa7567f7ecbf
review_19686,division_dfe2db74975e0aa9f6fd
review_19687,division_55b19b36aa7567f7ecbf
review_19688,division_55b19b36aa7567f7ecbf
review_19689,division_dfe2db74975e0aa9f6fd
review_19690,division_df561e6f16d9f3e64a28
review_19691,division_55b19b36aa7567f7ecbf
review_19692,division_dfe2db74975e0aa9f6fd
review_19693,division_dfe2db74975e0aa9f6fd
review_19694,division_dfe2db74975e0aa9f6fd
review_19695,division_dfe2db74975e0aa9f6fd
review_19696,division_dfe2db74975e0aa9f6fd
review_19697,division_dfe2db74975e0aa9f6fd
review_19698,division_dfe2db74975e0aa9f6fd
review_19699,division_dfe2db74975e0aa9f6fd
review_19700,division_dfe2db74975e0aa9f6fd
review_19701,division_dfe2db74975e0aa9f6fd
review_19702,division_dfe2db74975e0aa9f6fd
review_19703,division_dfe2db74975e0aa9f6fd
review_19704,division_dfe2db74975e0aa9f6fd
review_19705,division_55b19b36aa7567f7ecbf
review_19706,division_dfe2db74975e0aa9f6fd
review_19707,division_dfe2db74975e0aa9f6fd
review_19708,division_dfe2db74975e0aa9f6fd
review_19709,division_dfe2db74975e0aa9f6fd
review_19710,division_dfe2db74975e0aa9f6fd
review_19711,division_dfe2db74975e0aa9f6fd
review_19712,division_df561e6f16d9f3e64a28
review_19713,division_dfe2db74975e0aa9f6fd
review_19714,division_dfe2db74975e0aa9f6fd
review_19715,division_dfe2db74975e0aa9f6fd
review_19716,division_55b19b36aa7567f7ecbf
review_19717,division_55b19b36aa7567f7ecbf
review_19718,division_55b19b36aa7567f7ecbf
review_19719,division_dfe2db74975e0aa9f6fd
review_19720,division_df561e6f16d9f3e64a28
review_19721,division_55b19b36aa7567f7ecbf
review_19722,division_55b19b36aa7567f7ecbf
review_19723,division_dfe2db74975e0aa9f6fd
review_19724,division_dfe2db74975e0aa9f6fd
review_19725,division_dfe2db74975e0aa9f6fd
review_19726,division_dfe2db74975e0aa9f6fd
review_19727,division_55b19b36aa7567f7ecbf
review_19728,division_dfe2db74975e0aa9f6fd
review_19729,division_55b19b36aa7567f7ecbf
review_19730,division_dfe2db74975e0aa9f6fd
review_19731,division_dfe2db74975e0aa9f6fd
review_19732,division_55b19b36aa7567f7ecbf
review_19733,division_dfe2db74975e0aa9f6fd
review_19734,division_dfe2db74975e0aa9f6fd
review_19735,division_55b19b36aa7567f7ecbf
review_19736,division_dfe2db74975e0aa9f6fd
review_19737,division_df561e6f16d9f3e64a28
review_19738,division_dfe2db74975e0aa9f6fd
review_19739,division_dfe2db74975e0aa9f6fd
review_19740,division_dfe2db74975e0aa9f6fd
review_19741,division_dfe2db74975e0aa9f6fd
review_19742,division_dfe2db74975e0aa9f6fd
review_19743,division_dfe2db74975e0aa9f6fd
review_19744,division_dfe2db74975e0aa9f6fd
review_19745,division_dfe2db74975e0aa9f6fd
review_19746,division_55b19b36aa7567f7ecbf
review_19747,division_dfe2db74975e0aa9f6fd
review_19748,division_dfe2db74975e0aa9f6fd
review_19749,division_df561e6f16d9f3e64a28
review_19750,division_dfe2db74975e0aa9f6fd
review_19751,division_55b19b36aa7567f7ecbf
review_19752,division_df561e6f16d9f3e64a28
review_19753,division_55b19b36aa7567f7ecbf
review_19754,division_dfe2db74975e0aa9f6fd
review_19755,division_55b19b36aa7567f7ecbf
review_19756,division_55b19b36aa7567f7ecbf
review_19757,division_dfe2db74975e0aa9f6fd
review_19758,division_dfe2db74975e0aa9f6fd
review_19759,division_55b19b36aa7567f7ecbf
review_19760,division_df561e6f16d9f3e64a28
review_19761,division_df561e6f16d9f3e64a28
review_19762,division_df561e6f16d9f3e64a28
review_19763,division_55b19b36aa7567f7ecbf
review_19764,division_55b19b36aa7567f7ecbf
review_19765,division_55b19b36aa7567f7ecbf
review_19766,division_55b19b36aa7567f7ecbf
review_19767,division_55b19b36aa7567f7ecbf
review_19768,division_55b19b36aa7567f7ecbf
review_19769,division_dfe2db74975e0aa9f6fd
review_19770,division_55b19b36aa7567f7ecbf
review_19771,division_dfe2db74975e0aa9f6fd
review_19772,division_dfe2db74975e0aa9f6fd
review_19773,division_df561e6f16d9f3e64a28
review_19774,division_55b19b36aa7567f7ecbf
review_19775,division_55b19b36aa7567f7ecbf
review_19776,division_dfe2db74975e0aa9f6fd
review_19777,division_55b19b36aa7567f7ecbf
review_19778,division_dfe2db74975e0aa9f6fd
review_19779,division_dfe2db74975e0aa9f6fd
review_19780,division_dfe2db74975e0aa9f6fd
review_19781,division_dfe2db74975e0aa9f6fd
review_19782,division_dfe2db74975e0aa9f6fd
review_19783,division_dfe2db74975e0aa9f6fd
review_19784,division_55b19b36aa7567f7ecbf
review_19785,division_55b19b36aa7567f7ecbf
review_19786,division_55b19b36aa7567f7ecbf
review_19787,division_dfe2db74975e0aa9f6fd
review_19788,division_dfe2db74975e0aa9f6fd
review_19789,division_dfe2db74975e0aa9f6fd
review_19790,division_df561e6f16d9f3e64a28
review_19791,division_dfe2db74975e0aa9f6fd
review_19792,division_dfe2db74975e0aa9f6fd
review_19793,division_dfe2db74975e0aa9f6fd
review_19794,division_dfe2db74975e0aa9f6fd
review_19795,division_df561e6f16d9f3e64a28
review_19796,division_55b19b36aa7567f7ecbf
review_19797,division_dfe2db74975e0aa9f6fd
review_19798,division_dfe2db74975e0aa9f6fd
review_19799,division_dfe2db74975e0aa9f6fd
review_19800,division_55b19b36aa7567f7ecbf
review_19801,division_dfe2db74975e0aa9f6fd
review_19802,division_dfe2db74975e0aa9f6fd
review_19803,division_dfe2db74975e0aa9f6fd
review_19804,division_55b19b36aa7567f7ecbf
review_19805,division_dfe2db74975e0aa9f6fd
review_19806,division_dfe2db74975e0aa9f6fd
review_19807,division_dfe2db74975e0aa9f6fd
review_19808,division_55b19b36aa7567f7ecbf
review_19809,division_55b19b36aa7567f7ecbf
review_19810,division_dfe2db74975e0aa9f6fd
review_19811,division_dfe2db74975e0aa9f6fd
review_19812,division_dfe2db74975e0aa9f6fd
review_19813,division_55b19b36aa7567f7ecbf
review_19814,division_dfe2db74975e0aa9f6fd
review_19815,division_dfe2db74975e0aa9f6fd
review_19816,division_55b19b36aa7567f7ecbf
review_19817,division_dfe2db74975e0aa9f6fd
review_19818,division_dfe2db74975e0aa9f6fd
review_19819,division_55b19b36aa7567f7ecbf
review_19820,division_dfe2db74975e0aa9f6fd
review_19821,division_dfe2db74975e0aa9f6fd
review_19822,division_dfe2db74975e0aa9f6fd
review_19823,division_dfe2db74975e0aa9f6fd
review_19824,division_55b19b36aa7567f7ecbf
review_19825,division_dfe2db74975e0aa9f6fd
review_19826,division_55b19b36aa7567f7ecbf
review_19827,division_dfe2db74975e0aa9f6fd
review_19828,division_dfe2db74975e0aa9f6fd
review_19829,division_dfe2db74975e0aa9f6fd
review_19830,division_dfe2db74975e0aa9f6fd
review_19831,division_dfe2db74975e0aa9f6fd
review_19832,division_dfe2db74975e0aa9f6fd
review_19833,division_dfe2db74975e0aa9f6fd
review_19834,division_dfe2db74975e0aa9f6fd
review_19835,division_55b19b36aa7567f7ecbf
review_19836,division_dfe2db74975e0aa9f6fd
review_19837,division_dfe2db74975e0aa9f6fd
review_19838,division_55b19b36aa7567f7ecbf
review_19839,division_dfe2db74975e0aa9f6fd
review_19840,division_dfe2db74975e0aa9f6fd
review_19841,division_dfe2db74975e0aa9f6fd
review_19842,division_dfe2db74975e0aa9f6fd
review_19843,division_df561e6f16d9f3e64a28
review_19844,division_dfe2db74975e0aa9f6fd
review_19845,division_dfe2db74975e0aa9f6fd
review_19846,division_55b19b36aa7567f7ecbf
review_19847,division_55b19b36aa7567f7ecbf
review_19848,division_dfe2db74975e0aa9f6fd
review_19849,division_df561e6f16d9f3e64a28
review_19850,division_dfe2db74975e0aa9f6fd
review_19851,division_dfe2db74975e0aa9f6fd
review_19852,division_dfe2db74975e0aa9f6fd
review_19853,division_df561e6f16d9f3e64a28
review_19854,division_dfe2db74975e0aa9f6fd
review_19855,division_dfe2db74975e0aa9f6fd
review_19856,division_dfe2db74975e0aa9f6fd
review_19857,division_55b19b36aa7567f7ecbf
review_19858,division_dfe2db74975e0aa9f6fd
review_19859,division_dfe2db74975e0aa9f6fd
review_19860,division_dfe2db74975e0aa9f6fd
review_19861,division_dfe2db74975e0aa9f6fd
review_19862,division_dfe2db74975e0aa9f6fd
review_19863,division_55b19b36aa7567f7ecbf
review_19864,division_dfe2db74975e0aa9f6fd
review_19865,division_dfe2db74975e0aa9f6fd
review_19866,division_dfe2db74975e0aa9f6fd
review_19867,division_dfe2db74975e0aa9f6fd
review_19868,division_dfe2db74975e0aa9f6fd
review_19869,division_df561e6f16d9f3e64a28
review_19870,division_dfe2db74975e0aa9f6fd
review_19871,division_55b19b36aa7567f7ecbf
review_19872,division_dfe2db74975e0aa9f6fd
review_19873,division_dfe2db74975e0aa9f6fd
review_19874,division_dfe2db74975e0aa9f6fd
review_19875,division_55b19b36aa7567f7ecbf
review_19876,division_55b19b36aa7567f7ecbf
review_19877,division_55b19b36aa7567f7ecbf
review_19878,division_55b19b36aa7567f7ecbf
review_19879,division_dfe2db74975e0aa9f6fd
review_19880,division_55b19b36aa7567f7ecbf
review_19881,division_55b19b36aa7567f7ecbf
review_19882,division_dfe2db74975e0aa9f6fd
review_19883,division_55b19b36aa7567f7ecbf
review_19884,division_55b19b36aa7567f7ecbf
review_19885,division_55b19b36aa7567f7ecbf
review_19886,division_55b19b36aa7567f7ecbf
review_19887,division_dfe2db74975e0aa9f6fd
review_19888,division_55b19b36aa7567f7ecbf
review_19889,division_55b19b36aa7567f7ecbf
review_19890,division_55b19b36aa7567f7ecbf
review_19891,division_dfe2db74975e0aa9f6fd
review_19892,division_dfe2db74975e0aa9f6fd
review_19893,division_55b19b36aa7567f7ecbf
review_19894,division_df561e6f16d9f3e64a28
review_19895,division_55b19b36aa7567f7ecbf
review_19896,division_55b19b36aa7567f7ecbf
review_19897,division_dfe2db74975e0aa9f6fd
review_19898,division_55b19b36aa7567f7ecbf
review_19899,division_55b19b36aa7567f7ecbf
review_19900,division_55b19b36aa7567f7ecbf
review_19901,division_55b19b36aa7567f7ecbf
review_19902,division_dfe2db74975e0aa9f6fd
review_19903,division_55b19b36aa7567f7ecbf
review_19904,division_55b19b36aa7567f7ecbf
review_19905,division_dfe2db74975e0aa9f6fd
review_19906,division_dfe2db74975e0aa9f6fd
review_19907,division_55b19b36aa7567f7ecbf
review_19908,division_df561e6f16d9f3e64a28
review_19909,division_dfe2db74975e0aa9f6fd
review_19910,division_55b19b36aa7567f7ecbf
review_19911,division_dfe2db74975e0aa9f6fd
review_19912,division_55b19b36aa7567f7ecbf
review_19913,division_55b19b36aa7567f7ecbf
review_19914,division_55b19b36aa7567f7ecbf
review_19915,division_55b19b36aa7567f7ecbf
review_19916,division_dfe2db74975e0aa9f6fd
review_19917,division_dfe2db74975e0aa9f6fd
review_19918,division_55b19b36aa7567f7ecbf
review_19919,division_55b19b36aa7567f7ecbf
review_19920,division_55b19b36aa7567f7ecbf
review_19921,division_dfe2db74975e0aa9f6fd
review_19922,division_dfe2db74975e0aa9f6fd
review_19923,division_55b19b36aa7567f7ecbf
review_19924,division_55b19b36aa7567f7ecbf
review_19925,division_55b19b36aa7567f7ecbf
review_19926,division_55b19b36aa7567f7ecbf
review_19927,division_dfe2db74975e0aa9f6fd
review_19928,division_55b19b36aa7567f7ecbf
review_19929,division_55b19b36aa7567f7ecbf
review_19930,division_dfe2db74975e0aa9f6fd
review_19931,division_df561e6f16d9f3e64a28
review_19932,division_dfe2db74975e0aa9f6fd
review_19933,division_55b19b36aa7567f7ecbf
review_19934,division_55b19b36aa7567f7ecbf
review_19935,division_dfe2db74975e0aa9f6fd
review_19936,division_dfe2db74975e0aa9f6fd
review_19937,division_55b19b36aa7567f7ecbf
review_19938,division_55b19b36aa7567f7ecbf
review_19939,division_dfe2db74975e0aa9f6fd
review_19940,division_55b19b36aa7567f7ecbf
review_19941,division_55b19b36aa7567f7ecbf
review_19942,division_dfe2db74975e0aa9f6fd
review_19943,division_dfe2db74975e0aa9f6fd
review_19944,division_df561e6f16d9f3e64a28
review_19945,division_df561e6f16d9f3e64a28
review_19946,division_55b19b36aa7567f7ecbf
review_19947,division_df561e6f16d9f3e64a28
review_19948,division_dfe2db74975e0aa9f6fd
review_19949,division_dfe2db74975e0aa9f6fd
review_19950,division_dfe2db74975e0aa9f6fd
review_19951,division_df561e6f16d9f3e64a28
review_19952,division_dfe2db74975e0aa9f6fd
review_19953,division_dfe2db74975e0aa9f6fd
review_19954,division_55b19b36aa7567f7ecbf
review_19955,division_dfe2db74975e0aa9f6fd
review_19956,division_dfe2db74975e0aa9f6fd
review_19957,division_dfe2db74975e0aa9f6fd
review_19958,division_df561e6f16d9f3e64a28
review_19959,division_dfe2db74975e0aa9f6fd
review_19960,division_dfe2db74975e0aa9f6fd
review_19961,division_df561e6f16d9f3e64a28
review_19962,division_dfe2db74975e0aa9f6fd
review_19963,division_dfe2db74975e0aa9f6fd
review_19964,division_df561e6f16d9f3e64a28
review_19965,division_df561e6f16d9f3e64a28
review_19966,division_55b19b36aa7567f7ecbf
review_19967,division_55b19b36aa7567f7ecbf
review_19968,division_dfe2db74975e0aa9f6fd
review_19969,division_dfe2db74975e0aa9f6fd
review_19970,division_55b19b36aa7567f7ecbf
review_19971,division_dfe2db74975e0aa9f6fd
review_19972,division_55b19b36aa7567f7ecbf
review_19973,division_dfe2db74975e0aa9f6fd
review_19974,division_dfe2db74975e0aa9f6fd
review_19975,division_dfe2db74975e0aa9f6fd
review_19976,division_55b19b36aa7567f7ecbf
review_19977,division_55b19b36aa7567f7ecbf
review_19978,division_df561e6f16d9f3e64a28
review_19979,division_dfe2db74975e0aa9f6fd
review_19980,division_55b19b36aa7567f7ecbf
review_19981,division_dfe2db74975e0aa9f6fd
review_19982,division_dfe2db74975e0aa9f6fd
review_19983,division_55b19b36aa7567f7ecbf
review_19984,division_dfe2db74975e0aa9f6fd
review_19985,division_55b19b36aa7567f7ecbf
review_19986,division_dfe2db74975e0aa9f6fd
review_19987,division_dfe2db74975e0aa9f6fd
review_19988,division_dfe2db74975e0aa9f6fd
review_19989,division_dfe2db74975e0aa9f6fd
review_19990,division_dfe2db74975e0aa9f6fd
review_19991,division_dfe2db74975e0aa9f6fd
review_19992,division_dfe2db74975e0aa9f6fd
review_19993,division_dfe2db74975e0aa9f6fd
review_19994,division_df561e6f16d9f3e64a28
review_19995,division_55b19b36aa7567f7ecbf
review_19996,division_dfe2db74975e0aa9f6fd
review_19997,division_dfe2db74975e0aa9f6fd
review_19998,division_dfe2db74975e0aa9f6fd
review_19999,division_55b19b36aa7567f7ecbf
review_20000,division_55b19b36aa7567f7ecbf
review_20001,division_dfe2db74975e0aa9f6fd
review_20002,division_55b19b36aa7567f7ecbf
review_20003,division_df561e6f16d9f3e64a28
review_20004,division_df561e6f16d9f3e64a28
review_20005,division_dfe2db74975e0aa9f6fd
review_20006,division_55b19b36aa7567f7ecbf
review_20007,division_dfe2db74975e0aa9f6fd
review_20008,division_dfe2db74975e0aa9f6fd
review_20009,division_dfe2db74975e0aa9f6fd
review_20010,division_dfe2db74975e0aa9f6fd
review_20011,division_55b19b36aa7567f7ecbf
review_20012,division_dfe2db74975e0aa9f6fd
review_20013,division_dfe2db74975e0aa9f6fd
review_20014,division_dfe2db74975e0aa9f6fd
review_20015,division_dfe2db74975e0aa9f6fd
review_20016,division_dfe2db74975e0aa9f6fd
review_20017,division_dfe2db74975e0aa9f6fd
review_20018,division_df561e6f16d9f3e64a28
review_20019,division_55b19b36aa7567f7ecbf
review_20020,division_dfe2db74975e0aa9f6fd
review_20021,division_dfe2db74975e0aa9f6fd
review_20022,division_55b19b36aa7567f7ecbf
review_20023,division_dfe2db74975e0aa9f6fd
review_20024,division_55b19b36aa7567f7ecbf
review_20025,division_dfe2db74975e0aa9f6fd
review_20026,division_55b19b36aa7567f7ecbf
review_20027,division_dfe2db74975e0aa9f6fd
review_20028,division_55b19b36aa7567f7ecbf
review_20029,division_55b19b36aa7567f7ecbf
review_20030,division_dfe2db74975e0aa9f6fd
review_20031,division_dfe2db74975e0aa9f6fd
review_20032,division_55b19b36aa7567f7ecbf
review_20033,division_dfe2db74975e0aa9f6fd
review_20034,division_dfe2db74975e0aa9f6fd
review_20035,division_dfe2db74975e0aa9f6fd
review_20036,division_dfe2db74975e0aa9f6fd
review_20037,division_dfe2db74975e0aa9f6fd
review_20038,division_dfe2db74975e0aa9f6fd
review_20039,division_dfe2db74975e0aa9f6fd
review_20040,division_dfe2db74975e0aa9f6fd
review_20041,division_55b19b36aa7567f7ecbf
review_20042,division_55b19b36aa7567f7ecbf
review_20043,division_55b19b36aa7567f7ecbf
review_20044,division_dfe2db74975e0aa9f6fd
review_20045,division_55b19b36aa7567f7ecbf
review_20046,division_dfe2db74975e0aa9f6fd
review_20047,division_dfe2db74975e0aa9f6fd
review_20048,division_dfe2db74975e0aa9f6fd
review_20049,division_dfe2db74975e0aa9f6fd
review_20050,division_dfe2db74975e0aa9f6fd
review_20051,division_dfe2db74975e0aa9f6fd
review_20052,division_55b19b36aa7567f7ecbf
review_20053,division_dfe2db74975e0aa9f6fd
review_20054,division_55b19b36aa7567f7ecbf
review_20055,division_dfe2db74975e0aa9f6fd
review_20056,division_55b19b36aa7567f7ecbf
review_20057,division_dfe2db74975e0aa9f6fd
review_20058,division_55b19b36aa7567f7ecbf
review_20059,division_dfe2db74975e0aa9f6fd
review_20060,division_55b19b36aa7567f7ecbf
review_20061,division_dfe2db74975e0aa9f6fd
review_20062,division_dfe2db74975e0aa9f6fd
review_20063,division_55b19b36aa7567f7ecbf
review_20064,division_dfe2db74975e0aa9f6fd
review_20065,division_dfe2db74975e0aa9f6fd
review_20066,division_df561e6f16d9f3e64a28
review_20067,division_55b19b36aa7567f7ecbf
review_20068,division_55b19b36aa7567f7ecbf
review_20069,division_dfe2db74975e0aa9f6fd
review_20070,division_dfe2db74975e0aa9f6fd
review_20071,division_55b19b36aa7567f7ecbf
review_20072,division_dfe2db74975e0aa9f6fd
review_20073,division_55b19b36aa7567f7ecbf
review_20074,division_dfe2db74975e0aa9f6fd
review_20075,division_df561e6f16d9f3e64a28
review_20076,division_dfe2db74975e0aa9f6fd
review_20077,division_dfe2db74975e0aa9f6fd
review_20078,division_55b19b36aa7567f7ecbf
review_20079,division_dfe2db74975e0aa9f6fd
review_20080,division_dfe2db74975e0aa9f6fd
review_20081,division_dfe2db74975e0aa9f6fd
review_20082,division_dfe2db74975e0aa9f6fd
review_20083,division_dfe2db74975e0aa9f6fd
review_20084,division_dfe2db74975e0aa9f6fd
review_20085,division_55b19b36aa7567f7ecbf
review_20086,division_dfe2db74975e0aa9f6fd
review_20087,division_dfe2db74975e0aa9f6fd
review_20089,division_dfe2db74975e0aa9f6fd
review_20090,division_dfe2db74975e0aa9f6fd
review_20091,division_55b19b36aa7567f7ecbf
review_20092,division_dfe2db74975e0aa9f6fd
review_20093,division_dfe2db74975e0aa9f6fd
review_20094,division_dfe2db74975e0aa9f6fd
review_20095,division_dfe2db74975e0aa9f6fd
review_20096,division_dfe2db74975e0aa9f6fd
review_20097,division_dfe2db74975e0aa9f6fd
review_20098,division_55b19b36aa7567f7ecbf
review_20099,division_dfe2db74975e0aa9f6fd
review_20100,division_dfe2db74975e0aa9f6fd
review_20101,division_dfe2db74975e0aa9f6fd
review_20102,division_dfe2db74975e0aa9f6fd
review_20103,division_55b19b36aa7567f7ecbf
review_20104,division_df561e6f16d9f3e64a28
review_20105,division_df561e6f16d9f3e64a28
review_20106,division_55b19b36aa7567f7ecbf
review_20107,division_dfe2db74975e0aa9f6fd
review_20108,division_55b19b36aa7567f7ecbf
review_20109,division_df561e6f16d9f3e64a28
review_20110,division_55b19b36aa7567f7ecbf
review_20111,division_df561e6f16d9f3e64a28
review_20112,division_dfe2db74975e0aa9f6fd
review_20113,division_dfe2db74975e0aa9f6fd
review_20114,division_dfe2db74975e0aa9f6fd
review_20115,division_55b19b36aa7567f7ecbf
review_20116,division_55b19b36aa7567f7ecbf
review_20117,division_df561e6f16d9f3e64a28
review_20118,division_df561e6f16d9f3e64a28
review_20119,division_df561e6f16d9f3e64a28
review_20120,division_dfe2db74975e0aa9f6fd
review_20121,division_dfe2db74975e0aa9f6fd
review_20122,division_55b19b36aa7567f7ecbf
review_20123,division_dfe2db74975e0aa9f6fd
review_20124,division_dfe2db74975e0aa9f6fd
review_20125,division_df561e6f16d9f3e64a28
review_20126,division_df561e6f16d9f3e64a28
review_20127,division_55b19b36aa7567f7ecbf
review_20128,division_55b19b36aa7567f7ecbf
review_20129,division_df561e6f16d9f3e64a28
review_20130,division_df561e6f16d9f3e64a28
review_20131,division_df561e6f16d9f3e64a28
review_20132,division_df561e6f16d9f3e64a28
review_20133,division_55b19b36aa7567f7ecbf
review_20134,division_dfe2db74975e0aa9f6fd
review_20135,division_df561e6f16d9f3e64a28
review_20136,division_df561e6f16d9f3e64a28
review_20137,division_55b19b36aa7567f7ecbf
review_20138,division_dfe2db74975e0aa9f6fd
review_20139,division_df561e6f16d9f3e64a28
review_20140,division_55b19b36aa7567f7ecbf
review_20141,division_dfe2db74975e0aa9f6fd
review_20142,division_df561e6f16d9f3e64a28
review_20143,division_55b19b36aa7567f7ecbf
review_20144,division_55b19b36aa7567f7ecbf
review_20145,division_dfe2db74975e0aa9f6fd
review_20146,division_df561e6f16d9f3e64a28
review_20147,division_55b19b36aa7567f7ecbf
review_20148,division_dfe2db74975e0aa9f6fd
review_20149,division_df561e6f16d9f3e64a28
review_20150,division_dfe2db74975e0aa9f6fd
review_20151,division_df561e6f16d9f3e64a28
review_20152,division_df561e6f16d9f3e64a28
review_20153,division_dfe2db74975e0aa9f6fd
review_20154,division_55b19b36aa7567f7ecbf
review_20155,division_df561e6f16d9f3e64a28
review_20156,division_dfe2db74975e0aa9f6fd
review_20157,division_df561e6f16d9f3e64a28
review_20158,division_df561e6f16d9f3e64a28
review_20159,division_55b19b36aa7567f7ecbf
review_20160,division_dfe2db74975e0aa9f6fd
review_20161,division_55b19b36aa7567f7ecbf
review_20162,division_df561e6f16d9f3e64a28
review_20163,division_dfe2db74975e0aa9f6fd
review_20164,division_55b19b36aa7567f7ecbf
review_20165,division_df561e6f16d9f3e64a28
review_20166,division_dfe2db74975e0aa9f6fd
review_20167,division_dfe2db74975e0aa9f6fd
review_20168,division_df561e6f16d9f3e64a28
review_20169,division_df561e6f16d9f3e64a28
review_20170,division_dfe2db74975e0aa9f6fd
review_20171,division_55b19b36aa7567f7ecbf
review_20172,division_df561e6f16d9f3e64a28
review_20173,division_55b19b36aa7567f7ecbf
review_20174,division_df561e6f16d9f3e64a28
review_20175,division_df561e6f16d9f3e64a28
review_20176,division_dfe2db74975e0aa9f6fd
review_20177,division_df561e6f16d9f3e64a28
review_20178,division_df561e6f16d9f3e64a28
review_20179,division_55b19b36aa7567f7ecbf
review_20180,division_55b19b36aa7567f7ecbf
review_20181,division_55b19b36aa7567f7ecbf
review_20182,division_55b19b36aa7567f7ecbf
review_20183,division_55b19b36aa7567f7ecbf
review_20184,division_55b19b36aa7567f7ecbf
review_20185,division_dfe2db74975e0aa9f6fd
review_20186,division_dfe2db74975e0aa9f6fd
review_20187,division_55b19b36aa7567f7ecbf
review_20188,division_dfe2db74975e0aa9f6fd
review_20189,division_55b19b36aa7567f7ecbf
review_20190,division_dfe2db74975e0aa9f6fd
review_20191,division_dfe2db74975e0aa9f6fd
review_20192,division_dfe2db74975e0aa9f6fd
review_20193,division_dfe2db74975e0aa9f6fd
review_20194,division_dfe2db74975e0aa9f6fd
review_20195,division_dfe2db74975e0aa9f6fd
review_20196,division_dfe2db74975e0aa9f6fd
review_20197,division_dfe2db74975e0aa9f6fd
review_20198,division_dfe2db74975e0aa9f6fd
review_20199,division_df561e6f16d9f3e64a28
review_20200,division_dfe2db74975e0aa9f6fd
review_20201,division_dfe2db74975e0aa9f6fd
review_20202,division_55b19b36aa7567f7ecbf
review_20203,division_dfe2db74975e0aa9f6fd
review_20204,division_55b19b36aa7567f7ecbf
review_20205,division_dfe2db74975e0aa9f6fd
review_20206,division_55b19b36aa7567f7ecbf
review_20207,division_55b19b36aa7567f7ecbf
review_20208,division_df561e6f16d9f3e64a28
review_20209,division_df561e6f16d9f3e64a28
review_20210,division_dfe2db74975e0aa9f6fd
review_20211,division_dfe2db74975e0aa9f6fd
review_20212,division_dfe2db74975e0aa9f6fd
review_20213,division_55b19b36aa7567f7ecbf
review_20214,division_dfe2db74975e0aa9f6fd
review_20215,division_dfe2db74975e0aa9f6fd
review_20216,division_dfe2db74975e0aa9f6fd
review_20217,division_dfe2db74975e0aa9f6fd
review_20218,division_df561e6f16d9f3e64a28
review_20219,division_dfe2db74975e0aa9f6fd
review_20220,division_df561e6f16d9f3e64a28
review_20221,division_dfe2db74975e0aa9f6fd
review_20222,division_dfe2db74975e0aa9f6fd
review_20223,division_dfe2db74975e0aa9f6fd
review_20224,division_55b19b36aa7567f7ecbf
review_20225,division_df561e6f16d9f3e64a28
review_20226,division_dfe2db74975e0aa9f6fd
review_20227,division_dfe2db74975e0aa9f6fd
review_20228,division_55b19b36aa7567f7ecbf
review_20229,division_dfe2db74975e0aa9f6fd
review_20230,division_df561e6f16d9f3e64a28
review_20231,division_dfe2db74975e0aa9f6fd
review_20232,division_dfe2db74975e0aa9f6fd
review_20233,division_dfe2db74975e0aa9f6fd
review_20234,division_55b19b36aa7567f7ecbf
review_20235,division_dfe2db74975e0aa9f6fd
review_20236,division_55b19b36aa7567f7ecbf
review_20237,division_55b19b36aa7567f7ecbf
review_20238,division_dfe2db74975e0aa9f6fd
review_20239,division_55b19b36aa7567f7ecbf
review_20240,division_dfe2db74975e0aa9f6fd
review_20241,division_55b19b36aa7567f7ecbf
review_20242,division_dfe2db74975e0aa9f6fd
review_20243,division_dfe2db74975e0aa9f6fd
review_20244,division_dfe2db74975e0aa9f6fd
review_20245,division_dfe2db74975e0aa9f6fd
review_20246,division_55b19b36aa7567f7ecbf
review_20247,division_55b19b36aa7567f7ecbf
review_20248,division_dfe2db74975e0aa9f6fd
review_20249,division_55b19b36aa7567f7ecbf
review_20250,division_dfe2db74975e0aa9f6fd
review_20251,division_dfe2db74975e0aa9f6fd
review_20252,division_55b19b36aa7567f7ecbf
review_20253,division_55b19b36aa7567f7ecbf
review_20254,division_dfe2db74975e0aa9f6fd
review_20255,division_55b19b36aa7567f7ecbf
review_20256,division_55b19b36aa7567f7ecbf
review_20257,division_55b19b36aa7567f7ecbf
review_20258,division_dfe2db74975e0aa9f6fd
review_20259,division_dfe2db74975e0aa9f6fd
review_20260,division_dfe2db74975e0aa9f6fd
review_20261,division_dfe2db74975e0aa9f6fd
review_20262,division_55b19b36aa7567f7ecbf
review_20263,division_dfe2db74975e0aa9f6fd
review_20264,division_dfe2db74975e0aa9f6fd
review_20265,division_55b19b36aa7567f7ecbf
review_20266,division_55b19b36aa7567f7ecbf
review_20267,division_55b19b36aa7567f7ecbf
review_20268,division_55b19b36aa7567f7ecbf
review_20269,division_dfe2db74975e0aa9f6fd
review_20270,division_dfe2db74975e0aa9f6fd
review_20271,division_55b19b36aa7567f7ecbf
review_20272,division_dfe2db74975e0aa9f6fd
review_20273,division_55b19b36aa7567f7ecbf
review_20274,division_dfe2db74975e0aa9f6fd
review_20275,division_dfe2db74975e0aa9f6fd
review_20276,division_55b19b36aa7567f7ecbf
review_20277,division_df561e6f16d9f3e64a28
review_20278,division_df561e6f16d9f3e64a28
review_20279,division_55b19b36aa7567f7ecbf
review_20280,division_55b19b36aa7567f7ecbf
review_20281,division_dfe2db74975e0aa9f6fd
review_20282,division_55b19b36aa7567f7ecbf
review_20283,division_55b19b36aa7567f7ecbf
review_20284,division_df561e6f16d9f3e64a28
review_20285,division_dfe2db74975e0aa9f6fd
review_20286,division_dfe2db74975e0aa9f6fd
review_20287,division_55b19b36aa7567f7ecbf
review_20288,division_dfe2db74975e0aa9f6fd
review_20289,division_55b19b36aa7567f7ecbf
review_20290,division_55b19b36aa7567f7ecbf
review_20291,division_dfe2db74975e0aa9f6fd
review_20292,division_55b19b36aa7567f7ecbf
review_20293,division_55b19b36aa7567f7ecbf
review_20294,division_df561e6f16d9f3e64a28
review_20295,division_dfe2db74975e0aa9f6fd
review_20296,division_55b19b36aa7567f7ecbf
review_20297,division_dfe2db74975e0aa9f6fd
review_20298,division_55b19b36aa7567f7ecbf
review_20299,division_dfe2db74975e0aa9f6fd
review_20300,division_55b19b36aa7567f7ecbf
review_20301,division_55b19b36aa7567f7ecbf
review_20302,division_df561e6f16d9f3e64a28
review_20303,division_55b19b36aa7567f7ecbf
review_20304,division_55b19b36aa7567f7ecbf
review_20305,division_55b19b36aa7567f7ecbf
review_20306,division_55b19b36aa7567f7ecbf
review_20307,division_55b19b36aa7567f7ecbf
review_20308,division_55b19b36aa7567f7ecbf
review_20309,division_55b19b36aa7567f7ecbf
review_20310,division_dfe2db74975e0aa9f6fd
review_20311,division_55b19b36aa7567f7ecbf
review_20312,division_dfe2db74975e0aa9f6fd
review_20313,division_dfe2db74975e0aa9f6fd
review_20314,division_dfe2db74975e0aa9f6fd
review_20315,division_dfe2db74975e0aa9f6fd
review_20316,division_dfe2db74975e0aa9f6fd
review_20317,division_dfe2db74975e0aa9f6fd
review_20318,division_dfe2db74975e0aa9f6fd
review_20319,division_dfe2db74975e0aa9f6fd
review_20320,division_55b19b36aa7567f7ecbf
review_20321,division_dfe2db74975e0aa9f6fd
review_20322,division_55b19b36aa7567f7ecbf
review_20323,division_dfe2db74975e0aa9f6fd
review_20324,division_55b19b36aa7567f7ecbf
review_20325,division_dfe2db74975e0aa9f6fd
review_20326,division_55b19b36aa7567f7ecbf
review_20327,division_dfe2db74975e0aa9f6fd
review_20328,division_dfe2db74975e0aa9f6fd
review_20329,division_dfe2db74975e0aa9f6fd
review_20330,division_dfe2db74975e0aa9f6fd
review_20331,division_dfe2db74975e0aa9f6fd
review_20332,division_dfe2db74975e0aa9f6fd
review_20333,division_df561e6f16d9f3e64a28
review_20334,division_dfe2db74975e0aa9f6fd
review_20335,division_dfe2db74975e0aa9f6fd
review_20336,division_dfe2db74975e0aa9f6fd
review_20337,division_dfe2db74975e0aa9f6fd
review_20338,division_dfe2db74975e0aa9f6fd
review_20339,division_dfe2db74975e0aa9f6fd
review_20340,division_dfe2db74975e0aa9f6fd
review_20341,division_dfe2db74975e0aa9f6fd
review_20342,division_dfe2db74975e0aa9f6fd
review_20343,division_55b19b36aa7567f7ecbf
review_20344,division_dfe2db74975e0aa9f6fd
review_20345,division_dfe2db74975e0aa9f6fd
review_20346,division_dfe2db74975e0aa9f6fd
review_20347,division_dfe2db74975e0aa9f6fd
review_20348,division_dfe2db74975e0aa9f6fd
review_20349,division_dfe2db74975e0aa9f6fd
review_20350,division_55b19b36aa7567f7ecbf
review_20351,division_55b19b36aa7567f7ecbf
review_20352,division_dfe2db74975e0aa9f6fd
review_20353,division_dfe2db74975e0aa9f6fd
review_20354,division_dfe2db74975e0aa9f6fd
review_20355,division_dfe2db74975e0aa9f6fd
review_20356,division_dfe2db74975e0aa9f6fd
review_20357,division_dfe2db74975e0aa9f6fd
review_20358,division_dfe2db74975e0aa9f6fd
review_20359,division_55b19b36aa7567f7ecbf
review_20360,division_55b19b36aa7567f7ecbf
review_20361,division_dfe2db74975e0aa9f6fd
review_20362,division_55b19b36aa7567f7ecbf
review_20363,division_55b19b36aa7567f7ecbf
review_20364,division_55b19b36aa7567f7ecbf
review_20365,division_55b19b36aa7567f7ecbf
review_20366,division_df561e6f16d9f3e64a28
review_20367,division_dfe2db74975e0aa9f6fd
review_20368,division_dfe2db74975e0aa9f6fd
review_20369,division_dfe2db74975e0aa9f6fd
review_20370,division_dfe2db74975e0aa9f6fd
review_20371,division_55b19b36aa7567f7ecbf
review_20372,division_dfe2db74975e0aa9f6fd
review_20373,division_df561e6f16d9f3e64a28
review_20374,division_dfe2db74975e0aa9f6fd
review_20375,division_dfe2db74975e0aa9f6fd
review_20376,division_df561e6f16d9f3e64a28
review_20377,division_55b19b36aa7567f7ecbf
review_20378,division_55b19b36aa7567f7ecbf
review_20379,division_dfe2db74975e0aa9f6fd
review_20380,division_55b19b36aa7567f7ecbf
review_20381,division_dfe2db74975e0aa9f6fd
review_20382,division_55b19b36aa7567f7ecbf
review_20383,division_dfe2db74975e0aa9f6fd
review_20384,division_dfe2db74975e0aa9f6fd
review_20385,division_dfe2db74975e0aa9f6fd
review_20386,division_dfe2db74975e0aa9f6fd
review_20387,division_55b19b36aa7567f7ecbf
review_20388,division_55b19b36aa7567f7ecbf
review_20389,division_dfe2db74975e0aa9f6fd
review_20390,division_dfe2db74975e0aa9f6fd
review_20391,division_55b19b36aa7567f7ecbf
review_20392,division_55b19b36aa7567f7ecbf
review_20393,division_55b19b36aa7567f7ecbf
review_20394,division_dfe2db74975e0aa9f6fd
review_20395,division_55b19b36aa7567f7ecbf
review_20396,division_dfe2db74975e0aa9f6fd
review_20397,division_dfe2db74975e0aa9f6fd
review_20398,division_dfe2db74975e0aa9f6fd
review_20399,division_dfe2db74975e0aa9f6fd
review_20400,division_dfe2db74975e0aa9f6fd
review_20401,division_dfe2db74975e0aa9f6fd
review_20402,division_dfe2db74975e0aa9f6fd
review_20403,division_dfe2db74975e0aa9f6fd
review_20404,division_dfe2db74975e0aa9f6fd
review_20405,division_dfe2db74975e0aa9f6fd
review_20406,division_dfe2db74975e0aa9f6fd
review_20407,division_55b19b36aa7567f7ecbf
review_20408,division_dfe2db74975e0aa9f6fd
review_20409,division_55b19b36aa7567f7ecbf
review_20410,division_dfe2db74975e0aa9f6fd
review_20411,division_dfe2db74975e0aa9f6fd
review_20412,division_dfe2db74975e0aa9f6fd
review_20413,division_55b19b36aa7567f7ecbf
review_20414,division_dfe2db74975e0aa9f6fd
review_20415,division_dfe2db74975e0aa9f6fd
review_20416,division_55b19b36aa7567f7ecbf
review_20417,division_dfe2db74975e0aa9f6fd
review_20418,division_dfe2db74975e0aa9f6fd
review_20419,division_55b19b36aa7567f7ecbf
review_20420,division_dfe2db74975e0aa9f6fd
review_20421,division_55b19b36aa7567f7ecbf
review_20422,division_df561e6f16d9f3e64a28
review_20423,division_dfe2db74975e0aa9f6fd
review_20424,division_dfe2db74975e0aa9f6fd
review_20425,division_dfe2db74975e0aa9f6fd
review_20426,division_dfe2db74975e0aa9f6fd
review_20427,division_dfe2db74975e0aa9f6fd
review_20428,division_dfe2db74975e0aa9f6fd
review_20429,division_55b19b36aa7567f7ecbf
review_20430,division_dfe2db74975e0aa9f6fd
review_20431,division_dfe2db74975e0aa9f6fd
review_20432,division_dfe2db74975e0aa9f6fd
review_20433,division_dfe2db74975e0aa9f6fd
review_20434,division_dfe2db74975e0aa9f6fd
review_20435,division_dfe2db74975e0aa9f6fd
review_20436,division_dfe2db74975e0aa9f6fd
review_20437,division_dfe2db74975e0aa9f6fd
review_20438,division_dfe2db74975e0aa9f6fd
review_20439,division_df561e6f16d9f3e64a28
review_20440,division_dfe2db74975e0aa9f6fd
review_20441,division_dfe2db74975e0aa9f6fd
review_20442,division_dfe2db74975e0aa9f6fd
review_20443,division_dfe2db74975e0aa9f6fd
review_20444,division_55b19b36aa7567f7ecbf
review_20445,division_dfe2db74975e0aa9f6fd
review_20446,division_55b19b36aa7567f7ecbf
review_20447,division_55b19b36aa7567f7ecbf
review_20448,division_dfe2db74975e0aa9f6fd
review_20449,division_dfe2db74975e0aa9f6fd
review_20450,division_dfe2db74975e0aa9f6fd
review_20451,division_55b19b36aa7567f7ecbf
review_20452,division_55b19b36aa7567f7ecbf
review_20453,division_dfe2db74975e0aa9f6fd
review_20454,division_dfe2db74975e0aa9f6fd
review_20455,division_55b19b36aa7567f7ecbf
review_20456,division_55b19b36aa7567f7ecbf
review_20457,division_55b19b36aa7567f7ecbf
review_20458,division_55b19b36aa7567f7ecbf
review_20459,division_55b19b36aa7567f7ecbf
review_20460,division_dfe2db74975e0aa9f6fd
review_20461,division_dfe2db74975e0aa9f6fd
review_20462,division_dfe2db74975e0aa9f6fd
review_20463,division_dfe2db74975e0aa9f6fd
review_20464,division_dfe2db74975e0aa9f6fd
review_20465,division_dfe2db74975e0aa9f6fd
review_20466,division_dfe2db74975e0aa9f6fd
review_20467,division_55b19b36aa7567f7ecbf
review_20468,division_dfe2db74975e0aa9f6fd
review_20469,division_dfe2db74975e0aa9f6fd
review_20470,division_dfe2db74975e0aa9f6fd
review_20471,division_dfe2db74975e0aa9f6fd
review_20472,division_dfe2db74975e0aa9f6fd
review_20473,division_dfe2db74975e0aa9f6fd
review_20474,division_dfe2db74975e0aa9f6fd
review_20475,division_dfe2db74975e0aa9f6fd
review_20476,division_dfe2db74975e0aa9f6fd
review_20477,division_dfe2db74975e0aa9f6fd
review_20478,division_55b19b36aa7567f7ecbf
review_20479,division_55b19b36aa7567f7ecbf
review_20480,division_55b19b36aa7567f7ecbf
review_20481,division_55b19b36aa7567f7ecbf
review_20482,division_dfe2db74975e0aa9f6fd
review_20483,division_dfe2db74975e0aa9f6fd
review_20484,division_dfe2db74975e0aa9f6fd
review_20485,division_55b19b36aa7567f7ecbf
review_20486,division_55b19b36aa7567f7ecbf
review_20487,division_dfe2db74975e0aa9f6fd
review_20488,division_55b19b36aa7567f7ecbf
review_20489,division_dfe2db74975e0aa9f6fd
review_20490,division_55b19b36aa7567f7ecbf
review_20491,division_55b19b36aa7567f7ecbf
review_20492,division_55b19b36aa7567f7ecbf
review_20493,division_55b19b36aa7567f7ecbf
review_20494,division_55b19b36aa7567f7ecbf
review_20495,division_55b19b36aa7567f7ecbf
review_20496,division_55b19b36aa7567f7ecbf
review_20497,division_55b19b36aa7567f7ecbf
review_20498,division_dfe2db74975e0aa9f6fd
review_20499,division_55b19b36aa7567f7ecbf
review_20500,division_dfe2db74975e0aa9f6fd
review_20501,division_55b19b36aa7567f7ecbf
review_20502,division_dfe2db74975e0aa9f6fd
review_20503,division_dfe2db74975e0aa9f6fd
review_20504,division_dfe2db74975e0aa9f6fd
review_20505,division_dfe2db74975e0aa9f6fd
review_20506,division_dfe2db74975e0aa9f6fd
review_20507,division_dfe2db74975e0aa9f6fd
review_20508,division_55b19b36aa7567f7ecbf
review_20509,division_dfe2db74975e0aa9f6fd
review_20510,division_55b19b36aa7567f7ecbf
review_20511,division_55b19b36aa7567f7ecbf
review_20512,division_dfe2db74975e0aa9f6fd
review_20513,division_dfe2db74975e0aa9f6fd
review_20514,division_dfe2db74975e0aa9f6fd
review_20515,division_dfe2db74975e0aa9f6fd
review_20516,division_dfe2db74975e0aa9f6fd
review_20517,division_55b19b36aa7567f7ecbf
review_20518,division_55b19b36aa7567f7ecbf
review_20519,division_55b19b36aa7567f7ecbf
review_20520,division_dfe2db74975e0aa9f6fd
review_20521,division_55b19b36aa7567f7ecbf
review_20522,division_55b19b36aa7567f7ecbf
review_20523,division_55b19b36aa7567f7ecbf
review_20524,division_dfe2db74975e0aa9f6fd
review_20525,division_dfe2db74975e0aa9f6fd
review_20526,division_dfe2db74975e0aa9f6fd
review_20527,division_55b19b36aa7567f7ecbf
review_20528,division_dfe2db74975e0aa9f6fd
review_20529,division_dfe2db74975e0aa9f6fd
review_20530,division_dfe2db74975e0aa9f6fd
review_20531,division_dfe2db74975e0aa9f6fd
review_20532,division_dfe2db74975e0aa9f6fd
review_20533,division_dfe2db74975e0aa9f6fd
review_20534,division_55b19b36aa7567f7ecbf
review_20535,division_55b19b36aa7567f7ecbf
review_20536,division_55b19b36aa7567f7ecbf
review_20537,division_55b19b36aa7567f7ecbf
review_20538,division_55b19b36aa7567f7ecbf
review_20539,division_55b19b36aa7567f7ecbf
review_20540,division_dfe2db74975e0aa9f6fd
review_20541,division_dfe2db74975e0aa9f6fd
review_20542,division_55b19b36aa7567f7ecbf
review_20543,division_df561e6f16d9f3e64a28
review_20544,division_dfe2db74975e0aa9f6fd
review_20545,division_55b19b36aa7567f7ecbf
review_20546,division_55b19b36aa7567f7ecbf
review_20547,division_55b19b36aa7567f7ecbf
review_20548,division_55b19b36aa7567f7ecbf
review_20549,division_dfe2db74975e0aa9f6fd
review_20550,division_55b19b36aa7567f7ecbf
review_20551,division_55b19b36aa7567f7ecbf
review_20552,division_55b19b36aa7567f7ecbf
review_20553,division_55b19b36aa7567f7ecbf
review_20554,division_dfe2db74975e0aa9f6fd
review_20555,division_dfe2db74975e0aa9f6fd
review_20556,division_55b19b36aa7567f7ecbf
review_20557,division_55b19b36aa7567f7ecbf
review_20558,division_dfe2db74975e0aa9f6fd
review_20559,division_55b19b36aa7567f7ecbf
review_20560,division_55b19b36aa7567f7ecbf
review_20561,division_df561e6f16d9f3e64a28
review_20562,division_dfe2db74975e0aa9f6fd
review_20563,division_dfe2db74975e0aa9f6fd
review_20564,division_55b19b36aa7567f7ecbf
review_20565,division_dfe2db74975e0aa9f6fd
review_20566,division_dfe2db74975e0aa9f6fd
review_20567,division_55b19b36aa7567f7ecbf
review_20568,division_55b19b36aa7567f7ecbf
review_20569,division_55b19b36aa7567f7ecbf
review_20570,division_55b19b36aa7567f7ecbf
review_20571,division_df561e6f16d9f3e64a28
review_20572,division_55b19b36aa7567f7ecbf
review_20573,division_dfe2db74975e0aa9f6fd
review_20574,division_55b19b36aa7567f7ecbf
review_20575,division_df561e6f16d9f3e64a28
review_20576,division_55b19b36aa7567f7ecbf
review_20577,division_55b19b36aa7567f7ecbf
review_20578,division_55b19b36aa7567f7ecbf
review_20579,division_dfe2db74975e0aa9f6fd
review_20580,division_dfe2db74975e0aa9f6fd
review_20581,division_dfe2db74975e0aa9f6fd
review_20582,division_55b19b36aa7567f7ecbf
review_20583,division_dfe2db74975e0aa9f6fd
review_20584,division_dfe2db74975e0aa9f6fd
review_20585,division_df561e6f16d9f3e64a28
review_20586,division_df561e6f16d9f3e64a28
review_20587,division_dfe2db74975e0aa9f6fd
review_20588,division_dfe2db74975e0aa9f6fd
review_20589,division_dfe2db74975e0aa9f6fd
review_20590,division_dfe2db74975e0aa9f6fd
review_20591,division_55b19b36aa7567f7ecbf
review_20592,division_55b19b36aa7567f7ecbf
review_20593,division_55b19b36aa7567f7ecbf
review_20594,division_dfe2db74975e0aa9f6fd
review_20595,division_dfe2db74975e0aa9f6fd
review_20596,division_dfe2db74975e0aa9f6fd
review_20597,division_dfe2db74975e0aa9f6fd
review_20598,division_dfe2db74975e0aa9f6fd
review_20599,division_df561e6f16d9f3e64a28
review_20600,division_df561e6f16d9f3e64a28
review_20601,division_dfe2db74975e0aa9f6fd
review_20602,division_dfe2db74975e0aa9f6fd
review_20603,division_dfe2db74975e0aa9f6fd
review_20604,division_55b19b36aa7567f7ecbf
review_20605,division_55b19b36aa7567f7ecbf
review_20606,division_dfe2db74975e0aa9f6fd
review_20607,division_df561e6f16d9f3e64a28
review_20608,division_55b19b36aa7567f7ecbf
review_20609,division_dfe2db74975e0aa9f6fd
review_20610,division_df561e6f16d9f3e64a28
review_20611,division_df561e6f16d9f3e64a28
review_20612,division_dfe2db74975e0aa9f6fd
review_20613,division_df561e6f16d9f3e64a28
review_20614,division_df561e6f16d9f3e64a28
review_20615,division_dfe2db74975e0aa9f6fd
review_20616,division_dfe2db74975e0aa9f6fd
review_20617,division_dfe2db74975e0aa9f6fd
review_20618,division_55b19b36aa7567f7ecbf
review_20619,division_dfe2db74975e0aa9f6fd
review_20620,division_55b19b36aa7567f7ecbf
review_20621,division_dfe2db74975e0aa9f6fd
review_20622,division_dfe2db74975e0aa9f6fd
review_20623,division_55b19b36aa7567f7ecbf
review_20624,division_dfe2db74975e0aa9f6fd
review_20625,division_dfe2db74975e0aa9f6fd
review_20626,division_dfe2db74975e0aa9f6fd
review_20627,division_df561e6f16d9f3e64a28
review_20628,division_dfe2db74975e0aa9f6fd
review_20629,division_df561e6f16d9f3e64a28
review_20630,division_dfe2db74975e0aa9f6fd
review_20631,division_55b19b36aa7567f7ecbf
review_20632,division_df561e6f16d9f3e64a28
review_20633,division_55b19b36aa7567f7ecbf
review_20634,division_dfe2db74975e0aa9f6fd
review_20635,division_dfe2db74975e0aa9f6fd
review_20636,division_dfe2db74975e0aa9f6fd
review_20637,division_55b19b36aa7567f7ecbf
review_20638,division_dfe2db74975e0aa9f6fd
review_20639,division_55b19b36aa7567f7ecbf
review_20640,division_55b19b36aa7567f7ecbf
review_20641,division_dfe2db74975e0aa9f6fd
review_20642,division_dfe2db74975e0aa9f6fd
review_20643,division_dfe2db74975e0aa9f6fd
review_20644,division_dfe2db74975e0aa9f6fd
review_20645,division_dfe2db74975e0aa9f6fd
review_20646,division_dfe2db74975e0aa9f6fd
review_20647,division_dfe2db74975e0aa9f6fd
review_20648,division_55b19b36aa7567f7ecbf
review_20649,division_dfe2db74975e0aa9f6fd
review_20650,division_df561e6f16d9f3e64a28
review_20651,division_dfe2db74975e0aa9f6fd
review_20652,division_dfe2db74975e0aa9f6fd
review_20653,division_dfe2db74975e0aa9f6fd
review_20654,division_dfe2db74975e0aa9f6fd
review_20655,division_dfe2db74975e0aa9f6fd
review_20656,division_dfe2db74975e0aa9f6fd
review_20657,division_dfe2db74975e0aa9f6fd
review_20658,division_dfe2db74975e0aa9f6fd
review_20659,division_55b19b36aa7567f7ecbf
review_20660,division_dfe2db74975e0aa9f6fd
review_20661,division_dfe2db74975e0aa9f6fd
review_20662,division_df561e6f16d9f3e64a28
review_20663,division_df561e6f16d9f3e64a28
review_20664,division_55b19b36aa7567f7ecbf
review_20665,division_dfe2db74975e0aa9f6fd
review_20666,division_dfe2db74975e0aa9f6fd
review_20667,division_dfe2db74975e0aa9f6fd
review_20668,division_dfe2db74975e0aa9f6fd
review_20669,division_dfe2db74975e0aa9f6fd
review_20670,division_55b19b36aa7567f7ecbf
review_20671,division_55b19b36aa7567f7ecbf
review_20672,division_dfe2db74975e0aa9f6fd
review_20673,division_55b19b36aa7567f7ecbf
review_20674,division_dfe2db74975e0aa9f6fd
review_20675,division_55b19b36aa7567f7ecbf
review_20676,division_dfe2db74975e0aa9f6fd
review_20677,division_dfe2db74975e0aa9f6fd
review_20678,division_55b19b36aa7567f7ecbf
review_20679,division_55b19b36aa7567f7ecbf
review_20680,division_df561e6f16d9f3e64a28
review_20681,division_dfe2db74975e0aa9f6fd
review_20682,division_dfe2db74975e0aa9f6fd
review_20683,division_dfe2db74975e0aa9f6fd
review_20684,division_55b19b36aa7567f7ecbf
review_20685,division_df561e6f16d9f3e64a28
review_20686,division_df561e6f16d9f3e64a28
review_20687,division_dfe2db74975e0aa9f6fd
review_20688,division_55b19b36aa7567f7ecbf
review_20689,division_dfe2db74975e0aa9f6fd
review_20690,division_dfe2db74975e0aa9f6fd
review_20691,division_dfe2db74975e0aa9f6fd
review_20692,division_dfe2db74975e0aa9f6fd
review_20693,division_55b19b36aa7567f7ecbf
review_20694,division_55b19b36aa7567f7ecbf
review_20695,division_dfe2db74975e0aa9f6fd
review_20696,division_dfe2db74975e0aa9f6fd
review_20697,division_dfe2db74975e0aa9f6fd
review_20698,division_dfe2db74975e0aa9f6fd
review_20699,division_dfe2db74975e0aa9f6fd
review_20700,division_dfe2db74975e0aa9f6fd
review_20701,division_dfe2db74975e0aa9f6fd
review_20702,division_55b19b36aa7567f7ecbf
review_20703,division_dfe2db74975e0aa9f6fd
review_20704,division_55b19b36aa7567f7ecbf
review_20705,division_dfe2db74975e0aa9f6fd
review_20706,division_dfe2db74975e0aa9f6fd
review_20707,division_df561e6f16d9f3e64a28
review_20708,division_55b19b36aa7567f7ecbf
review_20709,division_dfe2db74975e0aa9f6fd
review_20710,division_55b19b36aa7567f7ecbf
review_20711,division_dfe2db74975e0aa9f6fd
review_20712,division_55b19b36aa7567f7ecbf
review_20713,division_dfe2db74975e0aa9f6fd
review_20714,division_55b19b36aa7567f7ecbf
review_20715,division_dfe2db74975e0aa9f6fd
review_20716,division_55b19b36aa7567f7ecbf
review_20717,division_dfe2db74975e0aa9f6fd
review_20718,division_dfe2db74975e0aa9f6fd
review_20719,division_55b19b36aa7567f7ecbf
review_20720,division_55b19b36aa7567f7ecbf
review_20721,division_dfe2db74975e0aa9f6fd
review_20722,division_dfe2db74975e0aa9f6fd
review_20723,division_dfe2db74975e0aa9f6fd
review_20724,division_55b19b36aa7567f7ecbf
review_20725,division_dfe2db74975e0aa9f6fd
review_20726,division_dfe2db74975e0aa9f6fd
review_20727,division_55b19b36aa7567f7ecbf
review_20728,division_55b19b36aa7567f7ecbf
review_20729,division_dfe2db74975e0aa9f6fd
review_20730,division_dfe2db74975e0aa9f6fd
review_20731,division_dfe2db74975e0aa9f6fd
review_20732,division_dfe2db74975e0aa9f6fd
review_20733,division_dfe2db74975e0aa9f6fd
review_20734,division_dfe2db74975e0aa9f6fd
review_20735,division_dfe2db74975e0aa9f6fd
review_20736,division_55b19b36aa7567f7ecbf
review_20737,division_dfe2db74975e0aa9f6fd
review_20738,division_dfe2db74975e0aa9f6fd
review_20739,division_55b19b36aa7567f7ecbf
review_20740,division_dfe2db74975e0aa9f6fd
review_20741,division_dfe2db74975e0aa9f6fd
review_20742,division_dfe2db74975e0aa9f6fd
review_20743,division_dfe2db74975e0aa9f6fd
review_20744,division_55b19b36aa7567f7ecbf
review_20745,division_dfe2db74975e0aa9f6fd
review_20746,division_dfe2db74975e0aa9f6fd
review_20747,division_55b19b36aa7567f7ecbf
review_20748,division_dfe2db74975e0aa9f6fd
review_20749,division_55b19b36aa7567f7ecbf
review_20750,division_55b19b36aa7567f7ecbf
review_20751,division_dfe2db74975e0aa9f6fd
review_20752,division_55b19b36aa7567f7ecbf
review_20753,division_df561e6f16d9f3e64a28
review_20754,division_55b19b36aa7567f7ecbf
review_20755,division_dfe2db74975e0aa9f6fd
review_20756,division_dfe2db74975e0aa9f6fd
review_20757,division_55b19b36aa7567f7ecbf
review_20758,division_55b19b36aa7567f7ecbf
review_20759,division_55b19b36aa7567f7ecbf
review_20760,division_dfe2db74975e0aa9f6fd
review_20761,division_55b19b36aa7567f7ecbf
review_20762,division_dfe2db74975e0aa9f6fd
review_20763,division_55b19b36aa7567f7ecbf
review_20764,division_dfe2db74975e0aa9f6fd
review_20765,division_55b19b36aa7567f7ecbf
review_20766,division_dfe2db74975e0aa9f6fd
review_20767,division_dfe2db74975e0aa9f6fd
review_20768,division_dfe2db74975e0aa9f6fd
review_20769,division_dfe2db74975e0aa9f6fd
review_20770,division_dfe2db74975e0aa9f6fd
review_20771,division_dfe2db74975e0aa9f6fd
review_20772,division_df561e6f16d9f3e64a28
review_20773,division_dfe2db74975e0aa9f6fd
review_20774,division_dfe2db74975e0aa9f6fd
review_20775,division_dfe2db74975e0aa9f6fd
review_20776,division_dfe2db74975e0aa9f6fd
review_20777,division_55b19b36aa7567f7ecbf
review_20778,division_55b19b36aa7567f7ecbf
review_20779,division_dfe2db74975e0aa9f6fd
review_20780,division_dfe2db74975e0aa9f6fd
review_20781,division_55b19b36aa7567f7ecbf
review_20782,division_df561e6f16d9f3e64a28
review_20783,division_55b19b36aa7567f7ecbf
review_20784,division_55b19b36aa7567f7ecbf
review_20785,division_55b19b36aa7567f7ecbf
review_20786,division_55b19b36aa7567f7ecbf
review_20787,division_55b19b36aa7567f7ecbf
review_20788,division_dfe2db74975e0aa9f6fd
review_20789,division_55b19b36aa7567f7ecbf
review_20790,division_55b19b36aa7567f7ecbf
review_20791,division_dfe2db74975e0aa9f6fd
review_20792,division_dfe2db74975e0aa9f6fd
review_20793,division_dfe2db74975e0aa9f6fd
review_20794,division_55b19b36aa7567f7ecbf
review_20795,division_dfe2db74975e0aa9f6fd
review_20796,division_dfe2db74975e0aa9f6fd
review_20797,division_dfe2db74975e0aa9f6fd
review_20798,division_55b19b36aa7567f7ecbf
review_20799,division_55b19b36aa7567f7ecbf
review_20800,division_55b19b36aa7567f7ecbf
review_20801,division_55b19b36aa7567f7ecbf
review_20802,division_55b19b36aa7567f7ecbf
review_20803,division_55b19b36aa7567f7ecbf
review_20804,division_dfe2db74975e0aa9f6fd
review_20805,division_dfe2db74975e0aa9f6fd
review_20806,division_55b19b36aa7567f7ecbf
review_20807,division_dfe2db74975e0aa9f6fd
review_20808,division_55b19b36aa7567f7ecbf
review_20809,division_dfe2db74975e0aa9f6fd
review_20810,division_55b19b36aa7567f7ecbf
review_20811,division_55b19b36aa7567f7ecbf
review_20812,division_55b19b36aa7567f7ecbf
review_20813,division_55b19b36aa7567f7ecbf
review_20814,division_df561e6f16d9f3e64a28
review_20815,division_55b19b36aa7567f7ecbf
review_20816,division_df561e6f16d9f3e64a28
review_20817,division_55b19b36aa7567f7ecbf
review_20818,division_55b19b36aa7567f7ecbf
review_20819,division_55b19b36aa7567f7ecbf
review_20820,division_55b19b36aa7567f7ecbf
review_20821,division_dfe2db74975e0aa9f6fd
review_20822,division_dfe2db74975e0aa9f6fd
review_20823,division_dfe2db74975e0aa9f6fd
review_20824,division_55b19b36aa7567f7ecbf
review_20825,division_dfe2db74975e0aa9f6fd
review_20826,division_dfe2db74975e0aa9f6fd
review_20827,division_55b19b36aa7567f7ecbf
review_20828,division_dfe2db74975e0aa9f6fd
review_20829,division_55b19b36aa7567f7ecbf
review_20830,division_dfe2db74975e0aa9f6fd
review_20831,division_dfe2db74975e0aa9f6fd
review_20832,division_dfe2db74975e0aa9f6fd
review_20833,division_dfe2db74975e0aa9f6fd
review_20834,division_dfe2db74975e0aa9f6fd
review_20835,division_dfe2db74975e0aa9f6fd
review_20836,division_dfe2db74975e0aa9f6fd
review_20837,division_dfe2db74975e0aa9f6fd
review_20838,division_dfe2db74975e0aa9f6fd
review_20839,division_dfe2db74975e0aa9f6fd
review_20840,division_dfe2db74975e0aa9f6fd
review_20841,division_55b19b36aa7567f7ecbf
review_20842,division_dfe2db74975e0aa9f6fd
review_20843,division_dfe2db74975e0aa9f6fd
review_20844,division_dfe2db74975e0aa9f6fd
review_20845,division_dfe2db74975e0aa9f6fd
review_20846,division_dfe2db74975e0aa9f6fd
review_20847,division_dfe2db74975e0aa9f6fd
review_20848,division_dfe2db74975e0aa9f6fd
review_20849,division_55b19b36aa7567f7ecbf
review_20850,division_dfe2db74975e0aa9f6fd
review_20851,division_dfe2db74975e0aa9f6fd
review_20852,division_dfe2db74975e0aa9f6fd
review_20853,division_55b19b36aa7567f7ecbf
review_20854,division_55b19b36aa7567f7ecbf
review_20855,division_df561e6f16d9f3e64a28
review_20856,division_dfe2db74975e0aa9f6fd
review_20857,division_55b19b36aa7567f7ecbf
review_20858,division_dfe2db74975e0aa9f6fd
review_20859,division_dfe2db74975e0aa9f6fd
review_20860,division_dfe2db74975e0aa9f6fd
review_20861,division_dfe2db74975e0aa9f6fd
review_20862,division_55b19b36aa7567f7ecbf
review_20863,division_dfe2db74975e0aa9f6fd
review_20864,division_df561e6f16d9f3e64a28
review_20865,division_df561e6f16d9f3e64a28
review_20866,division_dfe2db74975e0aa9f6fd
review_20867,division_dfe2db74975e0aa9f6fd
review_20868,division_dfe2db74975e0aa9f6fd
review_20869,division_dfe2db74975e0aa9f6fd
review_20870,division_df561e6f16d9f3e64a28
review_20871,division_55b19b36aa7567f7ecbf
review_20872,division_55b19b36aa7567f7ecbf
review_20873,division_55b19b36aa7567f7ecbf
review_20874,division_dfe2db74975e0aa9f6fd
review_20875,division_dfe2db74975e0aa9f6fd
review_20876,division_dfe2db74975e0aa9f6fd
review_20877,division_dfe2db74975e0aa9f6fd
review_20878,division_55b19b36aa7567f7ecbf
review_20879,division_dfe2db74975e0aa9f6fd
review_20880,division_dfe2db74975e0aa9f6fd
review_20881,division_dfe2db74975e0aa9f6fd
review_20882,division_df561e6f16d9f3e64a28
review_20883,division_55b19b36aa7567f7ecbf
review_20884,division_55b19b36aa7567f7ecbf
review_20885,division_55b19b36aa7567f7ecbf
review_20886,division_dfe2db74975e0aa9f6fd
review_20887,division_55b19b36aa7567f7ecbf
review_20888,division_df561e6f16d9f3e64a28
review_20889,division_dfe2db74975e0aa9f6fd
review_20890,division_dfe2db74975e0aa9f6fd
review_20891,division_dfe2db74975e0aa9f6fd
review_20892,division_dfe2db74975e0aa9f6fd
review_20893,division_dfe2db74975e0aa9f6fd
review_20894,division_dfe2db74975e0aa9f6fd
review_20895,division_55b19b36aa7567f7ecbf
review_20896,division_dfe2db74975e0aa9f6fd
review_20897,division_dfe2db74975e0aa9f6fd
review_20898,division_dfe2db74975e0aa9f6fd
review_20899,division_dfe2db74975e0aa9f6fd
review_20900,division_dfe2db74975e0aa9f6fd
review_20901,division_dfe2db74975e0aa9f6fd
review_20902,division_dfe2db74975e0aa9f6fd
review_20903,division_dfe2db74975e0aa9f6fd
review_20904,division_dfe2db74975e0aa9f6fd
review_20905,division_df561e6f16d9f3e64a28
review_20906,division_dfe2db74975e0aa9f6fd
review_20907,division_dfe2db74975e0aa9f6fd
review_20908,division_dfe2db74975e0aa9f6fd
review_20909,division_dfe2db74975e0aa9f6fd
review_20910,division_dfe2db74975e0aa9f6fd
review_20911,division_dfe2db74975e0aa9f6fd
review_20912,division_55b19b36aa7567f7ecbf
review_20913,division_dfe2db74975e0aa9f6fd
review_20914,division_dfe2db74975e0aa9f6fd
review_20915,division_dfe2db74975e0aa9f6fd
review_20916,division_dfe2db74975e0aa9f6fd
review_20917,division_dfe2db74975e0aa9f6fd
review_20918,division_dfe2db74975e0aa9f6fd
review_20919,division_dfe2db74975e0aa9f6fd
review_20920,division_55b19b36aa7567f7ecbf
review_20921,division_dfe2db74975e0aa9f6fd
review_20922,division_dfe2db74975e0aa9f6fd
review_20923,division_55b19b36aa7567f7ecbf
review_20924,division_dfe2db74975e0aa9f6fd
review_20925,division_55b19b36aa7567f7ecbf
review_20926,division_dfe2db74975e0aa9f6fd
review_20927,division_dfe2db74975e0aa9f6fd
review_20928,division_dfe2db74975e0aa9f6fd
review_20929,division_dfe2db74975e0aa9f6fd
review_20930,division_dfe2db74975e0aa9f6fd
review_20931,division_dfe2db74975e0aa9f6fd
review_20932,division_55b19b36aa7567f7ecbf
review_20933,division_dfe2db74975e0aa9f6fd
review_20934,division_55b19b36aa7567f7ecbf
review_20935,division_55b19b36aa7567f7ecbf
review_20936,division_55b19b36aa7567f7ecbf
review_20937,division_55b19b36aa7567f7ecbf
review_20938,division_dfe2db74975e0aa9f6fd
review_20939,division_55b19b36aa7567f7ecbf
review_20940,division_dfe2db74975e0aa9f6fd
review_20941,division_55b19b36aa7567f7ecbf
review_20942,division_dfe2db74975e0aa9f6fd
review_20943,division_55b19b36aa7567f7ecbf
review_20944,division_55b19b36aa7567f7ecbf
review_20945,division_55b19b36aa7567f7ecbf
review_20946,division_55b19b36aa7567f7ecbf
review_20947,division_55b19b36aa7567f7ecbf
review_20948,division_55b19b36aa7567f7ecbf
review_20949,division_55b19b36aa7567f7ecbf
review_20950,division_55b19b36aa7567f7ecbf
review_20951,division_55b19b36aa7567f7ecbf
review_20952,division_55b19b36aa7567f7ecbf
review_20953,division_55b19b36aa7567f7ecbf
review_20954,division_df561e6f16d9f3e64a28
review_20955,division_dfe2db74975e0aa9f6fd
review_20956,division_dfe2db74975e0aa9f6fd
review_20957,division_dfe2db74975e0aa9f6fd
review_20958,division_55b19b36aa7567f7ecbf
review_20959,division_55b19b36aa7567f7ecbf
review_20960,division_55b19b36aa7567f7ecbf
review_20961,division_dfe2db74975e0aa9f6fd
review_20962,division_dfe2db74975e0aa9f6fd
review_20963,division_dfe2db74975e0aa9f6fd
review_20964,division_dfe2db74975e0aa9f6fd
review_20965,division_dfe2db74975e0aa9f6fd
review_20966,division_55b19b36aa7567f7ecbf
review_20967,division_dfe2db74975e0aa9f6fd
review_20968,division_dfe2db74975e0aa9f6fd
review_20969,division_dfe2db74975e0aa9f6fd
review_20970,division_55b19b36aa7567f7ecbf
review_20971,division_55b19b36aa7567f7ecbf
review_20972,division_dfe2db74975e0aa9f6fd
review_20973,division_55b19b36aa7567f7ecbf
review_20974,division_55b19b36aa7567f7ecbf
review_20975,division_dfe2db74975e0aa9f6fd
review_20976,division_df561e6f16d9f3e64a28
review_20977,division_dfe2db74975e0aa9f6fd
review_20978,division_55b19b36aa7567f7ecbf
review_20979,division_dfe2db74975e0aa9f6fd
review_20980,division_55b19b36aa7567f7ecbf
review_20981,division_dfe2db74975e0aa9f6fd
review_20982,division_dfe2db74975e0aa9f6fd
review_20983,division_55b19b36aa7567f7ecbf
review_20984,division_dfe2db74975e0aa9f6fd
review_20985,division_dfe2db74975e0aa9f6fd
review_20986,division_dfe2db74975e0aa9f6fd
review_20987,division_55b19b36aa7567f7ecbf
review_20988,division_dfe2db74975e0aa9f6fd
review_20989,division_55b19b36aa7567f7ecbf
review_20990,division_55b19b36aa7567f7ecbf
review_20991,division_dfe2db74975e0aa9f6fd
review_20992,division_dfe2db74975e0aa9f6fd
review_20993,division_dfe2db74975e0aa9f6fd
review_20994,division_dfe2db74975e0aa9f6fd
review_20995,division_dfe2db74975e0aa9f6fd
review_20996,division_dfe2db74975e0aa9f6fd
review_20997,division_55b19b36aa7567f7ecbf
review_20998,division_dfe2db74975e0aa9f6fd
review_20999,division_dfe2db74975e0aa9f6fd
review_21000,division_dfe2db74975e0aa9f6fd
review_21001,division_dfe2db74975e0aa9f6fd
review_21002,division_dfe2db74975e0aa9f6fd
review_21003,division_55b19b36aa7567f7ecbf
review_21004,division_55b19b36aa7567f7ecbf
review_21005,division_55b19b36aa7567f7ecbf
review_21006,division_dfe2db74975e0aa9f6fd
review_21007,division_dfe2db74975e0aa9f6fd
review_21008,division_55b19b36aa7567f7ecbf
review_21009,division_55b19b36aa7567f7ecbf
review_21010,division_dfe2db74975e0aa9f6fd
review_21011,division_55b19b36aa7567f7ecbf
review_21012,division_55b19b36aa7567f7ecbf
review_21013,division_55b19b36aa7567f7ecbf
review_21014,division_dfe2db74975e0aa9f6fd
review_21015,division_55b19b36aa7567f7ecbf
review_21016,division_dfe2db74975e0aa9f6fd
review_21017,division_55b19b36aa7567f7ecbf
review_21018,division_dfe2db74975e0aa9f6fd
review_21019,division_55b19b36aa7567f7ecbf
review_21020,division_dfe2db74975e0aa9f6fd
review_21021,division_dfe2db74975e0aa9f6fd
review_21022,division_dfe2db74975e0aa9f6fd
review_21023,division_55b19b36aa7567f7ecbf
review_21024,division_55b19b36aa7567f7ecbf
review_21025,division_dfe2db74975e0aa9f6fd
review_21026,division_dfe2db74975e0aa9f6fd
review_21027,division_55b19b36aa7567f7ecbf
review_21028,division_dfe2db74975e0aa9f6fd
review_21029,division_dfe2db74975e0aa9f6fd
review_21030,division_dfe2db74975e0aa9f6fd
review_21031,division_55b19b36aa7567f7ecbf
review_21032,division_dfe2db74975e0aa9f6fd
review_21033,division_55b19b36aa7567f7ecbf
review_21034,division_55b19b36aa7567f7ecbf
review_21035,division_55b19b36aa7567f7ecbf
review_21036,division_55b19b36aa7567f7ecbf
review_21037,division_dfe2db74975e0aa9f6fd
review_21038,division_dfe2db74975e0aa9f6fd
review_21039,division_dfe2db74975e0aa9f6fd
review_21040,division_55b19b36aa7567f7ecbf
review_21041,division_55b19b36aa7567f7ecbf
review_21042,division_55b19b36aa7567f7ecbf
review_21043,division_dfe2db74975e0aa9f6fd
review_21044,division_dfe2db74975e0aa9f6fd
review_21045,division_55b19b36aa7567f7ecbf
review_21046,division_dfe2db74975e0aa9f6fd
review_21047,division_55b19b36aa7567f7ecbf
review_21048,division_55b19b36aa7567f7ecbf
review_21049,division_55b19b36aa7567f7ecbf
review_21050,division_55b19b36aa7567f7ecbf
review_21051,division_55b19b36aa7567f7ecbf
review_21052,division_55b19b36aa7567f7ecbf
review_21053,division_55b19b36aa7567f7ecbf
review_21054,division_55b19b36aa7567f7ecbf
review_21055,division_55b19b36aa7567f7ecbf
review_21056,division_dfe2db74975e0aa9f6fd
review_21057,division_55b19b36aa7567f7ecbf
review_21058,division_55b19b36aa7567f7ecbf
review_21059,division_55b19b36aa7567f7ecbf
review_21060,division_55b19b36aa7567f7ecbf
review_21061,division_55b19b36aa7567f7ecbf
review_21062,division_55b19b36aa7567f7ecbf
review_21063,division_55b19b36aa7567f7ecbf
review_21064,division_55b19b36aa7567f7ecbf
review_21065,division_55b19b36aa7567f7ecbf
review_21066,division_55b19b36aa7567f7ecbf
review_21067,division_dfe2db74975e0aa9f6fd
review_21068,division_55b19b36aa7567f7ecbf
review_21069,division_dfe2db74975e0aa9f6fd
review_21070,division_55b19b36aa7567f7ecbf
review_21071,division_55b19b36aa7567f7ecbf
review_21072,division_dfe2db74975e0aa9f6fd
review_21073,division_dfe2db74975e0aa9f6fd
review_21074,division_55b19b36aa7567f7ecbf
review_21075,division_dfe2db74975e0aa9f6fd
review_21076,division_dfe2db74975e0aa9f6fd
review_21077,division_55b19b36aa7567f7ecbf
review_21078,division_dfe2db74975e0aa9f6fd
review_21079,division_dfe2db74975e0aa9f6fd
review_21080,division_dfe2db74975e0aa9f6fd
review_21081,division_dfe2db74975e0aa9f6fd
review_21082,division_dfe2db74975e0aa9f6fd
review_21083,division_dfe2db74975e0aa9f6fd
review_21084,division_dfe2db74975e0aa9f6fd
review_21085,division_df561e6f16d9f3e64a28
review_21086,division_dfe2db74975e0aa9f6fd
review_21087,division_dfe2db74975e0aa9f6fd
review_21088,division_dfe2db74975e0aa9f6fd
review_21089,division_55b19b36aa7567f7ecbf
review_21090,division_dfe2db74975e0aa9f6fd
review_21091,division_dfe2db74975e0aa9f6fd
review_21092,division_df561e6f16d9f3e64a28
review_21093,division_dfe2db74975e0aa9f6fd
review_21094,division_dfe2db74975e0aa9f6fd
review_21095,division_dfe2db74975e0aa9f6fd
review_21096,division_dfe2db74975e0aa9f6fd
review_21097,division_dfe2db74975e0aa9f6fd
review_21098,division_dfe2db74975e0aa9f6fd
review_21099,division_dfe2db74975e0aa9f6fd
review_21100,division_55b19b36aa7567f7ecbf
review_21101,division_dfe2db74975e0aa9f6fd
review_21102,division_dfe2db74975e0aa9f6fd
review_21103,division_dfe2db74975e0aa9f6fd
review_21104,division_dfe2db74975e0aa9f6fd
review_21105,division_dfe2db74975e0aa9f6fd
review_21106,division_dfe2db74975e0aa9f6fd
review_21107,division_dfe2db74975e0aa9f6fd
review_21108,division_dfe2db74975e0aa9f6fd
review_21109,division_df561e6f16d9f3e64a28
review_21110,division_dfe2db74975e0aa9f6fd
review_21111,division_dfe2db74975e0aa9f6fd
review_21112,division_dfe2db74975e0aa9f6fd
review_21113,division_df561e6f16d9f3e64a28
review_21114,division_55b19b36aa7567f7ecbf
review_21115,division_dfe2db74975e0aa9f6fd
review_21116,division_dfe2db74975e0aa9f6fd
review_21117,division_dfe2db74975e0aa9f6fd
review_21118,division_dfe2db74975e0aa9f6fd
review_21119,division_dfe2db74975e0aa9f6fd
review_21120,division_dfe2db74975e0aa9f6fd
review_21121,division_dfe2db74975e0aa9f6fd
review_21122,division_55b19b36aa7567f7ecbf
review_21123,division_dfe2db74975e0aa9f6fd
review_21124,division_dfe2db74975e0aa9f6fd
review_21125,division_dfe2db74975e0aa9f6fd
review_21126,division_dfe2db74975e0aa9f6fd
review_21127,division_dfe2db74975e0aa9f6fd
review_21128,division_dfe2db74975e0aa9f6fd
review_21129,division_55b19b36aa7567f7ecbf
review_21130,division_dfe2db74975e0aa9f6fd
review_21131,division_dfe2db74975e0aa9f6fd
review_21132,division_dfe2db74975e0aa9f6fd
review_21133,division_dfe2db74975e0aa9f6fd
review_21134,division_dfe2db74975e0aa9f6fd
review_21135,division_55b19b36aa7567f7ecbf
review_21136,division_55b19b36aa7567f7ecbf
review_21137,division_dfe2db74975e0aa9f6fd
review_21138,division_df561e6f16d9f3e64a28
review_21139,division_df561e6f16d9f3e64a28
review_21140,division_dfe2db74975e0aa9f6fd
review_21141,division_dfe2db74975e0aa9f6fd
review_21142,division_dfe2db74975e0aa9f6fd
review_21143,division_55b19b36aa7567f7ecbf
review_21144,division_55b19b36aa7567f7ecbf
review_21145,division_dfe2db74975e0aa9f6fd
review_21146,division_dfe2db74975e0aa9f6fd
review_21147,division_dfe2db74975e0aa9f6fd
review_21148,division_55b19b36aa7567f7ecbf
review_21149,division_55b19b36aa7567f7ecbf
review_21150,division_dfe2db74975e0aa9f6fd
review_21151,division_dfe2db74975e0aa9f6fd
review_21152,division_dfe2db74975e0aa9f6fd
review_21153,division_dfe2db74975e0aa9f6fd
review_21154,division_55b19b36aa7567f7ecbf
review_21155,division_dfe2db74975e0aa9f6fd
review_21156,division_dfe2db74975e0aa9f6fd
review_21157,division_dfe2db74975e0aa9f6fd
review_21158,division_dfe2db74975e0aa9f6fd
review_21159,division_dfe2db74975e0aa9f6fd
review_21160,division_dfe2db74975e0aa9f6fd
review_21161,division_dfe2db74975e0aa9f6fd
review_21162,division_55b19b36aa7567f7ecbf
review_21163,division_dfe2db74975e0aa9f6fd
review_21164,division_dfe2db74975e0aa9f6fd
review_21165,division_dfe2db74975e0aa9f6fd
review_21166,division_dfe2db74975e0aa9f6fd
review_21167,division_dfe2db74975e0aa9f6fd
review_21168,division_dfe2db74975e0aa9f6fd
review_21169,division_dfe2db74975e0aa9f6fd
review_21170,division_dfe2db74975e0aa9f6fd
review_21171,division_dfe2db74975e0aa9f6fd
review_21172,division_55b19b36aa7567f7ecbf
review_21173,division_dfe2db74975e0aa9f6fd
review_21174,division_dfe2db74975e0aa9f6fd
review_21175,division_55b19b36aa7567f7ecbf
review_21176,division_dfe2db74975e0aa9f6fd
review_21177,division_dfe2db74975e0aa9f6fd
review_21178,division_55b19b36aa7567f7ecbf
review_21179,division_dfe2db74975e0aa9f6fd
review_21180,division_dfe2db74975e0aa9f6fd
review_21181,division_55b19b36aa7567f7ecbf
review_21182,division_55b19b36aa7567f7ecbf
review_21183,division_dfe2db74975e0aa9f6fd
review_21184,division_dfe2db74975e0aa9f6fd
review_21185,division_55b19b36aa7567f7ecbf
review_21186,division_55b19b36aa7567f7ecbf
review_21187,division_dfe2db74975e0aa9f6fd
review_21188,division_dfe2db74975e0aa9f6fd
review_21189,division_df561e6f16d9f3e64a28
review_21190,division_dfe2db74975e0aa9f6fd
review_21191,division_df561e6f16d9f3e64a28
review_21192,division_55b19b36aa7567f7ecbf
review_21193,division_dfe2db74975e0aa9f6fd
review_21194,division_dfe2db74975e0aa9f6fd
review_21195,division_dfe2db74975e0aa9f6fd
review_21196,division_df561e6f16d9f3e64a28
review_21197,division_dfe2db74975e0aa9f6fd
review_21198,division_dfe2db74975e0aa9f6fd
review_21199,division_55b19b36aa7567f7ecbf
review_21200,division_55b19b36aa7567f7ecbf
review_21201,division_dfe2db74975e0aa9f6fd
review_21202,division_55b19b36aa7567f7ecbf
review_21203,division_55b19b36aa7567f7ecbf
review_21204,division_55b19b36aa7567f7ecbf
review_21205,division_df561e6f16d9f3e64a28
review_21206,division_dfe2db74975e0aa9f6fd
review_21207,division_55b19b36aa7567f7ecbf
review_21208,division_55b19b36aa7567f7ecbf
review_21209,division_dfe2db74975e0aa9f6fd
review_21210,division_55b19b36aa7567f7ecbf
review_21211,division_55b19b36aa7567f7ecbf
review_21212,division_55b19b36aa7567f7ecbf
review_21213,division_dfe2db74975e0aa9f6fd
review_21214,division_55b19b36aa7567f7ecbf
review_21215,division_df561e6f16d9f3e64a28
review_21216,division_55b19b36aa7567f7ecbf
review_21217,division_dfe2db74975e0aa9f6fd
review_21218,division_df561e6f16d9f3e64a28
review_21219,division_55b19b36aa7567f7ecbf
review_21220,division_dfe2db74975e0aa9f6fd
review_21221,division_55b19b36aa7567f7ecbf
review_21222,division_55b19b36aa7567f7ecbf
review_21223,division_55b19b36aa7567f7ecbf
review_21224,division_55b19b36aa7567f7ecbf
review_21225,division_55b19b36aa7567f7ecbf
review_21226,division_dfe2db74975e0aa9f6fd
review_21227,division_dfe2db74975e0aa9f6fd
review_21228,division_dfe2db74975e0aa9f6fd
review_21229,division_df561e6f16d9f3e64a28
review_21230,division_dfe2db74975e0aa9f6fd
review_21231,division_dfe2db74975e0aa9f6fd
review_21232,division_dfe2db74975e0aa9f6fd
review_21233,division_55b19b36aa7567f7ecbf
review_21234,division_dfe2db74975e0aa9f6fd
review_21235,division_55b19b36aa7567f7ecbf
review_21236,division_55b19b36aa7567f7ecbf
review_21237,division_55b19b36aa7567f7ecbf
review_21238,division_dfe2db74975e0aa9f6fd
review_21239,division_55b19b36aa7567f7ecbf
review_21240,division_55b19b36aa7567f7ecbf
review_21241,division_dfe2db74975e0aa9f6fd
review_21242,division_55b19b36aa7567f7ecbf
review_21243,division_dfe2db74975e0aa9f6fd
review_21244,division_dfe2db74975e0aa9f6fd
review_21245,division_dfe2db74975e0aa9f6fd
review_21246,division_dfe2db74975e0aa9f6fd
review_21247,division_dfe2db74975e0aa9f6fd
review_21248,division_dfe2db74975e0aa9f6fd
review_21249,division_55b19b36aa7567f7ecbf
review_21250,division_55b19b36aa7567f7ecbf
review_21251,division_df561e6f16d9f3e64a28
review_21252,division_55b19b36aa7567f7ecbf
review_21253,division_dfe2db74975e0aa9f6fd
review_21254,division_dfe2db74975e0aa9f6fd
review_21255,division_df561e6f16d9f3e64a28
review_21256,division_dfe2db74975e0aa9f6fd
review_21257,division_dfe2db74975e0aa9f6fd
review_21258,division_dfe2db74975e0aa9f6fd
review_21259,division_dfe2db74975e0aa9f6fd
review_21260,division_55b19b36aa7567f7ecbf
review_21261,division_dfe2db74975e0aa9f6fd
review_21262,division_55b19b36aa7567f7ecbf
review_21263,division_55b19b36aa7567f7ecbf
review_21264,division_dfe2db74975e0aa9f6fd
review_21265,division_55b19b36aa7567f7ecbf
review_21266,division_dfe2db74975e0aa9f6fd
review_21267,division_dfe2db74975e0aa9f6fd
review_21268,division_55b19b36aa7567f7ecbf
review_21269,division_dfe2db74975e0aa9f6fd
review_21270,division_55b19b36aa7567f7ecbf
review_21271,division_dfe2db74975e0aa9f6fd
review_21272,division_55b19b36aa7567f7ecbf
review_21273,division_dfe2db74975e0aa9f6fd
review_21274,division_dfe2db74975e0aa9f6fd
review_21275,division_dfe2db74975e0aa9f6fd
review_21276,division_dfe2db74975e0aa9f6fd
review_21277,division_dfe2db74975e0aa9f6fd
review_21278,division_dfe2db74975e0aa9f6fd
review_21279,division_dfe2db74975e0aa9f6fd
review_21280,division_dfe2db74975e0aa9f6fd
review_21281,division_55b19b36aa7567f7ecbf
review_21282,division_dfe2db74975e0aa9f6fd
review_21283,division_55b19b36aa7567f7ecbf
review_21284,division_dfe2db74975e0aa9f6fd
review_21285,division_df561e6f16d9f3e64a28
review_21286,division_55b19b36aa7567f7ecbf
review_21287,division_dfe2db74975e0aa9f6fd
review_21288,division_55b19b36aa7567f7ecbf
review_21289,division_df561e6f16d9f3e64a28
review_21290,division_55b19b36aa7567f7ecbf
review_21291,division_dfe2db74975e0aa9f6fd
review_21292,division_55b19b36aa7567f7ecbf
review_21293,division_dfe2db74975e0aa9f6fd
review_21294,division_dfe2db74975e0aa9f6fd
review_21295,division_dfe2db74975e0aa9f6fd
review_21296,division_55b19b36aa7567f7ecbf
review_21297,division_dfe2db74975e0aa9f6fd
review_21298,division_dfe2db74975e0aa9f6fd
review_21299,division_55b19b36aa7567f7ecbf
review_21300,division_dfe2db74975e0aa9f6fd
review_21301,division_dfe2db74975e0aa9f6fd
review_21302,division_df561e6f16d9f3e64a28
review_21303,division_dfe2db74975e0aa9f6fd
review_21304,division_dfe2db74975e0aa9f6fd
review_21305,division_dfe2db74975e0aa9f6fd
review_21306,division_dfe2db74975e0aa9f6fd
review_21307,division_55b19b36aa7567f7ecbf
review_21308,division_55b19b36aa7567f7ecbf
review_21309,division_55b19b36aa7567f7ecbf
review_21310,division_dfe2db74975e0aa9f6fd
review_21311,division_55b19b36aa7567f7ecbf
review_21312,division_dfe2db74975e0aa9f6fd
review_21313,division_55b19b36aa7567f7ecbf
review_21314,division_dfe2db74975e0aa9f6fd
review_21315,division_55b19b36aa7567f7ecbf
review_21316,division_55b19b36aa7567f7ecbf
review_21317,division_55b19b36aa7567f7ecbf
review_21318,division_55b19b36aa7567f7ecbf
review_21319,division_dfe2db74975e0aa9f6fd
review_21320,division_dfe2db74975e0aa9f6fd
review_21321,division_55b19b36aa7567f7ecbf
review_21322,division_55b19b36aa7567f7ecbf
review_21323,division_55b19b36aa7567f7ecbf
review_21324,division_55b19b36aa7567f7ecbf
review_21325,division_55b19b36aa7567f7ecbf
review_21326,division_dfe2db74975e0aa9f6fd
review_21327,division_dfe2db74975e0aa9f6fd
review_21328,division_55b19b36aa7567f7ecbf
review_21329,division_55b19b36aa7567f7ecbf
review_21330,division_55b19b36aa7567f7ecbf
review_21331,division_dfe2db74975e0aa9f6fd
review_21332,division_55b19b36aa7567f7ecbf
review_21333,division_55b19b36aa7567f7ecbf
review_21334,division_dfe2db74975e0aa9f6fd
review_21335,division_dfe2db74975e0aa9f6fd
review_21336,division_55b19b36aa7567f7ecbf
review_21337,division_df561e6f16d9f3e64a28
review_21338,division_55b19b36aa7567f7ecbf
review_21339,division_55b19b36aa7567f7ecbf
review_21340,division_dfe2db74975e0aa9f6fd
review_21341,division_dfe2db74975e0aa9f6fd
review_21342,division_55b19b36aa7567f7ecbf
review_21343,division_dfe2db74975e0aa9f6fd
review_21344,division_55b19b36aa7567f7ecbf
review_21345,division_df561e6f16d9f3e64a28
review_21346,division_55b19b36aa7567f7ecbf
review_21347,division_55b19b36aa7567f7ecbf
review_21348,division_55b19b36aa7567f7ecbf
review_21349,division_dfe2db74975e0aa9f6fd
review_21350,division_dfe2db74975e0aa9f6fd
review_21351,division_dfe2db74975e0aa9f6fd
review_21352,division_55b19b36aa7567f7ecbf
review_21353,division_55b19b36aa7567f7ecbf
review_21354,division_55b19b36aa7567f7ecbf
review_21355,division_dfe2db74975e0aa9f6fd
review_21356,division_dfe2db74975e0aa9f6fd
review_21357,division_dfe2db74975e0aa9f6fd
review_21358,division_55b19b36aa7567f7ecbf
review_21359,division_df561e6f16d9f3e64a28
review_21360,division_55b19b36aa7567f7ecbf
review_21361,division_dfe2db74975e0aa9f6fd
review_21362,division_dfe2db74975e0aa9f6fd
review_21363,division_dfe2db74975e0aa9f6fd
review_21364,division_55b19b36aa7567f7ecbf
review_21365,division_55b19b36aa7567f7ecbf
review_21366,division_dfe2db74975e0aa9f6fd
review_21367,division_dfe2db74975e0aa9f6fd
review_21368,division_55b19b36aa7567f7ecbf
review_21369,division_dfe2db74975e0aa9f6fd
review_21370,division_dfe2db74975e0aa9f6fd
review_21371,division_55b19b36aa7567f7ecbf
review_21372,division_55b19b36aa7567f7ecbf
review_21373,division_55b19b36aa7567f7ecbf
review_21374,division_dfe2db74975e0aa9f6fd
review_21375,division_dfe2db74975e0aa9f6fd
review_21376,division_df561e6f16d9f3e64a28
review_21377,division_dfe2db74975e0aa9f6fd
review_21378,division_dfe2db74975e0aa9f6fd
review_21379,division_55b19b36aa7567f7ecbf
review_21380,division_dfe2db74975e0aa9f6fd
review_21381,division_55b19b36aa7567f7ecbf
review_21382,division_dfe2db74975e0aa9f6fd
review_21383,division_dfe2db74975e0aa9f6fd
review_21384,division_55b19b36aa7567f7ecbf
review_21385,division_dfe2db74975e0aa9f6fd
review_21386,division_dfe2db74975e0aa9f6fd
review_21387,division_55b19b36aa7567f7ecbf
review_21388,division_55b19b36aa7567f7ecbf
review_21389,division_55b19b36aa7567f7ecbf
review_21390,division_dfe2db74975e0aa9f6fd
review_21391,division_55b19b36aa7567f7ecbf
review_21392,division_55b19b36aa7567f7ecbf
review_21393,division_dfe2db74975e0aa9f6fd
review_21394,division_55b19b36aa7567f7ecbf
review_21395,division_55b19b36aa7567f7ecbf
review_21396,division_dfe2db74975e0aa9f6fd
review_21397,division_dfe2db74975e0aa9f6fd
review_21398,division_dfe2db74975e0aa9f6fd
review_21399,division_55b19b36aa7567f7ecbf
review_21400,division_dfe2db74975e0aa9f6fd
review_21401,division_55b19b36aa7567f7ecbf
review_21402,division_55b19b36aa7567f7ecbf
review_21403,division_dfe2db74975e0aa9f6fd
review_21404,division_55b19b36aa7567f7ecbf
review_21405,division_dfe2db74975e0aa9f6fd
review_21406,division_df561e6f16d9f3e64a28
review_21407,division_dfe2db74975e0aa9f6fd
review_21408,division_55b19b36aa7567f7ecbf
review_21409,division_dfe2db74975e0aa9f6fd
review_21410,division_dfe2db74975e0aa9f6fd
review_21411,division_dfe2db74975e0aa9f6fd
review_21412,division_55b19b36aa7567f7ecbf
review_21413,division_55b19b36aa7567f7ecbf
review_21414,division_55b19b36aa7567f7ecbf
review_21415,division_df561e6f16d9f3e64a28
review_21416,division_dfe2db74975e0aa9f6fd
review_21417,division_dfe2db74975e0aa9f6fd
review_21418,division_dfe2db74975e0aa9f6fd
review_21419,division_dfe2db74975e0aa9f6fd
review_21420,division_dfe2db74975e0aa9f6fd
review_21421,division_dfe2db74975e0aa9f6fd
review_21422,division_55b19b36aa7567f7ecbf
review_21423,division_dfe2db74975e0aa9f6fd
review_21424,division_dfe2db74975e0aa9f6fd
review_21425,division_55b19b36aa7567f7ecbf
review_21426,division_55b19b36aa7567f7ecbf
review_21427,division_df561e6f16d9f3e64a28
review_21428,division_55b19b36aa7567f7ecbf
review_21429,division_55b19b36aa7567f7ecbf
review_21430,division_55b19b36aa7567f7ecbf
review_21431,division_55b19b36aa7567f7ecbf
review_21432,division_55b19b36aa7567f7ecbf
review_21433,division_55b19b36aa7567f7ecbf
review_21434,division_55b19b36aa7567f7ecbf
review_21435,division_dfe2db74975e0aa9f6fd
review_21436,division_dfe2db74975e0aa9f6fd
review_21437,division_dfe2db74975e0aa9f6fd
review_21438,division_55b19b36aa7567f7ecbf
review_21439,division_dfe2db74975e0aa9f6fd
review_21440,division_55b19b36aa7567f7ecbf
review_21441,division_55b19b36aa7567f7ecbf
review_21442,division_55b19b36aa7567f7ecbf
review_21443,division_55b19b36aa7567f7ecbf
review_21444,division_55b19b36aa7567f7ecbf
review_21445,division_55b19b36aa7567f7ecbf
review_21446,division_55b19b36aa7567f7ecbf
review_21447,division_55b19b36aa7567f7ecbf
review_21448,division_55b19b36aa7567f7ecbf
review_21449,division_55b19b36aa7567f7ecbf
review_21450,division_55b19b36aa7567f7ecbf
review_21451,division_dfe2db74975e0aa9f6fd
review_21452,division_55b19b36aa7567f7ecbf
review_21453,division_dfe2db74975e0aa9f6fd
review_21454,division_55b19b36aa7567f7ecbf
review_21455,division_55b19b36aa7567f7ecbf
review_21456,division_dfe2db74975e0aa9f6fd
review_21457,division_55b19b36aa7567f7ecbf
review_21458,division_dfe2db74975e0aa9f6fd
review_21459,division_df561e6f16d9f3e64a28
review_21460,division_dfe2db74975e0aa9f6fd
review_21461,division_dfe2db74975e0aa9f6fd
review_21462,division_dfe2db74975e0aa9f6fd
review_21463,division_dfe2db74975e0aa9f6fd
review_21464,division_dfe2db74975e0aa9f6fd
review_21465,division_dfe2db74975e0aa9f6fd
review_21466,division_dfe2db74975e0aa9f6fd
review_21467,division_dfe2db74975e0aa9f6fd
review_21468,division_dfe2db74975e0aa9f6fd
review_21469,division_dfe2db74975e0aa9f6fd
review_21470,division_55b19b36aa7567f7ecbf
review_21471,division_df561e6f16d9f3e64a28
review_21472,division_dfe2db74975e0aa9f6fd
review_21473,division_dfe2db74975e0aa9f6fd
review_21474,division_dfe2db74975e0aa9f6fd
review_21475,division_dfe2db74975e0aa9f6fd
review_21476,division_dfe2db74975e0aa9f6fd
review_21477,division_dfe2db74975e0aa9f6fd
review_21478,division_dfe2db74975e0aa9f6fd
review_21479,division_dfe2db74975e0aa9f6fd
review_21480,division_dfe2db74975e0aa9f6fd
review_21481,division_dfe2db74975e0aa9f6fd
review_21482,division_dfe2db74975e0aa9f6fd
review_21483,division_dfe2db74975e0aa9f6fd
review_21484,division_dfe2db74975e0aa9f6fd
review_21485,division_55b19b36aa7567f7ecbf
review_21486,division_dfe2db74975e0aa9f6fd
review_21487,division_dfe2db74975e0aa9f6fd
review_21488,division_dfe2db74975e0aa9f6fd
review_21489,division_dfe2db74975e0aa9f6fd
review_21490,division_dfe2db74975e0aa9f6fd
review_21491,division_55b19b36aa7567f7ecbf
review_21492,division_dfe2db74975e0aa9f6fd
review_21493,division_dfe2db74975e0aa9f6fd
review_21494,division_55b19b36aa7567f7ecbf
review_21495,division_dfe2db74975e0aa9f6fd
review_21496,division_55b19b36aa7567f7ecbf
review_21497,division_dfe2db74975e0aa9f6fd
review_21498,division_dfe2db74975e0aa9f6fd
review_21499,division_55b19b36aa7567f7ecbf
review_21500,division_55b19b36aa7567f7ecbf
review_21501,division_dfe2db74975e0aa9f6fd
review_21502,division_dfe2db74975e0aa9f6fd
review_21503,division_55b19b36aa7567f7ecbf
review_21504,division_55b19b36aa7567f7ecbf
review_21505,division_dfe2db74975e0aa9f6fd
review_21506,division_dfe2db74975e0aa9f6fd
review_21507,division_dfe2db74975e0aa9f6fd
review_21508,division_dfe2db74975e0aa9f6fd
review_21509,division_55b19b36aa7567f7ecbf
review_21510,division_dfe2db74975e0aa9f6fd
review_21511,division_dfe2db74975e0aa9f6fd
review_21512,division_dfe2db74975e0aa9f6fd
review_21513,division_dfe2db74975e0aa9f6fd
review_21514,division_dfe2db74975e0aa9f6fd
review_21515,division_dfe2db74975e0aa9f6fd
review_21516,division_dfe2db74975e0aa9f6fd
review_21517,division_55b19b36aa7567f7ecbf
review_21518,division_dfe2db74975e0aa9f6fd
review_21519,division_dfe2db74975e0aa9f6fd
review_21520,division_dfe2db74975e0aa9f6fd
review_21521,division_dfe2db74975e0aa9f6fd
review_21522,division_dfe2db74975e0aa9f6fd
review_21523,division_55b19b36aa7567f7ecbf
review_21524,division_dfe2db74975e0aa9f6fd
review_21525,division_dfe2db74975e0aa9f6fd
review_21526,division_55b19b36aa7567f7ecbf
review_21527,division_df561e6f16d9f3e64a28
review_21528,division_dfe2db74975e0aa9f6fd
review_21529,division_55b19b36aa7567f7ecbf
review_21530,division_dfe2db74975e0aa9f6fd
review_21531,division_dfe2db74975e0aa9f6fd
review_21533,division_55b19b36aa7567f7ecbf
review_21534,division_df561e6f16d9f3e64a28
review_21535,division_55b19b36aa7567f7ecbf
review_21536,division_dfe2db74975e0aa9f6fd
review_21537,division_55b19b36aa7567f7ecbf
review_21538,division_df561e6f16d9f3e64a28
review_21539,division_55b19b36aa7567f7ecbf
review_21540,division_55b19b36aa7567f7ecbf
review_21541,division_df561e6f16d9f3e64a28
review_21542,division_dfe2db74975e0aa9f6fd
review_21543,division_55b19b36aa7567f7ecbf
review_21544,division_55b19b36aa7567f7ecbf
review_21545,division_dfe2db74975e0aa9f6fd
review_21546,division_dfe2db74975e0aa9f6fd
review_21547,division_dfe2db74975e0aa9f6fd
review_21548,division_dfe2db74975e0aa9f6fd
review_21549,division_dfe2db74975e0aa9f6fd
review_21550,division_dfe2db74975e0aa9f6fd
review_21551,division_dfe2db74975e0aa9f6fd
review_21552,division_dfe2db74975e0aa9f6fd
review_21553,division_dfe2db74975e0aa9f6fd
review_21554,division_dfe2db74975e0aa9f6fd
review_21555,division_dfe2db74975e0aa9f6fd
review_21556,division_dfe2db74975e0aa9f6fd
review_21557,division_dfe2db74975e0aa9f6fd
review_21558,division_dfe2db74975e0aa9f6fd
review_21559,division_dfe2db74975e0aa9f6fd
review_21560,division_dfe2db74975e0aa9f6fd
review_21561,division_dfe2db74975e0aa9f6fd
review_21562,division_dfe2db74975e0aa9f6fd
review_21563,division_dfe2db74975e0aa9f6fd
review_21564,division_dfe2db74975e0aa9f6fd
review_21565,division_dfe2db74975e0aa9f6fd
review_21566,division_dfe2db74975e0aa9f6fd
review_21567,division_dfe2db74975e0aa9f6fd
review_21568,division_dfe2db74975e0aa9f6fd
review_21569,division_dfe2db74975e0aa9f6fd
review_21570,division_dfe2db74975e0aa9f6fd
review_21571,division_dfe2db74975e0aa9f6fd
review_21572,division_dfe2db74975e0aa9f6fd
review_21573,division_dfe2db74975e0aa9f6fd
review_21574,division_dfe2db74975e0aa9f6fd
review_21575,division_dfe2db74975e0aa9f6fd
review_21576,division_dfe2db74975e0aa9f6fd
review_21577,division_dfe2db74975e0aa9f6fd
review_21578,division_55b19b36aa7567f7ecbf
review_21579,division_dfe2db74975e0aa9f6fd
review_21580,division_55b19b36aa7567f7ecbf
review_21581,division_dfe2db74975e0aa9f6fd
review_21582,division_55b19b36aa7567f7ecbf
review_21583,division_dfe2db74975e0aa9f6fd
review_21584,division_55b19b36aa7567f7ecbf
review_21585,division_55b19b36aa7567f7ecbf
review_21586,division_55b19b36aa7567f7ecbf
review_21587,division_dfe2db74975e0aa9f6fd
review_21588,division_dfe2db74975e0aa9f6fd
review_21589,division_55b19b36aa7567f7ecbf
review_21590,division_dfe2db74975e0aa9f6fd
review_21591,division_dfe2db74975e0aa9f6fd
review_21592,division_dfe2db74975e0aa9f6fd
review_21593,division_dfe2db74975e0aa9f6fd
review_21594,division_55b19b36aa7567f7ecbf
review_21595,division_dfe2db74975e0aa9f6fd
review_21596,division_55b19b36aa7567f7ecbf
review_21597,division_dfe2db74975e0aa9f6fd
review_21598,division_dfe2db74975e0aa9f6fd
review_21599,division_dfe2db74975e0aa9f6fd
review_21600,division_55b19b36aa7567f7ecbf
review_21601,division_55b19b36aa7567f7ecbf
review_21602,division_dfe2db74975e0aa9f6fd
review_21603,division_dfe2db74975e0aa9f6fd
review_21604,division_55b19b36aa7567f7ecbf
review_21605,division_dfe2db74975e0aa9f6fd
review_21606,division_dfe2db74975e0aa9f6fd
review_21607,division_55b19b36aa7567f7ecbf
review_21608,division_dfe2db74975e0aa9f6fd
review_21609,division_dfe2db74975e0aa9f6fd
review_21610,division_dfe2db74975e0aa9f6fd
review_21611,division_dfe2db74975e0aa9f6fd
review_21612,division_55b19b36aa7567f7ecbf
review_21613,division_dfe2db74975e0aa9f6fd
review_21614,division_dfe2db74975e0aa9f6fd
review_21615,division_dfe2db74975e0aa9f6fd
review_21616,division_55b19b36aa7567f7ecbf
review_21617,division_dfe2db74975e0aa9f6fd
review_21618,division_dfe2db74975e0aa9f6fd
review_21619,division_dfe2db74975e0aa9f6fd
review_21620,division_55b19b36aa7567f7ecbf
review_21621,division_dfe2db74975e0aa9f6fd
review_21622,division_dfe2db74975e0aa9f6fd
review_21623,division_dfe2db74975e0aa9f6fd
review_21624,division_dfe2db74975e0aa9f6fd
review_21625,division_dfe2db74975e0aa9f6fd
review_21626,division_55b19b36aa7567f7ecbf
review_21627,division_dfe2db74975e0aa9f6fd
review_21628,division_dfe2db74975e0aa9f6fd
review_21629,division_dfe2db74975e0aa9f6fd
review_21630,division_dfe2db74975e0aa9f6fd
review_21631,division_dfe2db74975e0aa9f6fd
review_21632,division_55b19b36aa7567f7ecbf
review_21633,division_dfe2db74975e0aa9f6fd
review_21634,division_dfe2db74975e0aa9f6fd
review_21635,division_55b19b36aa7567f7ecbf
review_21636,division_dfe2db74975e0aa9f6fd
review_21637,division_dfe2db74975e0aa9f6fd
review_21638,division_55b19b36aa7567f7ecbf
review_21639,division_dfe2db74975e0aa9f6fd
review_21640,division_55b19b36aa7567f7ecbf
review_21641,division_dfe2db74975e0aa9f6fd
review_21642,division_55b19b36aa7567f7ecbf
review_21643,division_dfe2db74975e0aa9f6fd
review_21644,division_dfe2db74975e0aa9f6fd
review_21645,division_55b19b36aa7567f7ecbf
review_21646,division_dfe2db74975e0aa9f6fd
review_21647,division_dfe2db74975e0aa9f6fd
review_21648,division_dfe2db74975e0aa9f6fd
review_21649,division_55b19b36aa7567f7ecbf
review_21650,division_55b19b36aa7567f7ecbf
review_21651,division_dfe2db74975e0aa9f6fd
review_21652,division_55b19b36aa7567f7ecbf
review_21653,division_dfe2db74975e0aa9f6fd
review_21654,division_55b19b36aa7567f7ecbf
review_21655,division_dfe2db74975e0aa9f6fd
review_21656,division_55b19b36aa7567f7ecbf
review_21657,division_55b19b36aa7567f7ecbf
review_21658,division_55b19b36aa7567f7ecbf
review_21659,division_dfe2db74975e0aa9f6fd
review_21660,division_dfe2db74975e0aa9f6fd
review_21661,division_55b19b36aa7567f7ecbf
review_21662,division_55b19b36aa7567f7ecbf
review_21663,division_dfe2db74975e0aa9f6fd
review_21664,division_dfe2db74975e0aa9f6fd
review_21665,division_55b19b36aa7567f7ecbf
review_21666,division_55b19b36aa7567f7ecbf
review_21667,division_dfe2db74975e0aa9f6fd
review_21668,division_55b19b36aa7567f7ecbf
review_21669,division_dfe2db74975e0aa9f6fd
review_21670,division_55b19b36aa7567f7ecbf
review_21671,division_55b19b36aa7567f7ecbf
review_21672,division_55b19b36aa7567f7ecbf
review_21673,division_dfe2db74975e0aa9f6fd
review_21674,division_55b19b36aa7567f7ecbf
review_21675,division_55b19b36aa7567f7ecbf
review_21676,division_dfe2db74975e0aa9f6fd
review_21677,division_dfe2db74975e0aa9f6fd
review_21678,division_55b19b36aa7567f7ecbf
review_21679,division_55b19b36aa7567f7ecbf
review_21680,division_dfe2db74975e0aa9f6fd
review_21681,division_55b19b36aa7567f7ecbf
review_21682,division_55b19b36aa7567f7ecbf
review_21683,division_55b19b36aa7567f7ecbf
review_21684,division_55b19b36aa7567f7ecbf
review_21685,division_55b19b36aa7567f7ecbf
review_21686,division_55b19b36aa7567f7ecbf
review_21687,division_55b19b36aa7567f7ecbf
review_21688,division_55b19b36aa7567f7ecbf
review_21689,division_55b19b36aa7567f7ecbf
review_21690,division_dfe2db74975e0aa9f6fd
review_21691,division_55b19b36aa7567f7ecbf
review_21692,division_55b19b36aa7567f7ecbf
review_21693,division_df561e6f16d9f3e64a28
review_21694,division_55b19b36aa7567f7ecbf
review_21695,division_dfe2db74975e0aa9f6fd
review_21696,division_dfe2db74975e0aa9f6fd
review_21697,division_55b19b36aa7567f7ecbf
review_21698,division_dfe2db74975e0aa9f6fd
review_21699,division_dfe2db74975e0aa9f6fd
review_21700,division_dfe2db74975e0aa9f6fd
review_21701,division_55b19b36aa7567f7ecbf
review_21702,division_55b19b36aa7567f7ecbf
review_21703,division_55b19b36aa7567f7ecbf
review_21704,division_55b19b36aa7567f7ecbf
review_21705,division_55b19b36aa7567f7ecbf
review_21706,division_55b19b36aa7567f7ecbf
review_21707,division_dfe2db74975e0aa9f6fd
review_21708,division_dfe2db74975e0aa9f6fd
review_21709,division_dfe2db74975e0aa9f6fd
review_21710,division_55b19b36aa7567f7ecbf
review_21711,division_55b19b36aa7567f7ecbf
review_21712,division_55b19b36aa7567f7ecbf
review_21713,division_55b19b36aa7567f7ecbf
review_21714,division_55b19b36aa7567f7ecbf
review_21715,division_55b19b36aa7567f7ecbf
review_21716,division_dfe2db74975e0aa9f6fd
review_21717,division_55b19b36aa7567f7ecbf
review_21718,division_55b19b36aa7567f7ecbf
review_21719,division_55b19b36aa7567f7ecbf
review_21720,division_dfe2db74975e0aa9f6fd
review_21721,division_55b19b36aa7567f7ecbf
review_21722,division_dfe2db74975e0aa9f6fd
review_21723,division_55b19b36aa7567f7ecbf
review_21724,division_dfe2db74975e0aa9f6fd
review_21725,division_55b19b36aa7567f7ecbf
review_21726,division_55b19b36aa7567f7ecbf
review_21727,division_dfe2db74975e0aa9f6fd
review_21728,division_dfe2db74975e0aa9f6fd
review_21729,division_55b19b36aa7567f7ecbf
review_21730,division_55b19b36aa7567f7ecbf
review_21731,division_55b19b36aa7567f7ecbf
review_21732,division_dfe2db74975e0aa9f6fd
review_21733,division_55b19b36aa7567f7ecbf
review_21734,division_dfe2db74975e0aa9f6fd
review_21735,division_dfe2db74975e0aa9f6fd
review_21736,division_dfe2db74975e0aa9f6fd
review_21737,division_55b19b36aa7567f7ecbf
review_21738,division_df561e6f16d9f3e64a28
review_21739,division_dfe2db74975e0aa9f6fd
review_21740,division_55b19b36aa7567f7ecbf
review_21741,division_55b19b36aa7567f7ecbf
review_21742,division_dfe2db74975e0aa9f6fd
review_21743,division_55b19b36aa7567f7ecbf
review_21744,division_55b19b36aa7567f7ecbf
review_21745,division_55b19b36aa7567f7ecbf
review_21746,division_55b19b36aa7567f7ecbf
review_21747,division_55b19b36aa7567f7ecbf
review_21748,division_dfe2db74975e0aa9f6fd
review_21749,division_55b19b36aa7567f7ecbf
review_21750,division_55b19b36aa7567f7ecbf
review_21751,division_55b19b36aa7567f7ecbf
review_21752,division_55b19b36aa7567f7ecbf
review_21753,division_55b19b36aa7567f7ecbf
review_21754,division_55b19b36aa7567f7ecbf
review_21755,division_55b19b36aa7567f7ecbf
review_21756,division_55b19b36aa7567f7ecbf
review_21757,division_55b19b36aa7567f7ecbf
review_21758,division_55b19b36aa7567f7ecbf
review_21759,division_55b19b36aa7567f7ecbf
review_21760,division_df561e6f16d9f3e64a28
review_21761,division_dfe2db74975e0aa9f6fd
review_21762,division_55b19b36aa7567f7ecbf
review_21763,division_55b19b36aa7567f7ecbf
review_21764,division_dfe2db74975e0aa9f6fd
review_21765,division_55b19b36aa7567f7ecbf
review_21766,division_55b19b36aa7567f7ecbf
review_21767,division_55b19b36aa7567f7ecbf
review_21768,division_55b19b36aa7567f7ecbf
review_21769,division_55b19b36aa7567f7ecbf
review_21770,division_55b19b36aa7567f7ecbf
review_21771,division_dfe2db74975e0aa9f6fd
review_21772,division_55b19b36aa7567f7ecbf
review_21773,division_55b19b36aa7567f7ecbf
review_21774,division_55b19b36aa7567f7ecbf
review_21775,division_55b19b36aa7567f7ecbf
review_21776,division_55b19b36aa7567f7ecbf
review_21777,division_55b19b36aa7567f7ecbf
review_21778,division_55b19b36aa7567f7ecbf
review_21779,division_55b19b36aa7567f7ecbf
review_21780,division_55b19b36aa7567f7ecbf
review_21781,division_55b19b36aa7567f7ecbf
review_21782,division_55b19b36aa7567f7ecbf
review_21783,division_55b19b36aa7567f7ecbf
review_21784,division_55b19b36aa7567f7ecbf
review_21785,division_55b19b36aa7567f7ecbf
review_21786,division_55b19b36aa7567f7ecbf
review_21787,division_55b19b36aa7567f7ecbf
review_21788,division_55b19b36aa7567f7ecbf
review_21789,division_55b19b36aa7567f7ecbf
review_21790,division_55b19b36aa7567f7ecbf
review_21791,division_55b19b36aa7567f7ecbf
review_21792,division_55b19b36aa7567f7ecbf
review_21793,division_55b19b36aa7567f7ecbf
review_21794,division_55b19b36aa7567f7ecbf
review_21795,division_55b19b36aa7567f7ecbf
review_21796,division_dfe2db74975e0aa9f6fd
review_21797,division_55b19b36aa7567f7ecbf
review_21798,division_55b19b36aa7567f7ecbf
review_21799,division_dfe2db74975e0aa9f6fd
review_21800,division_dfe2db74975e0aa9f6fd
review_21801,division_dfe2db74975e0aa9f6fd
review_21802,division_dfe2db74975e0aa9f6fd
review_21803,division_dfe2db74975e0aa9f6fd
review_21804,division_dfe2db74975e0aa9f6fd
review_21805,division_dfe2db74975e0aa9f6fd
review_21806,division_dfe2db74975e0aa9f6fd
review_21807,division_dfe2db74975e0aa9f6fd
review_21808,division_dfe2db74975e0aa9f6fd
review_21809,division_dfe2db74975e0aa9f6fd
review_21810,division_df561e6f16d9f3e64a28
review_21811,division_dfe2db74975e0aa9f6fd
review_21812,division_dfe2db74975e0aa9f6fd
review_21813,division_dfe2db74975e0aa9f6fd
review_21814,division_dfe2db74975e0aa9f6fd
review_21815,division_dfe2db74975e0aa9f6fd
review_21816,division_55b19b36aa7567f7ecbf
review_21817,division_55b19b36aa7567f7ecbf
review_21818,division_dfe2db74975e0aa9f6fd
review_21819,division_dfe2db74975e0aa9f6fd
review_21820,division_dfe2db74975e0aa9f6fd
review_21821,division_55b19b36aa7567f7ecbf
review_21822,division_dfe2db74975e0aa9f6fd
review_21823,division_dfe2db74975e0aa9f6fd
review_21824,division_dfe2db74975e0aa9f6fd
review_21825,division_dfe2db74975e0aa9f6fd
review_21826,division_dfe2db74975e0aa9f6fd
review_21827,division_dfe2db74975e0aa9f6fd
review_21828,division_dfe2db74975e0aa9f6fd
review_21829,division_dfe2db74975e0aa9f6fd
review_21830,division_55b19b36aa7567f7ecbf
review_21831,division_55b19b36aa7567f7ecbf
review_21832,division_dfe2db74975e0aa9f6fd
review_21833,division_55b19b36aa7567f7ecbf
review_21834,division_dfe2db74975e0aa9f6fd
review_21835,division_dfe2db74975e0aa9f6fd
review_21836,division_dfe2db74975e0aa9f6fd
review_21837,division_dfe2db74975e0aa9f6fd
review_21838,division_dfe2db74975e0aa9f6fd
review_21839,division_dfe2db74975e0aa9f6fd
review_21840,division_dfe2db74975e0aa9f6fd
review_21841,division_55b19b36aa7567f7ecbf
review_21842,division_dfe2db74975e0aa9f6fd
review_21843,division_dfe2db74975e0aa9f6fd
review_21844,division_55b19b36aa7567f7ecbf
review_21845,division_dfe2db74975e0aa9f6fd
review_21846,division_dfe2db74975e0aa9f6fd
review_21847,division_55b19b36aa7567f7ecbf
review_21848,division_dfe2db74975e0aa9f6fd
review_21849,division_55b19b36aa7567f7ecbf
review_21850,division_dfe2db74975e0aa9f6fd
review_21851,division_55b19b36aa7567f7ecbf
review_21852,division_dfe2db74975e0aa9f6fd
review_21853,division_55b19b36aa7567f7ecbf
review_21854,division_55b19b36aa7567f7ecbf
review_21855,division_dfe2db74975e0aa9f6fd
review_21856,division_dfe2db74975e0aa9f6fd
review_21857,division_dfe2db74975e0aa9f6fd
review_21858,division_dfe2db74975e0aa9f6fd
review_21859,division_55b19b36aa7567f7ecbf
review_21860,division_55b19b36aa7567f7ecbf
review_21861,division_dfe2db74975e0aa9f6fd
review_21862,division_dfe2db74975e0aa9f6fd
review_21863,division_dfe2db74975e0aa9f6fd
review_21864,division_55b19b36aa7567f7ecbf
review_21865,division_dfe2db74975e0aa9f6fd
review_21866,division_55b19b36aa7567f7ecbf
review_21867,division_55b19b36aa7567f7ecbf
review_21868,division_55b19b36aa7567f7ecbf
review_21869,division_55b19b36aa7567f7ecbf
review_21870,division_dfe2db74975e0aa9f6fd
review_21871,division_dfe2db74975e0aa9f6fd
review_21872,division_dfe2db74975e0aa9f6fd
review_21873,division_55b19b36aa7567f7ecbf
review_21874,division_dfe2db74975e0aa9f6fd
review_21875,division_dfe2db74975e0aa9f6fd
review_21876,division_55b19b36aa7567f7ecbf
review_21877,division_df561e6f16d9f3e64a28
review_21878,division_df561e6f16d9f3e64a28
review_21879,division_55b19b36aa7567f7ecbf
review_21880,division_55b19b36aa7567f7ecbf
review_21881,division_dfe2db74975e0aa9f6fd
review_21882,division_dfe2db74975e0aa9f6fd
review_21883,division_df561e6f16d9f3e64a28
review_21884,division_dfe2db74975e0aa9f6fd
review_21885,division_df561e6f16d9f3e64a28
review_21886,division_dfe2db74975e0aa9f6fd
review_21887,division_55b19b36aa7567f7ecbf
review_21888,division_dfe2db74975e0aa9f6fd
review_21889,division_df561e6f16d9f3e64a28
review_21890,division_dfe2db74975e0aa9f6fd
review_21891,division_dfe2db74975e0aa9f6fd
review_21892,division_55b19b36aa7567f7ecbf
review_21893,division_55b19b36aa7567f7ecbf
review_21894,division_dfe2db74975e0aa9f6fd
review_21895,division_df561e6f16d9f3e64a28
review_21896,division_dfe2db74975e0aa9f6fd
review_21897,division_dfe2db74975e0aa9f6fd
review_21898,division_dfe2db74975e0aa9f6fd
review_21899,division_55b19b36aa7567f7ecbf
review_21900,division_55b19b36aa7567f7ecbf
review_21901,division_55b19b36aa7567f7ecbf
review_21902,division_dfe2db74975e0aa9f6fd
review_21903,division_55b19b36aa7567f7ecbf
review_21904,division_dfe2db74975e0aa9f6fd
review_21905,division_55b19b36aa7567f7ecbf
review_21906,division_df561e6f16d9f3e64a28
review_21907,division_55b19b36aa7567f7ecbf
review_21908,division_dfe2db74975e0aa9f6fd
review_21909,division_dfe2db74975e0aa9f6fd
review_21910,division_dfe2db74975e0aa9f6fd
review_21911,division_55b19b36aa7567f7ecbf
review_21912,division_55b19b36aa7567f7ecbf
review_21913,division_dfe2db74975e0aa9f6fd
review_21914,division_dfe2db74975e0aa9f6fd
review_21915,division_dfe2db74975e0aa9f6fd
review_21916,division_dfe2db74975e0aa9f6fd
review_21917,division_55b19b36aa7567f7ecbf
review_21918,division_dfe2db74975e0aa9f6fd
review_21919,division_55b19b36aa7567f7ecbf
review_21920,division_55b19b36aa7567f7ecbf
review_21921,division_df561e6f16d9f3e64a28
review_21922,division_dfe2db74975e0aa9f6fd
review_21923,division_55b19b36aa7567f7ecbf
review_21924,division_df561e6f16d9f3e64a28
review_21925,division_55b19b36aa7567f7ecbf
review_21926,division_55b19b36aa7567f7ecbf
review_21927,division_df561e6f16d9f3e64a28
review_21928,division_dfe2db74975e0aa9f6fd
review_21929,division_df561e6f16d9f3e64a28
review_21930,division_df561e6f16d9f3e64a28
review_21931,division_dfe2db74975e0aa9f6fd
review_21932,division_dfe2db74975e0aa9f6fd
review_21933,division_dfe2db74975e0aa9f6fd
review_21934,division_dfe2db74975e0aa9f6fd
review_21935,division_dfe2db74975e0aa9f6fd
review_21936,division_dfe2db74975e0aa9f6fd
review_21937,division_df561e6f16d9f3e64a28
review_21938,division_dfe2db74975e0aa9f6fd
review_21939,division_dfe2db74975e0aa9f6fd
review_21940,division_55b19b36aa7567f7ecbf
review_21941,division_55b19b36aa7567f7ecbf
review_21942,division_dfe2db74975e0aa9f6fd
review_21943,division_55b19b36aa7567f7ecbf
review_21944,division_55b19b36aa7567f7ecbf
review_21945,division_55b19b36aa7567f7ecbf
review_21946,division_55b19b36aa7567f7ecbf
review_21947,division_dfe2db74975e0aa9f6fd
review_21948,division_dfe2db74975e0aa9f6fd
review_21949,division_dfe2db74975e0aa9f6fd
review_21950,division_dfe2db74975e0aa9f6fd
review_21951,division_55b19b36aa7567f7ecbf
review_21952,division_dfe2db74975e0aa9f6fd
review_21953,division_dfe2db74975e0aa9f6fd
review_21954,division_55b19b36aa7567f7ecbf
review_21955,division_55b19b36aa7567f7ecbf
review_21956,division_dfe2db74975e0aa9f6fd
review_21957,division_dfe2db74975e0aa9f6fd
review_21958,division_dfe2db74975e0aa9f6fd
review_21959,division_dfe2db74975e0aa9f6fd
review_21960,division_dfe2db74975e0aa9f6fd
review_21961,division_dfe2db74975e0aa9f6fd
review_21962,division_dfe2db74975e0aa9f6fd
review_21963,division_dfe2db74975e0aa9f6fd
review_21964,division_dfe2db74975e0aa9f6fd
review_21965,division_dfe2db74975e0aa9f6fd
review_21966,division_dfe2db74975e0aa9f6fd
review_21967,division_55b19b36aa7567f7ecbf
review_21968,division_55b19b36aa7567f7ecbf
review_21969,division_55b19b36aa7567f7ecbf
review_21970,division_dfe2db74975e0aa9f6fd
review_21971,division_dfe2db74975e0aa9f6fd
review_21972,division_dfe2db74975e0aa9f6fd
review_21973,division_dfe2db74975e0aa9f6fd
review_21974,division_dfe2db74975e0aa9f6fd
review_21975,division_dfe2db74975e0aa9f6fd
review_21976,division_55b19b36aa7567f7ecbf
review_21977,division_dfe2db74975e0aa9f6fd
review_21978,division_55b19b36aa7567f7ecbf
review_21979,division_55b19b36aa7567f7ecbf
review_21980,division_dfe2db74975e0aa9f6fd
review_21981,division_55b19b36aa7567f7ecbf
review_21982,division_dfe2db74975e0aa9f6fd
review_21983,division_dfe2db74975e0aa9f6fd
review_21984,division_55b19b36aa7567f7ecbf
review_21985,division_dfe2db74975e0aa9f6fd
review_21986,division_dfe2db74975e0aa9f6fd
review_21987,division_dfe2db74975e0aa9f6fd
review_21988,division_dfe2db74975e0aa9f6fd
review_21989,division_dfe2db74975e0aa9f6fd
review_21990,division_dfe2db74975e0aa9f6fd
review_21991,division_dfe2db74975e0aa9f6fd
review_21992,division_dfe2db74975e0aa9f6fd
review_21993,division_dfe2db74975e0aa9f6fd
review_21994,division_dfe2db74975e0aa9f6fd
review_21995,division_dfe2db74975e0aa9f6fd
review_21996,division_dfe2db74975e0aa9f6fd
review_21997,division_dfe2db74975e0aa9f6fd
review_21998,division_dfe2db74975e0aa9f6fd
review_21999,division_dfe2db74975e0aa9f6fd
review_22000,division_55b19b36aa7567f7ecbf
review_22001,division_dfe2db74975e0aa9f6fd
review_22002,division_dfe2db74975e0aa9f6fd
review_22003,division_dfe2db74975e0aa9f6fd
review_22004,division_dfe2db74975e0aa9f6fd
review_22005,division_dfe2db74975e0aa9f6fd
review_22006,division_dfe2db74975e0aa9f6fd
review_22007,division_dfe2db74975e0aa9f6fd
review_22008,division_dfe2db74975e0aa9f6fd
review_22009,division_dfe2db74975e0aa9f6fd
review_22010,division_55b19b36aa7567f7ecbf
review_22011,division_dfe2db74975e0aa9f6fd
review_22012,division_dfe2db74975e0aa9f6fd
review_22013,division_dfe2db74975e0aa9f6fd
review_22014,division_dfe2db74975e0aa9f6fd
review_22015,division_dfe2db74975e0aa9f6fd
review_22016,division_dfe2db74975e0aa9f6fd
review_22017,division_dfe2db74975e0aa9f6fd
review_22018,division_55b19b36aa7567f7ecbf
review_22019,division_dfe2db74975e0aa9f6fd
review_22020,division_dfe2db74975e0aa9f6fd
review_22021,division_dfe2db74975e0aa9f6fd
review_22022,division_dfe2db74975e0aa9f6fd
review_22023,division_55b19b36aa7567f7ecbf
review_22024,division_55b19b36aa7567f7ecbf
review_22025,division_dfe2db74975e0aa9f6fd
review_22026,division_55b19b36aa7567f7ecbf
review_22027,division_dfe2db74975e0aa9f6fd
review_22028,division_dfe2db74975e0aa9f6fd
review_22029,division_55b19b36aa7567f7ecbf
review_22030,division_dfe2db74975e0aa9f6fd
review_22031,division_dfe2db74975e0aa9f6fd
review_22032,division_55b19b36aa7567f7ecbf
review_22033,division_dfe2db74975e0aa9f6fd
review_22034,division_dfe2db74975e0aa9f6fd
review_22035,division_dfe2db74975e0aa9f6fd
review_22036,division_55b19b36aa7567f7ecbf
review_22037,division_dfe2db74975e0aa9f6fd
review_22038,division_dfe2db74975e0aa9f6fd
review_22039,division_dfe2db74975e0aa9f6fd
review_22040,division_dfe2db74975e0aa9f6fd
review_22041,division_dfe2db74975e0aa9f6fd
review_22042,division_dfe2db74975e0aa9f6fd
review_22043,division_dfe2db74975e0aa9f6fd
review_22044,division_dfe2db74975e0aa9f6fd
review_22045,division_dfe2db74975e0aa9f6fd
review_22046,division_dfe2db74975e0aa9f6fd
review_22047,division_dfe2db74975e0aa9f6fd
review_22048,division_dfe2db74975e0aa9f6fd
review_22049,division_dfe2db74975e0aa9f6fd
review_22050,division_dfe2db74975e0aa9f6fd
review_22051,division_dfe2db74975e0aa9f6fd
review_22052,division_dfe2db74975e0aa9f6fd
review_22053,division_55b19b36aa7567f7ecbf
review_22054,division_dfe2db74975e0aa9f6fd
review_22055,division_dfe2db74975e0aa9f6fd
review_22056,division_dfe2db74975e0aa9f6fd
review_22057,division_55b19b36aa7567f7ecbf
review_22058,division_dfe2db74975e0aa9f6fd
review_22059,division_dfe2db74975e0aa9f6fd
review_22060,division_dfe2db74975e0aa9f6fd
review_22061,division_55b19b36aa7567f7ecbf
review_22062,division_dfe2db74975e0aa9f6fd
review_22063,division_dfe2db74975e0aa9f6fd
review_22064,division_dfe2db74975e0aa9f6fd
review_22065,division_dfe2db74975e0aa9f6fd
review_22066,division_dfe2db74975e0aa9f6fd
review_22067,division_dfe2db74975e0aa9f6fd
review_22068,division_dfe2db74975e0aa9f6fd
review_22069,division_dfe2db74975e0aa9f6fd
review_22070,division_dfe2db74975e0aa9f6fd
review_22071,division_dfe2db74975e0aa9f6fd
review_22072,division_dfe2db74975e0aa9f6fd
review_22073,division_dfe2db74975e0aa9f6fd
review_22074,division_dfe2db74975e0aa9f6fd
review_22075,division_dfe2db74975e0aa9f6fd
review_22076,division_dfe2db74975e0aa9f6fd
review_22077,division_dfe2db74975e0aa9f6fd
review_22078,division_dfe2db74975e0aa9f6fd
review_22079,division_dfe2db74975e0aa9f6fd
review_22080,division_dfe2db74975e0aa9f6fd
review_22081,division_dfe2db74975e0aa9f6fd
review_22082,division_dfe2db74975e0aa9f6fd
review_22083,division_dfe2db74975e0aa9f6fd
review_22084,division_dfe2db74975e0aa9f6fd
review_22085,division_dfe2db74975e0aa9f6fd
review_22086,division_dfe2db74975e0aa9f6fd
review_22087,division_dfe2db74975e0aa9f6fd
review_22088,division_dfe2db74975e0aa9f6fd
review_22089,division_dfe2db74975e0aa9f6fd
review_22090,division_dfe2db74975e0aa9f6fd
review_22091,division_dfe2db74975e0aa9f6fd
review_22092,division_dfe2db74975e0aa9f6fd
review_22093,division_dfe2db74975e0aa9f6fd
review_22094,division_dfe2db74975e0aa9f6fd
review_22095,division_dfe2db74975e0aa9f6fd
review_22096,division_dfe2db74975e0aa9f6fd
review_22097,division_df561e6f16d9f3e64a28
review_22098,division_55b19b36aa7567f7ecbf
review_22099,division_dfe2db74975e0aa9f6fd
review_22100,division_df561e6f16d9f3e64a28
review_22101,division_df561e6f16d9f3e64a28
review_22102,division_55b19b36aa7567f7ecbf
review_22103,division_df561e6f16d9f3e64a28
review_22104,division_df561e6f16d9f3e64a28
review_22105,division_55b19b36aa7567f7ecbf
review_22106,division_df561e6f16d9f3e64a28
review_22107,division_55b19b36aa7567f7ecbf
review_22108,division_df561e6f16d9f3e64a28
review_22109,division_dfe2db74975e0aa9f6fd
review_22110,division_df561e6f16d9f3e64a28
review_22111,division_df561e6f16d9f3e64a28
review_22112,division_df561e6f16d9f3e64a28
review_22113,division_df561e6f16d9f3e64a28
review_22114,division_dfe2db74975e0aa9f6fd
review_22115,division_dfe2db74975e0aa9f6fd
review_22116,division_df561e6f16d9f3e64a28
review_22117,division_55b19b36aa7567f7ecbf
review_22118,division_55b19b36aa7567f7ecbf
review_22119,division_df561e6f16d9f3e64a28
review_22120,division_df561e6f16d9f3e64a28
review_22121,division_dfe2db74975e0aa9f6fd
review_22122,division_dfe2db74975e0aa9f6fd
review_22123,division_df561e6f16d9f3e64a28
review_22124,division_df561e6f16d9f3e64a28
review_22125,division_dfe2db74975e0aa9f6fd
review_22126,division_df561e6f16d9f3e64a28
review_22127,division_dfe2db74975e0aa9f6fd
review_22128,division_df561e6f16d9f3e64a28
review_22129,division_dfe2db74975e0aa9f6fd
review_22130,division_dfe2db74975e0aa9f6fd
review_22131,division_df561e6f16d9f3e64a28
review_22132,division_55b19b36aa7567f7ecbf
review_22133,division_df561e6f16d9f3e64a28
review_22134,division_dfe2db74975e0aa9f6fd
review_22135,division_dfe2db74975e0aa9f6fd
review_22136,division_df561e6f16d9f3e64a28
review_22137,division_dfe2db74975e0aa9f6fd
review_22138,division_dfe2db74975e0aa9f6fd
review_22139,division_dfe2db74975e0aa9f6fd
review_22140,division_dfe2db74975e0aa9f6fd
review_22141,division_55b19b36aa7567f7ecbf
review_22142,division_df561e6f16d9f3e64a28
review_22143,division_df561e6f16d9f3e64a28
review_22144,division_dfe2db74975e0aa9f6fd
review_22145,division_df561e6f16d9f3e64a28
review_22146,division_df561e6f16d9f3e64a28
review_22147,division_df561e6f16d9f3e64a28
review_22148,division_55b19b36aa7567f7ecbf
review_22149,division_df561e6f16d9f3e64a28
review_22150,division_df561e6f16d9f3e64a28
review_22151,division_55b19b36aa7567f7ecbf
review_22152,division_df561e6f16d9f3e64a28
review_22153,division_dfe2db74975e0aa9f6fd
review_22154,division_dfe2db74975e0aa9f6fd
review_22155,division_55b19b36aa7567f7ecbf
review_22156,division_55b19b36aa7567f7ecbf
review_22157,division_dfe2db74975e0aa9f6fd
review_22158,division_df561e6f16d9f3e64a28
review_22159,division_df561e6f16d9f3e64a28
review_22160,division_55b19b36aa7567f7ecbf
review_22161,division_dfe2db74975e0aa9f6fd
review_22162,division_df561e6f16d9f3e64a28
review_22163,division_dfe2db74975e0aa9f6fd
review_22164,division_55b19b36aa7567f7ecbf
review_22165,division_dfe2db74975e0aa9f6fd
review_22166,division_df561e6f16d9f3e64a28
review_22167,division_dfe2db74975e0aa9f6fd
review_22168,division_df561e6f16d9f3e64a28
review_22169,division_df561e6f16d9f3e64a28
review_22170,division_df561e6f16d9f3e64a28
review_22171,division_dfe2db74975e0aa9f6fd
review_22172,division_dfe2db74975e0aa9f6fd
review_22173,division_55b19b36aa7567f7ecbf
review_22174,division_dfe2db74975e0aa9f6fd
review_22175,division_dfe2db74975e0aa9f6fd
review_22176,division_dfe2db74975e0aa9f6fd
review_22177,division_dfe2db74975e0aa9f6fd
review_22178,division_dfe2db74975e0aa9f6fd
review_22179,division_dfe2db74975e0aa9f6fd
review_22180,division_dfe2db74975e0aa9f6fd
review_22181,division_dfe2db74975e0aa9f6fd
review_22182,division_dfe2db74975e0aa9f6fd
review_22183,division_dfe2db74975e0aa9f6fd
review_22184,division_dfe2db74975e0aa9f6fd
review_22185,division_dfe2db74975e0aa9f6fd
review_22186,division_dfe2db74975e0aa9f6fd
review_22187,division_dfe2db74975e0aa9f6fd
review_22188,division_dfe2db74975e0aa9f6fd
review_22189,division_dfe2db74975e0aa9f6fd
review_22190,division_dfe2db74975e0aa9f6fd
review_22191,division_dfe2db74975e0aa9f6fd
review_22192,division_dfe2db74975e0aa9f6fd
review_22193,division_dfe2db74975e0aa9f6fd
review_22194,division_dfe2db74975e0aa9f6fd
review_22195,division_dfe2db74975e0aa9f6fd
review_22196,division_dfe2db74975e0aa9f6fd
review_22197,division_dfe2db74975e0aa9f6fd
review_22198,division_dfe2db74975e0aa9f6fd
review_22199,division_55b19b36aa7567f7ecbf
review_22200,division_55b19b36aa7567f7ecbf
review_22201,division_dfe2db74975e0aa9f6fd
review_22202,division_55b19b36aa7567f7ecbf
review_22203,division_dfe2db74975e0aa9f6fd
review_22204,division_55b19b36aa7567f7ecbf
review_22205,division_dfe2db74975e0aa9f6fd
review_22206,division_dfe2db74975e0aa9f6fd
review_22207,division_df561e6f16d9f3e64a28
review_22208,division_dfe2db74975e0aa9f6fd
review_22209,division_55b19b36aa7567f7ecbf
review_22210,division_dfe2db74975e0aa9f6fd
review_22211,division_dfe2db74975e0aa9f6fd
review_22212,division_dfe2db74975e0aa9f6fd
review_22213,division_dfe2db74975e0aa9f6fd
review_22214,division_dfe2db74975e0aa9f6fd
review_22215,division_55b19b36aa7567f7ecbf
review_22216,division_df561e6f16d9f3e64a28
review_22217,division_dfe2db74975e0aa9f6fd
review_22218,division_55b19b36aa7567f7ecbf
review_22219,division_dfe2db74975e0aa9f6fd
review_22220,division_55b19b36aa7567f7ecbf
review_22221,division_dfe2db74975e0aa9f6fd
review_22222,division_dfe2db74975e0aa9f6fd
review_22223,division_55b19b36aa7567f7ecbf
review_22224,division_dfe2db74975e0aa9f6fd
review_22225,division_dfe2db74975e0aa9f6fd
review_22226,division_dfe2db74975e0aa9f6fd
review_22227,division_55b19b36aa7567f7ecbf
review_22228,division_55b19b36aa7567f7ecbf
review_22229,division_dfe2db74975e0aa9f6fd
review_22230,division_dfe2db74975e0aa9f6fd
review_22231,division_dfe2db74975e0aa9f6fd
review_22232,division_55b19b36aa7567f7ecbf
review_22233,division_dfe2db74975e0aa9f6fd
review_22234,division_dfe2db74975e0aa9f6fd
review_22235,division_55b19b36aa7567f7ecbf
review_22236,division_dfe2db74975e0aa9f6fd
review_22237,division_55b19b36aa7567f7ecbf
review_22238,division_dfe2db74975e0aa9f6fd
review_22239,division_55b19b36aa7567f7ecbf
review_22240,division_dfe2db74975e0aa9f6fd
review_22241,division_dfe2db74975e0aa9f6fd
review_22242,division_dfe2db74975e0aa9f6fd
review_22243,division_55b19b36aa7567f7ecbf
review_22244,division_55b19b36aa7567f7ecbf
review_22245,division_dfe2db74975e0aa9f6fd
review_22246,division_55b19b36aa7567f7ecbf
review_22247,division_55b19b36aa7567f7ecbf
review_22248,division_dfe2db74975e0aa9f6fd
review_22249,division_dfe2db74975e0aa9f6fd
review_22250,division_dfe2db74975e0aa9f6fd
review_22251,division_55b19b36aa7567f7ecbf
review_22252,division_df561e6f16d9f3e64a28
review_22253,division_dfe2db74975e0aa9f6fd
review_22254,division_dfe2db74975e0aa9f6fd
review_22255,division_dfe2db74975e0aa9f6fd
review_22256,division_df561e6f16d9f3e64a28
review_22257,division_dfe2db74975e0aa9f6fd
review_22258,division_dfe2db74975e0aa9f6fd
review_22259,division_dfe2db74975e0aa9f6fd
review_22260,division_dfe2db74975e0aa9f6fd
review_22261,division_dfe2db74975e0aa9f6fd
review_22262,division_dfe2db74975e0aa9f6fd
review_22263,division_dfe2db74975e0aa9f6fd
review_22264,division_dfe2db74975e0aa9f6fd
review_22265,division_55b19b36aa7567f7ecbf
review_22266,division_dfe2db74975e0aa9f6fd
review_22267,division_55b19b36aa7567f7ecbf
review_22268,division_55b19b36aa7567f7ecbf
review_22269,division_dfe2db74975e0aa9f6fd
review_22270,division_55b19b36aa7567f7ecbf
review_22271,division_55b19b36aa7567f7ecbf
review_22272,division_dfe2db74975e0aa9f6fd
review_22273,division_55b19b36aa7567f7ecbf
review_22274,division_55b19b36aa7567f7ecbf
review_22275,division_55b19b36aa7567f7ecbf
review_22276,division_dfe2db74975e0aa9f6fd
review_22277,division_55b19b36aa7567f7ecbf
review_22278,division_55b19b36aa7567f7ecbf
review_22279,division_55b19b36aa7567f7ecbf
review_22280,division_55b19b36aa7567f7ecbf
review_22281,division_dfe2db74975e0aa9f6fd
review_22282,division_dfe2db74975e0aa9f6fd
review_22283,division_dfe2db74975e0aa9f6fd
review_22284,division_55b19b36aa7567f7ecbf
review_22285,division_dfe2db74975e0aa9f6fd
review_22286,division_55b19b36aa7567f7ecbf
review_22287,division_dfe2db74975e0aa9f6fd
review_22288,division_dfe2db74975e0aa9f6fd
review_22289,division_dfe2db74975e0aa9f6fd
review_22290,division_55b19b36aa7567f7ecbf
review_22291,division_55b19b36aa7567f7ecbf
review_22292,division_dfe2db74975e0aa9f6fd
review_22293,division_55b19b36aa7567f7ecbf
review_22294,division_55b19b36aa7567f7ecbf
review_22295,division_55b19b36aa7567f7ecbf
review_22296,division_dfe2db74975e0aa9f6fd
review_22297,division_dfe2db74975e0aa9f6fd
review_22298,division_55b19b36aa7567f7ecbf
review_22299,division_df561e6f16d9f3e64a28
review_22300,division_55b19b36aa7567f7ecbf
review_22301,division_dfe2db74975e0aa9f6fd
review_22302,division_55b19b36aa7567f7ecbf
review_22303,division_dfe2db74975e0aa9f6fd
review_22304,division_dfe2db74975e0aa9f6fd
review_22305,division_55b19b36aa7567f7ecbf
review_22306,division_55b19b36aa7567f7ecbf
review_22307,division_dfe2db74975e0aa9f6fd
review_22308,division_55b19b36aa7567f7ecbf
review_22309,division_55b19b36aa7567f7ecbf
review_22310,division_55b19b36aa7567f7ecbf
review_22311,division_55b19b36aa7567f7ecbf
review_22312,division_55b19b36aa7567f7ecbf
review_22313,division_55b19b36aa7567f7ecbf
review_22314,division_55b19b36aa7567f7ecbf
review_22315,division_dfe2db74975e0aa9f6fd
review_22316,division_dfe2db74975e0aa9f6fd
review_22317,division_55b19b36aa7567f7ecbf
review_22318,division_dfe2db74975e0aa9f6fd
review_22319,division_df561e6f16d9f3e64a28
review_22320,division_55b19b36aa7567f7ecbf
review_22321,division_55b19b36aa7567f7ecbf
review_22322,division_dfe2db74975e0aa9f6fd
review_22323,division_dfe2db74975e0aa9f6fd
review_22324,division_dfe2db74975e0aa9f6fd
review_22325,division_55b19b36aa7567f7ecbf
review_22326,division_dfe2db74975e0aa9f6fd
review_22327,division_dfe2db74975e0aa9f6fd
review_22328,division_dfe2db74975e0aa9f6fd
review_22329,division_dfe2db74975e0aa9f6fd
review_22330,division_dfe2db74975e0aa9f6fd
review_22331,division_dfe2db74975e0aa9f6fd
review_22332,division_dfe2db74975e0aa9f6fd
review_22333,division_dfe2db74975e0aa9f6fd
review_22334,division_dfe2db74975e0aa9f6fd
review_22335,division_dfe2db74975e0aa9f6fd
review_22336,division_dfe2db74975e0aa9f6fd
review_22337,division_dfe2db74975e0aa9f6fd
review_22338,division_dfe2db74975e0aa9f6fd
review_22339,division_dfe2db74975e0aa9f6fd
review_22340,division_dfe2db74975e0aa9f6fd
review_22341,division_dfe2db74975e0aa9f6fd
review_22342,division_dfe2db74975e0aa9f6fd
review_22343,division_dfe2db74975e0aa9f6fd
review_22344,division_dfe2db74975e0aa9f6fd
review_22345,division_dfe2db74975e0aa9f6fd
review_22346,division_dfe2db74975e0aa9f6fd
review_22347,division_dfe2db74975e0aa9f6fd
review_22348,division_dfe2db74975e0aa9f6fd
review_22349,division_dfe2db74975e0aa9f6fd
review_22350,division_dfe2db74975e0aa9f6fd
review_22351,division_dfe2db74975e0aa9f6fd
review_22352,division_dfe2db74975e0aa9f6fd
review_22353,division_dfe2db74975e0aa9f6fd
review_22354,division_dfe2db74975e0aa9f6fd
review_22355,division_dfe2db74975e0aa9f6fd
review_22356,division_dfe2db74975e0aa9f6fd
review_22357,division_dfe2db74975e0aa9f6fd
review_22358,division_dfe2db74975e0aa9f6fd
review_22359,division_dfe2db74975e0aa9f6fd
review_22360,division_dfe2db74975e0aa9f6fd
review_22361,division_dfe2db74975e0aa9f6fd
review_22362,division_dfe2db74975e0aa9f6fd
review_22363,division_dfe2db74975e0aa9f6fd
review_22364,division_dfe2db74975e0aa9f6fd
review_22365,division_dfe2db74975e0aa9f6fd
review_22366,division_dfe2db74975e0aa9f6fd
review_22367,division_dfe2db74975e0aa9f6fd
review_22368,division_dfe2db74975e0aa9f6fd
review_22369,division_dfe2db74975e0aa9f6fd
review_22370,division_dfe2db74975e0aa9f6fd
review_22371,division_dfe2db74975e0aa9f6fd
review_22372,division_dfe2db74975e0aa9f6fd
review_22373,division_dfe2db74975e0aa9f6fd
review_22374,division_dfe2db74975e0aa9f6fd
review_22375,division_dfe2db74975e0aa9f6fd
review_22376,division_dfe2db74975e0aa9f6fd
review_22377,division_dfe2db74975e0aa9f6fd
review_22378,division_dfe2db74975e0aa9f6fd
review_22379,division_dfe2db74975e0aa9f6fd
review_22380,division_dfe2db74975e0aa9f6fd
review_22381,division_dfe2db74975e0aa9f6fd
review_22382,division_55b19b36aa7567f7ecbf
review_22383,division_dfe2db74975e0aa9f6fd
review_22384,division_dfe2db74975e0aa9f6fd
review_22385,division_dfe2db74975e0aa9f6fd
review_22386,division_dfe2db74975e0aa9f6fd
review_22387,division_dfe2db74975e0aa9f6fd
review_22388,division_dfe2db74975e0aa9f6fd
review_22389,division_df561e6f16d9f3e64a28
review_22390,division_dfe2db74975e0aa9f6fd
review_22391,division_dfe2db74975e0aa9f6fd
review_22392,division_dfe2db74975e0aa9f6fd
review_22393,division_dfe2db74975e0aa9f6fd
review_22394,division_55b19b36aa7567f7ecbf
review_22395,division_dfe2db74975e0aa9f6fd
review_22396,division_55b19b36aa7567f7ecbf
review_22397,division_dfe2db74975e0aa9f6fd
review_22398,division_dfe2db74975e0aa9f6fd
review_22399,division_dfe2db74975e0aa9f6fd
review_22400,division_dfe2db74975e0aa9f6fd
review_22401,division_dfe2db74975e0aa9f6fd
review_22402,division_dfe2db74975e0aa9f6fd
review_22403,division_55b19b36aa7567f7ecbf
review_22404,division_dfe2db74975e0aa9f6fd
review_22405,division_55b19b36aa7567f7ecbf
review_22406,division_55b19b36aa7567f7ecbf
review_22407,division_dfe2db74975e0aa9f6fd
review_22408,division_55b19b36aa7567f7ecbf
review_22409,division_dfe2db74975e0aa9f6fd
review_22410,division_dfe2db74975e0aa9f6fd
review_22411,division_55b19b36aa7567f7ecbf
review_22412,division_55b19b36aa7567f7ecbf
review_22413,division_dfe2db74975e0aa9f6fd
review_22414,division_dfe2db74975e0aa9f6fd
review_22415,division_dfe2db74975e0aa9f6fd
review_22416,division_55b19b36aa7567f7ecbf
review_22417,division_dfe2db74975e0aa9f6fd
review_22418,division_dfe2db74975e0aa9f6fd
review_22419,division_dfe2db74975e0aa9f6fd
review_22420,division_dfe2db74975e0aa9f6fd
review_22421,division_dfe2db74975e0aa9f6fd
review_22422,division_dfe2db74975e0aa9f6fd
review_22423,division_dfe2db74975e0aa9f6fd
review_22424,division_dfe2db74975e0aa9f6fd
review_22425,division_dfe2db74975e0aa9f6fd
review_22426,division_55b19b36aa7567f7ecbf
review_22427,division_dfe2db74975e0aa9f6fd
review_22428,division_dfe2db74975e0aa9f6fd
review_22429,division_dfe2db74975e0aa9f6fd
review_22430,division_dfe2db74975e0aa9f6fd
review_22431,division_df561e6f16d9f3e64a28
review_22432,division_dfe2db74975e0aa9f6fd
review_22433,division_df561e6f16d9f3e64a28
review_22434,division_55b19b36aa7567f7ecbf
review_22435,division_dfe2db74975e0aa9f6fd
review_22436,division_55b19b36aa7567f7ecbf
review_22437,division_dfe2db74975e0aa9f6fd
review_22438,division_dfe2db74975e0aa9f6fd
review_22439,division_55b19b36aa7567f7ecbf
review_22440,division_55b19b36aa7567f7ecbf
review_22441,division_dfe2db74975e0aa9f6fd
review_22442,division_dfe2db74975e0aa9f6fd
review_22443,division_dfe2db74975e0aa9f6fd
review_22444,division_df561e6f16d9f3e64a28
review_22445,division_dfe2db74975e0aa9f6fd
review_22446,division_df561e6f16d9f3e64a28
review_22447,division_dfe2db74975e0aa9f6fd
review_22448,division_55b19b36aa7567f7ecbf
review_22449,division_dfe2db74975e0aa9f6fd
review_22450,division_dfe2db74975e0aa9f6fd
review_22451,division_df561e6f16d9f3e64a28
review_22452,division_df561e6f16d9f3e64a28
review_22453,division_dfe2db74975e0aa9f6fd
review_22454,division_df561e6f16d9f3e64a28
review_22455,division_dfe2db74975e0aa9f6fd
review_22456,division_dfe2db74975e0aa9f6fd
review_22457,division_55b19b36aa7567f7ecbf
review_22458,division_55b19b36aa7567f7ecbf
review_22459,division_55b19b36aa7567f7ecbf
review_22460,division_55b19b36aa7567f7ecbf
review_22461,division_55b19b36aa7567f7ecbf
review_22462,division_55b19b36aa7567f7ecbf
review_22463,division_55b19b36aa7567f7ecbf
review_22464,division_55b19b36aa7567f7ecbf
review_22465,division_55b19b36aa7567f7ecbf
review_22466,division_55b19b36aa7567f7ecbf
review_22467,division_55b19b36aa7567f7ecbf
review_22468,division_55b19b36aa7567f7ecbf
review_22469,division_55b19b36aa7567f7ecbf
review_22470,division_df561e6f16d9f3e64a28
review_22471,division_55b19b36aa7567f7ecbf
review_22472,division_55b19b36aa7567f7ecbf
review_22473,division_55b19b36aa7567f7ecbf
review_22474,division_55b19b36aa7567f7ecbf
review_22475,division_dfe2db74975e0aa9f6fd
review_22476,division_55b19b36aa7567f7ecbf
review_22477,division_55b19b36aa7567f7ecbf
review_22478,division_dfe2db74975e0aa9f6fd
review_22479,division_dfe2db74975e0aa9f6fd
review_22480,division_55b19b36aa7567f7ecbf
review_22481,division_dfe2db74975e0aa9f6fd
review_22482,division_55b19b36aa7567f7ecbf
review_22483,division_df561e6f16d9f3e64a28
review_22484,division_55b19b36aa7567f7ecbf
review_22485,division_55b19b36aa7567f7ecbf
review_22486,division_55b19b36aa7567f7ecbf
review_22487,division_55b19b36aa7567f7ecbf
review_22488,division_55b19b36aa7567f7ecbf
review_22489,division_55b19b36aa7567f7ecbf
review_22490,division_df561e6f16d9f3e64a28
review_22491,division_55b19b36aa7567f7ecbf
review_22492,division_df561e6f16d9f3e64a28
review_22493,division_55b19b36aa7567f7ecbf
review_22494,division_dfe2db74975e0aa9f6fd
review_22495,division_dfe2db74975e0aa9f6fd
review_22496,division_dfe2db74975e0aa9f6fd
review_22497,division_dfe2db74975e0aa9f6fd
review_22498,division_dfe2db74975e0aa9f6fd
review_22499,division_dfe2db74975e0aa9f6fd
review_22500,division_dfe2db74975e0aa9f6fd
review_22501,division_dfe2db74975e0aa9f6fd
review_22502,division_dfe2db74975e0aa9f6fd
review_22503,division_dfe2db74975e0aa9f6fd
review_22504,division_dfe2db74975e0aa9f6fd
review_22505,division_dfe2db74975e0aa9f6fd
review_22506,division_dfe2db74975e0aa9f6fd
review_22507,division_dfe2db74975e0aa9f6fd
review_22508,division_dfe2db74975e0aa9f6fd
review_22509,division_dfe2db74975e0aa9f6fd
review_22510,division_dfe2db74975e0aa9f6fd
review_22511,division_dfe2db74975e0aa9f6fd
review_22512,division_dfe2db74975e0aa9f6fd
review_22513,division_dfe2db74975e0aa9f6fd
review_22514,division_55b19b36aa7567f7ecbf
review_22515,division_dfe2db74975e0aa9f6fd
review_22516,division_dfe2db74975e0aa9f6fd
review_22517,division_dfe2db74975e0aa9f6fd
review_22518,division_dfe2db74975e0aa9f6fd
review_22519,division_dfe2db74975e0aa9f6fd
review_22520,division_dfe2db74975e0aa9f6fd
review_22521,division_dfe2db74975e0aa9f6fd
review_22522,division_dfe2db74975e0aa9f6fd
review_22523,division_dfe2db74975e0aa9f6fd
review_22524,division_dfe2db74975e0aa9f6fd
review_22525,division_dfe2db74975e0aa9f6fd
review_22526,division_dfe2db74975e0aa9f6fd
review_22527,division_dfe2db74975e0aa9f6fd
review_22528,division_dfe2db74975e0aa9f6fd
review_22529,division_55b19b36aa7567f7ecbf
review_22530,division_dfe2db74975e0aa9f6fd
review_22531,division_dfe2db74975e0aa9f6fd
review_22532,division_dfe2db74975e0aa9f6fd
review_22533,division_dfe2db74975e0aa9f6fd
review_22534,division_dfe2db74975e0aa9f6fd
review_22535,division_dfe2db74975e0aa9f6fd
review_22536,division_55b19b36aa7567f7ecbf
review_22537,division_dfe2db74975e0aa9f6fd
review_22538,division_dfe2db74975e0aa9f6fd
review_22539,division_dfe2db74975e0aa9f6fd
review_22540,division_dfe2db74975e0aa9f6fd
review_22541,division_dfe2db74975e0aa9f6fd
review_22542,division_dfe2db74975e0aa9f6fd
review_22543,division_dfe2db74975e0aa9f6fd
review_22544,division_dfe2db74975e0aa9f6fd
review_22545,division_dfe2db74975e0aa9f6fd
review_22546,division_dfe2db74975e0aa9f6fd
review_22547,division_dfe2db74975e0aa9f6fd
review_22548,division_dfe2db74975e0aa9f6fd
review_22549,division_dfe2db74975e0aa9f6fd
review_22550,division_dfe2db74975e0aa9f6fd
review_22551,division_55b19b36aa7567f7ecbf
review_22552,division_dfe2db74975e0aa9f6fd
review_22553,division_dfe2db74975e0aa9f6fd
review_22554,division_dfe2db74975e0aa9f6fd
review_22555,division_dfe2db74975e0aa9f6fd
review_22556,division_dfe2db74975e0aa9f6fd
review_22557,division_dfe2db74975e0aa9f6fd
review_22558,division_dfe2db74975e0aa9f6fd
review_22559,division_55b19b36aa7567f7ecbf
review_22560,division_55b19b36aa7567f7ecbf
review_22561,division_dfe2db74975e0aa9f6fd
review_22562,division_55b19b36aa7567f7ecbf
review_22563,division_dfe2db74975e0aa9f6fd
review_22564,division_55b19b36aa7567f7ecbf
review_22565,division_dfe2db74975e0aa9f6fd
review_22566,division_55b19b36aa7567f7ecbf
review_22567,division_dfe2db74975e0aa9f6fd
review_22568,division_55b19b36aa7567f7ecbf
review_22569,division_dfe2db74975e0aa9f6fd
review_22570,division_dfe2db74975e0aa9f6fd
review_22571,division_55b19b36aa7567f7ecbf
review_22572,division_df561e6f16d9f3e64a28
review_22573,division_dfe2db74975e0aa9f6fd
review_22574,division_55b19b36aa7567f7ecbf
review_22575,division_dfe2db74975e0aa9f6fd
review_22576,division_dfe2db74975e0aa9f6fd
review_22577,division_dfe2db74975e0aa9f6fd
review_22578,division_dfe2db74975e0aa9f6fd
review_22579,division_dfe2db74975e0aa9f6fd
review_22580,division_dfe2db74975e0aa9f6fd
review_22581,division_dfe2db74975e0aa9f6fd
review_22582,division_55b19b36aa7567f7ecbf
review_22583,division_dfe2db74975e0aa9f6fd
review_22584,division_55b19b36aa7567f7ecbf
review_22585,division_dfe2db74975e0aa9f6fd
review_22586,division_dfe2db74975e0aa9f6fd
review_22587,division_55b19b36aa7567f7ecbf
review_22588,division_dfe2db74975e0aa9f6fd
review_22589,division_dfe2db74975e0aa9f6fd
review_22590,division_dfe2db74975e0aa9f6fd
review_22591,division_dfe2db74975e0aa9f6fd
review_22592,division_55b19b36aa7567f7ecbf
review_22593,division_55b19b36aa7567f7ecbf
review_22594,division_55b19b36aa7567f7ecbf
review_22595,division_df561e6f16d9f3e64a28
review_22596,division_55b19b36aa7567f7ecbf
review_22597,division_dfe2db74975e0aa9f6fd
review_22598,division_55b19b36aa7567f7ecbf
review_22599,division_55b19b36aa7567f7ecbf
review_22600,division_dfe2db74975e0aa9f6fd
review_22601,division_55b19b36aa7567f7ecbf
review_22602,division_df561e6f16d9f3e64a28
review_22603,division_dfe2db74975e0aa9f6fd
review_22604,division_dfe2db74975e0aa9f6fd
review_22605,division_55b19b36aa7567f7ecbf
review_22606,division_dfe2db74975e0aa9f6fd
review_22607,division_df561e6f16d9f3e64a28
review_22608,division_dfe2db74975e0aa9f6fd
review_22609,division_dfe2db74975e0aa9f6fd
review_22610,division_dfe2db74975e0aa9f6fd
review_22611,division_dfe2db74975e0aa9f6fd
review_22612,division_dfe2db74975e0aa9f6fd
review_22613,division_55b19b36aa7567f7ecbf
review_22614,division_dfe2db74975e0aa9f6fd
review_22615,division_55b19b36aa7567f7ecbf
review_22616,division_dfe2db74975e0aa9f6fd
review_22617,division_dfe2db74975e0aa9f6fd
review_22618,division_dfe2db74975e0aa9f6fd
review_22619,division_55b19b36aa7567f7ecbf
review_22620,division_dfe2db74975e0aa9f6fd
review_22621,division_dfe2db74975e0aa9f6fd
review_22622,division_df561e6f16d9f3e64a28
review_22623,division_55b19b36aa7567f7ecbf
review_22624,division_55b19b36aa7567f7ecbf
review_22625,division_55b19b36aa7567f7ecbf
review_22626,division_dfe2db74975e0aa9f6fd
review_22627,division_55b19b36aa7567f7ecbf
review_22628,division_dfe2db74975e0aa9f6fd
review_22629,division_dfe2db74975e0aa9f6fd
review_22630,division_dfe2db74975e0aa9f6fd
review_22631,division_df561e6f16d9f3e64a28
review_22632,division_df561e6f16d9f3e64a28
review_22633,division_55b19b36aa7567f7ecbf
review_22634,division_dfe2db74975e0aa9f6fd
review_22635,division_55b19b36aa7567f7ecbf
review_22636,division_dfe2db74975e0aa9f6fd
review_22637,division_55b19b36aa7567f7ecbf
review_22638,division_dfe2db74975e0aa9f6fd
review_22639,division_55b19b36aa7567f7ecbf
review_22640,division_55b19b36aa7567f7ecbf
review_22641,division_dfe2db74975e0aa9f6fd
review_22642,division_dfe2db74975e0aa9f6fd
review_22643,division_dfe2db74975e0aa9f6fd
review_22644,division_55b19b36aa7567f7ecbf
review_22645,division_55b19b36aa7567f7ecbf
review_22646,division_55b19b36aa7567f7ecbf
review_22647,division_dfe2db74975e0aa9f6fd
review_22648,division_55b19b36aa7567f7ecbf
review_22649,division_df561e6f16d9f3e64a28
review_22650,division_dfe2db74975e0aa9f6fd
review_22651,division_dfe2db74975e0aa9f6fd
review_22652,division_55b19b36aa7567f7ecbf
review_22653,division_55b19b36aa7567f7ecbf
review_22654,division_dfe2db74975e0aa9f6fd
review_22655,division_dfe2db74975e0aa9f6fd
review_22656,division_dfe2db74975e0aa9f6fd
review_22657,division_dfe2db74975e0aa9f6fd
review_22658,division_dfe2db74975e0aa9f6fd
review_22659,division_dfe2db74975e0aa9f6fd
review_22660,division_dfe2db74975e0aa9f6fd
review_22661,division_dfe2db74975e0aa9f6fd
review_22662,division_55b19b36aa7567f7ecbf
review_22663,division_55b19b36aa7567f7ecbf
review_22664,division_55b19b36aa7567f7ecbf
review_22665,division_55b19b36aa7567f7ecbf
review_22666,division_55b19b36aa7567f7ecbf
review_22667,division_55b19b36aa7567f7ecbf
review_22668,division_dfe2db74975e0aa9f6fd
review_22669,division_dfe2db74975e0aa9f6fd
review_22670,division_dfe2db74975e0aa9f6fd
review_22671,division_55b19b36aa7567f7ecbf
review_22672,division_df561e6f16d9f3e64a28
review_22673,division_55b19b36aa7567f7ecbf
review_22674,division_55b19b36aa7567f7ecbf
review_22675,division_dfe2db74975e0aa9f6fd
review_22676,division_55b19b36aa7567f7ecbf
review_22677,division_55b19b36aa7567f7ecbf
review_22678,division_dfe2db74975e0aa9f6fd
review_22679,division_55b19b36aa7567f7ecbf
review_22680,division_55b19b36aa7567f7ecbf
review_22681,division_55b19b36aa7567f7ecbf
review_22682,division_55b19b36aa7567f7ecbf
review_22683,division_55b19b36aa7567f7ecbf
review_22684,division_55b19b36aa7567f7ecbf
review_22685,division_55b19b36aa7567f7ecbf
review_22686,division_55b19b36aa7567f7ecbf
review_22687,division_55b19b36aa7567f7ecbf
review_22688,division_dfe2db74975e0aa9f6fd
review_22689,division_55b19b36aa7567f7ecbf
review_22690,division_55b19b36aa7567f7ecbf
review_22691,division_55b19b36aa7567f7ecbf
review_22692,division_55b19b36aa7567f7ecbf
review_22693,division_55b19b36aa7567f7ecbf
review_22694,division_55b19b36aa7567f7ecbf
review_22695,division_55b19b36aa7567f7ecbf
review_22696,division_dfe2db74975e0aa9f6fd
review_22697,division_55b19b36aa7567f7ecbf
review_22698,division_55b19b36aa7567f7ecbf
review_22699,division_55b19b36aa7567f7ecbf
review_22700,division_55b19b36aa7567f7ecbf
review_22701,division_55b19b36aa7567f7ecbf
review_22702,division_55b19b36aa7567f7ecbf
review_22703,division_55b19b36aa7567f7ecbf
review_22704,division_55b19b36aa7567f7ecbf
review_22705,division_55b19b36aa7567f7ecbf
review_22706,division_55b19b36aa7567f7ecbf
review_22707,division_55b19b36aa7567f7ecbf
review_22708,division_dfe2db74975e0aa9f6fd
review_22709,division_55b19b36aa7567f7ecbf
review_22710,division_55b19b36aa7567f7ecbf
review_22711,division_55b19b36aa7567f7ecbf
review_22712,division_55b19b36aa7567f7ecbf
review_22713,division_55b19b36aa7567f7ecbf
review_22714,division_55b19b36aa7567f7ecbf
review_22715,division_dfe2db74975e0aa9f6fd
review_22716,division_55b19b36aa7567f7ecbf
review_22717,division_55b19b36aa7567f7ecbf
review_22718,division_dfe2db74975e0aa9f6fd
review_22719,division_55b19b36aa7567f7ecbf
review_22720,division_55b19b36aa7567f7ecbf
review_22721,division_55b19b36aa7567f7ecbf
review_22722,division_55b19b36aa7567f7ecbf
review_22723,division_dfe2db74975e0aa9f6fd
review_22724,division_55b19b36aa7567f7ecbf
review_22725,division_dfe2db74975e0aa9f6fd
review_22726,division_55b19b36aa7567f7ecbf
review_22727,division_55b19b36aa7567f7ecbf
review_22728,division_55b19b36aa7567f7ecbf
review_22729,division_55b19b36aa7567f7ecbf
review_22730,division_dfe2db74975e0aa9f6fd
review_22731,division_55b19b36aa7567f7ecbf
review_22732,division_55b19b36aa7567f7ecbf
review_22733,division_55b19b36aa7567f7ecbf
review_22734,division_55b19b36aa7567f7ecbf
review_22735,division_55b19b36aa7567f7ecbf
review_22736,division_55b19b36aa7567f7ecbf
review_22737,division_55b19b36aa7567f7ecbf
review_22738,division_55b19b36aa7567f7ecbf
review_22739,division_55b19b36aa7567f7ecbf
review_22740,division_55b19b36aa7567f7ecbf
review_22741,division_55b19b36aa7567f7ecbf
review_22742,division_df561e6f16d9f3e64a28
review_22743,division_df561e6f16d9f3e64a28
review_22744,division_55b19b36aa7567f7ecbf
review_22745,division_dfe2db74975e0aa9f6fd
review_22746,division_55b19b36aa7567f7ecbf
review_22747,division_dfe2db74975e0aa9f6fd
review_22748,division_55b19b36aa7567f7ecbf
review_22749,division_df561e6f16d9f3e64a28
review_22750,division_55b19b36aa7567f7ecbf
review_22751,division_dfe2db74975e0aa9f6fd
review_22752,division_55b19b36aa7567f7ecbf
review_22753,division_55b19b36aa7567f7ecbf
review_22754,division_dfe2db74975e0aa9f6fd
review_22755,division_dfe2db74975e0aa9f6fd
review_22756,division_55b19b36aa7567f7ecbf
review_22757,division_dfe2db74975e0aa9f6fd
review_22758,division_df561e6f16d9f3e64a28
review_22759,division_55b19b36aa7567f7ecbf
review_22760,division_dfe2db74975e0aa9f6fd
review_22761,division_df561e6f16d9f3e64a28
review_22762,division_dfe2db74975e0aa9f6fd
review_22763,division_55b19b36aa7567f7ecbf
review_22764,division_55b19b36aa7567f7ecbf
review_22765,division_dfe2db74975e0aa9f6fd
review_22766,division_dfe2db74975e0aa9f6fd
review_22767,division_dfe2db74975e0aa9f6fd
review_22768,division_dfe2db74975e0aa9f6fd
review_22769,division_dfe2db74975e0aa9f6fd
review_22770,division_55b19b36aa7567f7ecbf
review_22771,division_55b19b36aa7567f7ecbf
review_22772,division_55b19b36aa7567f7ecbf
review_22773,division_dfe2db74975e0aa9f6fd
review_22774,division_dfe2db74975e0aa9f6fd
review_22775,division_55b19b36aa7567f7ecbf
review_22776,division_dfe2db74975e0aa9f6fd
review_22777,division_dfe2db74975e0aa9f6fd
review_22778,division_dfe2db74975e0aa9f6fd
review_22779,division_dfe2db74975e0aa9f6fd
review_22780,division_dfe2db74975e0aa9f6fd
review_22781,division_dfe2db74975e0aa9f6fd
review_22782,division_dfe2db74975e0aa9f6fd
review_22783,division_dfe2db74975e0aa9f6fd
review_22784,division_df561e6f16d9f3e64a28
review_22785,division_dfe2db74975e0aa9f6fd
review_22786,division_55b19b36aa7567f7ecbf
review_22787,division_dfe2db74975e0aa9f6fd
review_22788,division_dfe2db74975e0aa9f6fd
review_22789,division_55b19b36aa7567f7ecbf
review_22790,division_55b19b36aa7567f7ecbf
review_22791,division_55b19b36aa7567f7ecbf
review_22792,division_dfe2db74975e0aa9f6fd
review_22793,division_dfe2db74975e0aa9f6fd
review_22794,division_55b19b36aa7567f7ecbf
review_22795,division_dfe2db74975e0aa9f6fd
review_22796,division_55b19b36aa7567f7ecbf
review_22797,division_dfe2db74975e0aa9f6fd
review_22798,division_dfe2db74975e0aa9f6fd
review_22799,division_dfe2db74975e0aa9f6fd
review_22800,division_dfe2db74975e0aa9f6fd
review_22801,division_55b19b36aa7567f7ecbf
review_22802,division_55b19b36aa7567f7ecbf
review_22803,division_55b19b36aa7567f7ecbf
review_22804,division_dfe2db74975e0aa9f6fd
review_22805,division_dfe2db74975e0aa9f6fd
review_22806,division_dfe2db74975e0aa9f6fd
review_22807,division_dfe2db74975e0aa9f6fd
review_22808,division_dfe2db74975e0aa9f6fd
review_22809,division_dfe2db74975e0aa9f6fd
review_22810,division_55b19b36aa7567f7ecbf
review_22811,division_dfe2db74975e0aa9f6fd
review_22812,division_dfe2db74975e0aa9f6fd
review_22813,division_dfe2db74975e0aa9f6fd
review_22814,division_dfe2db74975e0aa9f6fd
review_22815,division_dfe2db74975e0aa9f6fd
review_22816,division_dfe2db74975e0aa9f6fd
review_22817,division_dfe2db74975e0aa9f6fd
review_22818,division_55b19b36aa7567f7ecbf
review_22819,division_dfe2db74975e0aa9f6fd
review_22820,division_dfe2db74975e0aa9f6fd
review_22821,division_dfe2db74975e0aa9f6fd
review_22822,division_dfe2db74975e0aa9f6fd
review_22823,division_dfe2db74975e0aa9f6fd
review_22824,division_55b19b36aa7567f7ecbf
review_22825,division_dfe2db74975e0aa9f6fd
review_22826,division_55b19b36aa7567f7ecbf
review_22827,division_dfe2db74975e0aa9f6fd
review_22828,division_dfe2db74975e0aa9f6fd
review_22829,division_dfe2db74975e0aa9f6fd
review_22830,division_55b19b36aa7567f7ecbf
review_22831,division_dfe2db74975e0aa9f6fd
review_22832,division_dfe2db74975e0aa9f6fd
review_22833,division_dfe2db74975e0aa9f6fd
review_22834,division_55b19b36aa7567f7ecbf
review_22835,division_dfe2db74975e0aa9f6fd
review_22836,division_dfe2db74975e0aa9f6fd
review_22837,division_55b19b36aa7567f7ecbf
review_22838,division_dfe2db74975e0aa9f6fd
review_22839,division_55b19b36aa7567f7ecbf
review_22840,division_55b19b36aa7567f7ecbf
review_22841,division_55b19b36aa7567f7ecbf
review_22842,division_55b19b36aa7567f7ecbf
review_22843,division_dfe2db74975e0aa9f6fd
review_22844,division_dfe2db74975e0aa9f6fd
review_22845,division_dfe2db74975e0aa9f6fd
review_22846,division_dfe2db74975e0aa9f6fd
review_22847,division_55b19b36aa7567f7ecbf
review_22848,division_55b19b36aa7567f7ecbf
review_22849,division_55b19b36aa7567f7ecbf
review_22850,division_55b19b36aa7567f7ecbf
review_22851,division_55b19b36aa7567f7ecbf
review_22852,division_dfe2db74975e0aa9f6fd
review_22853,division_dfe2db74975e0aa9f6fd
review_22854,division_55b19b36aa7567f7ecbf
review_22855,division_55b19b36aa7567f7ecbf
review_22856,division_dfe2db74975e0aa9f6fd
review_22857,division_dfe2db74975e0aa9f6fd
review_22858,division_55b19b36aa7567f7ecbf
review_22859,division_55b19b36aa7567f7ecbf
review_22860,division_55b19b36aa7567f7ecbf
review_22861,division_dfe2db74975e0aa9f6fd
review_22862,division_dfe2db74975e0aa9f6fd
review_22863,division_55b19b36aa7567f7ecbf
review_22864,division_55b19b36aa7567f7ecbf
review_22865,division_55b19b36aa7567f7ecbf
review_22866,division_55b19b36aa7567f7ecbf
review_22867,division_55b19b36aa7567f7ecbf
review_22868,division_55b19b36aa7567f7ecbf
review_22869,division_55b19b36aa7567f7ecbf
review_22870,division_55b19b36aa7567f7ecbf
review_22871,division_55b19b36aa7567f7ecbf
review_22872,division_55b19b36aa7567f7ecbf
review_22873,division_55b19b36aa7567f7ecbf
review_22874,division_55b19b36aa7567f7ecbf
review_22875,division_55b19b36aa7567f7ecbf
review_22876,division_55b19b36aa7567f7ecbf
review_22877,division_55b19b36aa7567f7ecbf
review_22878,division_55b19b36aa7567f7ecbf
review_22879,division_55b19b36aa7567f7ecbf
review_22880,division_55b19b36aa7567f7ecbf
review_22881,division_dfe2db74975e0aa9f6fd
review_22882,division_55b19b36aa7567f7ecbf
review_22883,division_dfe2db74975e0aa9f6fd
review_22884,division_55b19b36aa7567f7ecbf
review_22885,division_55b19b36aa7567f7ecbf
review_22886,division_55b19b36aa7567f7ecbf
review_22887,division_55b19b36aa7567f7ecbf
review_22888,division_55b19b36aa7567f7ecbf
review_22889,division_55b19b36aa7567f7ecbf
review_22890,division_55b19b36aa7567f7ecbf
review_22891,division_55b19b36aa7567f7ecbf
review_22892,division_55b19b36aa7567f7ecbf
review_22893,division_55b19b36aa7567f7ecbf
review_22894,division_55b19b36aa7567f7ecbf
review_22895,division_55b19b36aa7567f7ecbf
review_22896,division_55b19b36aa7567f7ecbf
review_22897,division_55b19b36aa7567f7ecbf
review_22898,division_55b19b36aa7567f7ecbf
review_22899,division_55b19b36aa7567f7ecbf
review_22900,division_55b19b36aa7567f7ecbf
review_22901,division_55b19b36aa7567f7ecbf
review_22902,division_55b19b36aa7567f7ecbf
review_22903,division_55b19b36aa7567f7ecbf
review_22904,division_55b19b36aa7567f7ecbf
review_22905,division_dfe2db74975e0aa9f6fd
review_22906,division_55b19b36aa7567f7ecbf
review_22907,division_55b19b36aa7567f7ecbf
review_22908,division_dfe2db74975e0aa9f6fd
review_22909,division_55b19b36aa7567f7ecbf
review_22910,division_55b19b36aa7567f7ecbf
review_22911,division_55b19b36aa7567f7ecbf
review_22912,division_df561e6f16d9f3e64a28
review_22913,division_55b19b36aa7567f7ecbf
review_22914,division_55b19b36aa7567f7ecbf
review_22915,division_55b19b36aa7567f7ecbf
review_22916,division_55b19b36aa7567f7ecbf
review_22917,division_55b19b36aa7567f7ecbf
review_22918,division_dfe2db74975e0aa9f6fd
review_22919,division_55b19b36aa7567f7ecbf
review_22920,division_55b19b36aa7567f7ecbf
review_22921,division_dfe2db74975e0aa9f6fd
review_22922,division_55b19b36aa7567f7ecbf
review_22923,division_dfe2db74975e0aa9f6fd
review_22924,division_dfe2db74975e0aa9f6fd
review_22925,division_55b19b36aa7567f7ecbf
review_22926,division_55b19b36aa7567f7ecbf
review_22927,division_55b19b36aa7567f7ecbf
review_22928,division_55b19b36aa7567f7ecbf
review_22929,division_dfe2db74975e0aa9f6fd
review_22930,division_55b19b36aa7567f7ecbf
review_22931,division_55b19b36aa7567f7ecbf
review_22932,division_55b19b36aa7567f7ecbf
review_22933,division_dfe2db74975e0aa9f6fd
review_22934,division_55b19b36aa7567f7ecbf
review_22935,division_dfe2db74975e0aa9f6fd
review_22936,division_55b19b36aa7567f7ecbf
review_22937,division_dfe2db74975e0aa9f6fd
review_22938,division_55b19b36aa7567f7ecbf
review_22939,division_55b19b36aa7567f7ecbf
review_22940,division_dfe2db74975e0aa9f6fd
review_22941,division_dfe2db74975e0aa9f6fd
review_22942,division_dfe2db74975e0aa9f6fd
review_22943,division_dfe2db74975e0aa9f6fd
review_22944,division_55b19b36aa7567f7ecbf
review_22945,division_dfe2db74975e0aa9f6fd
review_22946,division_55b19b36aa7567f7ecbf
review_22947,division_dfe2db74975e0aa9f6fd
review_22948,division_dfe2db74975e0aa9f6fd
review_22949,division_dfe2db74975e0aa9f6fd
review_22950,division_dfe2db74975e0aa9f6fd
review_22951,division_dfe2db74975e0aa9f6fd
review_22952,division_dfe2db74975e0aa9f6fd
review_22953,division_55b19b36aa7567f7ecbf
review_22954,division_dfe2db74975e0aa9f6fd
review_22955,division_55b19b36aa7567f7ecbf
review_22956,division_dfe2db74975e0aa9f6fd
review_22957,division_dfe2db74975e0aa9f6fd
review_22958,division_55b19b36aa7567f7ecbf
review_22959,division_55b19b36aa7567f7ecbf
review_22960,division_dfe2db74975e0aa9f6fd
review_22961,division_55b19b36aa7567f7ecbf
review_22962,division_dfe2db74975e0aa9f6fd
review_22963,division_dfe2db74975e0aa9f6fd
review_22964,division_55b19b36aa7567f7ecbf
review_22965,division_dfe2db74975e0aa9f6fd
review_22966,division_dfe2db74975e0aa9f6fd
review_22967,division_dfe2db74975e0aa9f6fd
review_22968,division_dfe2db74975e0aa9f6fd
review_22969,division_55b19b36aa7567f7ecbf
review_22970,division_dfe2db74975e0aa9f6fd
review_22971,division_dfe2db74975e0aa9f6fd
review_22972,division_55b19b36aa7567f7ecbf
review_22973,division_dfe2db74975e0aa9f6fd
review_22974,division_55b19b36aa7567f7ecbf
review_22975,division_55b19b36aa7567f7ecbf
review_22976,division_dfe2db74975e0aa9f6fd
review_22977,division_dfe2db74975e0aa9f6fd
review_22978,division_dfe2db74975e0aa9f6fd
review_22979,division_55b19b36aa7567f7ecbf
review_22980,division_df561e6f16d9f3e64a28
review_22981,division_dfe2db74975e0aa9f6fd
review_22982,division_dfe2db74975e0aa9f6fd
review_22983,division_55b19b36aa7567f7ecbf
review_22984,division_55b19b36aa7567f7ecbf
review_22985,division_dfe2db74975e0aa9f6fd
review_22986,division_55b19b36aa7567f7ecbf
review_22987,division_55b19b36aa7567f7ecbf
review_22988,division_dfe2db74975e0aa9f6fd
review_22989,division_55b19b36aa7567f7ecbf
review_22990,division_dfe2db74975e0aa9f6fd
review_22991,division_dfe2db74975e0aa9f6fd
review_22992,division_55b19b36aa7567f7ecbf
review_22993,division_55b19b36aa7567f7ecbf
review_22994,division_55b19b36aa7567f7ecbf
review_22995,division_55b19b36aa7567f7ecbf
review_22996,division_55b19b36aa7567f7ecbf
review_22998,division_55b19b36aa7567f7ecbf
review_22999,division_55b19b36aa7567f7ecbf
review_23000,division_dfe2db74975e0aa9f6fd
review_23001,division_55b19b36aa7567f7ecbf
review_23002,division_dfe2db74975e0aa9f6fd
review_23003,division_dfe2db74975e0aa9f6fd
review_23004,division_dfe2db74975e0aa9f6fd
review_23005,division_dfe2db74975e0aa9f6fd
review_23007,division_55b19b36aa7567f7ecbf
review_23008,division_dfe2db74975e0aa9f6fd
review_23009,division_df561e6f16d9f3e64a28
review_23010,division_55b19b36aa7567f7ecbf
review_23012,division_dfe2db74975e0aa9f6fd
review_23013,division_dfe2db74975e0aa9f6fd
review_23014,division_55b19b36aa7567f7ecbf
review_23015,division_dfe2db74975e0aa9f6fd
review_23016,division_dfe2db74975e0aa9f6fd
review_23017,division_dfe2db74975e0aa9f6fd
review_23018,division_dfe2db74975e0aa9f6fd
review_23019,division_dfe2db74975e0aa9f6fd
review_23020,division_dfe2db74975e0aa9f6fd
review_23021,division_dfe2db74975e0aa9f6fd
review_23022,division_dfe2db74975e0aa9f6fd
review_23023,division_dfe2db74975e0aa9f6fd
review_23024,division_dfe2db74975e0aa9f6fd
review_23025,division_55b19b36aa7567f7ecbf
review_23026,division_dfe2db74975e0aa9f6fd
review_23027,division_dfe2db74975e0aa9f6fd
review_23028,division_dfe2db74975e0aa9f6fd
review_23029,division_dfe2db74975e0aa9f6fd
review_23030,division_dfe2db74975e0aa9f6fd
review_23031,division_55b19b36aa7567f7ecbf
review_23032,division_dfe2db74975e0aa9f6fd
review_23033,division_dfe2db74975e0aa9f6fd
review_23034,division_dfe2db74975e0aa9f6fd
review_23035,division_55b19b36aa7567f7ecbf
review_23036,division_55b19b36aa7567f7ecbf
review_23037,division_dfe2db74975e0aa9f6fd
review_23038,division_55b19b36aa7567f7ecbf
review_23039,division_dfe2db74975e0aa9f6fd
review_23040,division_dfe2db74975e0aa9f6fd
review_23041,division_df561e6f16d9f3e64a28
review_23042,division_df561e6f16d9f3e64a28
review_23043,division_df561e6f16d9f3e64a28
review_23044,division_dfe2db74975e0aa9f6fd
review_23045,division_dfe2db74975e0aa9f6fd
review_23046,division_dfe2db74975e0aa9f6fd
review_23047,division_dfe2db74975e0aa9f6fd
review_23048,division_55b19b36aa7567f7ecbf
review_23049,division_55b19b36aa7567f7ecbf
review_23050,division_55b19b36aa7567f7ecbf
review_23051,division_dfe2db74975e0aa9f6fd
review_23052,division_55b19b36aa7567f7ecbf
review_23053,division_55b19b36aa7567f7ecbf
review_23054,division_dfe2db74975e0aa9f6fd
review_23055,division_dfe2db74975e0aa9f6fd
review_23056,division_dfe2db74975e0aa9f6fd
review_23057,division_dfe2db74975e0aa9f6fd
review_23058,division_dfe2db74975e0aa9f6fd
review_23059,division_dfe2db74975e0aa9f6fd
review_23060,division_df561e6f16d9f3e64a28
review_23061,division_dfe2db74975e0aa9f6fd
review_23062,division_df561e6f16d9f3e64a28
review_23063,division_dfe2db74975e0aa9f6fd
review_23064,division_dfe2db74975e0aa9f6fd
review_23065,division_dfe2db74975e0aa9f6fd
review_23066,division_55b19b36aa7567f7ecbf
review_23067,division_df561e6f16d9f3e64a28
review_23068,division_dfe2db74975e0aa9f6fd
review_23069,division_55b19b36aa7567f7ecbf
review_23070,division_55b19b36aa7567f7ecbf
review_23071,division_dfe2db74975e0aa9f6fd
review_23072,division_55b19b36aa7567f7ecbf
review_23073,division_dfe2db74975e0aa9f6fd
review_23074,division_55b19b36aa7567f7ecbf
review_23075,division_55b19b36aa7567f7ecbf
review_23076,division_dfe2db74975e0aa9f6fd
review_23077,division_dfe2db74975e0aa9f6fd
review_23078,division_df561e6f16d9f3e64a28
review_23079,division_dfe2db74975e0aa9f6fd
review_23080,division_dfe2db74975e0aa9f6fd
review_23081,division_dfe2db74975e0aa9f6fd
review_23082,division_dfe2db74975e0aa9f6fd
review_23083,division_dfe2db74975e0aa9f6fd
review_23084,division_dfe2db74975e0aa9f6fd
review_23085,division_55b19b36aa7567f7ecbf
review_23086,division_55b19b36aa7567f7ecbf
review_23087,division_dfe2db74975e0aa9f6fd
review_23088,division_df561e6f16d9f3e64a28
review_23089,division_df561e6f16d9f3e64a28
review_23090,division_df561e6f16d9f3e64a28
review_23091,division_dfe2db74975e0aa9f6fd
review_23092,division_55b19b36aa7567f7ecbf
review_23093,division_dfe2db74975e0aa9f6fd
review_23094,division_dfe2db74975e0aa9f6fd
review_23095,division_dfe2db74975e0aa9f6fd
review_23096,division_dfe2db74975e0aa9f6fd
review_23097,division_55b19b36aa7567f7ecbf
review_23098,division_dfe2db74975e0aa9f6fd
review_23099,division_55b19b36aa7567f7ecbf
review_23100,division_dfe2db74975e0aa9f6fd
review_23101,division_dfe2db74975e0aa9f6fd
review_23102,division_55b19b36aa7567f7ecbf
review_23103,division_dfe2db74975e0aa9f6fd
review_23104,division_dfe2db74975e0aa9f6fd
review_23105,division_55b19b36aa7567f7ecbf
review_23106,division_dfe2db74975e0aa9f6fd
review_23107,division_55b19b36aa7567f7ecbf
review_23108,division_55b19b36aa7567f7ecbf
review_23109,division_dfe2db74975e0aa9f6fd
review_23110,division_dfe2db74975e0aa9f6fd
review_23111,division_dfe2db74975e0aa9f6fd
review_23112,division_dfe2db74975e0aa9f6fd
review_23113,division_dfe2db74975e0aa9f6fd
review_23114,division_55b19b36aa7567f7ecbf
review_23115,division_dfe2db74975e0aa9f6fd
review_23116,division_dfe2db74975e0aa9f6fd
review_23117,division_dfe2db74975e0aa9f6fd
review_23118,division_dfe2db74975e0aa9f6fd
review_23119,division_dfe2db74975e0aa9f6fd
review_23120,division_dfe2db74975e0aa9f6fd
review_23121,division_55b19b36aa7567f7ecbf
review_23122,division_55b19b36aa7567f7ecbf
review_23123,division_55b19b36aa7567f7ecbf
review_23124,division_55b19b36aa7567f7ecbf
review_23125,division_55b19b36aa7567f7ecbf
review_23126,division_dfe2db74975e0aa9f6fd
review_23127,division_55b19b36aa7567f7ecbf
review_23128,division_dfe2db74975e0aa9f6fd
review_23129,division_55b19b36aa7567f7ecbf
review_23130,division_55b19b36aa7567f7ecbf
review_23131,division_dfe2db74975e0aa9f6fd
review_23132,division_55b19b36aa7567f7ecbf
review_23133,division_55b19b36aa7567f7ecbf
review_23134,division_dfe2db74975e0aa9f6fd
review_23135,division_55b19b36aa7567f7ecbf
review_23136,division_dfe2db74975e0aa9f6fd
review_23137,division_55b19b36aa7567f7ecbf
review_23138,division_55b19b36aa7567f7ecbf
review_23139,division_55b19b36aa7567f7ecbf
review_23140,division_dfe2db74975e0aa9f6fd
review_23141,division_dfe2db74975e0aa9f6fd
review_23142,division_dfe2db74975e0aa9f6fd
review_23143,division_55b19b36aa7567f7ecbf
review_23144,division_dfe2db74975e0aa9f6fd
review_23145,division_55b19b36aa7567f7ecbf
review_23146,division_55b19b36aa7567f7ecbf
review_23147,division_dfe2db74975e0aa9f6fd
review_23148,division_dfe2db74975e0aa9f6fd
review_23149,division_dfe2db74975e0aa9f6fd
review_23150,division_dfe2db74975e0aa9f6fd
review_23151,division_dfe2db74975e0aa9f6fd
review_23152,division_dfe2db74975e0aa9f6fd
review_23153,division_dfe2db74975e0aa9f6fd
review_23154,division_dfe2db74975e0aa9f6fd
review_23155,division_dfe2db74975e0aa9f6fd
review_23156,division_dfe2db74975e0aa9f6fd
review_23157,division_dfe2db74975e0aa9f6fd
review_23158,division_dfe2db74975e0aa9f6fd
review_23159,division_dfe2db74975e0aa9f6fd
review_23160,division_df561e6f16d9f3e64a28
review_23161,division_dfe2db74975e0aa9f6fd
review_23162,division_dfe2db74975e0aa9f6fd
review_23163,division_dfe2db74975e0aa9f6fd
review_23164,division_dfe2db74975e0aa9f6fd
review_23165,division_dfe2db74975e0aa9f6fd
review_23166,division_dfe2db74975e0aa9f6fd
review_23167,division_dfe2db74975e0aa9f6fd
review_23168,division_dfe2db74975e0aa9f6fd
review_23169,division_dfe2db74975e0aa9f6fd
review_23170,division_dfe2db74975e0aa9f6fd
review_23171,division_55b19b36aa7567f7ecbf
review_23172,division_dfe2db74975e0aa9f6fd
review_23173,division_dfe2db74975e0aa9f6fd
review_23174,division_df561e6f16d9f3e64a28
review_23175,division_dfe2db74975e0aa9f6fd
review_23176,division_dfe2db74975e0aa9f6fd
review_23177,division_dfe2db74975e0aa9f6fd
review_23178,division_dfe2db74975e0aa9f6fd
review_23179,division_dfe2db74975e0aa9f6fd
review_23180,division_55b19b36aa7567f7ecbf
review_23181,division_dfe2db74975e0aa9f6fd
review_23182,division_dfe2db74975e0aa9f6fd
review_23183,division_dfe2db74975e0aa9f6fd
review_23184,division_dfe2db74975e0aa9f6fd
review_23185,division_dfe2db74975e0aa9f6fd
review_23186,division_dfe2db74975e0aa9f6fd
review_23187,division_df561e6f16d9f3e64a28
review_23188,division_dfe2db74975e0aa9f6fd
review_23189,division_dfe2db74975e0aa9f6fd
review_23190,division_dfe2db74975e0aa9f6fd
review_23191,division_dfe2db74975e0aa9f6fd
review_23192,division_dfe2db74975e0aa9f6fd
review_23193,division_55b19b36aa7567f7ecbf
review_23194,division_dfe2db74975e0aa9f6fd
review_23195,division_dfe2db74975e0aa9f6fd
review_23196,division_dfe2db74975e0aa9f6fd
review_23197,division_dfe2db74975e0aa9f6fd
review_23198,division_55b19b36aa7567f7ecbf
review_23199,division_dfe2db74975e0aa9f6fd
review_23200,division_dfe2db74975e0aa9f6fd
review_23201,division_55b19b36aa7567f7ecbf
review_23202,division_55b19b36aa7567f7ecbf
review_23203,division_55b19b36aa7567f7ecbf
review_23204,division_55b19b36aa7567f7ecbf
review_23205,division_dfe2db74975e0aa9f6fd
review_23206,division_dfe2db74975e0aa9f6fd
review_23207,division_dfe2db74975e0aa9f6fd
review_23208,division_dfe2db74975e0aa9f6fd
review_23209,division_df561e6f16d9f3e64a28
review_23210,division_55b19b36aa7567f7ecbf
review_23211,division_55b19b36aa7567f7ecbf
review_23212,division_55b19b36aa7567f7ecbf
review_23213,division_55b19b36aa7567f7ecbf
review_23214,division_55b19b36aa7567f7ecbf
review_23215,division_dfe2db74975e0aa9f6fd
review_23216,division_55b19b36aa7567f7ecbf
review_23217,division_55b19b36aa7567f7ecbf
review_23218,division_55b19b36aa7567f7ecbf
review_23219,division_55b19b36aa7567f7ecbf
review_23220,division_dfe2db74975e0aa9f6fd
review_23221,division_55b19b36aa7567f7ecbf
review_23222,division_dfe2db74975e0aa9f6fd
review_23223,division_dfe2db74975e0aa9f6fd
review_23224,division_55b19b36aa7567f7ecbf
review_23225,division_dfe2db74975e0aa9f6fd
review_23226,division_dfe2db74975e0aa9f6fd
review_23227,division_dfe2db74975e0aa9f6fd
review_23228,division_dfe2db74975e0aa9f6fd
review_23229,division_dfe2db74975e0aa9f6fd
review_23230,division_dfe2db74975e0aa9f6fd
review_23231,division_dfe2db74975e0aa9f6fd
review_23232,division_dfe2db74975e0aa9f6fd
review_23233,division_55b19b36aa7567f7ecbf
review_23234,division_df561e6f16d9f3e64a28
review_23235,division_df561e6f16d9f3e64a28
review_23236,division_dfe2db74975e0aa9f6fd
review_23237,division_dfe2db74975e0aa9f6fd
review_23238,division_dfe2db74975e0aa9f6fd
review_23239,division_df561e6f16d9f3e64a28
review_23240,division_dfe2db74975e0aa9f6fd
review_23241,division_dfe2db74975e0aa9f6fd
review_23242,division_55b19b36aa7567f7ecbf
review_23243,division_dfe2db74975e0aa9f6fd
review_23244,division_dfe2db74975e0aa9f6fd
review_23245,division_dfe2db74975e0aa9f6fd
review_23246,division_dfe2db74975e0aa9f6fd
review_23247,division_dfe2db74975e0aa9f6fd
review_23248,division_dfe2db74975e0aa9f6fd
review_23249,division_df561e6f16d9f3e64a28
review_23250,division_55b19b36aa7567f7ecbf
review_23251,division_dfe2db74975e0aa9f6fd
review_23252,division_55b19b36aa7567f7ecbf
review_23253,division_55b19b36aa7567f7ecbf
review_23254,division_dfe2db74975e0aa9f6fd
review_23255,division_dfe2db74975e0aa9f6fd
review_23256,division_55b19b36aa7567f7ecbf
review_23257,division_55b19b36aa7567f7ecbf
review_23258,division_dfe2db74975e0aa9f6fd
review_23259,division_dfe2db74975e0aa9f6fd
review_23260,division_dfe2db74975e0aa9f6fd
review_23261,division_55b19b36aa7567f7ecbf
review_23262,division_dfe2db74975e0aa9f6fd
review_23263,division_55b19b36aa7567f7ecbf
review_23264,division_dfe2db74975e0aa9f6fd
review_23265,division_55b19b36aa7567f7ecbf
review_23266,division_dfe2db74975e0aa9f6fd
review_23267,division_dfe2db74975e0aa9f6fd
review_23268,division_dfe2db74975e0aa9f6fd
review_23269,division_dfe2db74975e0aa9f6fd
review_23270,division_dfe2db74975e0aa9f6fd
review_23271,division_dfe2db74975e0aa9f6fd
review_23272,division_dfe2db74975e0aa9f6fd
review_23273,division_dfe2db74975e0aa9f6fd
review_23274,division_dfe2db74975e0aa9f6fd
review_23275,division_dfe2db74975e0aa9f6fd
review_23276,division_dfe2db74975e0aa9f6fd
review_23277,division_dfe2db74975e0aa9f6fd
review_23278,division_dfe2db74975e0aa9f6fd
review_23279,division_55b19b36aa7567f7ecbf
review_23280,division_dfe2db74975e0aa9f6fd
review_23281,division_dfe2db74975e0aa9f6fd
review_23282,division_55b19b36aa7567f7ecbf
review_23283,division_dfe2db74975e0aa9f6fd
review_23284,division_dfe2db74975e0aa9f6fd
review_23285,division_dfe2db74975e0aa9f6fd
review_23286,division_55b19b36aa7567f7ecbf
review_23287,division_dfe2db74975e0aa9f6fd
review_23288,division_dfe2db74975e0aa9f6fd
review_23289,division_55b19b36aa7567f7ecbf
review_23290,division_55b19b36aa7567f7ecbf
review_23291,division_55b19b36aa7567f7ecbf
review_23292,division_dfe2db74975e0aa9f6fd
review_23293,division_55b19b36aa7567f7ecbf
review_23294,division_55b19b36aa7567f7ecbf
review_23295,division_dfe2db74975e0aa9f6fd
review_23296,division_dfe2db74975e0aa9f6fd
review_23297,division_55b19b36aa7567f7ecbf
review_23298,division_55b19b36aa7567f7ecbf
review_23299,division_55b19b36aa7567f7ecbf
review_23300,division_dfe2db74975e0aa9f6fd
review_23301,division_dfe2db74975e0aa9f6fd
review_23302,division_dfe2db74975e0aa9f6fd
review_23303,division_dfe2db74975e0aa9f6fd
review_23304,division_dfe2db74975e0aa9f6fd
review_23305,division_55b19b36aa7567f7ecbf
review_23306,division_dfe2db74975e0aa9f6fd
review_23307,division_dfe2db74975e0aa9f6fd
review_23308,division_55b19b36aa7567f7ecbf
review_23309,division_dfe2db74975e0aa9f6fd
review_23310,division_55b19b36aa7567f7ecbf
review_23311,division_dfe2db74975e0aa9f6fd
review_23312,division_dfe2db74975e0aa9f6fd
review_23313,division_dfe2db74975e0aa9f6fd
review_23314,division_dfe2db74975e0aa9f6fd
review_23315,division_55b19b36aa7567f7ecbf
review_23316,division_55b19b36aa7567f7ecbf
review_23317,division_dfe2db74975e0aa9f6fd
review_23318,division_df561e6f16d9f3e64a28
review_23319,division_dfe2db74975e0aa9f6fd
review_23320,division_55b19b36aa7567f7ecbf
review_23321,division_55b19b36aa7567f7ecbf
review_23322,division_dfe2db74975e0aa9f6fd
review_23323,division_dfe2db74975e0aa9f6fd
review_23324,division_55b19b36aa7567f7ecbf
review_23325,division_dfe2db74975e0aa9f6fd
review_23326,division_dfe2db74975e0aa9f6fd
review_23327,division_55b19b36aa7567f7ecbf
review_23328,division_55b19b36aa7567f7ecbf
review_23329,division_dfe2db74975e0aa9f6fd
review_23330,division_dfe2db74975e0aa9f6fd
review_23331,division_55b19b36aa7567f7ecbf
review_23332,division_dfe2db74975e0aa9f6fd
review_23333,division_55b19b36aa7567f7ecbf
review_23334,division_dfe2db74975e0aa9f6fd
review_23335,division_dfe2db74975e0aa9f6fd
review_23336,division_55b19b36aa7567f7ecbf
review_23337,division_dfe2db74975e0aa9f6fd
review_23338,division_dfe2db74975e0aa9f6fd
review_23339,division_55b19b36aa7567f7ecbf
review_23340,division_dfe2db74975e0aa9f6fd
review_23341,division_55b19b36aa7567f7ecbf
review_23342,division_dfe2db74975e0aa9f6fd
review_23343,division_55b19b36aa7567f7ecbf
review_23344,division_55b19b36aa7567f7ecbf
review_23345,division_55b19b36aa7567f7ecbf
review_23346,division_dfe2db74975e0aa9f6fd
review_23347,division_dfe2db74975e0aa9f6fd
review_23348,division_55b19b36aa7567f7ecbf
review_23349,division_dfe2db74975e0aa9f6fd
review_23350,division_dfe2db74975e0aa9f6fd
review_23351,division_55b19b36aa7567f7ecbf
review_23352,division_55b19b36aa7567f7ecbf
review_23353,division_dfe2db74975e0aa9f6fd
review_23354,division_dfe2db74975e0aa9f6fd
review_23355,division_dfe2db74975e0aa9f6fd
review_23356,division_55b19b36aa7567f7ecbf
review_23357,division_dfe2db74975e0aa9f6fd
review_23358,division_dfe2db74975e0aa9f6fd
review_23359,division_55b19b36aa7567f7ecbf
review_23360,division_dfe2db74975e0aa9f6fd
review_23361,division_dfe2db74975e0aa9f6fd
review_23362,division_dfe2db74975e0aa9f6fd
review_23363,division_55b19b36aa7567f7ecbf
review_23364,division_55b19b36aa7567f7ecbf
review_23365,division_55b19b36aa7567f7ecbf
review_23366,division_55b19b36aa7567f7ecbf
review_23367,division_dfe2db74975e0aa9f6fd
review_23368,division_dfe2db74975e0aa9f6fd
review_23369,division_dfe2db74975e0aa9f6fd
review_23370,division_dfe2db74975e0aa9f6fd
review_23371,division_55b19b36aa7567f7ecbf
review_23372,division_55b19b36aa7567f7ecbf
review_23373,division_55b19b36aa7567f7ecbf
review_23374,division_55b19b36aa7567f7ecbf
review_23375,division_55b19b36aa7567f7ecbf
review_23376,division_dfe2db74975e0aa9f6fd
review_23377,division_dfe2db74975e0aa9f6fd
review_23378,division_55b19b36aa7567f7ecbf
review_23379,division_55b19b36aa7567f7ecbf
review_23380,division_dfe2db74975e0aa9f6fd
review_23381,division_55b19b36aa7567f7ecbf
review_23382,division_55b19b36aa7567f7ecbf
review_23383,division_55b19b36aa7567f7ecbf
review_23384,division_55b19b36aa7567f7ecbf
review_23385,division_55b19b36aa7567f7ecbf
review_23386,division_55b19b36aa7567f7ecbf
review_23387,division_55b19b36aa7567f7ecbf
review_23388,division_55b19b36aa7567f7ecbf
review_23389,division_55b19b36aa7567f7ecbf
review_23390,division_dfe2db74975e0aa9f6fd
review_23391,division_55b19b36aa7567f7ecbf
review_23392,division_55b19b36aa7567f7ecbf
review_23393,division_55b19b36aa7567f7ecbf
review_23394,division_55b19b36aa7567f7ecbf
review_23395,division_dfe2db74975e0aa9f6fd
review_23396,division_dfe2db74975e0aa9f6fd
review_23397,division_dfe2db74975e0aa9f6fd
review_23398,division_55b19b36aa7567f7ecbf
review_23399,division_55b19b36aa7567f7ecbf
review_23400,division_55b19b36aa7567f7ecbf
review_23401,division_55b19b36aa7567f7ecbf
review_23402,division_55b19b36aa7567f7ecbf
review_23403,division_55b19b36aa7567f7ecbf
review_23404,division_55b19b36aa7567f7ecbf
review_23405,division_dfe2db74975e0aa9f6fd
review_23406,division_dfe2db74975e0aa9f6fd
review_23407,division_55b19b36aa7567f7ecbf
review_23408,division_dfe2db74975e0aa9f6fd
review_23409,division_dfe2db74975e0aa9f6fd
review_23410,division_55b19b36aa7567f7ecbf
review_23411,division_dfe2db74975e0aa9f6fd
review_23412,division_55b19b36aa7567f7ecbf
review_23413,division_55b19b36aa7567f7ecbf
review_23414,division_55b19b36aa7567f7ecbf
review_23415,division_55b19b36aa7567f7ecbf
review_23416,division_55b19b36aa7567f7ecbf
review_23417,division_dfe2db74975e0aa9f6fd
review_23418,division_55b19b36aa7567f7ecbf
review_23419,division_55b19b36aa7567f7ecbf
review_23420,division_55b19b36aa7567f7ecbf
review_23421,division_55b19b36aa7567f7ecbf
review_23422,division_55b19b36aa7567f7ecbf
review_23423,division_55b19b36aa7567f7ecbf
review_23424,division_55b19b36aa7567f7ecbf
review_23425,division_df561e6f16d9f3e64a28
review_23426,division_55b19b36aa7567f7ecbf
review_23427,division_55b19b36aa7567f7ecbf
review_23428,division_dfe2db74975e0aa9f6fd
review_23429,division_55b19b36aa7567f7ecbf
review_23430,division_55b19b36aa7567f7ecbf
review_23431,division_55b19b36aa7567f7ecbf
review_23432,division_55b19b36aa7567f7ecbf
review_23433,division_55b19b36aa7567f7ecbf
review_23434,division_55b19b36aa7567f7ecbf
review_23435,division_55b19b36aa7567f7ecbf
review_23436,division_55b19b36aa7567f7ecbf
review_23437,division_55b19b36aa7567f7ecbf
review_23438,division_df561e6f16d9f3e64a28
review_23439,division_55b19b36aa7567f7ecbf
review_23440,division_55b19b36aa7567f7ecbf
review_23441,division_55b19b36aa7567f7ecbf
review_23442,division_55b19b36aa7567f7ecbf
review_23443,division_55b19b36aa7567f7ecbf
review_23444,division_55b19b36aa7567f7ecbf
review_23445,division_55b19b36aa7567f7ecbf
review_23446,division_dfe2db74975e0aa9f6fd
review_23447,division_55b19b36aa7567f7ecbf
review_23448,division_55b19b36aa7567f7ecbf
review_23449,division_55b19b36aa7567f7ecbf
review_23450,division_dfe2db74975e0aa9f6fd
review_23451,division_55b19b36aa7567f7ecbf
review_23452,division_dfe2db74975e0aa9f6fd
review_23453,division_55b19b36aa7567f7ecbf
review_23454,division_dfe2db74975e0aa9f6fd
review_23455,division_55b19b36aa7567f7ecbf
review_23456,division_55b19b36aa7567f7ecbf
review_23457,division_55b19b36aa7567f7ecbf
review_23458,division_55b19b36aa7567f7ecbf
review_23459,division_55b19b36aa7567f7ecbf
review_23460,division_dfe2db74975e0aa9f6fd
review_23461,division_55b19b36aa7567f7ecbf
review_23462,division_dfe2db74975e0aa9f6fd
review_23463,division_55b19b36aa7567f7ecbf
review_23464,division_55b19b36aa7567f7ecbf
review_23465,division_dfe2db74975e0aa9f6fd
review_23466,division_55b19b36aa7567f7ecbf
review_23467,division_55b19b36aa7567f7ecbf
review_23468,division_55b19b36aa7567f7ecbf
review_23469,division_55b19b36aa7567f7ecbf
review_23470,division_55b19b36aa7567f7ecbf
review_23471,division_55b19b36aa7567f7ecbf
review_23472,division_dfe2db74975e0aa9f6fd
review_23473,division_55b19b36aa7567f7ecbf
review_23474,division_55b19b36aa7567f7ecbf
review_23475,division_55b19b36aa7567f7ecbf
review_23476,division_df561e6f16d9f3e64a28
review_23477,division_55b19b36aa7567f7ecbf
review_23478,division_55b19b36aa7567f7ecbf
review_23479,division_55b19b36aa7567f7ecbf
review_23480,division_55b19b36aa7567f7ecbf
review_23481,division_55b19b36aa7567f7ecbf
review_23482,division_55b19b36aa7567f7ecbf
review_23483,division_55b19b36aa7567f7ecbf
review_23484,division_dfe2db74975e0aa9f6fd
review_23485,division_55b19b36aa7567f7ecbf
